Program,Library,Gene_set,Term,Overlap,P-value,Adjusted P-value,Odds Ratio,Combined Score,Genes
P1,GO_Biological_Process_2026,gs_ind_0,"1-phosphatidyl-1D-myo-inositol 4,5-Bisphosphate Biosynthetic Process (GO:1902635)",1/5,0.018204501114733745,0.1600714829285777,91.0,364.55386253468845,PITPNC1
P1,GO_Biological_Process_2026,gs_ind_0,"1-phosphatidyl-1D-myo-inositol 4,5-Bisphosphate Metabolic Process (GO:1902633)",1/9,0.032531551648223855,0.1600714829285777,48.16937629323086,165.00635843822025,PITPNC1
P1,GO_Biological_Process_2026,gs_ind_0,Acetylcholine Receptor Signaling Pathway (GO:0095500),2/36,0.007734859472020119,0.1422024164471391,19.96137717943059,97.05257441117668,GNAQ;CHRM3
P1,GO_Biological_Process_2026,gs_ind_0,Acidic Amino Acid Transport (GO:0015800),1/24,0.08443833551787916,0.1803780077014192,17.41334331230621,43.0411486823959,SLC6A6
P1,GO_Biological_Process_2026,gs_ind_0,Actin Crosslink Formation (GO:0051764),1/13,0.04665159224326654,0.16052351256265693,32.75035175879397,100.38140738175221,EPS8
P1,GO_Biological_Process_2026,gs_ind_0,Actin Filament Bundle Assembly (GO:0051017),1/37,0.12718755619754754,0.2077300177531699,11.205961313416397,23.107728348226125,EPS8
P1,GO_Biological_Process_2026,gs_ind_0,Actin Filament Bundle Organization (GO:0061572),1/38,0.13039289018139794,0.21009371294396026,10.906733668341708,22.219232230345032,EPS8
P1,GO_Biological_Process_2026,gs_ind_0,Actin Filament Capping (GO:0051693),1/18,0.06401504258973123,0.17062745552727618,23.388801148600145,64.28732849758696,EPS8
P1,GO_Biological_Process_2026,gs_ind_0,Actin Filament Organization (GO:0007015),1/168,0.461605380801754,0.48106258435299076,2.430105752643816,1.8785808755688251,EPS8
P1,GO_Biological_Process_2026,gs_ind_0,Activation of Store-Operated Calcium Channel Activity (GO:0032237),1/5,0.018204501114733745,0.1600714829285777,91.0,364.55386253468845,ASPH
P1,GO_Biological_Process_2026,gs_ind_0,Actomyosin Structure Organization (GO:0031032),1/88,0.2766380581250635,0.3267701609154374,4.665699928212491,5.995635654658517,EPB41L4A
P1,GO_Biological_Process_2026,gs_ind_0,Acyl-CoA Metabolic Process (GO:0006637),1/29,0.10112025539501886,0.1854302381540371,14.355725998413119,32.89535401837941,ACSM1
P1,GO_Biological_Process_2026,gs_ind_0,Acylglycerol Biosynthetic Process (GO:0046463),1/22,0.07768007418553498,0.17851478586868133,19.03459156246348,48.636360355386536,PLCE1
P1,GO_Biological_Process_2026,gs_ind_0,Adaptive Thermogenesis (GO:1990845),1/17,0.060567584183063565,0.16702676099714067,24.80721790772042,69.5593259790493,SORL1
P1,GO_Biological_Process_2026,gs_ind_0,Adenylate Cyclase-Activating G Protein-Coupled Receptor Signaling Pathway (GO:0007189),2/143,0.09704055972792942,0.1854302381540371,4.847715736040609,11.307908960734725,GNAQ;ADCY2
P1,GO_Biological_Process_2026,gs_ind_0,Adenylate Cyclase-Inhibiting G Protein-Coupled Acetylcholine Receptor Signaling Pathway (GO:0007197),1/8,0.02896931280161029,0.1600714829285777,54.59396984924623,193.34553720447744,CHRM3
P1,GO_Biological_Process_2026,gs_ind_0,Adenylate Cyclase-Inhibiting G Protein-Coupled Receptor Signaling Pathway (GO:0007193),1/81,0.25773332405292904,0.30902139355510055,5.072723867786135,6.877750472831031,CHRM3
P1,GO_Biological_Process_2026,gs_ind_0,Adenylate Cyclase-Modulating G Protein-Coupled Receptor Signaling Pathway (GO:0007188),2/211,0.1813619055386209,0.2491120426651172,3.265994693674812,5.575904602142578,GNAQ;ADCY2
P1,GO_Biological_Process_2026,gs_ind_0,Adrenergic Receptor Signaling Pathway (GO:0071875),1/16,0.0571075553965845,0.16702676099714067,26.40865618414654,75.60319879037347,PDE4D
P1,GO_Biological_Process_2026,gs_ind_0,Alanine Transport (GO:0032328),1/13,0.04665159224326654,0.16052351256265693,32.75035175879397,100.38140738175221,SLC6A6
P1,GO_Biological_Process_2026,gs_ind_0,Amino Acid Import Across Plasma Membrane (GO:0089718),1/36,0.12397052607037776,0.2070383014972969,11.52204685398825,24.054708967199332,SLC6A6
P1,GO_Biological_Process_2026,gs_ind_0,Amino Acid Transport (GO:0006865),1/51,0.1710168333182885,0.238558500951776,8.09517886462013,14.296031530903484,SLC6A6
P1,GO_Biological_Process_2026,gs_ind_0,Amino Sugar Metabolic Process (GO:0006040),1/18,0.06401504258973123,0.17062745552727618,23.388801148600145,64.28732849758696,MGAT3
P1,GO_Biological_Process_2026,gs_ind_0,Aminoglycan Metabolic Process (GO:0006022),1/5,0.018204501114733745,0.1600714829285777,91.0,364.55386253468845,CHST9
P1,GO_Biological_Process_2026,gs_ind_0,Anterograde Trans-Synaptic Signaling (GO:0098916),3/168,0.024041914006635464,0.1600714829285777,5.856921527616391,21.834349000435473,UNC13C;CHRM3;MBP
P1,GO_Biological_Process_2026,gs_ind_0,Antigen Receptor-Mediated Signaling Pathway (GO:0050851),1/98,0.3028206973137532,0.3501974838289694,4.185620409741013,5.000202442333122,PDE4D
P1,GO_Biological_Process_2026,gs_ind_0,Apoptotic Cell Clearance (GO:0043277),1/23,0.08106535561630931,0.17939462955831412,18.187939698492464,45.697191038775365,TGM2
P1,GO_Biological_Process_2026,gs_ind_0,B Cell Chemotaxis (GO:0035754),1/6,0.021805834468432178,0.1600714829285777,74.4518044769301,284.8211635890129,CYP7B1
P1,GO_Biological_Process_2026,gs_ind_0,BMP Signaling Pathway (GO:0030509),1/51,0.1710168333182885,0.238558500951776,8.09517886462013,14.296031530903484,RUNX2
P1,GO_Biological_Process_2026,gs_ind_0,Barbed-end Actin Filament Capping (GO:0051016),1/18,0.06401504258973123,0.17062745552727618,23.388801148600145,64.28732849758696,EPS8
P1,GO_Biological_Process_2026,gs_ind_0,Bile Acid Biosynthetic Process (GO:0006699),2/25,0.003780992539606251,0.09087736754816911,29.316880872664434,163.52278131066697,OSBPL6;CYP7B1
P1,GO_Biological_Process_2026,gs_ind_0,Bile Acid Metabolic Process (GO:0008206),2/31,0.005777366093801807,0.11455774807937953,23.348963262496774,120.33605948747785,OSBPL6;CYP7B1
P1,GO_Biological_Process_2026,gs_ind_0,Bone Development (GO:0060348),1/44,0.14938162196228383,0.22313879780616147,9.400277248310518,17.872286764451427,TGM2
P1,GO_Biological_Process_2026,gs_ind_0,Brain Development (GO:0007420),4/155,0.0025800766426159866,0.07399659811022649,8.315754373364797,49.56136530432747,MEIS1;PBX1;PAX6;MEIS2
P1,GO_Biological_Process_2026,gs_ind_0,CAMP Biosynthetic Process (GO:0006171),1/10,0.036080852581350895,0.1600714829285777,43.0973287490082,143.16902243022955,ADCY2
P1,GO_Biological_Process_2026,gs_ind_0,CAMP Metabolic Process (GO:0046058),1/13,0.04665159224326654,0.16052351256265693,32.75035175879397,100.38140738175221,ADCY2
P1,GO_Biological_Process_2026,gs_ind_0,Calcium Ion Homeostasis (GO:0055074),1/102,0.31302906249874485,0.3573914614834396,4.020075748199123,4.669154128547146,ASPH
P1,GO_Biological_Process_2026,gs_ind_0,Calcium Ion Transmembrane Transport (GO:0070588),1/92,0.2872259237732201,0.3370556257698835,4.461075871159074,5.565130506335436,ASPH
P1,GO_Biological_Process_2026,gs_ind_0,Calcium Ion Transport (GO:0006816),2/143,0.09704055972792942,0.1854302381540371,4.847715736040609,11.307908960734725,ASPH;ITPR1
P1,GO_Biological_Process_2026,gs_ind_0,Calcium-mediated Signaling (GO:0019722),2/91,0.044160597880144266,0.16052351256265693,7.6790119955761,23.95792105993816,CHRM3;PLCE1
P1,GO_Biological_Process_2026,gs_ind_0,Camera-type Eye Development (GO:0043010),1/37,0.12718755619754754,0.2077300177531699,11.205961313416397,23.107728348226125,EFEMP1
P1,GO_Biological_Process_2026,gs_ind_0,Camera-type Eye Photoreceptor Cell Differentiation (GO:0060219),1/5,0.018204501114733745,0.1600714829285777,91.0,364.55386253468845,PROM1
P1,GO_Biological_Process_2026,gs_ind_0,Canonical Wnt Signaling Pathway (GO:0060070),2/65,0.023843057614568296,0.1600714829285777,10.833566489468005,40.47704485056449,TCF7L1;WNT5B
P1,GO_Biological_Process_2026,gs_ind_0,Carbohydrate Biosynthetic Process (GO:0016051),1/27,0.09448390777737954,0.1854302381540371,15.440314781454441,36.428732206490906,FUT9
P1,GO_Biological_Process_2026,gs_ind_0,Carbohydrate Derivative Biosynthetic Process (GO:1901137),2/73,0.029562642742428556,0.1600714829285777,9.618579390152995,33.869362890844414,ST6GALNAC2;FUT9
P1,GO_Biological_Process_2026,gs_ind_0,Carbohydrate Metabolic Process (GO:0005975),1/80,0.25499301809085445,0.30727730079183635,5.136721342561866,7.01942789910666,FUT9
P1,GO_Biological_Process_2026,gs_ind_0,Carboxylic Acid Transport (GO:0046942),1/40,0.1367686379517141,0.2150506873056557,10.353730678710006,20.598380195399425,SLC6A6
P1,GO_Biological_Process_2026,gs_ind_0,Cardiac Muscle Cell Development (GO:0055013),1/25,0.08779905814197392,0.1803780077014192,16.70197928417598,40.630980258906256,SORBS2
P1,GO_Biological_Process_2026,gs_ind_0,Cartilage Development (GO:0051216),2/60,0.02053026038097425,0.1600714829285777,11.761681634778082,45.70419368287942,RUNX2;WNT5B
P1,GO_Biological_Process_2026,gs_ind_0,Cell Junction Organization (GO:0034330),1/76,0.24393127980932583,0.2994841226426141,5.409664215115312,7.632326099746303,NBEA
P1,GO_Biological_Process_2026,gs_ind_0,Cell Surface Receptor Protein Serine/Threonine Kinase Signaling Pathway (GO:0007178),1/40,0.1367686379517141,0.2150506873056557,10.353730678710006,20.598380195399425,RUNX2
P1,GO_Biological_Process_2026,gs_ind_0,Cell Surface Receptor Protein Tyrosine Kinase Signaling Pathway (GO:0007169),3/283,0.08609848552295757,0.1803780077014192,3.4409707939119705,8.438166936056604,COL4A6;PHIP;SAMD12
P1,GO_Biological_Process_2026,gs_ind_0,Cell-cell Adhesion Mediated by Cadherin (GO:0044331),1/37,0.12718755619754754,0.2077300177531699,11.205961313416397,23.107728348226125,FAT1
P1,GO_Biological_Process_2026,gs_ind_0,Cellular Component Assembly (GO:0022607),1/349,0.724882410594788,0.7279281350090517,1.160155151654975,0.37327508169345913,EPS8
P1,GO_Biological_Process_2026,gs_ind_0,Cellular Response to Acetylcholine (GO:1905145),1/25,0.08779905814197392,0.1803780077014192,16.70197928417598,40.630980258906256,CHRM3
P1,GO_Biological_Process_2026,gs_ind_0,Cellular Response to Acidic pH (GO:0071468),1/18,0.06401504258973123,0.17062745552727618,23.388801148600145,64.28732849758696,GNAQ
P1,GO_Biological_Process_2026,gs_ind_0,Cellular Response to Alcohol (GO:0097306),1/55,0.18313427347949734,0.24915991287438255,7.499930846895025,12.731400062627513,ADCY2
P1,GO_Biological_Process_2026,gs_ind_0,Cellular Response to Alkaloid (GO:0071312),1/17,0.060567584183063565,0.16702676099714067,24.80721790772042,69.5593259790493,TGM2
P1,GO_Biological_Process_2026,gs_ind_0,Cellular Response to Amino Acid Starvation (GO:0034198),1/45,0.15250625325948727,0.22499379338899667,9.18869629044097,17.27979985753456,SESN3
P1,GO_Biological_Process_2026,gs_ind_0,Cellular Response to Amino Acid Stimulus (GO:0071230),1/44,0.14938162196228383,0.22313879780616147,9.400277248310518,17.872286764451427,SESN3
P1,GO_Biological_Process_2026,gs_ind_0,Cellular Response to BMP Stimulus (GO:0071773),1/58,0.19210712382525622,0.25650057315215774,7.107843565654359,11.725824641202973,RUNX2
P1,GO_Biological_Process_2026,gs_ind_0,Cellular Response to Calcium Ion (GO:0071277),2/58,0.01926394116891126,0.1600714829285777,12.178922779749337,48.10090230987296,ASPH;KCNH1
P1,GO_Biological_Process_2026,gs_ind_0,Cellular Response to Catecholamine Stimulus (GO:0071870),1/10,0.036080852581350895,0.1600714829285777,43.0973287490082,143.16902243022955,TGM2
P1,GO_Biological_Process_2026,gs_ind_0,Cellular Response to Chemical Stress (GO:0062197),2/106,0.05794819157876876,0.16702676099714067,6.573118305685765,18.721594446543822,MGAT3;PAM
P1,GO_Biological_Process_2026,gs_ind_0,Cellular Response to Cytokine Stimulus (GO:0071345),1/288,0.6548520409259551,0.6641144460309898,1.409508411623334,0.596709692464779,EDAR
P1,GO_Biological_Process_2026,gs_ind_0,Cellular Response to Decreased Oxygen Levels (GO:0036294),1/79,0.2522426969822118,0.3060203278109067,5.20234932624908,7.165526449104015,EPAS1
P1,GO_Biological_Process_2026,gs_ind_0,Cellular Response to Dopamine (GO:1903351),1/12,0.043140826609840886,0.16052351256265693,35.59951933580948,111.89945212016866,TGM2
P1,GO_Biological_Process_2026,gs_ind_0,Cellular Response to Epidermal Growth Factor Stimulus (GO:0071364),1/27,0.09448390777737954,0.1854302381540371,15.440314781454441,36.428732206490906,EGFR
P1,GO_Biological_Process_2026,gs_ind_0,Cellular Response to Epinephrine Stimulus (GO:0071872),1/9,0.032531551648223855,0.1600714829285777,48.16937629323086,165.00635843822025,PDE4D
P1,GO_Biological_Process_2026,gs_ind_0,Cellular Response to Estradiol Stimulus (GO:0071392),1/18,0.06401504258973123,0.17062745552727618,23.388801148600145,64.28732849758696,EGFR
P1,GO_Biological_Process_2026,gs_ind_0,Cellular Response to Forskolin (GO:1904322),1/11,0.03961726211805212,0.1600714829285777,38.99138549892319,125.88331156809635,ADCY2
P1,GO_Biological_Process_2026,gs_ind_0,Cellular Response to Glucagon Stimulus (GO:0071377),1/15,0.05363491085988955,0.1636435365384715,28.2309824987004,82.591294852792,ADCY2
P1,GO_Biological_Process_2026,gs_ind_0,Cellular Response to Glucose Starvation (GO:0042149),1/45,0.15250625325948727,0.22499379338899667,9.18869629044097,17.27979985753456,SESN3
P1,GO_Biological_Process_2026,gs_ind_0,Cellular Response to Glucose Stimulus (GO:0071333),1/36,0.12397052607037776,0.2070383014972969,11.52204685398825,24.054708967199332,ZBTB20
P1,GO_Biological_Process_2026,gs_ind_0,Cellular Response to Growth Factor Stimulus (GO:0071363),1/147,0.41815900965645764,0.4428655981147417,2.780609532303154,2.424395413169346,EGFR
P1,GO_Biological_Process_2026,gs_ind_0,Cellular Response to Hexose Stimulus (GO:0071331),1/28,0.09780812250653742,0.1854302381540371,14.878300593878484,34.58829438886499,ZBTB20
P1,GO_Biological_Process_2026,gs_ind_0,Cellular Response to Hypoxia (GO:0071456),1/78,0.24948232449515884,0.3036991963718657,5.26967093532177,7.316238334127009,EPAS1
P1,GO_Biological_Process_2026,gs_ind_0,Cellular Response to Insulin Stimulus (GO:0032869),1/106,0.32308942595997636,0.363665805986347,3.867084236347615,4.3691328307529815,PHIP
P1,GO_Biological_Process_2026,gs_ind_0,Cellular Response to Ketone (GO:1901655),1/46,0.15561952100888302,0.2277126460476921,8.986415594455796,16.717799339197803,ADCY2
P1,GO_Biological_Process_2026,gs_ind_0,Cellular Response to L-leucine (GO:0071233),1/11,0.03961726211805212,0.1600714829285777,38.99138549892319,125.88331156809635,SESN3
P1,GO_Biological_Process_2026,gs_ind_0,Cellular Response to Laminar Fluid Shear Stress (GO:0071499),1/29,0.10112025539501886,0.1854302381540371,14.355725998413119,32.89535401837941,ADCY2
P1,GO_Biological_Process_2026,gs_ind_0,Cellular Response to Leucine Starvation (GO:1990253),1/11,0.03961726211805212,0.1600714829285777,38.99138549892319,125.88331156809635,SESN3
P1,GO_Biological_Process_2026,gs_ind_0,Cellular Response to Lipid (GO:0071396),3/206,0.040299231043163464,0.16052351256265693,4.7565425565425565,15.27526964822173,WNT5B;EGFR;ADCY2
P1,GO_Biological_Process_2026,gs_ind_0,Cellular Response to Metal Ion (GO:0071248),2/98,0.05042479164972612,0.1606870027237939,7.120144130875043,21.269809526662677,ASPH;KCNH1
P1,GO_Biological_Process_2026,gs_ind_0,Cellular Response to Monoamine Stimulus (GO:0071868),1/6,0.021805834468432178,0.1600714829285777,74.4518044769301,284.8211635890129,TGM2
P1,GO_Biological_Process_2026,gs_ind_0,Cellular Response to Nitrogen Compound (GO:1901699),2/158,0.1145297969795471,0.19739871258253672,4.380645789072509,9.492510086878614,SESN3;PDE4D
P1,GO_Biological_Process_2026,gs_ind_0,Cellular Response to Oxidative Stress (GO:0034599),2/124,0.07615774929350222,0.17851478586868133,5.603542940018647,14.428834159043355,MGAT3;PAM
P1,GO_Biological_Process_2026,gs_ind_0,Cellular Response to Oxygen-Containing Compound (GO:1901701),5/344,0.008808931975768937,0.15038105301491256,4.551095312632529,21.535733298719634,TGM2;WNT5B;SESN3;EGFR;PDE4D
P1,GO_Biological_Process_2026,gs_ind_0,Cellular Response to Peptide Hormone Stimulus (GO:0071375),1/100,0.3079435140862534,0.35383894166641616,4.101184313527436,4.830534456023747,ADCY2
P1,GO_Biological_Process_2026,gs_ind_0,Cellular Response to Retinoic Acid (GO:0071300),1/41,0.1399391354800803,0.21717826869960513,10.097710776102735,19.85762987649694,WNT5B
P1,GO_Biological_Process_2026,gs_ind_0,Cellular Response to Starvation (GO:0009267),1/139,0.40071017420732635,0.427543444801567,2.9420931371659744,2.6905938087514123,SESN3
P1,GO_Biological_Process_2026,gs_ind_0,Cellular Response to cAMP (GO:0071320),1/34,0.11750120825052357,0.20203445159622396,12.21083027075677,26.147132213032688,PDE4D
P1,GO_Biological_Process_2026,gs_ind_0,Cellular Response to pH (GO:0071467),1/25,0.08779905814197392,0.1803780077014192,16.70197928417598,40.630980258906256,GNAQ
P1,GO_Biological_Process_2026,gs_ind_0,Central Nervous System Development (GO:0007417),6/272,0.0005076866958752173,0.035735972491568894,6.943218479803845,52.66879777347967,MEIS1;MEIS2;PAX6;MBP;PTPRZ1;PBX1
P1,GO_Biological_Process_2026,gs_ind_0,Chemical Synaptic Transmission (GO:0007268),3/257,0.06883284865846509,0.17522597085774608,3.7961714775074302,10.158836536656947,UNC13C;CHRM3;MBP
P1,GO_Biological_Process_2026,gs_ind_0,Cholesterol Homeostasis (GO:0042632),2/81,0.03576854112490912,0.1600714829285777,8.648117996360503,28.80416995965575,ACSM1;CYP7B1
P1,GO_Biological_Process_2026,gs_ind_0,Chondrocyte Differentiation (GO:0002062),2/37,0.00815744149226313,0.1462221387488166,19.398369914921,93.2833604212486,RUNX2;WNT5B
P1,GO_Biological_Process_2026,gs_ind_0,Chondroitin Sulfate Proteoglycan Biosynthetic Process (GO:0050650),1/24,0.08443833551787916,0.1803780077014192,17.41334331230621,43.0411486823959,CHST9
P1,GO_Biological_Process_2026,gs_ind_0,Chondroitin Sulfate Proteoglycan Metabolic Process (GO:0050654),1/30,0.10442034991225575,0.18624226588827705,13.868580189080998,31.333708986565636,CHST9
P1,GO_Biological_Process_2026,gs_ind_0,Chromatin Organization (GO:0006325),1/308,0.6795656182902354,0.6853003492462711,1.316852555460228,0.5087020931723214,TCF7L1
P1,GO_Biological_Process_2026,gs_ind_0,Circulatory System Development (GO:0072359),1/133,0.3872845095642038,0.41445222889184197,3.0760026547833506,2.917882858364609,NXN
P1,GO_Biological_Process_2026,gs_ind_0,Cognition (GO:0050890),1/47,0.15872146612108,0.23083831888197642,8.792835143459232,16.18413103887907,MGAT3
P1,GO_Biological_Process_2026,gs_ind_0,Collagen Fibril Organization (GO:0030199),1/54,0.18012145406991348,0.24788307594650283,7.640398252946978,13.096589333388202,COL4A6
P1,GO_Biological_Process_2026,gs_ind_0,Collagen-activated Signaling Pathway (GO:0038065),1/9,0.032531551648223855,0.1600714829285777,48.16937629323086,165.00635843822025,COL4A6
P1,GO_Biological_Process_2026,gs_ind_0,Collagen-activated Tyrosine Kinase Receptor Signaling Pathway (GO:0038063),1/6,0.021805834468432178,0.1600714829285777,74.4518044769301,284.8211635890129,COL4A6
P1,GO_Biological_Process_2026,gs_ind_0,Copper Ion Homeostasis (GO:0055070),1/15,0.05363491085988955,0.1636435365384715,28.2309824987004,82.591294852792,CP
P1,GO_Biological_Process_2026,gs_ind_0,Cyclic Nucleotide Biosynthetic Process (GO:0009190),1/20,0.07087242893827944,0.17522597085774608,20.98840355624275,55.55365534242182,ADCY2
P1,GO_Biological_Process_2026,gs_ind_0,Cytokine-mediated Signaling Pathway (GO:0019221),1/245,0.5951477362656312,0.6069998960205656,1.6600487098067023,0.8614749870404408,EDAR
P1,GO_Biological_Process_2026,gs_ind_0,Cytoskeleton Organization (GO:0007010),2/104,0.056032353567675816,0.16702676099714067,6.701869506004705,19.313621876767836,PHIP;SORBS2
P1,GO_Biological_Process_2026,gs_ind_0,DNA Damage Response (GO:0006974),1/433,0.7988451985698368,0.7999609041544316,0.9319022859964563,0.20929416002741572,RAD51B
P1,GO_Biological_Process_2026,gs_ind_0,DNA Metabolic Process (GO:0006259),2/319,0.3269383621126808,0.3662731338043627,2.146408729365682,2.3996498032317573,RBMS1;RAD51B
P1,GO_Biological_Process_2026,gs_ind_0,DNA Recombination (GO:0006310),1/51,0.1710168333182885,0.238558500951776,8.09517886462013,14.296031530903484,RAD51B
P1,GO_Biological_Process_2026,gs_ind_0,DNA Repair (GO:0006281),1/306,0.6771752617396771,0.6838516375596457,1.3255722145917805,0.5167414001192301,RAD51B
P1,GO_Biological_Process_2026,gs_ind_0,DNA Replication (GO:0006260),1/101,0.3104909300170286,0.3561951949155352,4.060226505662642,4.748843312214204,RBMS1
P1,GO_Biological_Process_2026,gs_ind_0,DNA-templated DNA Replication Maintenance of Fidelity (GO:0045005),1/49,0.16489155134789077,0.23740410103702345,8.429622338496607,15.194118496222861,PHIP
P1,GO_Biological_Process_2026,gs_ind_0,DNA-templated Transcription (GO:0006351),1/197,0.5163684793425907,0.5342513704020743,2.0692393264030073,1.367631992932526,GLIS3
P1,GO_Biological_Process_2026,gs_ind_0,Defense Response to Tumor Cell (GO:0002357),1/12,0.043140826609840886,0.16052351256265693,35.59951933580948,111.89945212016866,RBMS3
P1,GO_Biological_Process_2026,gs_ind_0,Dendritic Cell Migration (GO:0036336),1/19,0.06744997582548398,0.17396270743479142,22.123726741817194,59.65373216204687,EPS8
P1,GO_Biological_Process_2026,gs_ind_0,Dephosphorylation (GO:0016311),2/94,0.04680746789902277,0.16052351256265693,7.429139799698175,22.745890324911496,SSH2;PTPRZ1
P1,GO_Biological_Process_2026,gs_ind_0,Detection of Calcium Ion (GO:0005513),1/15,0.05363491085988955,0.1636435365384715,28.2309824987004,82.591294852792,ASPH
P1,GO_Biological_Process_2026,gs_ind_0,Detection of Visible Light (GO:0009584),1/8,0.02896931280161029,0.1600714829285777,54.59396984924623,193.34553720447744,GNAQ
P1,GO_Biological_Process_2026,gs_ind_0,Diacylglycerol Biosynthetic Process (GO:0006651),1/7,0.025394089358317242,0.1600714829285777,62.9953614224971,231.39700796830692,PLCE1
P1,GO_Biological_Process_2026,gs_ind_0,Diacylglycerol Metabolic Process (GO:0046339),1/23,0.08106535561630931,0.17939462955831412,18.187939698492464,45.697191038775365,PLCE1
P1,GO_Biological_Process_2026,gs_ind_0,Diet Induced Thermogenesis (GO:0002024),1/6,0.021805834468432178,0.1600714829285777,74.4518044769301,284.8211635890129,SORL1
P1,GO_Biological_Process_2026,gs_ind_0,Double-strand Break Repair (GO:0006302),1/176,0.4772977615997654,0.4952568669566306,2.3186445045741526,1.7149036632884813,RAD51B
P1,GO_Biological_Process_2026,gs_ind_0,Double-strand Break Repair via Homologous Recombination (GO:0000724),1/115,0.34519506723599774,0.37902735560215983,3.561936319150337,3.7886379270325987,RAD51B
P1,GO_Biological_Process_2026,gs_ind_0,ERBB Signaling Pathway (GO:0038127),3/59,0.001340568760337721,0.05058883164011295,17.22536873156342,113.93998004849082,EGFR;EFEMP1;PLCE1
P1,GO_Biological_Process_2026,gs_ind_0,ERBB2 Signaling Pathway (GO:0038128),1/14,0.05014960504049533,0.16052351256265693,30.32328308207705,90.74984291620152,EGFR
P1,GO_Biological_Process_2026,gs_ind_0,ERBB2-EGFR Signaling Pathway (GO:0038134),1/6,0.021805834468432178,0.1600714829285777,74.4518044769301,284.8211635890129,EGFR
P1,GO_Biological_Process_2026,gs_ind_0,Electron Transport Chain (GO:0022900),1/18,0.06401504258973123,0.17062745552727618,23.388801148600145,64.28732849758696,POR
P1,GO_Biological_Process_2026,gs_ind_0,Embryonic Eye Morphogenesis (GO:0048048),1/10,0.036080852581350895,0.1600714829285777,43.0973287490082,143.16902243022955,EFEMP1
P1,GO_Biological_Process_2026,gs_ind_0,Embryonic Organ Development (GO:0048568),1/68,0.2213177094527477,0.2848919168359427,6.0525963149078725,9.12825951138168,PBX1
P1,GO_Biological_Process_2026,gs_ind_0,Embryonic Organ Morphogenesis (GO:0048562),1/41,0.1399391354800803,0.21717826869960513,10.097710776102735,19.85762987649694,EFEMP1
P1,GO_Biological_Process_2026,gs_ind_0,Endoplasmic Reticulum Calcium Ion Homeostasis (GO:0032469),1/22,0.07768007418553498,0.17851478586868133,19.03459156246348,48.636360355386536,TGM2
P1,GO_Biological_Process_2026,gs_ind_0,Endothelial Cell Development (GO:0001885),1/26,0.09114756758275655,0.18409241114601815,16.046408513154006,38.435568598252985,PDE4D
P1,GO_Biological_Process_2026,gs_ind_0,Energy Derivation by Oxidation of Organic Compounds (GO:0015980),1/39,0.1335865701175638,0.21379814904976174,10.623050316517654,21.38425920263491,ACSM1
P1,GO_Biological_Process_2026,gs_ind_0,Enteroendocrine Cell Differentiation (GO:0035883),1/5,0.018204501114733745,0.1600714829285777,91.0,364.55386253468845,PAX6
P1,GO_Biological_Process_2026,gs_ind_0,Enzyme-linked Receptor Protein Signaling Pathway (GO:0007167),1/133,0.3872845095642038,0.41445222889184197,3.0760026547833506,2.917882858364609,SAMD12
P1,GO_Biological_Process_2026,gs_ind_0,Epidermal Growth Factor Receptor Signaling Pathway (GO:0007173),3/50,0.0008277590094501677,0.04239308641255502,20.495924426450742,145.4552407118088,EGFR;EFEMP1;PLCE1
P1,GO_Biological_Process_2026,gs_ind_0,Epidermis Development (GO:0008544),1/75,0.24114053449635292,0.2970751945599399,5.482479511652221,7.7981439048024175,EDAR
P1,GO_Biological_Process_2026,gs_ind_0,Epithelial Cell Development (GO:0002064),2/28,0.004730110090115446,0.10277239195796288,25.995115410401304,139.17282569994805,PAX6;WNT5B
P1,GO_Biological_Process_2026,gs_ind_0,Erythrocyte Differentiation (GO:0030218),1/49,0.16489155134789077,0.23740410103702345,8.429622338496607,15.194118496222861,EPAS1
P1,GO_Biological_Process_2026,gs_ind_0,Establishment of Endothelial Barrier (GO:0061028),1/30,0.10442034991225575,0.18624226588827705,13.868580189080998,31.333708986565636,PDE4D
P1,GO_Biological_Process_2026,gs_ind_0,Establishment of Protein Localization to Membrane (GO:0090150),1/72,0.23270696523856207,0.29118829681683944,5.71314615033208,8.329625840241883,EGFR
P1,GO_Biological_Process_2026,gs_ind_0,Establishment of Protein Localization to Organelle (GO:0072594),1/84,0.265894511441762,0.3166883134613677,4.889928685342882,6.4774715260949085,PRICKLE1
P1,GO_Biological_Process_2026,gs_ind_0,Exit From Mitosis (GO:0010458),1/11,0.03961726211805212,0.1600714829285777,38.99138549892319,125.88331156809635,EPS8
P1,GO_Biological_Process_2026,gs_ind_0,External Encapsulating Structure Organization (GO:0045229),2/107,0.05891461336750041,0.16702676099714067,6.51057329131282,18.43576977423768,COL4A6;TGM2
P1,GO_Biological_Process_2026,gs_ind_0,Extracellular Matrix Organization (GO:0030198),2/183,0.14524306213179547,0.22313879780616147,3.773755086630029,7.280881732062297,COL4A6;TGM2
P1,GO_Biological_Process_2026,gs_ind_0,Extracellular Structure Organization (GO:0043062),2/107,0.05891461336750041,0.16702676099714067,6.51057329131282,18.43576977423768,COL4A6;TGM2
P1,GO_Biological_Process_2026,gs_ind_0,Eye Development (GO:0001654),5/66,4.488954092096976e-06,0.0032185800840335314,25.38385902183629,312.5740687113659,MEIS1;EFEMP1;MEIS2;PAX6;PBX1
P1,GO_Biological_Process_2026,gs_ind_0,Eye Morphogenesis (GO:0048592),1/23,0.08106535561630931,0.17939462955831412,18.187939698492464,45.697191038775365,EFEMP1
P1,GO_Biological_Process_2026,gs_ind_0,Eye Photoreceptor Cell Differentiation (GO:0001754),1/17,0.060567584183063565,0.16702676099714067,24.80721790772042,69.5593259790493,PROM1
P1,GO_Biological_Process_2026,gs_ind_0,Fat Cell Differentiation (GO:0045444),1/68,0.2213177094527477,0.2848919168359427,6.0525963149078725,9.12825951138168,WNT5B
P1,GO_Biological_Process_2026,gs_ind_0,Fatty Acid Biosynthetic Process (GO:0006633),1/59,0.19507633576312508,0.2575869847921928,6.986084267491303,11.41780694412366,ACSM1
P1,GO_Biological_Process_2026,gs_ind_0,Fatty Acid Derivative Biosynthetic Process (GO:1901570),1/23,0.08106535561630931,0.17939462955831412,18.187939698492464,45.697191038775365,PAM
P1,GO_Biological_Process_2026,gs_ind_0,Fatty Acid Metabolic Process (GO:0006631),1/118,0.35240359928096315,0.38576088654114593,3.4706083609537046,3.6197687617748397,ACSM1
P1,GO_Biological_Process_2026,gs_ind_0,Fatty Acid Oxidation (GO:0019395),1/49,0.16489155134789077,0.23740410103702345,8.429622338496607,15.194118496222861,ACSM1
P1,GO_Biological_Process_2026,gs_ind_0,G Protein-Coupled Acetylcholine Receptor Signaling Pathway (GO:0007213),2/18,0.0019607912697134173,0.0611255365384574,41.765113059529305,260.38072065544543,GNAQ;CHRM3
P1,GO_Biological_Process_2026,gs_ind_0,G Protein-Coupled Glutamate Receptor Signaling Pathway (GO:0007216),1/14,0.05014960504049533,0.16052351256265693,30.32328308207705,90.74984291620152,GNAQ
P1,GO_Biological_Process_2026,gs_ind_0,"G Protein-Coupled Rec Signaling Pathway, Coupled to Cyclic Nucleotide Second Messenger (GO:0007187)",1/49,0.16489155134789077,0.23740410103702345,8.429622338496607,15.194118496222861,CHRM3
P1,GO_Biological_Process_2026,gs_ind_0,G Protein-Coupled Serotonin Receptor Signaling Pathway (GO:0098664),1/12,0.043140826609840886,0.16052351256265693,35.59951933580948,111.89945212016866,GNAQ
P1,GO_Biological_Process_2026,gs_ind_0,Gamma-aminobutyric Acid Import (GO:0051939),1/5,0.018204501114733745,0.1600714829285777,91.0,364.55386253468845,SLC6A6
P1,GO_Biological_Process_2026,gs_ind_0,Gamma-aminobutyric Acid Transport (GO:0015812),1/7,0.025394089358317242,0.1600714829285777,62.9953614224971,231.39700796830692,SLC6A6
P1,GO_Biological_Process_2026,gs_ind_0,Gene Expression (GO:0010467),3/268,0.07592690347120622,0.17851478586868133,3.6374040272345356,9.377170103771327,RBMS1;CELF2;PAM
P1,GO_Biological_Process_2026,gs_ind_0,Generation of Neurons (GO:0048699),4/191,0.00542315620391332,0.11109722852016715,6.710176165803109,35.0075078044151,RUNX2;WNT5B;EGFR;FUT9
P1,GO_Biological_Process_2026,gs_ind_0,Glial Cell Differentiation (GO:0010001),1/29,0.10112025539501886,0.1854302381540371,14.355725998413119,32.89535401837941,PTPRZ1
P1,GO_Biological_Process_2026,gs_ind_0,Glomerular Epithelial Cell Differentiation (GO:0072311),1/5,0.018204501114733745,0.1600714829285777,91.0,364.55386253468845,PROM1
P1,GO_Biological_Process_2026,gs_ind_0,Glucose Homeostasis (GO:0042593),2/95,0.047702467201402705,0.16052351256265693,7.349412307608784,22.362587155527024,GNAQ;PAX6
P1,GO_Biological_Process_2026,gs_ind_0,Glutamate Receptor Signaling Pathway (GO:0007215),1/38,0.13039289018139794,0.21009371294396026,10.906733668341708,22.219232230345032,GNAQ
P1,GO_Biological_Process_2026,gs_ind_0,Glycolipid Biosynthetic Process (GO:0009247),1/61,0.20098238691296091,0.26441169067264764,6.754640973462353,10.838078132200403,FUT9
P1,GO_Biological_Process_2026,gs_ind_0,Glycoprotein Biosynthetic Process (GO:0009101),4/164,0.0031604749175095197,0.08392816725386391,7.846835504333931,45.17449072685829,CHST9;ST6GALNAC2;MGAT3;FUT9
P1,GO_Biological_Process_2026,gs_ind_0,Glycoprotein Metabolic Process (GO:0009100),2/77,0.032606860940982745,0.1600714829285777,9.107641106666218,31.177573530499068,ST6GALNAC2;FUT9
P1,GO_Biological_Process_2026,gs_ind_0,Glycosaminoglycan Metabolic Process (GO:0030203),1/30,0.10442034991225575,0.18624226588827705,13.868580189080998,31.333708986565636,CHST9
P1,GO_Biological_Process_2026,gs_ind_0,Glycosphingolipid Biosynthetic Process (GO:0006688),1/40,0.1367686379517141,0.2150506873056557,10.353730678710006,20.598380195399425,FUT9
P1,GO_Biological_Process_2026,gs_ind_0,Glycosphingolipid Metabolic Process (GO:0006687),1/44,0.14938162196228383,0.22313879780616147,9.400277248310518,17.872286764451427,FUT9
P1,GO_Biological_Process_2026,gs_ind_0,Hemopoiesis (GO:0030097),2/91,0.044160597880144266,0.16052351256265693,7.6790119955761,23.95792105993816,RUNX2;MEIS1
P1,GO_Biological_Process_2026,gs_ind_0,Hexose Catabolic Process (GO:0019320),1/15,0.05363491085988955,0.1636435365384715,28.2309824987004,82.591294852792,FUT9
P1,GO_Biological_Process_2026,gs_ind_0,Hormone Biosynthetic Process (GO:0042446),1/22,0.07768007418553498,0.17851478586868133,19.03459156246348,48.636360355386536,CHST9
P1,GO_Biological_Process_2026,gs_ind_0,Inorganic Cation Import Across Plasma Membrane (GO:0098659),1/99,0.30538678109558665,0.35202945666484825,4.142973752008775,4.914296741872068,KCNJ16
P1,GO_Biological_Process_2026,gs_ind_0,Insulin Receptor Signaling Pathway (GO:0008286),1/52,0.17406277381902974,0.24186629617876806,7.937698199736547,13.877789521683125,PHIP
P1,GO_Biological_Process_2026,gs_ind_0,Intermembrane Lipid Transfer (GO:0120009),1/14,0.05014960504049533,0.16052351256265693,30.32328308207705,90.74984291620152,OSBPL6
P1,GO_Biological_Process_2026,gs_ind_0,Intermembrane Phospholipid Transfer (GO:0120010),1/6,0.021805834468432178,0.1600714829285777,74.4518044769301,284.8211635890129,OSBPL6
P1,GO_Biological_Process_2026,gs_ind_0,Intracellular Calcium Ion Homeostasis (GO:0006874),2/137,0.09028067543728566,0.18389558036515288,5.063498604529192,12.176862693705692,ASPH;ITPR1
P1,GO_Biological_Process_2026,gs_ind_0,Intracellular Copper Ion Homeostasis (GO:0006878),1/12,0.043140826609840886,0.16052351256265693,35.59951933580948,111.89945212016866,CP
P1,GO_Biological_Process_2026,gs_ind_0,Intracellular Glucose Homeostasis (GO:0001678),1/51,0.1710168333182885,0.238558500951776,8.09517886462013,14.296031530903484,ZBTB20
P1,GO_Biological_Process_2026,gs_ind_0,Intracellular Iron Ion Homeostasis (GO:0006879),1/62,0.20391930381764029,0.26729459019606594,6.644564284838828,10.565062748652936,CP
P1,GO_Biological_Process_2026,gs_ind_0,Intracellular Monoatomic Cation Homeostasis (GO:0030003),1/211,0.5407947414030133,0.5563125245135732,1.9306150706024183,1.1867789660321344,CP
P1,GO_Biological_Process_2026,gs_ind_0,Intracellular Oxygen Homeostasis (GO:0032364),1/8,0.02896931280161029,0.1600714829285777,54.59396984924623,193.34553720447744,EPAS1
P1,GO_Biological_Process_2026,gs_ind_0,Intracellular Protein Transport (GO:0006886),1/281,0.6457638990520655,0.6558253762327635,1.4450595222099805,0.6319553425690217,PRICKLE1
P1,GO_Biological_Process_2026,gs_ind_0,Intracellular Signaling Cassette (GO:0141124),4/349,0.03973880608268735,0.1600714829285777,3.6202319983803606,11.676794343454803,RUNX2;EGFR;CHRM3;PLCE1
P1,GO_Biological_Process_2026,gs_ind_0,Intrinsic Apoptotic Signaling Pathway (GO:0097193),1/107,0.32558164117311317,0.3653390624941453,3.830632033406469,4.298513210159991,ITPR1
P1,GO_Biological_Process_2026,gs_ind_0,Intrinsic Apoptotic Signaling Pathway in Response to Endoplasmic Reticulum Stress (GO:0070059),1/28,0.09780812250653742,0.1854302381540371,14.878300593878484,34.58829438886499,ITPR1
P1,GO_Biological_Process_2026,gs_ind_0,L-amino Acid Catabolic Process (GO:0170035),1/81,0.25773332405292904,0.30902139355510055,5.072723867786135,6.877750472831031,CDO1
P1,GO_Biological_Process_2026,gs_ind_0,L-fucose Catabolic Process (GO:0042355),1/7,0.025394089358317242,0.1600714829285777,62.9953614224971,231.39700796830692,FUT9
P1,GO_Biological_Process_2026,gs_ind_0,L-fucose Metabolic Process (GO:0042354),1/7,0.025394089358317242,0.1600714829285777,62.9953614224971,231.39700796830692,FUT9
P1,GO_Biological_Process_2026,gs_ind_0,Lens Fiber Cell Development (GO:0070307),1/9,0.032531551648223855,0.1600714829285777,48.16937629323086,165.00635843822025,WNT5B
P1,GO_Biological_Process_2026,gs_ind_0,Lens Fiber Cell Differentiation (GO:0070306),1/10,0.036080852581350895,0.1600714829285777,43.0973287490082,143.16902243022955,WNT5B
P1,GO_Biological_Process_2026,gs_ind_0,Lipid Biosynthetic Process (GO:0008610),1/126,0.3712445230218088,0.4014816334941733,3.248413381649282,3.2188344396298083,ACSM1
P1,GO_Biological_Process_2026,gs_ind_0,Lipid Oxidation (GO:0034440),1/13,0.04665159224326654,0.16052351256265693,32.75035175879397,100.38140738175221,ACSM1
P1,GO_Biological_Process_2026,gs_ind_0,Lipid Transport (GO:0006869),1/110,0.33300391207600566,0.3696034132484459,3.725270186549184,4.096310975488557,PITPNC1
P1,GO_Biological_Process_2026,gs_ind_0,Lung Development (GO:0030324),1/33,0.11424883561195394,0.19739871258253672,12.587011982991882,27.305967256473732,EPAS1
P1,GO_Biological_Process_2026,gs_ind_0,Lymphocyte Chemotaxis (GO:0048247),1/19,0.06744997582548398,0.17396270743479142,22.123726741817194,59.65373216204687,CYP7B1
P1,GO_Biological_Process_2026,gs_ind_0,Lymphocyte Differentiation (GO:0030098),1/75,0.24114053449635292,0.2970751945599399,5.482479511652221,7.7981439048024175,PBX1
P1,GO_Biological_Process_2026,gs_ind_0,Lysosomal Protein Catabolic Process (GO:1905146),1/9,0.032531551648223855,0.1600714829285777,48.16937629323086,165.00635843822025,SORL1
P1,GO_Biological_Process_2026,gs_ind_0,Lysosomal Transport (GO:0007041),1/47,0.15872146612108,0.23083831888197642,8.792835143459232,16.18413103887907,SORL1
P1,GO_Biological_Process_2026,gs_ind_0,Lysosome Localization (GO:0032418),1/45,0.15250625325948727,0.22499379338899667,9.18869629044097,17.27979985753456,GNAQ
P1,GO_Biological_Process_2026,gs_ind_0,MRNA Splice Site Recognition (GO:0006376),1/30,0.10442034991225575,0.18624226588827705,13.868580189080998,31.333708986565636,CELF2
P1,GO_Biological_Process_2026,gs_ind_0,Macromolecule Biosynthetic Process (GO:0009059),2/224,0.19856438967685344,0.2617107856586469,3.073689613870986,4.969055264344319,ST6GALNAC2;FUT9
P1,GO_Biological_Process_2026,gs_ind_0,Macromolecule Modification (GO:0043412),1/71,0.2298752076552973,0.2891588138400845,5.794397519512456,8.519031546226,CHRM3
P1,GO_Biological_Process_2026,gs_ind_0,Mast Cell Activation Involved in Immune Response (GO:0002279),1/13,0.04665159224326654,0.16052351256265693,32.75035175879397,100.38140738175221,GNAQ
P1,GO_Biological_Process_2026,gs_ind_0,Mast Cell Degranulation (GO:0043303),1/13,0.04665159224326654,0.16052351256265693,32.75035175879397,100.38140738175221,GNAQ
P1,GO_Biological_Process_2026,gs_ind_0,Mast Cell Mediated Immunity (GO:0002448),1/14,0.05014960504049533,0.16052351256265693,30.32328308207705,90.74984291620152,GNAQ
P1,GO_Biological_Process_2026,gs_ind_0,Membrane Organization (GO:0061024),2/177,0.13771784960522426,0.21559759425097336,3.9036400711527617,7.739154810765592,EGFR;MBP
P1,GO_Biological_Process_2026,gs_ind_0,Mesodermal Cell Fate Commitment (GO:0001710),1/5,0.018204501114733745,0.1600714829285777,91.0,364.55386253468845,EYA2
P1,GO_Biological_Process_2026,gs_ind_0,Metal Ion Transport (GO:0030001),3/192,0.033795934237112815,0.1600714829285777,5.110601447804614,17.311726841017435,KCNH1;ITPR1;KCNJ16
P1,GO_Biological_Process_2026,gs_ind_0,Microvillus Organization (GO:0032528),1/4,0.014590042112100507,0.1600714829285777,117.0043072505384,494.6258840598229,PROM1
P1,GO_Biological_Process_2026,gs_ind_0,Mitochondrial Calcium Ion Homeostasis (GO:0051560),1/19,0.06744997582548398,0.17396270743479142,22.123726741817194,59.65373216204687,TGM2
P1,GO_Biological_Process_2026,gs_ind_0,Mitotic Cell Cycle Phase Transition (GO:0044772),1/112,0.3379071067322184,0.37331185751463886,3.658178786308223,3.9690663793599787,EPS8
P1,GO_Biological_Process_2026,gs_ind_0,Mitotic Nuclear Division (GO:0140014),1/47,0.15872146612108,0.23083831888197642,8.792835143459232,16.18413103887907,EPS8
P1,GO_Biological_Process_2026,gs_ind_0,Monoatomic Cation Homeostasis (GO:0055080),1/73,0.23552841416211917,0.29318380721222126,5.634136198232542,8.146531160523915,ASPH
P1,GO_Biological_Process_2026,gs_ind_0,Monoatomic Cation Transmembrane Transport (GO:0098655),5/320,0.006555711652049456,0.1236959277505121,4.90167688618581,24.64278155549898,ASPH;KCNH1;KCNQ5;SLC6A6;KCNJ16
P1,GO_Biological_Process_2026,gs_ind_0,Monocarboxylic Acid Biosynthetic Process (GO:0072330),3/62,0.001547234537129035,0.055468358156075905,16.355052790346907,105.83822596964731,OSBPL6;ACSM1;CYP7B1
P1,GO_Biological_Process_2026,gs_ind_0,Monocarboxylic Acid Metabolic Process (GO:0032787),1/110,0.33300391207600566,0.3696034132484459,3.725270186549184,4.096310975488557,ACSM1
P1,GO_Biological_Process_2026,gs_ind_0,Multicellular Organismal-Level Water Homeostasis (GO:0050891),1/28,0.09780812250653742,0.1854302381540371,14.878300593878484,34.58829438886499,ADCY2
P1,GO_Biological_Process_2026,gs_ind_0,Muscle Cell Differentiation (GO:0042692),1/37,0.12718755619754754,0.2077300177531699,11.205961313416397,23.107728348226125,WNT5B
P1,GO_Biological_Process_2026,gs_ind_0,Muscle Contraction (GO:0006936),1/143,0.4094983938692628,0.4362709485947421,2.859084898175086,2.552654748599491,ASPH
P1,GO_Biological_Process_2026,gs_ind_0,Muscle Tissue Development (GO:0060537),1/14,0.05014960504049533,0.16052351256265693,30.32328308207705,90.74984291620152,FOXP2
P1,GO_Biological_Process_2026,gs_ind_0,Myelin Assembly (GO:0032288),1/12,0.043140826609840886,0.16052351256265693,35.59951933580948,111.89945212016866,MBP
P1,GO_Biological_Process_2026,gs_ind_0,Myelination (GO:0042552),1/51,0.1710168333182885,0.238558500951776,8.09517886462013,14.296031530903484,MBP
P1,GO_Biological_Process_2026,gs_ind_0,Myeloid Cell Differentiation (GO:0030099),1/58,0.19210712382525622,0.25650057315215774,7.107843565654359,11.725824641202973,EPAS1
P1,GO_Biological_Process_2026,gs_ind_0,Myoblast Differentiation (GO:0045445),1/21,0.07428244681570347,0.17635931909556088,19.96384360828533,51.90360975057245,EPAS1
P1,GO_Biological_Process_2026,gs_ind_0,Myoblast Fusion (GO:0007520),1/16,0.0571075553965845,0.16702676099714067,26.40865618414654,75.60319879037347,KCNH1
P1,GO_Biological_Process_2026,gs_ind_0,Myotube Differentiation (GO:0014902),1/22,0.07768007418553498,0.17851478586868133,19.03459156246348,48.636360355386536,KCNH1
P1,GO_Biological_Process_2026,gs_ind_0,N-acetylglucosamine Metabolic Process (GO:0006044),1/14,0.05014960504049533,0.16052351256265693,30.32328308207705,90.74984291620152,MGAT3
P1,GO_Biological_Process_2026,gs_ind_0,N-glycan Processing (GO:0006491),1/21,0.07428244681570347,0.17635931909556088,19.96384360828533,51.90360975057245,FUT9
P1,GO_Biological_Process_2026,gs_ind_0,NADP+ Metabolic Process (GO:0006739),1/13,0.04665159224326654,0.16052351256265693,32.75035175879397,100.38140738175221,FMO2
P1,GO_Biological_Process_2026,gs_ind_0,Natural Killer Cell Activation (GO:0030101),1/31,0.10770844937287086,0.18911853531538877,13.413378367246066,29.88939646374393,PBX1
P1,GO_Biological_Process_2026,gs_ind_0,Natural Killer Cell Differentiation (GO:0001779),1/8,0.02896931280161029,0.1600714829285777,54.59396984924623,193.34553720447744,PBX1
P1,GO_Biological_Process_2026,gs_ind_0,Neg Reg Adenylate Cyclase-Activating G Protein-Coupled Rec Signaling Pathway (GO:0106072),1/12,0.043140826609840886,0.16052351256265693,35.59951933580948,111.89945212016866,PDE4D
P1,GO_Biological_Process_2026,gs_ind_0,Neg Reg Transmembrane Rec Protein Serine/Threonine Kinase Signaling Pathway (GO:0090101),1/124,0.36658579687388354,0.3982454793311735,3.301263402030395,3.312892720260555,SORL1
P1,GO_Biological_Process_2026,gs_ind_0,Negative Regulation of Actin Filament Polymerization (GO:0030837),1/17,0.060567584183063565,0.16702676099714067,24.80721790772042,69.5593259790493,SSH2
P1,GO_Biological_Process_2026,gs_ind_0,Negative Regulation of Amyloid Precursor Protein Catabolic Process (GO:1902992),1/21,0.07428244681570347,0.17635931909556088,19.96384360828533,51.90360975057245,SORL1
P1,GO_Biological_Process_2026,gs_ind_0,Negative Regulation of Amyloid-Beta Formation (GO:1902430),1/20,0.07087242893827944,0.17522597085774608,20.98840355624275,55.55365534242182,SORL1
P1,GO_Biological_Process_2026,gs_ind_0,Negative Regulation of Apoptotic Process (GO:0043066),3/470,0.2482529532388406,0.30323231255919714,2.050223501988208,2.856590920694773,EGFR;PHIP;PTPRZ1
P1,GO_Biological_Process_2026,gs_ind_0,Negative Regulation of Apoptotic Signaling Pathway (GO:2001234),1/71,0.2298752076552973,0.2891588138400845,5.794397519512456,8.519031546226,PHIP
P1,GO_Biological_Process_2026,gs_ind_0,Negative Regulation of BMP Signaling Pathway (GO:0030514),1/44,0.14938162196228383,0.22313879780616147,9.400277248310518,17.872286764451427,SORL1
P1,GO_Biological_Process_2026,gs_ind_0,Negative Regulation of Calcium-Mediated Signaling (GO:0050849),1/7,0.025394089358317242,0.1600714829285777,62.9953614224971,231.39700796830692,ITPR1
P1,GO_Biological_Process_2026,gs_ind_0,Negative Regulation of Canonical Wnt Signaling Pathway (GO:0090090),2/117,0.06887801569070033,0.17522597085774608,5.944689827938559,15.904531522409396,RBMS3;PRICKLE1
P1,GO_Biological_Process_2026,gs_ind_0,Negative Regulation of Cardiocyte Differentiation (GO:1905208),1/7,0.025394089358317242,0.1600714829285777,62.9953614224971,231.39700796830692,EGFR
P1,GO_Biological_Process_2026,gs_ind_0,Negative Regulation of Cartilage Development (GO:0061037),1/14,0.05014960504049533,0.16052351256265693,30.32328308207705,90.74984291620152,EFEMP1
P1,GO_Biological_Process_2026,gs_ind_0,Negative Regulation of Catabolic Process (GO:0009895),1/102,0.31302906249874485,0.3573914614834396,4.020075748199123,4.669154128547146,EGFR
P1,GO_Biological_Process_2026,gs_ind_0,Negative Regulation of Cell Development (GO:0010721),2/22,0.0029322720492415346,0.0808630407425454,33.610870372663115,196.01784692880852,PAX6;SORL1
P1,GO_Biological_Process_2026,gs_ind_0,Negative Regulation of Cell Differentiation (GO:0045596),5/211,0.0010982394814063941,0.04921485676052404,7.51940215255505,51.23755857217297,MEIS1;EFEMP1;MEIS2;EGFR;ZFHX3
P1,GO_Biological_Process_2026,gs_ind_0,Negative Regulation of Cell Population Proliferation (GO:0008285),1/359,0.7349354637287236,0.7369912272636292,1.1273732680137087,0.34720006307681217,CLMN
P1,GO_Biological_Process_2026,gs_ind_0,Negative Regulation of Cellular Component Organization (GO:0051129),1/73,0.23552841416211917,0.29318380721222126,5.634136198232542,8.146531160523915,SORL1
P1,GO_Biological_Process_2026,gs_ind_0,Negative Regulation of Cellular Process (GO:0048523),1/510,0.8491658759118013,0.8491658759118013,0.78878691790651,0.12896723986320596,CLMN
P1,GO_Biological_Process_2026,gs_ind_0,Negative Regulation of Cellular Response to Growth Factor Stimulus (GO:0090288),1/74,0.23833959157565857,0.2951459191014632,5.557276176802379,7.969460621659022,SORL1
P1,GO_Biological_Process_2026,gs_ind_0,Negative Regulation of Chondrocyte Differentiation (GO:0032331),1/15,0.05363491085988955,0.1636435365384715,28.2309824987004,82.591294852792,EFEMP1
P1,GO_Biological_Process_2026,gs_ind_0,Negative Regulation of Cytokine-Mediated Signaling Pathway (GO:0001960),2/64,0.02316397380661601,0.1600714829285777,11.00730964467005,41.44424962462814,SORL1;CCDC3
P1,GO_Biological_Process_2026,gs_ind_0,Negative Regulation of Cytoskeleton Organization (GO:0051494),1/28,0.09780812250653742,0.1854302381540371,14.878300593878484,34.58829438886499,SSH2
P1,GO_Biological_Process_2026,gs_ind_0,Negative Regulation of DNA-templated Transcription (GO:0045892),8/909,0.01867130512938395,0.1600714829285777,2.6774025273193325,10.65811674752261,GLIS3;RUNX2;MEIS2;PRICKLE1;FOXP2;ZBTB20;PAX6;ZFHX3
P1,GO_Biological_Process_2026,gs_ind_0,Negative Regulation of ERBB Signaling Pathway (GO:1901185),1/26,0.09114756758275655,0.18409241114601815,16.046408513154006,38.435568598252985,EGFR
P1,GO_Biological_Process_2026,gs_ind_0,Negative Regulation of Epidermal Growth Factor Receptor Signaling Pathway (GO:0042059),1/29,0.10112025539501886,0.1854302381540371,14.355725998413119,32.89535401837941,EGFR
P1,GO_Biological_Process_2026,gs_ind_0,Negative Regulation of Extrinsic Apoptotic Signaling Pathway (GO:2001237),2/70,0.027359022238275892,0.1600714829285777,10.04094260624699,36.13442976017837,PHIP;EYA2
P1,GO_Biological_Process_2026,gs_ind_0,Negative Regulation of Extrinsic Apoptotic Signaling Pathway in Absence of Ligand (GO:2001240),1/23,0.08106535561630931,0.17939462955831412,18.187939698492464,45.697191038775365,EYA2
P1,GO_Biological_Process_2026,gs_ind_0,Negative Regulation of G Protein-Coupled Receptor Signaling Pathway (GO:0045744),1/50,0.16795977255684102,0.238558500951776,8.259022384650525,14.734350124773231,PDE4D
P1,GO_Biological_Process_2026,gs_ind_0,Negative Regulation of Gene Expression (GO:0010629),2/346,0.3629111576616609,0.3948517451341591,1.976195914037117,2.003066683469289,RBMS3;CCDC3
P1,GO_Biological_Process_2026,gs_ind_0,Negative Regulation of Heart Contraction (GO:0045822),1/12,0.043140826609840886,0.16052351256265693,35.59951933580948,111.89945212016866,PDE4D
P1,GO_Biological_Process_2026,gs_ind_0,Negative Regulation of Inclusion Body Assembly (GO:0090084),1/10,0.036080852581350895,0.1600714829285777,43.0973287490082,143.16902243022955,SORL1
P1,GO_Biological_Process_2026,gs_ind_0,Negative Regulation of Intracellular Signal Transduction (GO:1902532),4/334,0.034697735769335575,0.1600714829285777,3.7866554835270785,12.727255215184266,PDE7A;ITPR1;PDE1A;PDE4D
P1,GO_Biological_Process_2026,gs_ind_0,Negative Regulation of Lipid Catabolic Process (GO:0050995),1/19,0.06744997582548398,0.17396270743479142,22.123726741817194,59.65373216204687,SORL1
P1,GO_Biological_Process_2026,gs_ind_0,Negative Regulation of Lipid Metabolic Process (GO:0045833),1/27,0.09448390777737954,0.1854302381540371,15.440314781454441,36.428732206490906,CCDC3
P1,GO_Biological_Process_2026,gs_ind_0,Negative Regulation of Macromolecule Biosynthetic Process (GO:0010558),2/177,0.13771784960522426,0.21559759425097336,3.9036400711527617,7.739154810765592,RBMS3;CCDC3
P1,GO_Biological_Process_2026,gs_ind_0,Negative Regulation of Metabolic Process (GO:0009892),1/16,0.0571075553965845,0.16702676099714067,26.40865618414654,75.60319879037347,CCDC3
P1,GO_Biological_Process_2026,gs_ind_0,Negative Regulation of Multicellular Organismal Process (GO:0051241),1/236,0.581413310952584,0.5938366722977246,1.7240661908267452,0.9349497103524501,EGFR
P1,GO_Biological_Process_2026,gs_ind_0,Negative Regulation of Myeloid Cell Differentiation (GO:0045638),2/20,0.0024233666823696197,0.0723980796357924,37.24722184113047,224.32502568471043,MEIS1;MEIS2
P1,GO_Biological_Process_2026,gs_ind_0,Negative Regulation of Myoblast Differentiation (GO:0045662),2/17,0.0017470948129191322,0.05693940822104626,44.4612739479286,282.3202407734291,ZFHX3;PRICKLE1
P1,GO_Biological_Process_2026,gs_ind_0,Negative Regulation of Nervous System Development (GO:0051961),2/17,0.0017470948129191322,0.05693940822104626,44.4612739479286,282.3202407734291,PAX6;SORL1
P1,GO_Biological_Process_2026,gs_ind_0,Negative Regulation of Neurogenesis (GO:0050768),2/27,0.004402722522559382,0.09864850152109615,27.01552702299194,146.57361106839556,PAX6;SORL1
P1,GO_Biological_Process_2026,gs_ind_0,Negative Regulation of Neuron Apoptotic Process (GO:0043524),1/80,0.25499301809085445,0.30727730079183635,5.136721342561866,7.01942789910666,PTPRZ1
P1,GO_Biological_Process_2026,gs_ind_0,Negative Regulation of Programmed Cell Death (GO:0043069),2/388,0.41736726237252053,0.4426809572797296,1.758689527912215,1.53672307090934,EGFR;PHIP
P1,GO_Biological_Process_2026,gs_ind_0,Negative Regulation of Protein Catabolic Process (GO:0042177),1/68,0.2213177094527477,0.2848919168359427,6.0525963149078725,9.12825951138168,EGFR
P1,GO_Biological_Process_2026,gs_ind_0,Negative Regulation of Protein Metabolic Process (GO:0051248),2/142,0.09590398721931202,0.1854302381540371,4.882399696515346,11.446335546071932,EGFR;SORL1
P1,GO_Biological_Process_2026,gs_ind_0,Negative Regulation of Protein Modification by Small Protein Conjugation or Removal (GO:1903321),1/54,0.18012145406991348,0.24788307594650283,7.640398252946978,13.096589333388202,NXN
P1,GO_Biological_Process_2026,gs_ind_0,Negative Regulation of Protein Polymerization (GO:0032272),1/25,0.08779905814197392,0.1803780077014192,16.70197928417598,40.630980258906256,SSH2
P1,GO_Biological_Process_2026,gs_ind_0,Negative Regulation of Protein Ubiquitination (GO:0031397),1/52,0.17406277381902974,0.24186629617876806,7.937698199736547,13.877789521683125,NXN
P1,GO_Biological_Process_2026,gs_ind_0,Negative Regulation of Protein-Containing Complex Assembly (GO:0031333),1/57,0.1891270689518711,0.25394027797470337,7.233912927469205,12.046896829454685,SORL1
P1,GO_Biological_Process_2026,gs_ind_0,Negative Regulation of RNA Biosynthetic Process (GO:1902679),3/423,0.20301912806412392,0.2666020417984924,2.283392786365438,3.6407672220617555,RUNX2;FOXP2;PRICKLE1
P1,GO_Biological_Process_2026,gs_ind_0,Negative Regulation of Relaxation of Muscle (GO:1901078),1/4,0.014590042112100507,0.1600714829285777,117.0043072505384,494.6258840598229,PDE4D
P1,GO_Biological_Process_2026,gs_ind_0,Negative Regulation of Response to Cytokine Stimulus (GO:0060761),1/14,0.05014960504049533,0.16052351256265693,30.32328308207705,90.74984291620152,SORL1
P1,GO_Biological_Process_2026,gs_ind_0,Negative Regulation of Signal Transduction (GO:0009968),2/292,0.2904771577876738,0.34031392505516683,2.3482617926382834,2.9029924660117103,SORL1;NXN
P1,GO_Biological_Process_2026,gs_ind_0,Negative Regulation of Signal Transduction in Absence of Ligand (GO:1901099),1/23,0.08106535561630931,0.17939462955831412,18.187939698492464,45.697191038775365,EYA2
P1,GO_Biological_Process_2026,gs_ind_0,Negative Regulation of Supramolecular Fiber Organization (GO:1902904),1/73,0.23552841416211917,0.29318380721222126,5.634136198232542,8.146531160523915,SSH2
P1,GO_Biological_Process_2026,gs_ind_0,Negative Regulation of TOR Signaling (GO:0032007),1/71,0.2298752076552973,0.2891588138400845,5.794397519512456,8.519031546226,SESN3
P1,GO_Biological_Process_2026,gs_ind_0,Negative Regulation of TORC1 Signaling (GO:1904262),1/51,0.1710168333182885,0.238558500951776,8.09517886462013,14.296031530903484,SESN3
P1,GO_Biological_Process_2026,gs_ind_0,Negative Regulation of Transcription by RNA Polymerase II (GO:0000122),5/675,0.10267312076126203,0.18624226588827705,2.2759642526675803,5.180561034433802,GLIS3;MEIS2;ZBTB20;PAX6;ZFHX3
P1,GO_Biological_Process_2026,gs_ind_0,Negative Regulation of Triglyceride Catabolic Process (GO:0010897),1/4,0.014590042112100507,0.1600714829285777,117.0043072505384,494.6258840598229,SORL1
P1,GO_Biological_Process_2026,gs_ind_0,Negative Regulation of Triglyceride Metabolic Process (GO:0090209),1/10,0.036080852581350895,0.1600714829285777,43.0973287490082,143.16902243022955,SORL1
P1,GO_Biological_Process_2026,gs_ind_0,Negative Regulation of Tumor Necrosis Factor-Mediated Signaling Pathway (GO:0010804),1/17,0.060567584183063565,0.16702676099714067,24.80721790772042,69.5593259790493,CCDC3
P1,GO_Biological_Process_2026,gs_ind_0,Negative Regulation of Wnt Signaling Pathway (GO:0030178),3/143,0.015775625361784493,0.1600714829285777,6.905465827174012,28.652774976230376,RBMS3;NXN;PRICKLE1
P1,GO_Biological_Process_2026,gs_ind_0,Negative Regulation of cAMP/PKA Signal Transduction (GO:0141162),3/28,0.00014668414433054405,0.015024647355000012,38.209653092006036,337.28535636083257,PDE7A;PDE1A;PDE4D
P1,GO_Biological_Process_2026,gs_ind_0,Nervous System Development (GO:0007399),4/493,0.10787933186052164,0.18911853531538877,2.541522225809354,5.659314218287115,PAX6;CHRM3;PTPRZ1;MBP
P1,GO_Biological_Process_2026,gs_ind_0,Neural Tube Closure (GO:0001843),1/31,0.10770844937287086,0.18911853531538877,13.413378367246066,29.88939646374393,PRICKLE1
P1,GO_Biological_Process_2026,gs_ind_0,Neuron Development (GO:0048666),2/166,0.12416522962878336,0.2070383014972969,4.166370944100721,8.691641844692052,PBX1;PTPRZ1
P1,GO_Biological_Process_2026,gs_ind_0,Neuron Differentiation (GO:0030182),6/186,6.511725238013478e-05,0.011570817873756798,10.284116724559938,99.13190262152085,RUNX2;WNT5B;FUT9;PAX6;EGFR;PBX1
P1,GO_Biological_Process_2026,gs_ind_0,Neuron Fate Commitment (GO:0048663),1/15,0.05363491085988955,0.1636435365384715,28.2309824987004,82.591294852792,PAX6
P1,GO_Biological_Process_2026,gs_ind_0,Neuron Projection Development (GO:0031175),1/204,0.5287382587269465,0.5446915682575009,1.9975429975429975,1.2729577554743474,PTPRZ1
P1,GO_Biological_Process_2026,gs_ind_0,Neuropeptide Signaling Pathway (GO:0007218),2/72,0.0288204192434945,0.1600714829285777,9.755373150448213,34.599100427774125,GNAQ;SORL1
P1,GO_Biological_Process_2026,gs_ind_0,Neutral Amino Acid Transport (GO:0015804),1/36,0.12397052607037776,0.2070383014972969,11.52204685398825,24.054708967199332,SLC6A6
P1,GO_Biological_Process_2026,gs_ind_0,Nicotinamide Nucleotide Metabolic Process (GO:0046496),1/42,0.14309810434998382,0.22064804477191055,9.854029182054852,19.15844830527978,FMO2
P1,GO_Biological_Process_2026,gs_ind_0,Nitric Oxide Biosynthetic Process (GO:0006809),1/14,0.05014960504049533,0.16052351256265693,30.32328308207705,90.74984291620152,POR
P1,GO_Biological_Process_2026,gs_ind_0,Nitric Oxide Metabolic Process (GO:0046209),1/21,0.07428244681570347,0.17635931909556088,19.96384360828533,51.90360975057245,POR
P1,GO_Biological_Process_2026,gs_ind_0,Nitrogen Compound Transport (GO:0071705),1/132,0.38501813083131775,0.41388005967924263,3.0995089516021173,2.958372355041229,SLC6A6
P1,GO_Biological_Process_2026,gs_ind_0,Non-canonical Wnt Signaling Pathway (GO:0035567),1/46,0.15561952100888302,0.2277126460476921,8.986415594455796,16.717799339197803,PRICKLE1
P1,GO_Biological_Process_2026,gs_ind_0,Notch Signaling Pathway (GO:0007219),2/41,0.009948736817063085,0.1600714829285777,17.431407826254578,80.36418839306899,MAML2;SORBS2
P1,GO_Biological_Process_2026,gs_ind_0,Nuclear Migration (GO:0007097),1/18,0.06401504258973123,0.17062745552727618,23.388801148600145,64.28732849758696,CLMN
P1,GO_Biological_Process_2026,gs_ind_0,Nucleoside Phosphate Metabolic Process (GO:0006753),1/31,0.10770844937287086,0.18911853531538877,13.413378367246066,29.88939646374393,ACSM1
P1,GO_Biological_Process_2026,gs_ind_0,Oligodendrocyte Differentiation (GO:0048709),1/20,0.07087242893827944,0.17522597085774608,20.98840355624275,55.55365534242182,PTPRZ1
P1,GO_Biological_Process_2026,gs_ind_0,Oligosaccharide Biosynthetic Process (GO:0009312),1/21,0.07428244681570347,0.17635931909556088,19.96384360828533,51.90360975057245,FUT9
P1,GO_Biological_Process_2026,gs_ind_0,Oligosaccharide Metabolic Process (GO:0009311),1/44,0.14938162196228383,0.22313879780616147,9.400277248310518,17.872286764451427,FUT9
P1,GO_Biological_Process_2026,gs_ind_0,Organelle Organization (GO:0006996),2/399,0.4312567629981386,0.45405447734165255,1.7093190307441817,1.4376255543394392,PHIP;SORBS2
P1,GO_Biological_Process_2026,gs_ind_0,Organic Acid Metabolic Process (GO:0006082),1/5,0.018204501114733745,0.1600714829285777,91.0,364.55386253468845,FMO2
P1,GO_Biological_Process_2026,gs_ind_0,Organic Cation Transport (GO:0015695),1/69,0.22418061724548724,0.28754472730771796,5.964017166122583,8.918014102728504,SLC6A6
P1,GO_Biological_Process_2026,gs_ind_0,Organophosphate Ester Transport (GO:0015748),1/27,0.09448390777737954,0.1854302381540371,15.440314781454441,36.428732206490906,PITPNC1
P1,GO_Biological_Process_2026,gs_ind_0,Peptide Cross-Linking (GO:0018149),1/16,0.0571075553965845,0.16702676099714067,26.40865618414654,75.60319879037347,TGM2
P1,GO_Biological_Process_2026,gs_ind_0,Peptidyl-tyrosine Dephosphorylation (GO:0035335),1/19,0.06744997582548398,0.17396270743479142,22.123726741817194,59.65373216204687,PTPRZ1
P1,GO_Biological_Process_2026,gs_ind_0,Peptidyl-tyrosine Modification (GO:0018212),1/39,0.1335865701175638,0.21379814904976174,10.623050316517654,21.38425920263491,EFEMP1
P1,GO_Biological_Process_2026,gs_ind_0,Peptidyl-tyrosine Phosphorylation (GO:0018108),1/50,0.16795977255684102,0.238558500951776,8.259022384650525,14.734350124773231,EFEMP1
P1,GO_Biological_Process_2026,gs_ind_0,Phagocytosis (GO:0006909),1/91,0.28459342977031415,0.33451391663166435,4.510536105944085,5.668362215187675,TGM2
P1,GO_Biological_Process_2026,gs_ind_0,Phosphatidylinositol 3-Kinase/Protein Kinase B Signal Transduction (GO:0043491),1/44,0.14938162196228383,0.22313879780616147,9.400277248310518,17.872286764451427,EGFR
P1,GO_Biological_Process_2026,gs_ind_0,Phosphatidylinositol Metabolic Process (GO:0046488),1/70,0.2270331041296496,0.2891588138400845,5.877987057590109,8.715052993038883,PLCE1
P1,GO_Biological_Process_2026,gs_ind_0,Phosphatidylinositol Phosphate Biosynthetic Process (GO:0046854),1/37,0.12718755619754754,0.2077300177531699,11.205961313416397,23.107728348226125,PITPNC1
P1,GO_Biological_Process_2026,gs_ind_0,Phosphatidylinositol-mediated Signaling (GO:0048015),2/24,0.003486817880202735,0.08928744357519147,30.62098138747885,173.27696042731014,ASPH;PLCE1
P1,GO_Biological_Process_2026,gs_ind_0,Phospholipase C-activating G Protein-Coupled Receptor Signaling Pathway (GO:0007200),3/119,0.00963935357283225,0.1600714829285777,8.33544624188401,38.69231815753417,GNAQ;TGM2;PLCE1
P1,GO_Biological_Process_2026,gs_ind_0,Phospholipase C-activating Serotonin Receptor Signaling Pathway (GO:0007208),1/5,0.018204501114733745,0.1600714829285777,91.0,364.55386253468845,GNAQ
P1,GO_Biological_Process_2026,gs_ind_0,Phospholipase C-activating Tachykinin Receptor Signaling Pathway (GO:0007209),1/5,0.018204501114733745,0.1600714829285777,91.0,364.55386253468845,GNAQ
P1,GO_Biological_Process_2026,gs_ind_0,Phospholipid Transport (GO:0015914),2/64,0.02316397380661601,0.1600714829285777,11.00730964467005,41.44424962462814,OSBPL6;PITPNC1
P1,GO_Biological_Process_2026,gs_ind_0,"Phototransduction, Visible Light (GO:0007603)",1/10,0.036080852581350895,0.1600714829285777,43.0973287490082,143.16902243022955,GNAQ
P1,GO_Biological_Process_2026,gs_ind_0,Plasma Membrane Bounded Cell Projection Organization (GO:0120036),2/147,0.10162510794852447,0.18588061836503073,4.713747448846093,10.777816905584954,PROM1;PTPRZ1
P1,GO_Biological_Process_2026,gs_ind_0,Podocyte Differentiation (GO:0072112),1/11,0.03961726211805212,0.1600714829285777,38.99138549892319,125.88331156809635,PROM1
P1,GO_Biological_Process_2026,gs_ind_0,Polysaccharide Biosynthetic Process (GO:0000271),1/6,0.021805834468432178,0.1600714829285777,74.4518044769301,284.8211635890129,FUT9
P1,GO_Biological_Process_2026,gs_ind_0,Polysaccharide Metabolic Process (GO:0005976),1/8,0.02896931280161029,0.1600714829285777,54.59396984924623,193.34553720447744,FUT9
P1,GO_Biological_Process_2026,gs_ind_0,Pos Reg Phosphatidylinositol 3-Kinase/Protein Kinase B Signal Transduction (GO:0051897),1/160,0.4454467396673149,0.46625593042549607,2.5527480663505617,2.0643501568057894,EGFR
P1,GO_Biological_Process_2026,gs_ind_0,Positive Regulation of ATP Metabolic Process (GO:1903580),1/31,0.10770844937287086,0.18911853531538877,13.413378367246066,29.88939646374393,ZBTB20
P1,GO_Biological_Process_2026,gs_ind_0,Positive Regulation of Adipose Tissue Development (GO:1904179),1/10,0.036080852581350895,0.1600714829285777,43.0973287490082,143.16902243022955,SORL1
P1,GO_Biological_Process_2026,gs_ind_0,Positive Regulation of Angiogenesis (GO:0045766),1/120,0.35716558398107345,0.3897834455318564,3.4122705578099706,3.5131228895667435,TGM2
P1,GO_Biological_Process_2026,gs_ind_0,Positive Regulation of Apoptotic Process (GO:0043065),1/280,0.6444463995134491,0.6554156999306993,1.4502836184500318,0.6372018694186121,TGM2
P1,GO_Biological_Process_2026,gs_ind_0,Positive Regulation of Autophagy (GO:0010508),1/91,0.28459342977031415,0.33451391663166435,4.510536105944085,5.668362215187675,SESN3
P1,GO_Biological_Process_2026,gs_ind_0,Positive Regulation of Biosynthetic Process (GO:0009891),1/87,0.2739668544992329,0.3246846854147934,4.71981293751997,6.110969063971938,ZBTB20
P1,GO_Biological_Process_2026,gs_ind_0,Positive Regulation of Calcium Ion Transmembrane Transport (GO:1904427),1/40,0.1367686379517141,0.2150506873056557,10.353730678710006,20.598380195399425,ASPH
P1,GO_Biological_Process_2026,gs_ind_0,Positive Regulation of Calcium Ion Transport Into Cytosol (GO:0010524),1/9,0.032531551648223855,0.1600714829285777,48.16937629323086,165.00635843822025,ASPH
P1,GO_Biological_Process_2026,gs_ind_0,Positive Regulation of Canonical Wnt Signaling Pathway (GO:0090263),1/96,0.29766034184671536,0.34534379466682025,4.273593096371912,5.178749665642031,EGFR
P1,GO_Biological_Process_2026,gs_ind_0,Positive Regulation of Carbohydrate Metabolic Process (GO:0045913),1/35,0.12074175755375664,0.20369844744951413,11.856456194013546,25.06574885089274,ZBTB20
P1,GO_Biological_Process_2026,gs_ind_0,Positive Regulation of Catabolic Process (GO:0009896),1/154,0.43301354309987516,0.4552356457516283,2.6531190152717987,2.2206241993411293,SORL1
P1,GO_Biological_Process_2026,gs_ind_0,Positive Regulation of Cell Adhesion (GO:0045785),2/83,0.03739217545002293,0.1600714829285777,8.435271402323192,27.720780186823443,ZFHX3;TGM2
P1,GO_Biological_Process_2026,gs_ind_0,Positive Regulation of Cell Cycle (GO:0045787),1/56,0.18613613194826314,0.25181057850359373,7.36452532934945,12.381806910580362,MEIS2
P1,GO_Biological_Process_2026,gs_ind_0,Positive Regulation of Cell Cycle G1/S Phase Transition (GO:1902808),1/38,0.13039289018139794,0.21009371294396026,10.906733668341708,22.219232230345032,EGFR
P1,GO_Biological_Process_2026,gs_ind_0,Positive Regulation of Cell Cycle G2/M Phase Transition (GO:1902751),1/24,0.08443833551787916,0.1803780077014192,17.41334331230621,43.0411486823959,RAD51B
P1,GO_Biological_Process_2026,gs_ind_0,Positive Regulation of Cell Cycle Process (GO:0090068),1/109,0.3305388515100955,0.368480269059654,3.7597434175485724,4.162152789215556,PHIP
P1,GO_Biological_Process_2026,gs_ind_0,Positive Regulation of Cell Development (GO:0010720),1/27,0.09448390777737954,0.1854302381540371,15.440314781454441,36.428732206490906,TGM2
P1,GO_Biological_Process_2026,gs_ind_0,Positive Regulation of Cell Differentiation (GO:0045597),3/278,0.08264565592327855,0.1803780077014192,3.504071850714319,8.736327465792428,ZFHX3;SLC6A6;RUNX2
P1,GO_Biological_Process_2026,gs_ind_0,Positive Regulation of Cell Growth (GO:0030307),1/99,0.30538678109558665,0.35202945666484825,4.142973752008775,4.914296741872068,EGFR
P1,GO_Biological_Process_2026,gs_ind_0,Positive Regulation of Cell Migration (GO:0030335),2/318,0.3255950640638199,0.3653390624941453,2.1532706233310077,2.4161866986981617,WNT5B;EGFR
P1,GO_Biological_Process_2026,gs_ind_0,Positive Regulation of Cell Motility (GO:2000147),2/230,0.20657157848385582,0.27027704703088434,2.992313587843917,4.719202594400058,WNT5B;EGFR
P1,GO_Biological_Process_2026,gs_ind_0,Positive Regulation of Cell Population Proliferation (GO:0008284),4/443,0.0803013936118287,0.17939462955831412,2.8359652690586925,7.152214517297222,EGFR;MEIS1;PHIP;MEIS2
P1,GO_Biological_Process_2026,gs_ind_0,Positive Regulation of Cell Projection Organization (GO:0031346),1/112,0.3379071067322184,0.37331185751463886,3.658178786308223,3.9690663793599787,FUT9
P1,GO_Biological_Process_2026,gs_ind_0,Positive Regulation of Cellular Process (GO:0048522),7/587,0.00591162716727621,0.11455774807937953,3.6738796998714918,18.85006746767673,MEIS1;TGM2;MEIS2;PHIP;SLC6A6;EGFR;ZFHX3
P1,GO_Biological_Process_2026,gs_ind_0,Positive Regulation of Cellular Response to Insulin Stimulus (GO:1900078),1/13,0.04665159224326654,0.16052351256265693,32.75035175879397,100.38140738175221,SORL1
P1,GO_Biological_Process_2026,gs_ind_0,Positive Regulation of Cold-Induced Thermogenesis (GO:0120162),2/99,0.05134448669410536,0.16289379185696257,7.046856696602889,20.92351080553939,EPAS1;ESRRG
P1,GO_Biological_Process_2026,gs_ind_0,Positive Regulation of Cytokine Production (GO:0001819),2/304,0.3067254317260975,0.3530050313765841,2.254100767714058,2.663901450913429,SORL1;PDE4D
P1,GO_Biological_Process_2026,gs_ind_0,Positive Regulation of DNA Metabolic Process (GO:0051054),2/90,0.043291210164176225,0.16052351256265693,7.766067280392326,24.38394202698019,EGFR;EYA2
P1,GO_Biological_Process_2026,gs_ind_0,Positive Regulation of DNA Repair (GO:0045739),2/76,0.031834636023369944,0.1600714829285777,9.23023200354308,31.81845944363715,EGFR;EYA2
P1,GO_Biological_Process_2026,gs_ind_0,Positive Regulation of DNA Replication (GO:0045740),1/23,0.08106535561630931,0.17939462955831412,18.187939698492464,45.697191038775365,EGFR
P1,GO_Biological_Process_2026,gs_ind_0,Positive Regulation of DNA-templated Transcription (GO:0045893),14/1205,0.0001275955234450833,0.015024647355000012,3.6545884989775845,32.76939867957094,GLIS3;ASPH;MEIS1;PBX1;RUNX2;ESRRG;MEIS2;PHIP;PAX6;EGFR;EPAS1;ZFHX3;HLF;MAML2
P1,GO_Biological_Process_2026,gs_ind_0,Positive Regulation of Developmental Process (GO:0051094),2/235,0.21327118238819445,0.2765197789734818,2.927694866248546,4.523847073863674,SLC6A6;SORL1
P1,GO_Biological_Process_2026,gs_ind_0,Positive Regulation of ER to Golgi Vesicle-Mediated Transport (GO:1902953),1/13,0.04665159224326654,0.16052351256265693,32.75035175879397,100.38140738175221,SORL1
P1,GO_Biological_Process_2026,gs_ind_0,Positive Regulation of ERBB Signaling Pathway (GO:1901186),1/29,0.10112025539501886,0.1854302381540371,14.355725998413119,32.89535401837941,ANTXR1
P1,GO_Biological_Process_2026,gs_ind_0,Positive Regulation of ERK1 and ERK2 Cascade (GO:0070374),1/149,0.42244204035446653,0.44608386293689617,2.7429572102938935,2.363614523329295,EGFR
P1,GO_Biological_Process_2026,gs_ind_0,Positive Regulation of Endocytic Recycling (GO:2001137),1/8,0.02896931280161029,0.1600714829285777,54.59396984924623,193.34553720447744,SORL1
P1,GO_Biological_Process_2026,gs_ind_0,Positive Regulation of Epidermal Growth Factor Receptor Signaling Pathway (GO:0045742),1/27,0.09448390777737954,0.1854302381540371,15.440314781454441,36.428732206490906,ANTXR1
P1,GO_Biological_Process_2026,gs_ind_0,Positive Regulation of Epithelial Cell Differentiation (GO:0030858),1/27,0.09448390777737954,0.1854302381540371,15.440314781454441,36.428732206490906,PROM1
P1,GO_Biological_Process_2026,gs_ind_0,Positive Regulation of Epithelial Cell Proliferation (GO:0050679),1/109,0.3305388515100955,0.368480269059654,3.7597434175485724,4.162152789215556,EGFR
P1,GO_Biological_Process_2026,gs_ind_0,Positive Regulation of Exocytosis (GO:0045921),1/37,0.12718755619754754,0.2077300177531699,11.205961313416397,23.107728348226125,CADPS2
P1,GO_Biological_Process_2026,gs_ind_0,Positive Regulation of G1/S Transition of Mitotic Cell Cycle (GO:1900087),1/33,0.11424883561195394,0.19739871258253672,12.587011982991882,27.305967256473732,EGFR
P1,GO_Biological_Process_2026,gs_ind_0,Positive Regulation of G2/M Transition of Mitotic Cell Cycle (GO:0010971),1/21,0.07428244681570347,0.17635931909556088,19.96384360828533,51.90360975057245,RAD51B
P1,GO_Biological_Process_2026,gs_ind_0,Positive Regulation of Gene Expression (GO:0010628),2/388,0.41736726237252053,0.4426809572797296,1.758689527912215,1.53672307090934,PAX6;RBMS3
P1,GO_Biological_Process_2026,gs_ind_0,Positive Regulation of Glial Cell Differentiation (GO:0045687),1/17,0.060567584183063565,0.16702676099714067,24.80721790772042,69.5593259790493,PTPRZ1
P1,GO_Biological_Process_2026,gs_ind_0,Positive Regulation of Glycolytic Process (GO:0045821),1/22,0.07768007418553498,0.17851478586868133,19.03459156246348,48.636360355386536,ZBTB20
P1,GO_Biological_Process_2026,gs_ind_0,Positive Regulation of Gonadotropin Secretion (GO:0032278),1/5,0.018204501114733745,0.1600714829285777,91.0,364.55386253468845,GNAQ
P1,GO_Biological_Process_2026,gs_ind_0,Positive Regulation of Growth (GO:0045927),1/70,0.2270331041296496,0.2891588138400845,5.877987057590109,8.715052993038883,EGFR
P1,GO_Biological_Process_2026,gs_ind_0,Positive Regulation of Heart Contraction (GO:0045823),1/21,0.07428244681570347,0.17635931909556088,19.96384360828533,51.90360975057245,PDE4D
P1,GO_Biological_Process_2026,gs_ind_0,Positive Regulation of Heart Rate (GO:0010460),1/15,0.05363491085988955,0.1636435365384715,28.2309824987004,82.591294852792,PDE4D
P1,GO_Biological_Process_2026,gs_ind_0,Positive Regulation of Hormone Secretion (GO:0046887),1/21,0.07428244681570347,0.17635931909556088,19.96384360828533,51.90360975057245,GNAQ
P1,GO_Biological_Process_2026,gs_ind_0,Positive Regulation of Insulin Receptor Signaling Pathway (GO:0046628),1/12,0.043140826609840886,0.16052351256265693,35.59951933580948,111.89945212016866,SORL1
P1,GO_Biological_Process_2026,gs_ind_0,Positive Regulation of Insulin-Like Growth Factor Receptor Signaling Pathway (GO:0043568),1/7,0.025394089358317242,0.1600714829285777,62.9953614224971,231.39700796830692,PHIP
P1,GO_Biological_Process_2026,gs_ind_0,Positive Regulation of Interleukin-2 Production (GO:0032743),1/38,0.13039289018139794,0.21009371294396026,10.906733668341708,22.219232230345032,PDE4D
P1,GO_Biological_Process_2026,gs_ind_0,Positive Regulation of Interleukin-5 Production (GO:0032754),1/11,0.03961726211805212,0.1600714829285777,38.99138549892319,125.88331156809635,PDE4D
P1,GO_Biological_Process_2026,gs_ind_0,Positive Regulation of Intracellular Protein Transport (GO:0090316),1/71,0.2298752076552973,0.2891588138400845,5.794397519512456,8.519031546226,ASPH
P1,GO_Biological_Process_2026,gs_ind_0,Positive Regulation of Intracellular Signal Transduction (GO:1902533),2/650,0.692241320097915,0.6971025653233216,1.0379086450966502,0.3817642383867148,EGFR;TGM2
P1,GO_Biological_Process_2026,gs_ind_0,Positive Regulation of Intracellular Transport (GO:0032388),2/68,0.025928795219488817,0.1600714829285777,10.343689172169,37.779302158526356,ASPH;SORL1
P1,GO_Biological_Process_2026,gs_ind_0,Positive Regulation of Lamellipodium Assembly (GO:0010592),1/24,0.08443833551787916,0.1803780077014192,17.41334331230621,43.0411486823959,PLCE1
P1,GO_Biological_Process_2026,gs_ind_0,Positive Regulation of Lamellipodium Organization (GO:1902745),1/32,0.11098459693722368,0.1940876975707058,12.987078248384782,28.550323385514286,PLCE1
P1,GO_Biological_Process_2026,gs_ind_0,Positive Regulation of Lipid Biosynthetic Process (GO:0046889),1/38,0.13039289018139794,0.21009371294396026,10.906733668341708,22.219232230345032,ZBTB20
P1,GO_Biological_Process_2026,gs_ind_0,Positive Regulation of Lipid Metabolic Process (GO:0045834),1/29,0.10112025539501886,0.1854302381540371,14.355725998413119,32.89535401837941,ZBTB20
P1,GO_Biological_Process_2026,gs_ind_0,Positive Regulation of MAPK Cascade (GO:0043410),2/355,0.374752026003461,0.404055943826288,1.9252363960108847,1.889601686782523,MID1;EGFR
P1,GO_Biological_Process_2026,gs_ind_0,Positive Regulation of Macroautophagy (GO:0016239),1/76,0.24393127980932583,0.2994841226426141,5.409664215115312,7.632326099746303,SESN3
P1,GO_Biological_Process_2026,gs_ind_0,Positive Regulation of Macromolecule Biosynthetic Process (GO:0010557),2/314,0.32021537369537095,0.36255782820604116,2.1811573604060914,2.4838179550185258,PAX6;RBMS3
P1,GO_Biological_Process_2026,gs_ind_0,Positive Regulation of Membrane Depolarization (GO:1904181),1/9,0.032531551648223855,0.1600714829285777,48.16937629323086,165.00635843822025,GNAQ
P1,GO_Biological_Process_2026,gs_ind_0,Positive Regulation of Mitochondrial Calcium Ion Concentration (GO:0051561),1/7,0.025394089358317242,0.1600714829285777,62.9953614224971,231.39700796830692,TGM2
P1,GO_Biological_Process_2026,gs_ind_0,Positive Regulation of Mitotic Cell Cycle (GO:0045931),1/29,0.10112025539501886,0.1854302381540371,14.355725998413119,32.89535401837941,MEIS2
P1,GO_Biological_Process_2026,gs_ind_0,Positive Regulation of Mitotic Cell Cycle Phase Transition (GO:1901992),2/62,0.021830455727526316,0.1600714829285777,11.372026681209883,43.491738712177906,EGFR;RAD51B
P1,GO_Biological_Process_2026,gs_ind_0,Positive Regulation of Mitotic Nuclear Division (GO:0045840),1/35,0.12074175755375664,0.20369844744951413,11.856456194013546,25.06574885089274,PHIP
P1,GO_Biological_Process_2026,gs_ind_0,Positive Regulation of Morphogenesis of an Epithelium (GO:1905332),1/25,0.08779905814197392,0.1803780077014192,16.70197928417598,40.630980258906256,WNT5B
P1,GO_Biological_Process_2026,gs_ind_0,Positive Regulation of Multicellular Organismal Process (GO:0051240),4/398,0.058973018847445144,0.16702676099714067,3.1647786599420793,8.958460616020183,GNAQ;SORL1;EPAS1;ESRRG
P1,GO_Biological_Process_2026,gs_ind_0,Positive Regulation of Myoblast Differentiation (GO:0045663),1/42,0.14309810434998382,0.22064804477191055,9.854029182054852,19.15844830527978,ZFHX3
P1,GO_Biological_Process_2026,gs_ind_0,Positive Regulation of Myoblast Proliferation (GO:2000288),1/5,0.018204501114733745,0.1600714829285777,91.0,364.55386253468845,MEIS2
P1,GO_Biological_Process_2026,gs_ind_0,Positive Regulation of Nervous System Development (GO:0051962),1/55,0.18313427347949734,0.24915991287438255,7.499930846895025,12.731400062627513,TGM2
P1,GO_Biological_Process_2026,gs_ind_0,Positive Regulation of Neurogenesis (GO:0050769),1/59,0.19507633576312508,0.2575869847921928,6.986084267491303,11.41780694412366,TGM2
P1,GO_Biological_Process_2026,gs_ind_0,Positive Regulation of Neuron Projection Development (GO:0010976),1/95,0.2950660020928981,0.3434453303581298,4.318975831538646,5.271552779622928,FUT9
P1,GO_Biological_Process_2026,gs_ind_0,Positive Regulation of Non-Canonical Wnt Signaling Pathway (GO:2000052),1/11,0.03961726211805212,0.1600714829285777,38.99138549892319,125.88331156809635,WNT5B
P1,GO_Biological_Process_2026,gs_ind_0,Positive Regulation of Nuclear Division (GO:0051785),1/25,0.08779905814197392,0.1803780077014192,16.70197928417598,40.630980258906256,PHIP
P1,GO_Biological_Process_2026,gs_ind_0,Positive Regulation of Oligodendrocyte Differentiation (GO:0048714),1/7,0.025394089358317242,0.1600714829285777,62.9953614224971,231.39700796830692,PTPRZ1
P1,GO_Biological_Process_2026,gs_ind_0,Positive Regulation of Osteoblast Differentiation (GO:0045669),1/50,0.16795977255684102,0.238558500951776,8.259022384650525,14.734350124773231,RUNX2
P1,GO_Biological_Process_2026,gs_ind_0,Positive Regulation of Pattern Recognition Receptor Signaling Pathway (GO:0062208),1/51,0.1710168333182885,0.238558500951776,8.09517886462013,14.296031530903484,EGFR
P1,GO_Biological_Process_2026,gs_ind_0,Positive Regulation of Peptidyl-Serine Phosphorylation (GO:0033138),1/20,0.07087242893827944,0.17522597085774608,20.98840355624275,55.55365534242182,EGFR
P1,GO_Biological_Process_2026,gs_ind_0,Positive Regulation of Phosphate Metabolic Process (GO:0045937),1/17,0.060567584183063565,0.16702676099714067,24.80721790772042,69.5593259790493,EGFR
P1,GO_Biological_Process_2026,gs_ind_0,Positive Regulation of Phosphorylation (GO:0042327),1/64,0.20976111348061466,0.2729559316980049,6.434811854548332,10.049798749352027,EGFR
P1,GO_Biological_Process_2026,gs_ind_0,Positive Regulation of Plasma Membrane Bounded Cell Projection Assembly (GO:0120034),2/92,0.045036475505884827,0.16052351256265693,7.5938805844574695,23.54317546844409,EPS8;PLCE1
P1,GO_Biological_Process_2026,gs_ind_0,Positive Regulation of Programmed Cell Death (GO:0043068),1/234,0.5782991270299216,0.5914985364913748,1.7389624783446138,0.9523671873700407,TGM2
P1,GO_Biological_Process_2026,gs_ind_0,Positive Regulation of Proteasomal Protein Catabolic Process (GO:1901800),1/95,0.2950660020928981,0.3434453303581298,4.318975831538646,5.271552779622928,PRICKLE1
P1,GO_Biological_Process_2026,gs_ind_0,Positive Regulation of Proteasomal Ubiquitin-Dependent Protein Catabolic Process (GO:0032436),1/68,0.2213177094527477,0.2848919168359427,6.0525963149078725,9.12825951138168,PRICKLE1
P1,GO_Biological_Process_2026,gs_ind_0,Positive Regulation of Protein Catabolic Process (GO:0045732),1/114,0.3427746150393318,0.37752595849954057,3.593451840701304,3.8474447312642526,SORL1
P1,GO_Biological_Process_2026,gs_ind_0,Positive Regulation of Protein Localization to Cell Periphery (GO:1904377),1/56,0.18613613194826314,0.25181057850359373,7.36452532934945,12.381806910580362,EGFR
P1,GO_Biological_Process_2026,gs_ind_0,Positive Regulation of Protein Localization to Early Endosome (GO:1902966),2/10,0.0005878432500802306,0.035735972491568894,81.09734249029562,603.2872040697225,SORL1;MGAT3
P1,GO_Biological_Process_2026,gs_ind_0,Positive Regulation of Protein Localization to Endosome (GO:1905668),2/13,0.001011639008733172,0.04835634461744562,59.93489295961157,413.3220188529541,SORL1;MGAT3
P1,GO_Biological_Process_2026,gs_ind_0,Positive Regulation of Protein Localization to Membrane (GO:1905477),1/57,0.1891270689518711,0.25394027797470337,7.233912927469205,12.046896829454685,EGFR
P1,GO_Biological_Process_2026,gs_ind_0,Positive Regulation of Protein Localization to Plasma Membrane (GO:1903078),1/54,0.18012145406991348,0.24788307594650283,7.640398252946978,13.096589333388202,EGFR
P1,GO_Biological_Process_2026,gs_ind_0,Positive Regulation of Protein Metabolic Process (GO:0051247),2/184,0.14650565037694793,0.22313879780616147,3.752937904179125,7.208235114980342,ASPH;SORL1
P1,GO_Biological_Process_2026,gs_ind_0,Positive Regulation of Protein Modification Process (GO:0031401),1/59,0.19507633576312508,0.2575869847921928,6.986084267491303,11.41780694412366,EGFR
P1,GO_Biological_Process_2026,gs_ind_0,Positive Regulation of Protein Modification by Small Protein Conjugation or Removal (GO:1903322),1/78,0.24948232449515884,0.3036991963718657,5.26967093532177,7.316238334127009,PRICKLE1
P1,GO_Biological_Process_2026,gs_ind_0,Positive Regulation of Protein Phosphorylation (GO:0001934),1/109,0.3305388515100955,0.368480269059654,3.7597434175485724,4.162152789215556,EGFR
P1,GO_Biological_Process_2026,gs_ind_0,Positive Regulation of Protein Transport (GO:0051222),1/72,0.23270696523856207,0.29118829681683944,5.71314615033208,8.329625840241883,ASPH
P1,GO_Biological_Process_2026,gs_ind_0,Positive Regulation of Protein Ubiquitination (GO:0031398),1/71,0.2298752076552973,0.2891588138400845,5.794397519512456,8.519031546226,PRICKLE1
P1,GO_Biological_Process_2026,gs_ind_0,Positive Regulation of Proteolysis (GO:0045862),1/40,0.1367686379517141,0.2150506873056557,10.353730678710006,20.598380195399425,ASPH
P1,GO_Biological_Process_2026,gs_ind_0,Positive Regulation of Purine Nucleotide Catabolic Process (GO:0033123),1/22,0.07768007418553498,0.17851478586868133,19.03459156246348,48.636360355386536,ZBTB20
P1,GO_Biological_Process_2026,gs_ind_0,Positive Regulation of RNA Biosynthetic Process (GO:1902680),5/526,0.0444769572301228,0.16052351256265693,2.9426945028687888,9.159972480112017,ASPH;RUNX2;PHIP;PAX6;ZFHX3
P1,GO_Biological_Process_2026,gs_ind_0,Positive Regulation of Response to Stimulus (GO:0048584),2/68,0.025928795219488817,0.1600714829285777,10.343689172169,37.779302158526356,EGFR;EYA2
P1,GO_Biological_Process_2026,gs_ind_0,Positive Regulation of Ruffle Assembly (GO:1900029),1/14,0.05014960504049533,0.16052351256265693,30.32328308207705,90.74984291620152,EPS8
P1,GO_Biological_Process_2026,gs_ind_0,Positive Regulation of Secretion by Cell (GO:1903532),1/74,0.23833959157565857,0.2951459191014632,5.557276176802379,7.969460621659022,CADPS2
P1,GO_Biological_Process_2026,gs_ind_0,Positive Regulation of Signal Transduction (GO:0009967),2/265,0.253814556552109,0.30727730079183635,2.5914813280806017,3.553313175725082,PHIP;SORL1
P1,GO_Biological_Process_2026,gs_ind_0,Positive Regulation of Small GTPase Mediated Signal Transduction (GO:0051057),1/71,0.2298752076552973,0.2891588138400845,5.794397519512456,8.519031546226,TGM2
P1,GO_Biological_Process_2026,gs_ind_0,Positive Regulation of Sprouting Angiogenesis (GO:1903672),1/19,0.06744997582548398,0.17396270743479142,22.123726741817194,59.65373216204687,TGM2
P1,GO_Biological_Process_2026,gs_ind_0,Positive Regulation of Store-Operated Calcium Channel Activity (GO:1901341),1/6,0.021805834468432178,0.1600714829285777,74.4518044769301,284.8211635890129,ASPH
P1,GO_Biological_Process_2026,gs_ind_0,Positive Regulation of Stress-Activated MAPK Cascade (GO:0032874),1/16,0.0571075553965845,0.16702676099714067,26.40865618414654,75.60319879037347,MID1
P1,GO_Biological_Process_2026,gs_ind_0,Positive Regulation of Stress-Activated Protein Kinase Signaling Cascade (GO:0070304),1/17,0.060567584183063565,0.16702676099714067,24.80721790772042,69.5593259790493,MID1
P1,GO_Biological_Process_2026,gs_ind_0,Positive Regulation of Toll-Like Receptor 9 Signaling Pathway (GO:0034165),1/10,0.036080852581350895,0.1600714829285777,43.0973287490082,143.16902243022955,EGFR
P1,GO_Biological_Process_2026,gs_ind_0,Positive Regulation of Transcription by RNA Polymerase II (GO:0045944),13/944,4.1568758048573415e-05,0.009934933173609047,4.3455900621118015,43.839015147203625,GLIS3;RUNX2;MEIS1;PBX1;ESRRG;MEIS2;PHIP;PAX6;EGFR;EPAS1;ZFHX3;HLF;MAML2
P1,GO_Biological_Process_2026,gs_ind_0,Positive Regulation of Transcription of Notch Receptor Target (GO:0007221),1/6,0.021805834468432178,0.1600714829285777,74.4518044769301,284.8211635890129,MAML2
P1,GO_Biological_Process_2026,gs_ind_0,Positive Regulation of Type II Interferon Production (GO:0032729),1/59,0.19507633576312508,0.2575869847921928,6.986084267491303,11.41780694412366,PDE4D
P1,GO_Biological_Process_2026,gs_ind_0,Positive Regulation of Ubiquitin-Dependent Protein Catabolic Process (GO:2000060),1/84,0.265894511441762,0.3166883134613677,4.889928685342882,6.4774715260949085,PRICKLE1
P1,GO_Biological_Process_2026,gs_ind_0,Positive Regulation of Wnt Signaling Pathway (GO:0030177),2/118,0.0699031361207183,0.17522597085774608,5.893444587263894,15.680362488510136,WNT5B;EGFR
P1,GO_Biological_Process_2026,gs_ind_0,Positive Regulation of miRNA Metabolic Process (GO:2000630),2/53,0.016250039071976873,0.1600714829285777,13.363806613769652,55.05433909717196,PAX6;EGFR
P1,GO_Biological_Process_2026,gs_ind_0,Positive Regulation of miRNA Transcription (GO:1902895),2/47,0.012930045847825955,0.1600714829285777,15.129413733474648,65.7857401005744,PAX6;EGFR
P1,GO_Biological_Process_2026,gs_ind_0,Post-Golgi Vesicle-Mediated Transport (GO:0006892),1/44,0.14938162196228383,0.22313879780616147,9.400277248310518,17.872286764451427,SORL1
P1,GO_Biological_Process_2026,gs_ind_0,Potassium Ion Import Across Plasma Membrane (GO:1990573),1/45,0.15250625325948727,0.22499379338899667,9.18869629044097,17.27979985753456,KCNJ16
P1,GO_Biological_Process_2026,gs_ind_0,Potassium Ion Transmembrane Transport (GO:0071805),3/143,0.015775625361784493,0.1600714829285777,6.905465827174012,28.652774976230376,KCNQ5;KCNH1;KCNJ16
P1,GO_Biological_Process_2026,gs_ind_0,Potassium Ion Transport (GO:0006813),3/136,0.013806025339229595,0.1600714829285777,7.269432440218957,31.132436027379924,KCNQ5;KCNH1;KCNJ16
P1,GO_Biological_Process_2026,gs_ind_0,Primary Neural Tube Formation (GO:0014020),1/29,0.10112025539501886,0.1854302381540371,14.355725998413119,32.89535401837941,PRICKLE1
P1,GO_Biological_Process_2026,gs_ind_0,Protein Catabolic Process in the Vacuole (GO:0007039),1/11,0.03961726211805212,0.1600714829285777,38.99138549892319,125.88331156809635,SORL1
P1,GO_Biological_Process_2026,gs_ind_0,Protein Complex Oligomerization (GO:0051259),1/112,0.3379071067322184,0.37331185751463886,3.658178786308223,3.9690663793599787,TGM2
P1,GO_Biological_Process_2026,gs_ind_0,Protein Dephosphorylation (GO:0006470),2/80,0.03496732939943555,0.1600714829285777,8.758608425749296,29.37060160546953,SSH2;PTPRZ1
P1,GO_Biological_Process_2026,gs_ind_0,Protein Homooligomerization (GO:0051260),2/136,0.08916823114596724,0.18214707046056555,5.101334138471119,12.331100245264658,ITPR1;TGM2
P1,GO_Biological_Process_2026,gs_ind_0,Protein Homotetramerization (GO:0051289),1/58,0.19210712382525622,0.25650057315215774,7.107843565654359,11.725824641202973,ITPR1
P1,GO_Biological_Process_2026,gs_ind_0,Protein Import Into Nucleus (GO:0006606),1/74,0.23833959157565857,0.2951459191014632,5.557276176802379,7.969460621659022,PRICKLE1
P1,GO_Biological_Process_2026,gs_ind_0,Protein Insertion Into Membrane (GO:0051205),1/17,0.060567584183063565,0.16702676099714067,24.80721790772042,69.5593259790493,EGFR
P1,GO_Biological_Process_2026,gs_ind_0,Protein Localization to Golgi Apparatus (GO:0034067),1/24,0.08443833551787916,0.1803780077014192,17.41334331230621,43.0411486823959,SORL1
P1,GO_Biological_Process_2026,gs_ind_0,Protein Localization to Lysosome (GO:0061462),1/35,0.12074175755375664,0.20369844744951413,11.856456194013546,25.06574885089274,SORL1
P1,GO_Biological_Process_2026,gs_ind_0,Protein Localization to Microtubule (GO:0035372),1/10,0.036080852581350895,0.1600714829285777,43.0973287490082,143.16902243022955,MID1
P1,GO_Biological_Process_2026,gs_ind_0,Protein Localization to Microtubule Cytoskeleton (GO:0072698),1/9,0.032531551648223855,0.1600714829285777,48.16937629323086,165.00635843822025,MID1
P1,GO_Biological_Process_2026,gs_ind_0,Protein Localization to Nucleus (GO:0034504),1/119,0.35478894091682145,0.38777998572768446,3.4411933083137205,3.565875308851531,PRICKLE1
P1,GO_Biological_Process_2026,gs_ind_0,Protein Localization to Organelle (GO:0033365),1/150,0.4245718359133038,0.44767353874976296,2.72450883178434,2.334016050008247,SORL1
P1,GO_Biological_Process_2026,gs_ind_0,Protein Maturation (GO:0051604),2/201,0.16829581537872007,0.238558500951776,3.430975916949735,6.1141090198644505,TMPRSS11A;PAM
P1,GO_Biological_Process_2026,gs_ind_0,Protein Metabolic Process (GO:0019538),3/603,0.3810794722562936,0.4102612336452891,1.588185059458998,1.5321973067886703,ADAM28;CHRM3;PAM
P1,GO_Biological_Process_2026,gs_ind_0,Protein Modification Process (GO:0036211),5/425,0.020262362125611003,0.1600714829285777,3.6633339766296666,14.283303260853398,SSH2;TGM2;CHRM3;PTPRZ1;ST6GALNAC2
P1,GO_Biological_Process_2026,gs_ind_0,Protein N-linked Glycosylation (GO:0006487),2/75,0.031069815444296947,0.1600714829285777,9.356158707137677,32.4800779995198,MGAT3;FUT9
P1,GO_Biological_Process_2026,gs_ind_0,Protein O-linked Glycosylation (GO:0006493),2/82,0.03657684368909193,0.1600714829285777,8.540372670807454,28.254455880318755,ST6GALNAC2;FUT9
P1,GO_Biological_Process_2026,gs_ind_0,Protein O-linked Glycosylation via N-acetyl-galactosamine (GO:0016266),1/33,0.11424883561195394,0.19739871258253672,12.587011982991882,27.305967256473732,ST6GALNAC2
P1,GO_Biological_Process_2026,gs_ind_0,Protein O-linked Glycosylation via Xylose (GO:0180064),1/50,0.16795977255684102,0.238558500951776,8.259022384650525,14.734350124773231,CHST9
P1,GO_Biological_Process_2026,gs_ind_0,Protein Phosphorylation (GO:0006468),1/299,0.6686691568368659,0.6762140838533609,1.3570111865861973,0.5461506946651068,EFEMP1
P1,GO_Biological_Process_2026,gs_ind_0,Protein Processing (GO:0016485),1/146,0.41600571780810425,0.44254614194126224,2.799823861575921,2.4556030841261274,TMPRSS11A
P1,GO_Biological_Process_2026,gs_ind_0,Protein Stabilization (GO:0050821),1/204,0.5287382587269465,0.5446915682575009,1.9975429975429975,1.2729577554743474,GNAQ
P1,GO_Biological_Process_2026,gs_ind_0,Protein Targeting (GO:0006605),1/97,0.3002452288886103,0.3477800147223483,4.2291509360272865,5.0883270912582725,SORL1
P1,GO_Biological_Process_2026,gs_ind_0,Protein Targeting to Lysosome (GO:0006622),1/25,0.08779905814197392,0.1803780077014192,16.70197928417598,40.630980258906256,SORL1
P1,GO_Biological_Process_2026,gs_ind_0,Protein Targeting to Vacuole (GO:0006623),1/28,0.09780812250653742,0.1854302381540371,14.878300593878484,34.58829438886499,SORL1
P1,GO_Biological_Process_2026,gs_ind_0,Protein Tetramerization (GO:0051262),1/81,0.25773332405292904,0.30902139355510055,5.072723867786135,6.877750472831031,ITPR1
P1,GO_Biological_Process_2026,gs_ind_0,Protein-RNA Complex Assembly (GO:0022618),1/163,0.45156173163609964,0.471280584545973,2.505342095090839,1.9918551708459082,CELF2
P1,GO_Biological_Process_2026,gs_ind_0,Proteinogenic Amino Acid Catabolic Process (GO:0170040),1/79,0.2522426969822118,0.3060203278109067,5.20234932624908,7.165526449104015,CDO1
P1,GO_Biological_Process_2026,gs_ind_0,Proteoglycan Biosynthetic Process (GO:0030166),1/71,0.2298752076552973,0.2891588138400845,5.794397519512456,8.519031546226,CHST9
P1,GO_Biological_Process_2026,gs_ind_0,Proteoglycan Metabolic Process (GO:0006029),1/31,0.10770844937287086,0.18911853531538877,13.413378367246066,29.88939646374393,CHST9
P1,GO_Biological_Process_2026,gs_ind_0,Proteolysis (GO:0006508),2/322,0.3309641468262443,0.368480269059654,2.1260799670565502,2.3509027762552015,ADAM28;TMPRSS11A
P1,GO_Biological_Process_2026,gs_ind_0,Purine Nucleotide Metabolic Process (GO:0006163),1/29,0.10112025539501886,0.1854302381540371,14.355725998413119,32.89535401837941,FMO2
P1,GO_Biological_Process_2026,gs_ind_0,Purine Ribonucleotide Biosynthetic Process (GO:0009152),1/43,0.1462455860603604,0.22313879780616147,9.621814957138634,18.49763110790661,ADCY2
P1,GO_Biological_Process_2026,gs_ind_0,RNA Biosynthetic Process (GO:0032774),2/143,0.09704055972792942,0.1854302381540371,4.847715736040609,11.307908960734725,RBMS1;CELF2
P1,GO_Biological_Process_2026,gs_ind_0,RNA Processing (GO:0006396),2/308,0.3121278313706242,0.3573914614834396,2.2243522329228806,2.589907748901269,RBMS1;CELF2
P1,GO_Biological_Process_2026,gs_ind_0,Rac Protein Signal Transduction (GO:0016601),1/19,0.06744997582548398,0.17396270743479142,22.123726741817194,59.65373216204687,EPS8
P1,GO_Biological_Process_2026,gs_ind_0,Ras Protein Signal Transduction (GO:0007265),1/64,0.20976111348061466,0.2729559316980049,6.434811854548332,10.049798749352027,PLCE1
P1,GO_Biological_Process_2026,gs_ind_0,Receptor Recycling (GO:0001881),1/20,0.07087242893827944,0.17522597085774608,20.98840355624275,55.55365534242182,SORL1
P1,GO_Biological_Process_2026,gs_ind_0,Receptor-mediated Endocytosis (GO:0006898),1/134,0.38954261928055944,0.4162474784264696,3.0528485122240414,2.8781706235118745,SORL1
P1,GO_Biological_Process_2026,gs_ind_0,Recombinational Repair (GO:0000725),1/103,0.31555794502221696,0.35856584244204365,3.980708420149528,4.5914006536709016,RAD51B
P1,GO_Biological_Process_2026,gs_ind_0,Reg of Calcium Ion Transmembrane Transport via High Voltage-Gated Calcium Channel (GO:1902514),1/14,0.05014960504049533,0.16052351256265693,30.32328308207705,90.74984291620152,PDE4D
P1,GO_Biological_Process_2026,gs_ind_0,Reg of Cardiac Muscle Contraction by Regulation of the Release of Sequestered Calcium Ion (GO:0010881),1/19,0.06744997582548398,0.17396270743479142,22.123726741817194,59.65373216204687,ASPH
P1,GO_Biological_Process_2026,gs_ind_0,Regulation of Actin Cytoskeleton Organization (GO:0032956),1/103,0.31555794502221696,0.35856584244204365,3.980708420149528,4.5914006536709016,EPS8
P1,GO_Biological_Process_2026,gs_ind_0,Regulation of Actin Filament Length (GO:0030832),1/9,0.032531551648223855,0.1600714829285777,48.16937629323086,165.00635843822025,EPS8
P1,GO_Biological_Process_2026,gs_ind_0,Regulation of Actin Filament Polymerization (GO:0030833),1/70,0.2270331041296496,0.2891588138400845,5.877987057590109,8.715052993038883,SSH2
P1,GO_Biological_Process_2026,gs_ind_0,Regulation of Actin Filament-Based Movement (GO:1903115),1/11,0.03961726211805212,0.1600714829285777,38.99138549892319,125.88331156809635,PDE4D
P1,GO_Biological_Process_2026,gs_ind_0,Regulation of Adenylate Cyclase-Activating G Protein-Coupled Receptor Signaling Pathway (GO:0106070),1/15,0.05363491085988955,0.1636435365384715,28.2309824987004,82.591294852792,PDE4D
P1,GO_Biological_Process_2026,gs_ind_0,Regulation of Adipose Tissue Development (GO:1904177),1/21,0.07428244681570347,0.17635931909556088,19.96384360828533,51.90360975057245,SORL1
P1,GO_Biological_Process_2026,gs_ind_0,"Regulation of Alternative mRNA Splicing, via Spliceosome (GO:0000381)",1/65,0.21266608310352175,0.2762347492485962,6.334813602898212,9.80649435082848,CELF2
P1,GO_Biological_Process_2026,gs_ind_0,Regulation of Amyloid Precursor Protein Catabolic Process (GO:1902991),1/20,0.07087242893827944,0.17522597085774608,20.98840355624275,55.55365534242182,SORL1
P1,GO_Biological_Process_2026,gs_ind_0,Regulation of Amyloid-Beta Formation (GO:1902003),1/38,0.13039289018139794,0.21009371294396026,10.906733668341708,22.219232230345032,SORL1
P1,GO_Biological_Process_2026,gs_ind_0,Regulation of Apoptotic Cell Clearance (GO:2000425),1/8,0.02896931280161029,0.1600714829285777,54.59396984924623,193.34553720447744,TGM2
P1,GO_Biological_Process_2026,gs_ind_0,Regulation of Apoptotic Process (GO:0042981),3/661,0.4381390630684566,0.4599497924159347,1.4451375503767303,1.1925548534964325,EGFR;PHIP;TGM2
P1,GO_Biological_Process_2026,gs_ind_0,Regulation of Autophagy (GO:0010506),1/224,0.5623808145965697,0.5760386343796293,1.8174429192944588,1.0460766211607468,ITPR1
P1,GO_Biological_Process_2026,gs_ind_0,Regulation of BMP Signaling Pathway (GO:0030510),1/77,0.24671186426811992,0.30186417522225595,5.3387525864617205,7.471766641728897,SORL1
P1,GO_Biological_Process_2026,gs_ind_0,Regulation of Behavior (GO:0050795),1/25,0.08779905814197392,0.1803780077014192,16.70197928417598,40.630980258906256,ZFHX3
P1,GO_Biological_Process_2026,gs_ind_0,Regulation of Blood Circulation (GO:1903522),1/35,0.12074175755375664,0.20369844744951413,11.856456194013546,25.06574885089274,CELF2
P1,GO_Biological_Process_2026,gs_ind_0,Regulation of Calcium Ion Transmembrane Transport (GO:1903169),1/30,0.10442034991225575,0.18624226588827705,13.868580189080998,31.333708986565636,PDE4D
P1,GO_Biological_Process_2026,gs_ind_0,Regulation of Calcium-Mediated Signaling (GO:0050848),1/45,0.15250625325948727,0.22499379338899667,9.18869629044097,17.27979985753456,ITPR1
P1,GO_Biological_Process_2026,gs_ind_0,Regulation of Canonical Wnt Signaling Pathway (GO:0060828),4/219,0.008710009611739806,0.15038105301491256,5.832261399564815,27.664062758874643,GNAQ;RBMS3;EGFR;PRICKLE1
P1,GO_Biological_Process_2026,gs_ind_0,Regulation of Cardiac Muscle Cell Contraction (GO:0086004),1/30,0.10442034991225575,0.18624226588827705,13.868580189080998,31.333708986565636,PDE4D
P1,GO_Biological_Process_2026,gs_ind_0,Regulation of Cardiac Muscle Contraction (GO:0055117),1/41,0.1399391354800803,0.21717826869960513,10.097710776102735,19.85762987649694,PDE4D
P1,GO_Biological_Process_2026,gs_ind_0,Regulation of Cardiac Muscle Contraction by Calcium Ion Signaling (GO:0010882),1/28,0.09780812250653742,0.1854302381540371,14.878300593878484,34.58829438886499,ASPH
P1,GO_Biological_Process_2026,gs_ind_0,Regulation of Catabolic Process (GO:0009894),1/77,0.24671186426811992,0.30186417522225595,5.3387525864617205,7.471766641728897,ITPR1
P1,GO_Biological_Process_2026,gs_ind_0,Regulation of Cell Activation (GO:0050865),1/9,0.032531551648223855,0.1600714829285777,48.16937629323086,165.00635843822025,GNAQ
P1,GO_Biological_Process_2026,gs_ind_0,Regulation of Cell Adhesion (GO:0030155),2/135,0.08805996341351535,0.18039712504997288,5.139736496891576,12.488209448482333,ZFHX3;TGM2
P1,GO_Biological_Process_2026,gs_ind_0,Regulation of Cell Communication (GO:0010646),2/63,0.02249308377240486,0.1600714829285777,11.186702983781107,42.44847477669753,ASPH;VSNL1
P1,GO_Biological_Process_2026,gs_ind_0,Regulation of Cell Communication by Electrical Coupling (GO:0010649),2/14,0.001177425879292313,0.04965966796779932,55.13807106598985,371.87456739203236,ASPH;PDE4D
P1,GO_Biological_Process_2026,gs_ind_0,Regulation of Cell Communication by Electrical Coupling Involved in Cardiac Conduction (GO:1901844),1/11,0.03961726211805212,0.1600714829285777,38.99138549892319,125.88331156809635,PDE4D
P1,GO_Biological_Process_2026,gs_ind_0,Regulation of Cell Differentiation (GO:0045595),2/189,0.15285251307674944,0.22504158496104587,3.6521827411167513,6.859828333919881,RUNX2;SLC6A6
P1,GO_Biological_Process_2026,gs_ind_0,Regulation of Cell Growth (GO:0001558),1/203,0.526990514544804,0.544455618052773,2.0074818537130095,1.2859381305931272,EGFR
P1,GO_Biological_Process_2026,gs_ind_0,Regulation of Cell Migration (GO:0030334),4/445,0.08132812784001647,0.17942236203474402,2.8229070702210435,7.083417241520793,WNT5B;EGFR;SORL1;MGAT3
P1,GO_Biological_Process_2026,gs_ind_0,Regulation of Cell Motility (GO:2000145),1/114,0.3427746150393318,0.37752595849954057,3.593451840701304,3.8474447312642526,MGAT3
P1,GO_Biological_Process_2026,gs_ind_0,Regulation of Cell Population Proliferation (GO:0042127),6/706,0.04563558292633156,0.16052351256265693,2.5988806181525668,8.022919995144884,CLMN;MEIS1;KCNH1;MEIS2;PHIP;EGFR
P1,GO_Biological_Process_2026,gs_ind_0,Regulation of Cell-Cell Adhesion (GO:0022407),1/43,0.1462455860603604,0.22313879780616147,9.621814957138634,18.49763110790661,FUT9
P1,GO_Biological_Process_2026,gs_ind_0,Regulation of Cellular Component Size (GO:0032535),1/35,0.12074175755375664,0.20369844744951413,11.856456194013546,25.06574885089274,EPS8
P1,GO_Biological_Process_2026,gs_ind_0,Regulation of Cellular Extravasation (GO:0002691),1/8,0.02896931280161029,0.1600714829285777,54.59396984924623,193.34553720447744,FUT9
P1,GO_Biological_Process_2026,gs_ind_0,Regulation of Cholesterol Transport (GO:0032374),1/21,0.07428244681570347,0.17635931909556088,19.96384360828533,51.90360975057245,OSBPL6
P1,GO_Biological_Process_2026,gs_ind_0,Regulation of Chondrocyte Differentiation (GO:0032330),1/25,0.08779905814197392,0.1803780077014192,16.70197928417598,40.630980258906256,EFEMP1
P1,GO_Biological_Process_2026,gs_ind_0,Regulation of Cold-Induced Thermogenesis (GO:0120161),2/142,0.09590398721931202,0.1854302381540371,4.882399696515346,11.446335546071932,EPAS1;ESRRG
P1,GO_Biological_Process_2026,gs_ind_0,Regulation of Cytokine Production (GO:0001817),1/149,0.42244204035446653,0.44608386293689617,2.7429572102938935,2.363614523329295,ZBTB20
P1,GO_Biological_Process_2026,gs_ind_0,Regulation of Cytokine-Mediated Signaling Pathway (GO:0001959),1/44,0.14938162196228383,0.22313879780616147,9.400277248310518,17.872286764451427,SORL1
P1,GO_Biological_Process_2026,gs_ind_0,Regulation of Cytoskeleton Organization (GO:0051493),1/133,0.3872845095642038,0.41445222889184197,3.0760026547833506,2.917882858364609,MID1
P1,GO_Biological_Process_2026,gs_ind_0,Regulation of Cytosolic Calcium Ion Concentration (GO:0051480),3/39,0.00039740327288258085,0.03561726833210131,26.683596768528275,208.94747861848276,ASPH;KCNH1;ITPR1
P1,GO_Biological_Process_2026,gs_ind_0,Regulation of DNA Repair (GO:0006282),2/124,0.07615774929350222,0.17851478586868133,5.603542940018647,14.428834159043355,EGFR;EYA2
P1,GO_Biological_Process_2026,gs_ind_0,Regulation of DNA Replication (GO:0006275),1/71,0.2298752076552973,0.2891588138400845,5.794397519512456,8.519031546226,EGFR
P1,GO_Biological_Process_2026,gs_ind_0,Regulation of ER to Golgi Vesicle-Mediated Transport (GO:0060628),1/20,0.07087242893827944,0.17522597085774608,20.98840355624275,55.55365534242182,SORL1
P1,GO_Biological_Process_2026,gs_ind_0,Regulation of ERK1 and ERK2 Cascade (GO:0070372),1/215,0.5475465279991143,0.5616464385913661,1.894331798854412,1.140970890706687,EGFR
P1,GO_Biological_Process_2026,gs_ind_0,Regulation of Endocytic Recycling (GO:2001135),1/17,0.060567584183063565,0.16702676099714067,24.80721790772042,69.5593259790493,SORL1
P1,GO_Biological_Process_2026,gs_ind_0,Regulation of Epidermal Growth Factor Receptor Signaling Pathway (GO:0042058),2/57,0.018643659746222566,0.1600714829285777,12.398820139936891,49.37519097169622,ANTXR1;EGFR
P1,GO_Biological_Process_2026,gs_ind_0,Regulation of Epithelial Cell Proliferation (GO:0050678),1/90,0.2819513107385542,0.33249850295977523,4.561101597372336,5.774449857647963,EGFR
P1,GO_Biological_Process_2026,gs_ind_0,Regulation of Exocytosis (GO:0017157),1/45,0.15250625325948727,0.22499379338899667,9.18869629044097,17.27979985753456,CADPS2
P1,GO_Biological_Process_2026,gs_ind_0,Regulation of Extrinsic Apoptotic Signaling Pathway (GO:2001236),1/64,0.20976111348061466,0.2729559316980049,6.434811854548332,10.049798749352027,PHIP
P1,GO_Biological_Process_2026,gs_ind_0,Regulation of Extrinsic Apoptotic Signaling Pathway in Absence of Ligand (GO:2001239),1/27,0.09448390777737954,0.1854302381540371,15.440314781454441,36.428732206490906,EYA2
P1,GO_Biological_Process_2026,gs_ind_0,Regulation of G1/S Transition of Mitotic Cell Cycle (GO:2000045),1/121,0.3595335598753482,0.3917713714751135,3.383827852957735,3.461479104295593,EGFR
P1,GO_Biological_Process_2026,gs_ind_0,Regulation of G2/M Transition of Mitotic Cell Cycle (GO:0010389),1/37,0.12718755619754754,0.2077300177531699,11.205961313416397,23.107728348226125,RAD51B
P1,GO_Biological_Process_2026,gs_ind_0,Regulation of Gene Expression (GO:0010468),8/934,0.021562563041452324,0.1600714829285777,2.6026779072650634,9.98594590303833,EFEMP1;ESRRG;CCDC3;ZBTB20;PAX6;TCF7L1;RBMS3;ZFHX3
P1,GO_Biological_Process_2026,gs_ind_0,Regulation of Glycolytic Process (GO:0006110),1/46,0.15561952100888302,0.2277126460476921,8.986415594455796,16.717799339197803,ZBTB20
P1,GO_Biological_Process_2026,gs_ind_0,Regulation of Gonadotropin Secretion (GO:0032276),1/4,0.014590042112100507,0.1600714829285777,117.0043072505384,494.6258840598229,GNAQ
P1,GO_Biological_Process_2026,gs_ind_0,Regulation of Heart Contraction (GO:0008016),2/70,0.027359022238275892,0.1600714829285777,10.04094260624699,36.13442976017837,CELF2;PDE4D
P1,GO_Biological_Process_2026,gs_ind_0,Regulation of Insulin Receptor Signaling Pathway (GO:0046626),1/51,0.1710168333182885,0.238558500951776,8.09517886462013,14.296031530903484,SORL1
P1,GO_Biological_Process_2026,gs_ind_0,Regulation of Insulin-Like Growth Factor Receptor Signaling Pathway (GO:0043567),1/17,0.060567584183063565,0.16702676099714067,24.80721790772042,69.5593259790493,PHIP
P1,GO_Biological_Process_2026,gs_ind_0,Regulation of Interleukin-2 Production (GO:0032663),1/57,0.1891270689518711,0.25394027797470337,7.233912927469205,12.046896829454685,PDE4D
P1,GO_Biological_Process_2026,gs_ind_0,Regulation of Interleukin-5 Production (GO:0032674),1/14,0.05014960504049533,0.16052351256265693,30.32328308207705,90.74984291620152,PDE4D
P1,GO_Biological_Process_2026,gs_ind_0,Regulation of Intracellular Protein Transport (GO:0033157),1/35,0.12074175755375664,0.20369844744951413,11.856456194013546,25.06574885089274,ASPH
P1,GO_Biological_Process_2026,gs_ind_0,Regulation of Intracellular Signal Transduction (GO:1902531),1/321,0.6946814331263762,0.6985786641677584,1.2628273975180113,0.46005043052073413,ITPR1
P1,GO_Biological_Process_2026,gs_ind_0,Regulation of Lamellipodium Assembly (GO:0010591),1/33,0.11424883561195394,0.19739871258253672,12.587011982991882,27.305967256473732,PLCE1
P1,GO_Biological_Process_2026,gs_ind_0,Regulation of Leukocyte Adhesion to Vascular Endothelial Cell (GO:1904994),1/13,0.04665159224326654,0.16052351256265693,32.75035175879397,100.38140738175221,FUT9
P1,GO_Biological_Process_2026,gs_ind_0,Regulation of Leukocyte Cell-Cell Adhesion (GO:1903037),1/12,0.043140826609840886,0.16052351256265693,35.59951933580948,111.89945212016866,FUT9
P1,GO_Biological_Process_2026,gs_ind_0,Regulation of Leukocyte Tethering or Rolling (GO:1903236),1/11,0.03961726211805212,0.1600714829285777,38.99138549892319,125.88331156809635,FUT9
P1,GO_Biological_Process_2026,gs_ind_0,Regulation of Lipid Biosynthetic Process (GO:0046890),1/29,0.10112025539501886,0.1854302381540371,14.355725998413119,32.89535401837941,ZBTB20
P1,GO_Biological_Process_2026,gs_ind_0,Regulation of Lipid Metabolic Process (GO:0019216),1/55,0.18313427347949734,0.24915991287438255,7.499930846895025,12.731400062627513,CCDC3
P1,GO_Biological_Process_2026,gs_ind_0,Regulation of Lysosomal Protein Catabolic Process (GO:1905165),1/8,0.02896931280161029,0.1600714829285777,54.59396984924623,193.34553720447744,MGAT3
P1,GO_Biological_Process_2026,gs_ind_0,Regulation of MAPK Cascade (GO:0043408),1/266,0.6254839237159368,0.6370340529891003,1.527553019333958,0.7167731699914303,EGFR
P1,GO_Biological_Process_2026,gs_ind_0,Regulation of Macroautophagy (GO:0016241),1/106,0.32308942595997636,0.363665805986347,3.867084236347615,4.3691328307529815,SESN3
P1,GO_Biological_Process_2026,gs_ind_0,Regulation of Membrane Depolarization (GO:0003254),1/24,0.08443833551787916,0.1803780077014192,17.41334331230621,43.0411486823959,GNAQ
P1,GO_Biological_Process_2026,gs_ind_0,Regulation of Microtubule Cytoskeleton Organization (GO:0070507),1/37,0.12718755619754754,0.2077300177531699,11.205961313416397,23.107728348226125,MID1
P1,GO_Biological_Process_2026,gs_ind_0,Regulation of Microtubule-Based Process (GO:0032886),1/44,0.14938162196228383,0.22313879780616147,9.400277248310518,17.872286764451427,MID1
P1,GO_Biological_Process_2026,gs_ind_0,Regulation of Mitotic Cell Cycle (GO:0007346),1/125,0.3689194158663535,0.40017431342840465,3.2746261427620027,3.265382017169746,MEIS2
P1,GO_Biological_Process_2026,gs_ind_0,Regulation of Mitotic Nuclear Division (GO:0007088),1/55,0.18313427347949734,0.24915991287438255,7.499930846895025,12.731400062627513,PHIP
P1,GO_Biological_Process_2026,gs_ind_0,Regulation of Muscle Contraction (GO:0006937),1/36,0.12397052607037776,0.2070383014972969,11.52204685398825,24.054708967199332,CHRM3
P1,GO_Biological_Process_2026,gs_ind_0,Regulation of Myelination (GO:0031641),1/26,0.09114756758275655,0.18409241114601815,16.046408513154006,38.435568598252985,PTPRZ1
P1,GO_Biological_Process_2026,gs_ind_0,Regulation of Myeloid Cell Differentiation (GO:0045637),2/26,0.004086322122406134,0.09451267618597411,28.11923754273283,154.65889819684898,MEIS1;MEIS2
P1,GO_Biological_Process_2026,gs_ind_0,Regulation of Myoblast Differentiation (GO:0045661),1/59,0.19507633576312508,0.2575869847921928,6.986084267491303,11.41780694412366,ZFHX3
P1,GO_Biological_Process_2026,gs_ind_0,Regulation of Nephron Tubule Epithelial Cell Differentiation (GO:0072182),1/7,0.025394089358317242,0.1600714829285777,62.9953614224971,231.39700796830692,PROM1
P1,GO_Biological_Process_2026,gs_ind_0,Regulation of Nervous System Development (GO:0051960),1/40,0.1367686379517141,0.2150506873056557,10.353730678710006,20.598380195399425,PTPRZ1
P1,GO_Biological_Process_2026,gs_ind_0,Regulation of Neural Precursor Cell Proliferation (GO:2000177),1/23,0.08106535561630931,0.17939462955831412,18.187939698492464,45.697191038775365,PTPRZ1
P1,GO_Biological_Process_2026,gs_ind_0,Regulation of Neurofibrillary Tangle Assembly (GO:1902996),1/6,0.021805834468432178,0.1600714829285777,74.4518044769301,284.8211635890129,SORL1
P1,GO_Biological_Process_2026,gs_ind_0,Regulation of Neurogenesis (GO:0050767),3/58,0.0012757799109393154,0.05058883164011295,17.536382536382536,116.86591828058289,PAX6;SORL1;TGM2
P1,GO_Biological_Process_2026,gs_ind_0,Regulation of Neuron Apoptotic Process (GO:0043523),1/127,0.3735611490745638,0.4033785299494913,3.2226150515422964,3.173223863460096,PTPRZ1
P1,GO_Biological_Process_2026,gs_ind_0,Regulation of Neuron Projection Development (GO:0010975),1/176,0.4772977615997654,0.4952568669566306,2.3186445045741526,1.7149036632884813,FUT9
P1,GO_Biological_Process_2026,gs_ind_0,Regulation of Non-Canonical Wnt Signaling Pathway (GO:2000050),1/16,0.0571075553965845,0.16702676099714067,26.40865618414654,75.60319879037347,WNT5B
P1,GO_Biological_Process_2026,gs_ind_0,Regulation of Oligodendrocyte Differentiation (GO:0048713),1/18,0.06401504258973123,0.17062745552727618,23.388801148600145,64.28732849758696,PTPRZ1
P1,GO_Biological_Process_2026,gs_ind_0,Regulation of Oligodendrocyte Progenitor Proliferation (GO:0070445),1/6,0.021805834468432178,0.1600714829285777,74.4518044769301,284.8211635890129,PTPRZ1
P1,GO_Biological_Process_2026,gs_ind_0,Regulation of Osteoblast Differentiation (GO:0045667),1/95,0.2950660020928981,0.3434453303581298,4.318975831538646,5.271552779622928,RUNX2
P1,GO_Biological_Process_2026,gs_ind_0,Regulation of Peptidyl-Serine Phosphorylation (GO:0033135),1/25,0.08779905814197392,0.1803780077014192,16.70197928417598,40.630980258906256,EGFR
P1,GO_Biological_Process_2026,gs_ind_0,Regulation of Peptidyl-Tyrosine Phosphorylation (GO:0050730),1/27,0.09448390777737954,0.1854302381540371,15.440314781454441,36.428732206490906,EGFR
P1,GO_Biological_Process_2026,gs_ind_0,Regulation of Phagocytosis (GO:0050764),1/54,0.18012145406991348,0.24788307594650283,7.640398252946978,13.096589333388202,TGM2
P1,GO_Biological_Process_2026,gs_ind_0,Regulation of Phosphatidylinositol 3-Kinase/Protein Kinase B Signal Transduction (GO:0051896),1/214,0.5458678522598623,0.5607267192984546,1.903275157991362,1.1522015963601528,EGFR
P1,GO_Biological_Process_2026,gs_ind_0,Regulation of Phosphorylation (GO:0042325),2/42,0.010421411814037997,0.1600714829285777,17.000376010528296,77.58789300948246,PHIP;EGFR
P1,GO_Biological_Process_2026,gs_ind_0,Regulation of Platelet Activation (GO:0010543),1/29,0.10112025539501886,0.1854302381540371,14.355725998413119,32.89535401837941,GNAQ
P1,GO_Biological_Process_2026,gs_ind_0,Regulation of Programmed Cell Death (GO:0043067),1/175,0.47536125360332127,0.49467927261767974,2.332018257476494,1.7342758743294704,TGM2
P1,GO_Biological_Process_2026,gs_ind_0,Regulation of Proteasomal Ubiquitin-Dependent Protein Catabolic Process (GO:0032434),1/106,0.32308942595997636,0.363665805986347,3.867084236347615,4.3691328307529815,PRICKLE1
P1,GO_Biological_Process_2026,gs_ind_0,Regulation of Protein Catabolic Process (GO:0042176),2/158,0.1145297969795471,0.19739871258253672,4.380645789072509,9.492510086878614,EGFR;SORL1
P1,GO_Biological_Process_2026,gs_ind_0,Regulation of Protein Localization to Early Endosome (GO:1902965),2/10,0.0005878432500802306,0.035735972491568894,81.09734249029562,603.2872040697225,SORL1;MGAT3
P1,GO_Biological_Process_2026,gs_ind_0,Regulation of Protein Localization to Plasma Membrane (GO:1903076),1/88,0.2766380581250635,0.3267701609154374,4.665699928212491,5.995635654658517,EGFR
P1,GO_Biological_Process_2026,gs_ind_0,Regulation of Protein Modification Process (GO:0031399),1/24,0.08443833551787916,0.1803780077014192,17.41334331230621,43.0411486823959,PHIP
P1,GO_Biological_Process_2026,gs_ind_0,Regulation of Protein Modification by Small Protein Conjugation or Removal (GO:1903320),1/29,0.10112025539501886,0.1854302381540371,14.355725998413119,32.89535401837941,EPAS1
P1,GO_Biological_Process_2026,gs_ind_0,Regulation of Protein Neddylation (GO:2000434),1/17,0.060567584183063565,0.16702676099714067,24.80721790772042,69.5593259790493,EPAS1
P1,GO_Biological_Process_2026,gs_ind_0,Regulation of Protein Phosphorylation (GO:0001932),2/93,0.04591878481144026,0.16052351256265693,7.510609969210285,23.139295481098223,EGFR;PHIP
P1,GO_Biological_Process_2026,gs_ind_0,Regulation of Protein Ubiquitination (GO:0031396),2/111,0.06283574301594996,0.17062745552727618,6.271816980738475,17.355567699475884,NXN;PRICKLE1
P1,GO_Biological_Process_2026,gs_ind_0,Regulation of Protein-Containing Complex Assembly (GO:0043254),1/116,0.3476066941244921,0.3810917426410716,3.5309665209162695,3.7311145124347598,SORL1
P1,GO_Biological_Process_2026,gs_ind_0,Regulation of Proteolysis (GO:0030162),1/51,0.1710168333182885,0.238558500951776,8.09517886462013,14.296031530903484,ASPH
P1,GO_Biological_Process_2026,gs_ind_0,Regulation of RNA Biosynthetic Process (GO:2001141),4/373,0.04863146386909561,0.16052351256265693,3.382059497851038,10.225604648531027,ZFHX3;TCF7L1;EFEMP1;ESRRG
P1,GO_Biological_Process_2026,gs_ind_0,Regulation of Relaxation of Cardiac Muscle (GO:1901897),1/7,0.025394089358317242,0.1600714829285777,62.9953614224971,231.39700796830692,PDE4D
P1,GO_Biological_Process_2026,gs_ind_0,Regulation of Release of Sequestered Calcium Ion Into Cytosol (GO:0051279),2/50,0.014548712109323129,0.1600714829285777,14.192003767858077,60.03576373485683,ASPH;PDE4D
P1,GO_Biological_Process_2026,gs_ind_0,Regulation of Release of Sequestered Calcium Ion Into Cytosol by Sarcoplasmic Reticulum (GO:0010880),2/29,0.00506840162905688,0.10688364611864067,25.04891555145362,132.37674976169106,ASPH;PDE4D
P1,GO_Biological_Process_2026,gs_ind_0,Regulation of Rho Protein Signal Transduction (GO:0035023),1/83,0.2631840348188177,0.31450492160848714,4.949383280036546,6.606940349250194,EPS8
P1,GO_Biological_Process_2026,gs_ind_0,Regulation of Ruffle Assembly (GO:1900027),1/24,0.08443833551787916,0.1803780077014192,17.41334331230621,43.0411486823959,EPS8
P1,GO_Biological_Process_2026,gs_ind_0,Regulation of Signal Transduction (GO:0009966),3/222,0.04844896481770427,0.16052351256265693,4.407207522925063,13.341693882948702,ANKRD6;VSNL1;TCF7L1
P1,GO_Biological_Process_2026,gs_ind_0,Regulation of Small GTPase Mediated Signal Transduction (GO:0051056),2/161,0.11811977005345324,0.2026121414553253,4.297773817290708,9.180286274651898,EPS8;TGM2
P1,GO_Biological_Process_2026,gs_ind_0,Regulation of Smooth Muscle Cell Migration (GO:0014910),1/20,0.07087242893827944,0.17522597085774608,20.98840355624275,55.55365534242182,SORL1
P1,GO_Biological_Process_2026,gs_ind_0,Regulation of Smooth Muscle Contraction (GO:0006940),1/23,0.08106535561630931,0.17939462955831412,18.187939698492464,45.697191038775365,CHRM3
P1,GO_Biological_Process_2026,gs_ind_0,Regulation of Sprouting Angiogenesis (GO:1903670),1/39,0.1335865701175638,0.21379814904976174,10.623050316517654,21.38425920263491,TGM2
P1,GO_Biological_Process_2026,gs_ind_0,Regulation of Stress-Activated MAPK Cascade (GO:0032872),1/29,0.10112025539501886,0.1854302381540371,14.355725998413119,32.89535401837941,MID1
P1,GO_Biological_Process_2026,gs_ind_0,Regulation of TORC1 Signaling (GO:1903432),1/105,0.32058809356015355,0.36255782820604116,3.9042340891058163,4.441449584249801,SESN3
P1,GO_Biological_Process_2026,gs_ind_0,Regulation of Toll-Like Receptor 9 Signaling Pathway (GO:0034163),1/15,0.05363491085988955,0.1636435365384715,28.2309824987004,82.591294852792,EGFR
P1,GO_Biological_Process_2026,gs_ind_0,Regulation of Triglyceride Catabolic Process (GO:0010896),1/8,0.02896931280161029,0.1600714829285777,54.59396984924623,193.34553720447744,SORL1
P1,GO_Biological_Process_2026,gs_ind_0,Regulation of Tumor Necrosis Factor-Mediated Signaling Pathway (GO:0010803),1/49,0.16489155134789077,0.23740410103702345,8.429622338496607,15.194118496222861,CCDC3
P1,GO_Biological_Process_2026,gs_ind_0,Regulation of Type II Interferon Production (GO:0032649),1/87,0.2739668544992329,0.3246846854147934,4.71981293751997,6.110969063971938,PDE4D
P1,GO_Biological_Process_2026,gs_ind_0,Regulation of Wnt Signaling Pathway (GO:0030111),4/105,0.0006129815436799723,0.035735972491568894,12.435156588988999,91.98503852715805,TCF7L1;GNAQ;ANKRD6;NXN
P1,GO_Biological_Process_2026,gs_ind_0,Regulation of cAMP/PKA Signal Transduction (GO:0141161),3/46,0.0006479325556351403,0.035735972491568894,22.383908045977012,164.33647374736995,PDE7A;PDE1A;PDE4D
P1,GO_Biological_Process_2026,gs_ind_0,"Regulation of mRNA Splicing, via Spliceosome (GO:0048024)",1/104,0.3180776109586692,0.3608570364831738,3.9421018134149004,4.515519416376505,CELF2
P1,GO_Biological_Process_2026,gs_ind_0,Regulation of miRNA Transcription (GO:1902893),2/64,0.02316397380661601,0.1600714829285777,11.00730964467005,41.44424962462814,PAX6;EGFR
P1,GO_Biological_Process_2026,gs_ind_0,Release of Sequestered Calcium Ion Into Cytosol by Endoplasmic Reticulum (GO:1903514),1/10,0.036080852581350895,0.1600714829285777,43.0973287490082,143.16902243022955,ITPR1
P1,GO_Biological_Process_2026,gs_ind_0,Renal Filtration Cell Differentiation (GO:0061318),1/5,0.018204501114733745,0.1600714829285777,91.0,364.55386253468845,PROM1
P1,GO_Biological_Process_2026,gs_ind_0,Renal Water Homeostasis (GO:0003091),1/22,0.07768007418553498,0.17851478586868133,19.03459156246348,48.636360355386536,ADCY2
P1,GO_Biological_Process_2026,gs_ind_0,Replication Fork Processing (GO:0031297),1/55,0.18313427347949734,0.24915991287438255,7.499930846895025,12.731400062627513,PHIP
P1,GO_Biological_Process_2026,gs_ind_0,Respiratory System Development (GO:0060541),1/31,0.10770844937287086,0.18911853531538877,13.413378367246066,29.88939646374393,EPAS1
P1,GO_Biological_Process_2026,gs_ind_0,Respiratory Tube Development (GO:0030323),1/25,0.08779905814197392,0.1803780077014192,16.70197928417598,40.630980258906256,EPAS1
P1,GO_Biological_Process_2026,gs_ind_0,Response to ATP (GO:0033198),1/20,0.07087242893827944,0.17522597085774608,20.98840355624275,55.55365534242182,ASPH
P1,GO_Biological_Process_2026,gs_ind_0,Response to Acidic pH (GO:0010447),1/21,0.07428244681570347,0.17635931909556088,19.96384360828533,51.90360975057245,GNAQ
P1,GO_Biological_Process_2026,gs_ind_0,Response to Alcohol (GO:0097305),1/30,0.10442034991225575,0.18624226588827705,13.868580189080998,31.333708986565636,GNAQ
P1,GO_Biological_Process_2026,gs_ind_0,Response to Amino Acid Starvation (GO:1990928),1/42,0.14309810434998382,0.22064804477191055,9.854029182054852,19.15844830527978,SESN3
P1,GO_Biological_Process_2026,gs_ind_0,Response to Calcium Ion (GO:0051592),2/96,0.048603725480302264,0.16052351256265693,7.271372169849327,21.989030058167174,ASPH;KCNH1
P1,GO_Biological_Process_2026,gs_ind_0,Response to Cocaine (GO:0042220),1/6,0.021805834468432178,0.1600714829285777,74.4518044769301,284.8211635890129,TGM2
P1,GO_Biological_Process_2026,gs_ind_0,Response to Dopamine (GO:1903350),1/4,0.014590042112100507,0.1600714829285777,117.0043072505384,494.6258840598229,TGM2
P1,GO_Biological_Process_2026,gs_ind_0,Response to Endoplasmic Reticulum Stress (GO:0034976),1/126,0.3712445230218088,0.4014816334941733,3.248413381649282,3.2188344396298083,ITPR1
P1,GO_Biological_Process_2026,gs_ind_0,Response to Epidermal Growth Factor (GO:0070849),1/30,0.10442034991225575,0.18624226588827705,13.868580189080998,31.333708986565636,EGFR
P1,GO_Biological_Process_2026,gs_ind_0,Response to Estradiol (GO:0032355),1/29,0.10112025539501886,0.1854302381540371,14.355725998413119,32.89535401837941,EGFR
P1,GO_Biological_Process_2026,gs_ind_0,Response to Forskolin (GO:1904321),1/11,0.03961726211805212,0.1600714829285777,38.99138549892319,125.88331156809635,ADCY2
P1,GO_Biological_Process_2026,gs_ind_0,Response to Glucagon (GO:0033762),1/17,0.060567584183063565,0.16702676099714067,24.80721790772042,69.5593259790493,ADCY2
P1,GO_Biological_Process_2026,gs_ind_0,Response to Glucose (GO:0009749),1/50,0.16795977255684102,0.238558500951776,8.259022384650525,14.734350124773231,ZBTB20
P1,GO_Biological_Process_2026,gs_ind_0,Response to Ketone (GO:1901654),1/24,0.08443833551787916,0.1803780077014192,17.41334331230621,43.0411486823959,GNAQ
P1,GO_Biological_Process_2026,gs_ind_0,Response to L-leucine (GO:0043201),1/11,0.03961726211805212,0.1600714829285777,38.99138549892319,125.88331156809635,SESN3
P1,GO_Biological_Process_2026,gs_ind_0,Response to Prostaglandin (GO:0034694),1/6,0.021805834468432178,0.1600714829285777,74.4518044769301,284.8211635890129,GNAQ
P1,GO_Biological_Process_2026,gs_ind_0,Response to Prostaglandin E (GO:0034695),1/14,0.05014960504049533,0.16052351256265693,30.32328308207705,90.74984291620152,GNAQ
P1,GO_Biological_Process_2026,gs_ind_0,Response to Purine-Containing Compound (GO:0014074),1/25,0.08779905814197392,0.1803780077014192,16.70197928417598,40.630980258906256,ASPH
P1,GO_Biological_Process_2026,gs_ind_0,Response to Retinoic Acid (GO:0032526),1/57,0.1891270689518711,0.25394027797470337,7.233912927469205,12.046896829454685,WNT5B
P1,GO_Biological_Process_2026,gs_ind_0,Response to Transforming Growth Factor Beta (GO:0071559),1/35,0.12074175755375664,0.20369844744951413,11.856456194013546,25.06574885089274,ZFHX3
P1,GO_Biological_Process_2026,gs_ind_0,Response to UV (GO:0009411),1/94,0.29246217540983005,0.342080554272183,4.365329320398786,5.3668228915658895,EGFR
P1,GO_Biological_Process_2026,gs_ind_0,Response to UV-A (GO:0070141),1/13,0.04665159224326654,0.16052351256265693,32.75035175879397,100.38140738175221,EGFR
P1,GO_Biological_Process_2026,gs_ind_0,Response to Zinc Ion (GO:0010043),1/16,0.0571075553965845,0.16702676099714067,26.40865618414654,75.60319879037347,PAM
P1,GO_Biological_Process_2026,gs_ind_0,Response to cAMP (GO:0051591),1/40,0.1367686379517141,0.2150506873056557,10.353730678710006,20.598380195399425,PDE4D
P1,GO_Biological_Process_2026,gs_ind_0,Rho Protein Signal Transduction (GO:0007266),1/56,0.18613613194826314,0.25181057850359373,7.36452532934945,12.381806910580362,EPS8
P1,GO_Biological_Process_2026,gs_ind_0,SMAD Protein Signal Transduction (GO:0060395),1/19,0.06744997582548398,0.17396270743479142,22.123726741817194,59.65373216204687,RUNX2
P1,GO_Biological_Process_2026,gs_ind_0,Sensory Organ Development (GO:0007423),4/62,8.068910651155369e-05,0.011570817873756798,21.609804703068953,203.67039916651376,MEIS1;PBX1;PAX6;MEIS2
P1,GO_Biological_Process_2026,gs_ind_0,Sensory Perception (GO:0007600),1/59,0.19507633576312508,0.2575869847921928,6.986084267491303,11.41780694412366,GNAQ
P1,GO_Biological_Process_2026,gs_ind_0,Sensory Perception of Itch (GO:0160025),1/6,0.021805834468432178,0.1600714829285777,74.4518044769301,284.8211635890129,GNAQ
P1,GO_Biological_Process_2026,gs_ind_0,Sensory Perception of Light Stimulus (GO:0050953),2/128,0.08042285111019247,0.17939462955831412,5.42555325936478,13.674873286643548,PAX6;EFEMP1
P1,GO_Biological_Process_2026,gs_ind_0,Short-chain Fatty Acid Metabolic Process (GO:0046459),1/8,0.02896931280161029,0.1600714829285777,54.59396984924623,193.34553720447744,ACSM1
P1,GO_Biological_Process_2026,gs_ind_0,Sialylation (GO:0097503),1/9,0.032531551648223855,0.1600714829285777,48.16937629323086,165.00635843822025,ST6GALNAC2
P1,GO_Biological_Process_2026,gs_ind_0,Skeletal Muscle Organ Development (GO:0060538),1/37,0.12718755619754754,0.2077300177531699,11.205961313416397,23.107728348226125,FOXP2
P1,GO_Biological_Process_2026,gs_ind_0,Skeletal Muscle Tissue Development (GO:0007519),1/44,0.14938162196228383,0.22313879780616147,9.400277248310518,17.872286764451427,FOXP2
P1,GO_Biological_Process_2026,gs_ind_0,Skeletal System Development (GO:0001501),1/158,0.4413326282741778,0.4626249919189846,2.5853553481694185,2.114708027562443,TGM2
P1,GO_Biological_Process_2026,gs_ind_0,Small GTPase-mediated Signal Transduction (GO:0007264),2/199,0.1657028417513658,0.23809406319785426,3.465976996722997,6.230298853802392,EPS8;PLCE1
P1,GO_Biological_Process_2026,gs_ind_0,Smooth Muscle Tissue Development (GO:0048745),1/11,0.03961726211805212,0.1600714829285777,38.99138549892319,125.88331156809635,FOXP2
P1,GO_Biological_Process_2026,gs_ind_0,Sodium Ion Transmembrane Transport (GO:0035725),1/96,0.29766034184671536,0.34534379466682025,4.273593096371912,5.178749665642031,SLC6A6
P1,GO_Biological_Process_2026,gs_ind_0,Sodium Ion Transport (GO:0006814),1/103,0.31555794502221696,0.35856584244204365,3.980708420149528,4.5914006536709016,SLC6A6
P1,GO_Biological_Process_2026,gs_ind_0,Sphingolipid Biosynthetic Process (GO:0030148),1/80,0.25499301809085445,0.30727730079183635,5.136721342561866,7.01942789910666,FUT9
P1,GO_Biological_Process_2026,gs_ind_0,Spliceosomal Complex Assembly (GO:0000245),1/69,0.22418061724548724,0.28754472730771796,5.964017166122583,8.918014102728504,CELF2
P1,GO_Biological_Process_2026,gs_ind_0,Steroid Metabolic Process (GO:0008202),1/72,0.23270696523856207,0.29118829681683944,5.71314615033208,8.329625840241883,CYP7B1
P1,GO_Biological_Process_2026,gs_ind_0,Sterol Homeostasis (GO:0055092),2/82,0.03657684368909193,0.1600714829285777,8.540372670807454,28.254455880318755,ACSM1;CYP7B1
P1,GO_Biological_Process_2026,gs_ind_0,Sterol Metabolic Process (GO:0016125),1/53,0.17709763410262688,0.24560735715973592,7.7862167982771,13.478362460655353,CYP7B1
P1,GO_Biological_Process_2026,gs_ind_0,Striated Muscle Tissue Development (GO:0014706),1/40,0.1367686379517141,0.2150506873056557,10.353730678710006,20.598380195399425,FOXP2
P1,GO_Biological_Process_2026,gs_ind_0,Substrate Adhesion-Dependent Cell Spreading (GO:0034446),1/41,0.1399391354800803,0.21717826869960513,10.097710776102735,19.85762987649694,ANTXR1
P1,GO_Biological_Process_2026,gs_ind_0,Sulfur Amino Acid Catabolic Process (GO:0000098),1/11,0.03961726211805212,0.1600714829285777,38.99138549892319,125.88331156809635,CDO1
P1,GO_Biological_Process_2026,gs_ind_0,Supramolecular Fiber Organization (GO:0097435),1/298,0.6674360225811695,0.6759203788004217,1.3616232422617287,0.5505202617880834,RAD51B
P1,GO_Biological_Process_2026,gs_ind_0,Synapse Organization (GO:0050808),1/161,0.4474925332274017,0.46771449901464573,2.536749166392711,2.0397884039694127,NBEA
P1,GO_Biological_Process_2026,gs_ind_0,"Synaptic Transmission, Glutamatergic (GO:0035249)",1/28,0.09780812250653742,0.1854302381540371,14.878300593878484,34.58829438886499,UNC13C
P1,GO_Biological_Process_2026,gs_ind_0,Synaptic Vesicle Docking (GO:0016081),1/11,0.03961726211805212,0.1600714829285777,38.99138549892319,125.88331156809635,UNC13C
P1,GO_Biological_Process_2026,gs_ind_0,Synaptic Vesicle Exocytosis (GO:0016079),1/43,0.1462455860603604,0.22313879780616147,9.621814957138634,18.49763110790661,UNC13C
P1,GO_Biological_Process_2026,gs_ind_0,T Cell Receptor Signaling Pathway (GO:0050852),1/75,0.24114053449635292,0.2970751945599399,5.482479511652221,7.7981439048024175,PDE4D
P1,GO_Biological_Process_2026,gs_ind_0,Tachykinin Receptor Signaling Pathway (GO:0007217),1/8,0.02896931280161029,0.1600714829285777,54.59396984924623,193.34553720447744,GNAQ
P1,GO_Biological_Process_2026,gs_ind_0,Taurine Metabolic Process (GO:0019530),1/9,0.032531551648223855,0.1600714829285777,48.16937629323086,165.00635843822025,CDO1
P1,GO_Biological_Process_2026,gs_ind_0,Toxin Metabolic Process (GO:0009404),1/7,0.025394089358317242,0.1600714829285777,62.9953614224971,231.39700796830692,FMO2
P1,GO_Biological_Process_2026,gs_ind_0,Transcription by RNA Polymerase II (GO:0006366),1/192,0.5073366533805407,0.525665289702092,2.1236600758360997,1.4410742845247158,GLIS3
P1,GO_Biological_Process_2026,gs_ind_0,Transforming Growth Factor Beta Receptor Superfamily Signaling Pathway (GO:0141091),1/115,0.34519506723599774,0.37902735560215983,3.561936319150337,3.7886379270325987,RUNX2
P1,GO_Biological_Process_2026,gs_ind_0,Transport Across Blood-Brain Barrier (GO:0150104),1/85,0.2685951165573057,0.31937429282187096,4.83188129999108,6.351750414065389,SLC6A6
P1,GO_Biological_Process_2026,gs_ind_0,Tube Closure (GO:0060606),1/30,0.10442034991225575,0.18624226588827705,13.868580189080998,31.333708986565636,PRICKLE1
P1,GO_Biological_Process_2026,gs_ind_0,Type B Pancreatic Cell Differentiation (GO:0003309),1/9,0.032531551648223855,0.1600714829285777,48.16937629323086,165.00635843822025,PAX6
P1,GO_Biological_Process_2026,gs_ind_0,Vascular Endothelial Cell Response to Fluid Shear Stress (GO:0097699),1/25,0.08779905814197392,0.1803780077014192,16.70197928417598,40.630980258906256,ADCY2
P1,GO_Biological_Process_2026,gs_ind_0,Vascular Endothelial Cell Response to Laminar Fluid Shear Stress (GO:0097700),1/21,0.07428244681570347,0.17635931909556088,19.96384360828533,51.90360975057245,ADCY2
P1,GO_Biological_Process_2026,gs_ind_0,Vascular Transport (GO:0010232),1/83,0.2631840348188177,0.31450492160848714,4.949383280036546,6.606940349250194,SLC6A6
P1,GO_Biological_Process_2026,gs_ind_0,Visual Perception (GO:0007601),2/128,0.08042285111019247,0.17939462955831412,5.42555325936478,13.674873286643548,PAX6;EFEMP1
P1,GO_Biological_Process_2026,gs_ind_0,Visual System Development (GO:0150063),4/40,1.4061804714330927e-05,0.0050411569900876375,34.662999503158495,387.256705426375,MEIS1;PBX1;PAX6;MEIS2
P1,GO_Biological_Process_2026,gs_ind_0,Wnt Signaling Pathway (GO:0016055),3/85,0.003802400315822975,0.09087736754816911,11.785454545454545,65.66999938717031,TCF7L1;WNT5B;NXN
P1,GO_Biological_Process_2026,gs_ind_0,"Wnt Signaling Pathway, Planar Cell Polarity Pathway (GO:0060071)",1/28,0.09780812250653742,0.1854302381540371,14.878300593878484,34.58829438886499,PRICKLE1
