Program,Library,Gene_set,Term,Overlap,P-value,Adjusted P-value,Odds Ratio,Combined Score,Genes
P2,Reactome_Pathways_2024,gs_ind_0,ABC Transporter Disorders,2/65,0.023843057614568296,0.04039202194573248,10.833566489468005,40.47704485056449,UBA52;RPS27A
P2,Reactome_Pathways_2024,gs_ind_0,ABC-family Proteins Mediated Transport,2/85,0.039043681736093294,0.05664083406785365,8.23262105231162,26.699001057599013,UBA52;RPS27A
P2,Reactome_Pathways_2024,gs_ind_0,ALK Mutants Bind TKIs,1/12,0.043140826609840886,0.061715349177966825,35.59951933580948,111.89945212016866,NPM1
P2,Reactome_Pathways_2024,gs_ind_0,APC C Cdc20 Mediated Degradation of Cyclin B,2/24,0.003486817880202735,0.012826508630745775,30.62098138747885,173.27696042731014,UBA52;RPS27A
P2,Reactome_Pathways_2024,gs_ind_0,APC C Cdc20 Mediated Degradation of Mitotic Proteins,2/63,0.02249308377240486,0.0383574110688361,11.186702983781107,42.44847477669753,UBA52;RPS27A
P2,Reactome_Pathways_2024,gs_ind_0,APC C Cdc20 Mediated Degradation of Securin,2/55,0.017429205952379016,0.03312192275083097,12.863276246501258,52.09122609642645,UBA52;RPS27A
P2,Reactome_Pathways_2024,gs_ind_0,APC C Cdh1 Mediated Degradation of Cdc20 and Other APC C Cdh1 Targets in Late Mitosis Early G1,2/61,0.021176158269771574,0.03684365374639311,11.56357974661946,44.576204662481985,UBA52;RPS27A
P2,Reactome_Pathways_2024,gs_ind_0,APC C-mediated Degradation of Cell Cycle Proteins,2/74,0.030312462973749777,0.04702083864903956,9.485559250831438,33.163377457541245,UBA52;RPS27A
P2,Reactome_Pathways_2024,gs_ind_0,APC Cdc20 Mediated Degradation of Cell Cycle Proteins Prior to Satisfation of the Checkpoint,2/61,0.021176158269771574,0.03684365374639311,11.56357974661946,44.576204662481985,UBA52;RPS27A
P2,Reactome_Pathways_2024,gs_ind_0,APC-Cdc20 Mediated Degradation of Nek2A,2/26,0.004086322122406134,0.014123865053954085,28.11923754273283,154.65889819684898,UBA52;RPS27A
P2,Reactome_Pathways_2024,gs_ind_0,APOBEC3G Mediated Resistance to HIV-1 Infection,1/4,0.014590042112100507,0.02958217199894394,117.0043072505384,494.6258840598229,PPIA
P2,Reactome_Pathways_2024,gs_ind_0,AUF1 (hnRNP D0) Binds and Destabilizes mRNA,2/42,0.010421411814037997,0.024285190426378136,17.000376010528296,77.58789300948246,UBA52;RPS27A
P2,Reactome_Pathways_2024,gs_ind_0,Activated NOTCH1 Transmits Signal to the Nucleus,2/30,0.005417514395149481,0.016706706068874148,24.169115682607533,126.11730163340725,UBA52;RPS27A
P2,Reactome_Pathways_2024,gs_ind_0,Activated TAK1 Mediates P38 MAPK Activation,2/23,0.0032038827084998585,0.012043792663338883,32.046393578089955,184.05499596364183,UBA52;RPS27A
P2,Reactome_Pathways_2024,gs_ind_0,Activation of APC C and APC C Cdc20 Mediated Degradation of Mitotic Proteins,2/64,0.02316397380661601,0.03937111059540345,11.00730964467005,41.44424962462814,UBA52;RPS27A
P2,Reactome_Pathways_2024,gs_ind_0,"Activation of IRF3, IRF7 Mediated by TBK1, IKKε (IKBKE)",2/18,0.0019607912697134173,0.008340494514152365,41.765113059529305,260.38072065544543,UBA52;RPS27A
P2,Reactome_Pathways_2024,gs_ind_0,Activation of NF-kappaB in B Cells,2/53,0.016250039071976873,0.031226754186821228,13.363806613769652,55.05433909717196,UBA52;RPS27A
P2,Reactome_Pathways_2024,gs_ind_0,Adaptive Immune System,3/663,0.4400755417993029,0.45916424961858904,1.44065296298453,1.182500746310674,UBA52;PPIA;RPS27A
P2,Reactome_Pathways_2024,gs_ind_0,Aerobic Respiration and Respiratory Electron Transport,2/227,0.20256327418124864,0.22777311398109837,3.032460296914921,4.84193838114079,UBA52;RPS27A
P2,Reactome_Pathways_2024,gs_ind_0,Aggrephagy,2/36,0.007734859472020119,0.020427962195335186,19.96137717943059,97.05257441117668,UBA52;RPS27A
P2,Reactome_Pathways_2024,gs_ind_0,Alpha-protein Kinase 1 Signaling Pathway,2/11,0.0007167572143387991,0.004672531207398501,72.5581084691424,525.3768208799154,UBA52;RPS27A
P2,Reactome_Pathways_2024,gs_ind_0,Amplification of Signal From Unattached Kinetochores via a MAD2 Inhibitory Signal,1/90,0.2819513107385542,0.3044128407344977,4.561101597372336,5.774449857647963,RPS27
P2,Reactome_Pathways_2024,gs_ind_0,Amplification of Signal From the Kinetochores,1/90,0.2819513107385542,0.3044128407344977,4.561101597372336,5.774449857647963,RPS27
P2,Reactome_Pathways_2024,gs_ind_0,Amyloid Fiber Formation,2/46,0.012409204536678386,0.026851850152896508,15.469970911994524,67.90260291624776,UBA52;RPS27A
P2,Reactome_Pathways_2024,gs_ind_0,Antigen Processing Ubiquitination & Proteasome Degradation,2/284,0.2796206654252681,0.3031676688295012,2.4154799874219486,3.078097744259158,UBA52;RPS27A
P2,Reactome_Pathways_2024,gs_ind_0,Antigen processing-Cross Presentation,2/84,0.03821447511443986,0.05591038262481968,8.332718043377941,27.20249890617154,UBA52;RPS27A
P2,Reactome_Pathways_2024,gs_ind_0,Antiviral Mechanism by IFN-stimulated Genes,3/132,0.012747522918813241,0.027468511728823513,7.495079695079695,32.69667287521452,NPM1;UBA52;RPS27A
P2,Reactome_Pathways_2024,gs_ind_0,Apoptosis,2/151,0.10626883553345208,0.1269801631084172,4.586948033207137,10.2829430918581,UBA52;RPS27A
P2,Reactome_Pathways_2024,gs_ind_0,Aryl Hydrocarbon Receptor Signalling,1/7,0.025394089358317242,0.042051305529046235,62.9953614224971,231.39700796830692,HSP90AB1
P2,Reactome_Pathways_2024,gs_ind_0,Asparagine N-linked Glycosylation,2/290,0.2877644091709715,0.30939179691659774,2.3647168533197265,2.9455224258362898,UBA52;RPS27A
P2,Reactome_Pathways_2024,gs_ind_0,Assembly Of The HIV Virion,3/16,2.5888885554846236e-05,0.0002515618124669021,72.20569800569801,762.6146903279753,UBA52;PPIA;RPS27A
P2,Reactome_Pathways_2024,gs_ind_0,Assembly and Release of Respiratory Syncytial Virus (RSV) Virions,1/2,0.007321557576481022,0.02005906356067912,273.03015075376885,1342.4707370740814,HSP90AB1
P2,Reactome_Pathways_2024,gs_ind_0,Assembly of the Pre-Replicative Complex,2/75,0.031069815444296947,0.04762188974349085,9.356158707137677,32.4800779995198,UBA52;RPS27A
P2,Reactome_Pathways_2024,gs_ind_0,Asymmetric Localization of PCP Proteins,2/51,0.015106734484467503,0.030038487488419936,13.904783879403169,58.297400489932905,UBA52;RPS27A
P2,Reactome_Pathways_2024,gs_ind_0,Attenuation Phase,1/25,0.08779905814197392,0.10791531012676986,16.70197928417598,40.630980258906256,HSP90AB1
P2,Reactome_Pathways_2024,gs_ind_0,Autodegradation of Cdh1 by Cdh1 APC C,2/54,0.016835175836437618,0.032230912846711424,13.108774474256707,53.53996809232169,UBA52;RPS27A
P2,Reactome_Pathways_2024,gs_ind_0,Autodegradation of the E3 Ubiquitin Ligase COP1,2/37,0.00815744149226313,0.021217587719775312,19.398369914921,93.2833604212486,UBA52;RPS27A
P2,Reactome_Pathways_2024,gs_ind_0,Autophagy,4/144,0.001975806467430269,0.008340494514152365,8.970460789556174,55.85707351011069,UBA52;HSP90AB1;EEF1A1;RPS27A
P2,Reactome_Pathways_2024,gs_ind_0,Axon Guidance,81/518,5.573109932089846e-123,1.0630191166763964e-121,255.35950183150183,71883.70313734426,RPS6;RPL37A;RPL12;RPS10;RPL22L1;RPS4X;RPL23;RPL10;RPS28;RPS3;RPS15;RPL39;RPL18A;RPS7;RPL23A;RPL36A;FAU;RPL19;RPL24;RPS15A;RPLP1;RPL34;RPL8;RPL14;RPL38;RPS13;RPS27;RPL6;RPS25;RPL17;RPS20;RPSA;RPS11;RPS14;RPL3;RPS5;RPS21;RPL26;RPL35A;RPS26;RPLP0;RPLP2;RPL36;RPL9;RPL13;RPL35;RPS29;RPL4;RPS2;UBA52;RPS9;RPL13A;RPL5;RPS16;RPL10A;RPS12;RPL27;RPL41;RPL36AL;RPS8;HSP90AB1;RPL22;RPL11;RPS19;RPL32;RPL30;RPL7;RPS23;RPL21;RPS17;RPL15;RPS24;RPL29;RPS27A;RPL37;RPL31;RPL7A;RPL18;RPL28;RPL27A;RPS18
P2,Reactome_Pathways_2024,gs_ind_0,Bacterial Infection Pathways,4/73,0.00015265176130821952,0.0013792220539251413,18.182167219592202,159.7730907654815,UBA52;HSP90AB1;RPS27A;EEF2
P2,Reactome_Pathways_2024,gs_ind_0,Basigin Interactions,1/24,0.08443833551787916,0.10453303555698983,17.41334331230621,43.0411486823959,PPIA
P2,Reactome_Pathways_2024,gs_ind_0,Beta-catenin Independent WNT Signaling,2/133,0.08585613809033389,0.10577969166632047,5.218293412595781,12.81133925257108,UBA52;RPS27A
P2,Reactome_Pathways_2024,gs_ind_0,Binding and Entry of HIV Virion,1/4,0.014590042112100507,0.02958217199894394,117.0043072505384,494.6258840598229,PPIA
P2,Reactome_Pathways_2024,gs_ind_0,Biological Oxidations,1/156,0.4371883026308286,0.45762596718470877,2.618801402510947,2.166773439848593,HSP90AB1
P2,Reactome_Pathways_2024,gs_ind_0,Budding and Maturation of HIV Virion,3/27,0.00013131712049050184,0.0012076485187965794,39.77069597069597,355.466320292754,UBA52;PPIA;RPS27A
P2,Reactome_Pathways_2024,gs_ind_0,C-type Lectin Receptors (CLRs),2/116,0.06785797505914093,0.08671676713513046,5.996830181987454,16.133502277297872,UBA52;RPS27A
P2,Reactome_Pathways_2024,gs_ind_0,CDK-mediated Phosphorylation and Removal of Cdc6,2/60,0.02053026038097425,0.03633362232371732,11.761681634778082,45.70419368287942,UBA52;RPS27A
P2,Reactome_Pathways_2024,gs_ind_0,CLEC7A (Dectin-1) Signaling,2/84,0.03821447511443986,0.05591038262481968,8.332718043377941,27.20249890617154,UBA52;RPS27A
P2,Reactome_Pathways_2024,gs_ind_0,Calcineurin Activates NFAT,1/9,0.032531551648223855,0.04942108878712474,48.16937629323086,165.00635843822025,PPIA
P2,Reactome_Pathways_2024,gs_ind_0,Calnexin Calreticulin Cycle,2/25,0.003780992539606251,0.013246334407464077,29.316880872664434,163.52278131066697,UBA52;RPS27A
P2,Reactome_Pathways_2024,gs_ind_0,Cap-dependent Translation Initiation,80/113,2.1279976425492682e-187,6.849492411955457e-186,3180.673097925009,1367143.0908357657,RPS6;RPL37A;RPL12;RPS10;RPL22L1;RPS4X;RPL23;RPL10;RPS28;RPS3;RPS15;RPL39;RPL18A;RPS7;RPL23A;RPL36A;FAU;RPL19;RPL24;RPS15A;RPLP1;RPL34;RPL8;RPL14;RPL38;RPS13;RPS27;RPL6;RPS25;RPL17;RPS20;RPSA;RPS11;RPS14;RPL3;RPS5;RPS21;RPL26;RPL35A;RPS26;RPLP0;RPLP2;RPL36;RPL9;RPL13;RPL35;RPS29;RPL4;RPS2;UBA52;RPS9;RPL13A;RPL5;RPS16;RPL10A;RPS12;RPL27;RPL41;RPL36AL;RPS8;RPL22;RPL11;RPS19;RPL32;RPL30;RPL7;RPS23;RPL21;RPS17;RPL15;RPS24;RPL29;RPS27A;RPL37;RPL31;RPL7A;RPL18;RPL28;RPL27A;RPS18
P2,Reactome_Pathways_2024,gs_ind_0,Cardiac Conduction,1/125,0.3689194158663535,0.3885347631312312,3.2746261427620027,3.265382017169746,FXYD3
P2,Reactome_Pathways_2024,gs_ind_0,Cargo Recognition for Clathrin-Mediated Endocytosis,2/100,0.052270215019552466,0.07121471093933734,6.975057332062151,20.585685999872638,UBA52;RPS27A
P2,Reactome_Pathways_2024,gs_ind_0,Cdc20 Phospho-APC C Mediated Degradation of Cyclin A,2/60,0.02053026038097425,0.03633362232371732,11.761681634778082,45.70419368287942,UBA52;RPS27A
P2,Reactome_Pathways_2024,gs_ind_0,Cell Cycle,5/591,0.06655249422216605,0.08627613603760965,2.610181973996063,7.072977814588369,NPM1;HSP90AB1;RPS27;UBA52;RPS27A
P2,Reactome_Pathways_2024,gs_ind_0,Cell Cycle Checkpoints,3/234,0.05505088968309847,0.07387439642930417,4.176895386830592,12.11089670678256,UBA52;RPS27;RPS27A
P2,Reactome_Pathways_2024,gs_ind_0,"Cell Cycle, Mitotic",4/466,0.09249985388443288,0.11261802541485327,2.692614479764739,6.409898591044249,UBA52;HSP90AB1;RPS27;RPS27A
P2,Reactome_Pathways_2024,gs_ind_0,"Cell Death Signalling via NRAGE, NRIF and NADE",2/75,0.031069815444296947,0.04762188974349085,9.356158707137677,32.4800779995198,UBA52;RPS27A
P2,Reactome_Pathways_2024,gs_ind_0,Cell Junction Organization,2/115,0.06684306461942961,0.08627613603760965,6.04988930879492,16.367417278818554,KRT14;KRT5
P2,Reactome_Pathways_2024,gs_ind_0,Cell Recruitment (Pro-Inflammatory Response),1/24,0.08443833551787916,0.10453303555698983,17.41334331230621,43.0411486823959,HSP90AB1
P2,Reactome_Pathways_2024,gs_ind_0,Cell Surface Interactions at the Vascular Wall,2/119,0.07093328624974207,0.08997695176999303,5.843071606004968,15.460857884918639,MIF;PPIA
P2,Reactome_Pathways_2024,gs_ind_0,Cell-Cell Communication,2/150,0.10510250208768977,0.12617200134069984,4.618007486027791,10.403535905556724,KRT14;KRT5
P2,Reactome_Pathways_2024,gs_ind_0,Cellular Response to Chemical Stress,2/183,0.14524306213179547,0.16659282182154714,3.773755086630029,7.280881732062297,UBA52;RPS27A
P2,Reactome_Pathways_2024,gs_ind_0,Cellular Response to Heat Stress,2/95,0.047702467201402705,0.06657661411577884,7.349412307608784,22.362587155527024,HSP90AB1;EEF1A1
P2,Reactome_Pathways_2024,gs_ind_0,Cellular Response to Hypoxia,2/59,0.019892831428861207,0.035572250645359446,11.966674023394393,46.87819906008499,UBA52;RPS27A
P2,Reactome_Pathways_2024,gs_ind_0,Cellular Response to Starvation,80/146,1.7452078744648803e-173,4.993233640830074e-172,1600.3453145057767,636601.918639048,RPS6;RPL37A;RPL12;RPS10;RPL22L1;RPS4X;RPL23;RPL10;RPS28;RPS3;RPS15;RPL39;RPL18A;RPS7;RPL23A;RPL36A;FAU;RPL19;RPL24;RPS15A;RPLP1;RPL34;RPL8;RPL14;RPL38;RPS13;RPS27;RPL6;RPS25;RPL17;RPS20;RPSA;RPS11;RPS14;RPL3;RPS5;RPS21;RPL26;RPL35A;RPS26;RPLP0;RPLP2;RPL36;RPL9;RPL13;RPL35;RPS29;RPL4;RPS2;UBA52;RPS9;RPL13A;RPL5;RPS16;RPL10A;RPS12;RPL27;RPL41;RPL36AL;RPS8;RPL22;RPL11;RPS19;RPL32;RPL30;RPL7;RPS23;RPL21;RPS17;RPL15;RPS24;RPL29;RPS27A;RPL37;RPL31;RPL7A;RPL18;RPL28;RPL27A;RPS18
P2,Reactome_Pathways_2024,gs_ind_0,Cellular Responses to Stimuli,82/780,7.097075858061469e-110,1.1075739596671686e-108,168.99021068312408,42471.410180501785,EEF1A1;RPS6;RPL37A;RPL12;RPS10;RPL22L1;RPS4X;RPL23;RPL10;RPS28;RPS3;RPS15;RPL39;RPL18A;RPS7;RPL23A;RPL36A;FAU;RPL24;RPL19;RPS15A;RPLP1;RPL34;RPL8;RPL14;RPL38;RPS13;RPS27;RPL6;RPS25;RPL17;RPS20;RPSA;RPS11;RPS14;RPL3;RPS5;RPS21;RPL26;RPL35A;RPS26;RPLP0;RPLP2;RPL36;RPL9;RPL13;RPL35;RPS29;RPL4;RPS2;UBA52;RPS9;RPL13A;RPL5;RPS16;RPL10A;RPS12;RPL27;RPL41;RPL36AL;RPS8;HSP90AB1;RPL22;RPL11;RPS19;RPL32;RPL30;RPL7;RPS23;RPL21;RPS17;RPL15;RPS24;RPL29;RPS27A;RPL37;RPL31;RPL7A;RPL18;RPL28;RPL27A;RPS18
P2,Reactome_Pathways_2024,gs_ind_0,Cellular Responses to Stress,82/690,1.7799960398502985e-114,3.055659868409679e-113,194.64422927446756,50980.84465633756,EEF1A1;RPS6;RPL37A;RPL12;RPS10;RPL22L1;RPS4X;RPL23;RPL10;RPS28;RPS3;RPS15;RPL39;RPL18A;RPS7;RPL23A;RPL36A;FAU;RPL24;RPL19;RPS15A;RPLP1;RPL34;RPL8;RPL14;RPL38;RPS13;RPS27;RPL6;RPS25;RPL17;RPS20;RPSA;RPS11;RPS14;RPL3;RPS5;RPS21;RPL26;RPL35A;RPS26;RPLP0;RPLP2;RPL36;RPL9;RPL13;RPL35;RPS29;RPL4;RPS2;UBA52;RPS9;RPL13A;RPL5;RPS16;RPL10A;RPS12;RPL27;RPL41;RPL36AL;RPS8;HSP90AB1;RPL22;RPL11;RPS19;RPL32;RPL30;RPL7;RPS23;RPL21;RPS17;RPL15;RPS24;RPL29;RPS27A;RPL37;RPL31;RPL7A;RPL18;RPL28;RPL27A;RPS18
P2,Reactome_Pathways_2024,gs_ind_0,Cellular Senescence,2/124,0.07615774929350222,0.09636668522396472,5.603542940018647,14.428834159043355,UBA52;RPS27A
P2,Reactome_Pathways_2024,gs_ind_0,Chaperone Mediated Autophagy,4/20,7.886487847002103e-07,8.641577108949112e-06,76.73528026377767,1078.3566543064333,UBA52;HSP90AB1;EEF1A1;RPS27A
P2,Reactome_Pathways_2024,gs_ind_0,Chromatin Modifying Enzymes,1/204,0.5287382587269465,0.5402781810404313,1.9975429975429975,1.2729577554743474,RPS2
P2,Reactome_Pathways_2024,gs_ind_0,Chromatin Organization,1/204,0.5287382587269465,0.5402781810404313,1.9975429975429975,1.2729577554743474,RPS2
P2,Reactome_Pathways_2024,gs_ind_0,Chromosome Maintenance,1/89,0.27929953184328316,0.3031676688295012,4.612809811770718,5.883502754967439,NPM1
P2,Reactome_Pathways_2024,gs_ind_0,Circadian Clock,2/68,0.025928795219488817,0.04239152234297378,10.343689172169,37.779302158526356,UBA52;RPS27A
P2,Reactome_Pathways_2024,gs_ind_0,Class I MHC Mediated Antigen Processing & Presentation,2/347,0.36423092127614787,0.3843830419205249,1.970402638712379,1.9900420622592039,UBA52;RPS27A
P2,Reactome_Pathways_2024,gs_ind_0,Clathrin-mediated Endocytosis,2/140,0.09364262118026315,0.1137404478958385,4.953270171709212,11.730679389414144,UBA52;RPS27A
P2,Reactome_Pathways_2024,gs_ind_0,Constitutive Signaling by Ligand-Responsive EGFR Cancer Variants,2/19,0.0021862443461816107,0.0090799664377704,39.37708484408992,241.20709424369562,UBA52;RPS27A
P2,Reactome_Pathways_2024,gs_ind_0,Constitutive Signaling by NOTCH1 HD Domain Mutants,2/14,0.001177425879292313,0.0060637432783554115,55.13807106598985,371.87456739203236,UBA52;RPS27A
P2,Reactome_Pathways_2024,gs_ind_0,Constitutive Signaling by NOTCH1 HD+PEST Domain Mutants,2/56,0.018032057697388037,0.033284981054318416,12.626787128021236,50.70417843849184,UBA52;RPS27A
P2,Reactome_Pathways_2024,gs_ind_0,Constitutive Signaling by NOTCH1 PEST Domain Mutants,2/56,0.018032057697388037,0.033284981054318416,12.626787128021236,50.70417843849184,UBA52;RPS27A
P2,Reactome_Pathways_2024,gs_ind_0,Cyclin A Cdk2-associated Events at S Phase Entry,2/74,0.030312462973749777,0.04702083864903956,9.485559250831438,33.163377457541245,UBA52;RPS27A
P2,Reactome_Pathways_2024,gs_ind_0,Cyclin D Associated Events in G1,2/45,0.011897844885328674,0.02607400049337986,15.826185891825661,70.13212846654835,UBA52;RPS27A
P2,Reactome_Pathways_2024,gs_ind_0,Cyclin E Associated Events During G1 S Transition,2/72,0.0288204192434945,0.04566927972430666,9.755373150448213,34.599100427774125,UBA52;RPS27A
P2,Reactome_Pathways_2024,gs_ind_0,Cytokine Signaling in Immune System,6/671,0.037143923546091334,0.05528647579837294,2.7391784829801358,9.019991718573808,NPM1;MIF;UBA52;PPIA;RPLP0;RPS27A
P2,Reactome_Pathways_2024,gs_ind_0,Cytosolic Sensors of Pathogen-Associated DNA,2/59,0.019892831428861207,0.035572250645359446,11.966674023394393,46.87819906008499,UBA52;RPS27A
P2,Reactome_Pathways_2024,gs_ind_0,DDX58 IFIH1-mediated Induction of Interferon-Alpha Beta,3/61,0.0014762726614539947,0.007105357561379872,16.635239973701513,108.43240076637822,UBA52;HSP90AB1;RPS27A
P2,Reactome_Pathways_2024,gs_ind_0,DNA Damage Bypass,2/47,0.012930045847825955,0.027516419882770107,15.129413733474648,65.7857401005744,UBA52;RPS27A
P2,Reactome_Pathways_2024,gs_ind_0,DNA Damage Recognition in GG-NER,2/38,0.008590198795084398,0.02200971333068888,18.86621236353522,89.74908897806998,UBA52;RPS27A
P2,Reactome_Pathways_2024,gs_ind_0,DNA Double Strand Break Response,2/40,0.009485924585703225,0.02315284910728512,17.884830905135473,83.3065801812143,UBA52;RPS27A
P2,Reactome_Pathways_2024,gs_ind_0,DNA Double-Strand Break Repair,2/129,0.08150060640258897,0.10237271292032517,5.382800836070468,13.495461223774365,UBA52;RPS27A
P2,Reactome_Pathways_2024,gs_ind_0,DNA Repair,2/274,0.26603756397069767,0.2921308005221947,2.5050528570763286,3.3169849833943013,UBA52;RPS27A
P2,Reactome_Pathways_2024,gs_ind_0,DNA Replication,2/115,0.06684306461942961,0.08627613603760965,6.04988930879492,16.367417278818554,UBA52;RPS27A
P2,Reactome_Pathways_2024,gs_ind_0,DNA Replication Pre-Initiation,2/91,0.044160597880144266,0.06282515996760855,7.6790119955761,23.95792105993816,UBA52;RPS27A
P2,Reactome_Pathways_2024,gs_ind_0,Deactivation of the Beta-Catenin Transactivating Complex,2/41,0.009948736817063085,0.02361105742298382,17.431407826254578,80.36418839306899,UBA52;RPS27A
P2,Reactome_Pathways_2024,gs_ind_0,Death Receptor Signaling,3/149,0.017583419384060404,0.033284981054318416,6.621177911962895,26.754848432804657,UBA52;RACK1;RPS27A
P2,Reactome_Pathways_2024,gs_ind_0,Dectin-1 Mediated Noncanonical NF-kB Signaling,2/48,0.013460293849554557,0.02829408707151264,14.80350417553627,63.773660657724555,UBA52;RPS27A
P2,Reactome_Pathways_2024,gs_ind_0,Defective CFTR Causes Cystic Fibrosis,2/48,0.013460293849554557,0.02829408707151264,14.80350417553627,63.773660657724555,UBA52;RPS27A
P2,Reactome_Pathways_2024,gs_ind_0,Degradation of AXIN,2/42,0.010421411814037997,0.024285190426378136,17.000376010528296,77.58789300948246,UBA52;RPS27A
P2,Reactome_Pathways_2024,gs_ind_0,Degradation of Beta-Catenin by the Destruction Complex,2/71,0.028085857334324914,0.04478085612129205,9.896103421831063,35.35372187465476,UBA52;RPS27A
P2,Reactome_Pathways_2024,gs_ind_0,Degradation of DVL,2/44,0.011396042277652138,0.025968857402614384,16.199163929531203,72.48298328202453,UBA52;RPS27A
P2,Reactome_Pathways_2024,gs_ind_0,Degradation of GLI1 by the Proteasome,2/45,0.011897844885328674,0.02607400049337986,15.826185891825661,70.13212846654835,UBA52;RPS27A
P2,Reactome_Pathways_2024,gs_ind_0,Degradation of GLI2 by the Proteasome,2/45,0.011897844885328674,0.02607400049337986,15.826185891825661,70.13212846654835,UBA52;RPS27A
P2,Reactome_Pathways_2024,gs_ind_0,Deposition of New CENPA-containing Nucleosomes at the Centromere,1/26,0.09114756758275655,0.11123459077042565,16.046408513154006,38.435568598252985,NPM1
P2,Reactome_Pathways_2024,gs_ind_0,Deubiquitination,2/215,0.18663124405970102,0.21124195756207917,3.2043295807130376,5.37885353408868,UBA52;RPS27A
P2,Reactome_Pathways_2024,gs_ind_0,Developmental Biology,84/1190,2.2319080543790175e-98,3.3806842588388055e-97,120.62039737638473,27121.554520957903,RPS6;RPL37A;RPL12;RPS10;RPL22L1;RPS4X;RPL23;RPL10;RPS28;RPS3;RPS15;RPL39;RPL18A;RPS7;PERP;RPL23A;RPL36A;FAU;RPL24;RPL19;RPS15A;RPLP1;RPL34;RPL8;RPL14;RPL38;RPS13;RPS27;RPL6;RPS25;RPL17;RPS20;RPSA;RPS11;RPS14;RPL3;RPS5;RPS21;RPL26;RPL35A;RPS26;RPLP0;RPLP2;RPL36;RPL9;RPL13;RPL35;RPS29;RPL4;RPS2;UBA52;RPS9;RPL13A;RPL5;RPS16;RPL10A;RPS12;RPL27;RPL41;RPL36AL;KRT14;RPS8;HSP90AB1;RPL22;RPL11;RPS19;RPL32;RPL30;RPL7;RPS23;RPL21;RPS17;RPL15;RPS24;RPL29;KRT5;RPS27A;RPL37;RPL31;RPL7A;RPL18;RPL28;RPL27A;RPS18
P2,Reactome_Pathways_2024,gs_ind_0,Diseases of Carbohydrate Metabolism,2/30,0.005417514395149481,0.016706706068874148,24.169115682607533,126.11730163340725,UBA52;RPS27A
P2,Reactome_Pathways_2024,gs_ind_0,Diseases of Metabolism,2/244,0.2253819788608095,0.2506948576961488,2.8180961850436965,4.19884673780604,UBA52;RPS27A
P2,Reactome_Pathways_2024,gs_ind_0,Diseases of Signal Transduction by Growth Factor Receptors and Second Messengers,5/435,0.022138654251901937,0.03800468979909833,3.5769013262309137,13.629532610948445,NPM1;RPS6;EEF1G;UBA52;RPS27A
P2,Reactome_Pathways_2024,gs_ind_0,Disorders of Transmembrane Transporters,2/158,0.1145297969795471,0.13528175560657513,4.380645789072509,9.492510086878614,UBA52;RPS27A
P2,Reactome_Pathways_2024,gs_ind_0,Downregulation of ERBB2 ERBB3 Signaling,2/13,0.001011639008733172,0.005853866174130152,59.93489295961157,413.3220188529541,UBA52;RPS27A
P2,Reactome_Pathways_2024,gs_ind_0,Downregulation of ERBB2 Signaling,2/29,0.00506840162905688,0.016212589061890017,25.04891555145362,132.37674976169106,UBA52;RPS27A
P2,Reactome_Pathways_2024,gs_ind_0,Downregulation of ERBB4 Signaling,2/9,0.00047140202870182124,0.003518435431615043,91.91370558375634,704.0405343731263,UBA52;RPS27A
P2,Reactome_Pathways_2024,gs_ind_0,Downregulation of SMAD2 3 SMAD4 Transcriptional Activity,2/31,0.005777366093801807,0.017001963076045318,23.348963262496774,120.33605948747785,UBA52;RPS27A
P2,Reactome_Pathways_2024,gs_ind_0,Downregulation of TGF-beta Receptor Signaling,2/26,0.004086322122406134,0.014123865053954085,28.11923754273283,154.65889819684898,UBA52;RPS27A
P2,Reactome_Pathways_2024,gs_ind_0,Downstream Signaling Events of B Cell Receptor (BCR),3/67,0.0019340499414297197,0.008340494514152365,15.084436493738819,94.24965684579281,UBA52;PPIA;RPS27A
P2,Reactome_Pathways_2024,gs_ind_0,Downstream TCR Signaling,2/73,0.029562642742428556,0.04641695430594728,9.618579390152995,33.869362890844414,UBA52;RPS27A
P2,Reactome_Pathways_2024,gs_ind_0,Dual Incision in GG-NER,2/41,0.009948736817063085,0.02361105742298382,17.431407826254578,80.36418839306899,UBA52;RPS27A
P2,Reactome_Pathways_2024,gs_ind_0,Dual Incision in TC-NER,2/62,0.021830455727526316,0.037600952172829605,11.372026681209883,43.491738712177906,UBA52;RPS27A
P2,Reactome_Pathways_2024,gs_ind_0,E3 Ubiquitin Ligases Ubiquitinate Target Proteins,2/41,0.009948736817063085,0.02361105742298382,17.431407826254578,80.36418839306899,UBA52;RPS27A
P2,Reactome_Pathways_2024,gs_ind_0,EGFR Downregulation,2/31,0.005777366093801807,0.017001963076045318,23.348963262496774,120.33605948747785,UBA52;RPS27A
P2,Reactome_Pathways_2024,gs_ind_0,EML4 and NUDC in Mitotic Spindle Formation,1/107,0.32558164117311317,0.3464350107523828,3.830632033406469,4.298513210159991,RPS27
P2,Reactome_Pathways_2024,gs_ind_0,ER Quality Control Compartment (ERQC),2/20,0.0024233666823696197,0.009827038121420112,37.24722184113047,224.32502568471043,UBA52;RPS27A
P2,Reactome_Pathways_2024,gs_ind_0,ER-Phagosome Pathway,2/71,0.028085857334324914,0.04478085612129205,9.896103421831063,35.35372187465476,UBA52;RPS27A
P2,Reactome_Pathways_2024,gs_ind_0,ESR-mediated Signaling,1/162,0.4495308548785952,0.46487628566762357,2.5209483952269087,2.0156262677425185,HSP90AB1
P2,Reactome_Pathways_2024,gs_ind_0,Early Phase of HIV Life Cycle,1/14,0.05014960504049533,0.0694275446125137,30.32328308207705,90.74984291620152,PPIA
P2,Reactome_Pathways_2024,gs_ind_0,Endosomal Sorting Complex Required For Transport (ESCRT),2/30,0.005417514395149481,0.016706706068874148,24.169115682607533,126.11730163340725,UBA52;RPS27A
P2,Reactome_Pathways_2024,gs_ind_0,Estrogen-dependent Gene Expression,1/91,0.28459342977031415,0.3066226283090205,4.510536105944085,5.668362215187675,HSP90AB1
P2,Reactome_Pathways_2024,gs_ind_0,Eukaryotic Translation Elongation,84/89,5.349219575954474e-221,2.7548480816165544e-218,25291.8044077135,12827860.420196703,EEF1A1;RPS6;RPL37A;RPL12;RPS10;RPL22L1;RPS4X;RPL23;RPL10;RPS28;RPS3;EEF2;RPS15;RPL39;RPL18A;RPS7;RPL23A;FAU;RPL36A;RPL24;RPL19;RPLP1;RPS15A;RPL34;RPL8;RPL14;RPL38;RPS13;RPS27;RPL6;RPS25;RPL17;RPS20;RPSA;RPS11;RPS14;RPL3;RPS5;RPS21;RPL26;RPL35A;RPS26;EEF1B2;RPLP0;RPLP2;RPL36;RPL9;RPL13;RPL35;RPS29;RPL4;RPS2;UBA52;RPS9;RPL13A;RPL5;RPL10A;RPS16;RPS12;RPL27;RPL36AL;RPL41;RPS8;EEF1G;RPL22;RPL11;RPS19;RPL32;RPL30;RPL7;RPS23;RPL21;RPS17;RPL15;RPS24;RPL29;RPS27A;RPL37;RPL31;RPL7A;RPL18;RPL28;RPL27A;RPS18
P2,Reactome_Pathways_2024,gs_ind_0,Eukaryotic Translation Initiation,80/113,2.1279976425492682e-187,6.849492411955457e-186,3180.673097925009,1367143.0908357657,RPS6;RPL37A;RPL12;RPS10;RPL22L1;RPS4X;RPL23;RPL10;RPS28;RPS3;RPS15;RPL39;RPL18A;RPS7;RPL23A;RPL36A;FAU;RPL19;RPL24;RPS15A;RPLP1;RPL34;RPL8;RPL14;RPL38;RPS13;RPS27;RPL6;RPS25;RPL17;RPS20;RPSA;RPS11;RPS14;RPL3;RPS5;RPS21;RPL26;RPL35A;RPS26;RPLP0;RPLP2;RPL36;RPL9;RPL13;RPL35;RPS29;RPL4;RPS2;UBA52;RPS9;RPL13A;RPL5;RPS16;RPL10A;RPS12;RPL27;RPL41;RPL36AL;RPS8;RPL22;RPL11;RPS19;RPL32;RPL30;RPL7;RPS23;RPL21;RPS17;RPL15;RPS24;RPL29;RPS27A;RPL37;RPL31;RPL7A;RPL18;RPL28;RPL27A;RPS18
P2,Reactome_Pathways_2024,gs_ind_0,Eukaryotic Translation Termination,80/89,3.833817135759517e-204,3.948831649832303e-202,11225.978177150193,5258062.927340318,RPS6;RPL37A;RPL12;RPS10;RPL22L1;RPS4X;RPL23;RPL10;RPS28;RPS3;RPS15;RPL39;RPL18A;RPS7;RPL23A;FAU;RPL36A;RPL19;RPL24;RPLP1;RPS15A;RPL34;RPL8;RPL14;RPL38;RPS13;RPS27;RPL6;RPS25;RPL17;RPS20;RPSA;RPS11;RPS14;RPL3;RPS5;RPS21;RPL26;RPL35A;RPS26;RPLP0;RPLP2;RPL36;RPL9;RPL13;RPL35;RPS29;RPL4;RPS2;UBA52;RPS9;RPL13A;RPL5;RPL10A;RPS16;RPS12;RPL27;RPL36AL;RPL41;RPS8;RPL22;RPL11;RPS19;RPL32;RPL30;RPL7;RPS23;RPL21;RPS17;RPL15;RPS24;RPL29;RPS27A;RPL37;RPL31;RPL7A;RPL18;RPL28;RPL27A;RPS18
P2,Reactome_Pathways_2024,gs_ind_0,Evasion by RSV of Host Interferon Responses,2/20,0.0024233666823696197,0.009827038121420112,37.24722184113047,224.32502568471043,UBA52;RPS27A
P2,Reactome_Pathways_2024,gs_ind_0,FBXL7 Down-Regulates AURKA During Mitotic Entry and in Early Mitosis,2/41,0.009948736817063085,0.02361105742298382,17.431407826254578,80.36418839306899,UBA52;RPS27A
P2,Reactome_Pathways_2024,gs_ind_0,FCERI Mediated NF-kB Activation,2/68,0.025928795219488817,0.04239152234297378,10.343689172169,37.779302158526356,UBA52;RPS27A
P2,Reactome_Pathways_2024,gs_ind_0,FLT3 Signaling,2/37,0.00815744149226313,0.021217587719775312,19.398369914921,93.2833604212486,UBA52;RPS27A
P2,Reactome_Pathways_2024,gs_ind_0,FLT3 Signaling by CBL Mutants,2/6,0.00019783434624159155,0.0017268591239732144,153.20642978003383,1306.5567682102458,UBA52;RPS27A
P2,Reactome_Pathways_2024,gs_ind_0,FLT3 Signaling in Disease,2/27,0.004402722522559382,0.015116013994120544,27.01552702299194,146.57361106839556,UBA52;RPS27A
P2,Reactome_Pathways_2024,gs_ind_0,Fanconi Anemia Pathway,2/35,0.0073225319405974265,0.02005906356067912,20.557996817940754,101.07954060774392,UBA52;RPS27A
P2,Reactome_Pathways_2024,gs_ind_0,Fc Epsilon Receptor (FCERI) Signaling,2/118,0.0699031361207183,0.0888891730917776,5.893444587263894,15.680362488510136,UBA52;RPS27A
P2,Reactome_Pathways_2024,gs_ind_0,Fcgamma Receptor (FCGR) Dependent Phagocytosis,1/86,0.2712858857554616,0.2972600663065164,4.775191748214758,6.229629607934631,HSP90AB1
P2,Reactome_Pathways_2024,gs_ind_0,Formation of Incision Complex in GG-NER,2/43,0.010903872514168692,0.024957752643541675,16.590116812427375,74.96472024703068,UBA52;RPS27A
P2,Reactome_Pathways_2024,gs_ind_0,Formation of TC-NER Pre-Incision Complex,2/50,0.014548712109323129,0.02958217199894394,14.192003767858077,60.03576373485683,UBA52;RPS27A
P2,Reactome_Pathways_2024,gs_ind_0,Formation of a Pool of Free 40S Subunits,80/96,3.974126076582172e-198,2.5583436617997733e-196,6461.776053215078,2937084.2743904614,RPS6;RPL37A;RPL12;RPS10;RPL22L1;RPS4X;RPL23;RPL10;RPS28;RPS3;RPS15;RPL39;RPL18A;RPS7;RPL23A;FAU;RPL36A;RPL19;RPL24;RPLP1;RPS15A;RPL34;RPL8;RPL14;RPL38;RPS13;RPS27;RPL6;RPS25;RPL17;RPS20;RPSA;RPS11;RPS14;RPL3;RPS5;RPS21;RPL26;RPL35A;RPS26;RPLP0;RPLP2;RPL36;RPL9;RPL13;RPL35;RPS29;RPL4;RPS2;UBA52;RPS9;RPL13A;RPL5;RPL10A;RPS16;RPS12;RPL27;RPL36AL;RPL41;RPS8;RPL22;RPL11;RPS19;RPL32;RPL30;RPL7;RPS23;RPL21;RPS17;RPL15;RPS24;RPL29;RPS27A;RPL37;RPL31;RPL7A;RPL18;RPL28;RPL27A;RPS18
P2,Reactome_Pathways_2024,gs_ind_0,Formation of the Cornified Envelope,3/106,0.007027319328969173,0.01966885573053872,9.386919360832405,46.53987651331575,KRT14;KRT5;PERP
P2,Reactome_Pathways_2024,gs_ind_0,"Formation of the Ternary Complex, and Subsequently, the 43S Complex",31/47,2.507810643471375e-66,3.490601301047995e-65,745.8227599738391,112657.42737024001,RPS15A;RPS6;RPS29;RPS10;RPS2;RPS9;RPS19;RPS13;RPS27;RPS16;RPS12;RPS4X;RPS23;RPS25;RPS20;RPS17;RPS24;RPSA;RPS11;RPS28;RPS8;RPS3;RPS14;RPS27A;RPS5;RPS15;RPS7;RPS21;RPS26;FAU;RPS18
P2,Reactome_Pathways_2024,gs_ind_0,G1 Phase,2/45,0.011897844885328674,0.02607400049337986,15.826185891825661,70.13212846654835,UBA52;RPS27A
P2,Reactome_Pathways_2024,gs_ind_0,G1 S DNA Damage Checkpoints,2/52,0.01567386778048999,0.030692174551149597,13.628939036035582,56.6386054940733,UBA52;RPS27A
P2,Reactome_Pathways_2024,gs_ind_0,G1 S Transition,2/118,0.0699031361207183,0.0888891730917776,5.893444587263894,15.680362488510136,UBA52;RPS27A
P2,Reactome_Pathways_2024,gs_ind_0,G2 M Checkpoints,2/116,0.06785797505914093,0.08671676713513046,5.996830181987454,16.133502277297872,UBA52;RPS27A
P2,Reactome_Pathways_2024,gs_ind_0,G2 M Transition,3/171,0.025163918704116,0.04190693815646964,5.752004869512288,21.180861239986758,UBA52;HSP90AB1;RPS27A
P2,Reactome_Pathways_2024,gs_ind_0,GLI3 Is Processed to GLI3R by the Proteasome,2/45,0.011897844885328674,0.02607400049337986,15.826185891825661,70.13212846654835,UBA52;RPS27A
P2,Reactome_Pathways_2024,gs_ind_0,GSK3B and BTRC CUL1-mediated-degradation of NFE2L2,2/41,0.009948736817063085,0.02361105742298382,17.431407826254578,80.36418839306899,UBA52;RPS27A
P2,Reactome_Pathways_2024,gs_ind_0,GTP Hydrolysis and Joining of the 60S Ribosomal Subunit,80/106,2.3659391283244514e-191,1.0153822092392437e-189,4021.888173032674,1765337.7431081512,RPS6;RPL37A;RPL12;RPS10;RPL22L1;RPS4X;RPL23;RPL10;RPS28;RPS3;RPS15;RPL39;RPL18A;RPS7;RPL23A;RPL36A;FAU;RPL19;RPL24;RPS15A;RPLP1;RPL34;RPL8;RPL14;RPL38;RPS13;RPS27;RPL6;RPS25;RPL17;RPS20;RPSA;RPS11;RPS14;RPL3;RPS5;RPS21;RPL26;RPL35A;RPS26;RPLP0;RPLP2;RPL36;RPL9;RPL13;RPL35;RPS29;RPL4;RPS2;UBA52;RPS9;RPL13A;RPL5;RPS16;RPL10A;RPS12;RPL27;RPL41;RPL36AL;RPS8;RPL22;RPL11;RPS19;RPL32;RPL30;RPL7;RPS23;RPL21;RPS17;RPL15;RPS24;RPL29;RPS27A;RPL37;RPL31;RPL7A;RPL18;RPL28;RPL27A;RPS18
P2,Reactome_Pathways_2024,gs_ind_0,"Gamma Carboxylation, Hypusinylation, Hydroxylation, and Arylsulfatase Activation",5/54,1.6447523490811379e-06,1.764682207868304e-05,31.551483420593367,420.200155196183,RPS6;RPL8;EEF2;RPS23;RPL27A
P2,Reactome_Pathways_2024,gs_ind_0,Gap-filling DNA Repair Synthesis and Ligation in GG-NER,2/25,0.003780992539606251,0.013246334407464077,29.316880872664434,163.52278131066697,UBA52;RPS27A
P2,Reactome_Pathways_2024,gs_ind_0,Gap-filling DNA Repair Synthesis and Ligation in TC-NER,2/61,0.021176158269771574,0.03684365374639311,11.56357974661946,44.576204662481985,UBA52;RPS27A
P2,Reactome_Pathways_2024,gs_ind_0,Gene Expression (Transcription),4/1145,0.6096256573234611,0.6156023794540832,1.0632246907191927,0.5262007301987339,NPM1;UBA52;RPS27A;PERP
P2,Reactome_Pathways_2024,gs_ind_0,Gene and Protein Expression by JAK-STAT Signaling After Interleukin-12 Stimulation,3/35,0.0002876474153911514,0.0024284986709252948,29.97214990138067,244.38616895843955,MIF;PPIA;RPLP0
P2,Reactome_Pathways_2024,gs_ind_0,Generic Transcription Pathway,4/827,0.3602523471736148,0.3817488864082544,1.4918032786885247,1.5230573461256771,NPM1;UBA52;RPS27A;PERP
P2,Reactome_Pathways_2024,gs_ind_0,Global Genome Nucleotide Excision Repair (GG-NER),2/84,0.03821447511443986,0.05591038262481968,8.332718043377941,27.20249890617154,UBA52;RPS27A
P2,Reactome_Pathways_2024,gs_ind_0,Glycogen Metabolism,2/23,0.0032038827084998585,0.012043792663338883,32.046393578089955,184.05499596364183,UBA52;RPS27A
P2,Reactome_Pathways_2024,gs_ind_0,Glycogen Storage Diseases,2/13,0.001011639008733172,0.005853866174130152,59.93489295961157,413.3220188529541,UBA52;RPS27A
P2,Reactome_Pathways_2024,gs_ind_0,Glycogen Synthesis,2/12,0.000858052708375621,0.005388989570895669,65.64539521392314,463.51196245261565,UBA52;RPS27A
P2,Reactome_Pathways_2024,gs_ind_0,HDR Through Homologous Recombination (HRR),2/66,0.024530267361035703,0.04101651847705645,10.665210718923385,39.54497512960282,UBA52;RPS27A
P2,Reactome_Pathways_2024,gs_ind_0,HDR Through Homologous Recombination (HRR) or Single Strand Annealing (SSA),2/94,0.04680746789902277,0.06568350399999108,7.429139799698175,22.745890324911496,UBA52;RPS27A
P2,Reactome_Pathways_2024,gs_ind_0,HIV Infection,4/205,0.006938151076049522,0.019525397836969965,6.240720502963525,31.020873940861016,NPM1;UBA52;PPIA;RPS27A
P2,Reactome_Pathways_2024,gs_ind_0,HIV Life Cycle,3/141,0.015197598049155957,0.030102934597366605,7.005702119781542,29.330197803560498,UBA52;PPIA;RPS27A
P2,Reactome_Pathways_2024,gs_ind_0,HSF1 Activation,2/28,0.004730110090115446,0.01613249467820831,25.995115410401304,139.17282569994805,HSP90AB1;EEF1A1
P2,Reactome_Pathways_2024,gs_ind_0,HSF1-dependent Transactivation,1/35,0.12074175755375664,0.13973484301165096,11.856456194013546,25.06574885089274,HSP90AB1
P2,Reactome_Pathways_2024,gs_ind_0,HSP90 Chaperone Cycle for Steroid Hormone Receptors (SHR) in the Presence of Ligand,1/50,0.16795977255684102,0.19137009483799364,8.259022384650525,14.734350124773231,HSP90AB1
P2,Reactome_Pathways_2024,gs_ind_0,Hedgehog 'Off' State,2/96,0.048603725480302264,0.06765113141177206,7.271372169849327,21.989030058167174,UBA52;RPS27A
P2,Reactome_Pathways_2024,gs_ind_0,Hedgehog 'On' State,2/73,0.029562642742428556,0.04641695430594728,9.618579390152995,33.869362890844414,UBA52;RPS27A
P2,Reactome_Pathways_2024,gs_ind_0,Hedgehog Ligand Biogenesis,2/52,0.01567386778048999,0.030692174551149597,13.628939036035582,56.6386054940733,UBA52;RPS27A
P2,Reactome_Pathways_2024,gs_ind_0,Hemostasis,2/543,0.5948669420152682,0.6042534026387834,1.2480138363541768,0.6482402584314992,MIF;PPIA
P2,Reactome_Pathways_2024,gs_ind_0,Hh Mutants Abrogate Ligand Secretion,2/46,0.012409204536678386,0.026851850152896508,15.469970911994524,67.90260291624776,UBA52;RPS27A
P2,Reactome_Pathways_2024,gs_ind_0,Hh Mutants Are Degraded by ERAD,2/43,0.010903872514168692,0.024957752643541675,16.590116812427375,74.96472024703068,UBA52;RPS27A
P2,Reactome_Pathways_2024,gs_ind_0,Homology Directed Repair,2/100,0.052270215019552466,0.07121471093933734,6.975057332062151,20.585685999872638,UBA52;RPS27A
P2,Reactome_Pathways_2024,gs_ind_0,Host Interactions of HIV Factors,4/111,0.0007552180514346932,0.004861716206110838,11.738498614290878,84.3822447190026,NPM1;UBA52;PPIA;RPS27A
P2,Reactome_Pathways_2024,gs_ind_0,IKK Complex Recruitment Mediated by RIP1,2/22,0.0029322720492415346,0.011269553025070076,33.610870372663115,196.01784692880852,UBA52;RPS27A
P2,Reactome_Pathways_2024,gs_ind_0,IRAK1 Recruits IKK Complex,2/14,0.001177425879292313,0.0060637432783554115,55.13807106598985,371.87456739203236,UBA52;RPS27A
P2,Reactome_Pathways_2024,gs_ind_0,IRAK1 Recruits IKK Complex Upon TLR7 8 or 9 Stimulation,2/14,0.001177425879292313,0.0060637432783554115,55.13807106598985,371.87456739203236,UBA52;RPS27A
P2,Reactome_Pathways_2024,gs_ind_0,IRAK2 Mediated Activation of TAK1 Complex,2/10,0.0005878432500802306,0.004091071267450254,81.09734249029562,603.2872040697225,UBA52;RPS27A
P2,Reactome_Pathways_2024,gs_ind_0,IRAK2 Mediated Activation of TAK1 Complex Upon TLR7 8 or 9 Stimulation,2/15,0.00135532356897635,0.006711458057911734,51.05188945290468,337.1321310615674,UBA52;RPS27A
P2,Reactome_Pathways_2024,gs_ind_0,ISG15 Antiviral Mechanism,2/66,0.024530267361035703,0.04101651847705645,10.665210718923385,39.54497512960282,UBA52;RPS27A
P2,Reactome_Pathways_2024,gs_ind_0,Inactivation of CSF3 (G-CSF) Signaling,2/24,0.003486817880202735,0.012826508630745775,30.62098138747885,173.27696042731014,UBA52;RPS27A
P2,Reactome_Pathways_2024,gs_ind_0,Infection With Mycobacterium Tuberculosis,2/29,0.00506840162905688,0.016212589061890017,25.04891555145362,132.37674976169106,UBA52;RPS27A
P2,Reactome_Pathways_2024,gs_ind_0,Infectious Disease,86/897,1.4728470081331076e-113,2.4468264812533883e-112,193.75250175282045,50337.85287675929,EEF1A1;RPS6;RPL37A;RPL12;RPS10;RPL22L1;RPS4X;RPL23;RPL10;RPS28;RPS3;EEF2;PPIA;NPM1;RPS15;RPL39;RPL18A;RPS7;RPL23A;RPL36A;FAU;RPL24;RPL19;RPS15A;RPLP1;RPL34;RPL8;RPL14;RPL38;RPS13;RPS27;RPL6;RPS25;RPL17;RPS20;RPSA;RPS11;RPS14;RPL3;RPS5;RPS21;RPL26;RPL35A;RPS26;RPLP0;RPLP2;RPL36;RPL9;RPL13;RPL35;RPS29;RPL4;RPS2;UBA52;RPS9;RPL13A;RPL5;RPS16;RPL10A;RPS12;RPL27;RPL41;RPL36AL;RPS8;HSP90AB1;RPL22;RPL11;RPS19;RPL32;RPL30;RPL7;RPS23;RPL21;RPS17;RPL15;RPS24;RPL29;RPS27A;RPL37;FXYD3;RPL31;RPL7A;RPL18;RPL28;RPL27A;RPS18
P2,Reactome_Pathways_2024,gs_ind_0,Inflammasomes,1/19,0.06744997582548398,0.08662528067362657,22.123726741817194,59.65373216204687,HSP90AB1
P2,Reactome_Pathways_2024,gs_ind_0,Influenza Infection,80/147,3.8262494654390495e-173,1.037114986684795e-171,1576.578319783198,625910.0056017018,RPS6;RPL37A;RPL12;RPS10;RPL22L1;RPS4X;RPL23;RPL10;RPS28;RPS3;RPS15;RPL39;RPL18A;RPS7;RPL23A;RPL36A;FAU;RPL19;RPL24;RPS15A;RPLP1;RPL34;RPL8;RPL14;RPL38;RPS13;RPS27;RPL6;RPS25;RPL17;RPS20;RPSA;RPS11;RPS14;RPL3;RPS5;RPS21;RPL26;RPL35A;RPS26;RPLP0;RPLP2;RPL36;RPL9;RPL13;RPL35;RPS29;RPL4;RPS2;UBA52;RPS9;RPL13A;RPL5;RPS16;RPL10A;RPS12;RPL27;RPL41;RPL36AL;RPS8;RPL22;RPL11;RPS19;RPL32;RPL30;RPL7;RPS23;RPL21;RPS17;RPL15;RPS24;RPL29;RPS27A;RPL37;RPL31;RPL7A;RPL18;RPL28;RPL27A;RPS18
P2,Reactome_Pathways_2024,gs_ind_0,Influenza Viral RNA Transcription and Replication,80/129,6.694324123266768e-180,2.0279864255778738e-178,2151.307464892831,887552.1349624896,RPS6;RPL37A;RPL12;RPS10;RPL22L1;RPS4X;RPL23;RPL10;RPS28;RPS3;RPS15;RPL39;RPL18A;RPS7;RPL23A;RPL36A;FAU;RPL19;RPL24;RPS15A;RPLP1;RPL34;RPL8;RPL14;RPL38;RPS13;RPS27;RPL6;RPS25;RPL17;RPS20;RPSA;RPS11;RPS14;RPL3;RPS5;RPS21;RPL26;RPL35A;RPS26;RPLP0;RPLP2;RPL36;RPL9;RPL13;RPL35;RPS29;RPL4;RPS2;UBA52;RPS9;RPL13A;RPL5;RPS16;RPL10A;RPS12;RPL27;RPL41;RPL36AL;RPS8;RPL22;RPL11;RPS19;RPL32;RPL30;RPL7;RPS23;RPL21;RPS17;RPL15;RPS24;RPL29;RPS27A;RPL37;RPL31;RPL7A;RPL18;RPL28;RPL27A;RPS18
P2,Reactome_Pathways_2024,gs_ind_0,InlA-mediated Entry of Listeria Monocytogenes Into Host Cells,2/9,0.00047140202870182124,0.003518435431615043,91.91370558375634,704.0405343731263,UBA52;RPS27A
P2,Reactome_Pathways_2024,gs_ind_0,InlB-mediated Entry of Listeria Monocytogenes Into Host Cell,2/15,0.00135532356897635,0.006711458057911734,51.05188945290468,337.1321310615674,UBA52;RPS27A
P2,Reactome_Pathways_2024,gs_ind_0,Innate Immune System,7/876,0.042307133519050216,0.06086082056511414,2.4261131082157363,7.673309485818789,UBA52;EEF1A1;HSP90AB1;EEF2;MIF;PPIA;RPS27A
P2,Reactome_Pathways_2024,gs_ind_0,Integration of Provirus,1/9,0.032531551648223855,0.04942108878712474,48.16937629323086,165.00635843822025,PPIA
P2,Reactome_Pathways_2024,gs_ind_0,Interactions of Rev With Host Cellular Proteins,1/34,0.11750120825052357,0.13847396395656666,12.21083027075677,26.147132213032688,NPM1
P2,Reactome_Pathways_2024,gs_ind_0,Interferon Alpha Beta Signaling,2/51,0.015106734484467503,0.030038487488419936,13.904783879403169,58.297400489932905,UBA52;RPS27A
P2,Reactome_Pathways_2024,gs_ind_0,Interferon Signaling,3/212,0.04326668345071607,0.061723938994788854,4.6192889052077595,14.506287272180145,NPM1;UBA52;RPS27A
P2,Reactome_Pathways_2024,gs_ind_0,Interleukin-1 Family Signaling,2/130,0.08258285929196632,0.1032285741149579,5.340713820142606,13.31948997282336,UBA52;RPS27A
P2,Reactome_Pathways_2024,gs_ind_0,Interleukin-1 Signaling,2/98,0.05042479164972612,0.0694352077529651,7.120144130875043,21.269809526662677,UBA52;RPS27A
P2,Reactome_Pathways_2024,gs_ind_0,Interleukin-12 Family Signaling,3/54,0.0010364831959978524,0.005865811493834,18.901219815782923,129.8877052258895,MIF;PPIA;RPLP0
P2,Reactome_Pathways_2024,gs_ind_0,Interleukin-12 Signaling,3/44,0.0005683074810166166,0.004091071267450254,23.464380599320357,175.34574836336898,MIF;PPIA;RPLP0
P2,Reactome_Pathways_2024,gs_ind_0,Interleukin-17 Signaling,2/70,0.027359022238275892,0.04430785048022668,10.04094260624699,36.13442976017837,UBA52;RPS27A
P2,Reactome_Pathways_2024,gs_ind_0,"Interleukin-3, Interleukin-5 and GM-CSF Signaling",2/46,0.012409204536678386,0.026851850152896508,15.469970911994524,67.90260291624776,UBA52;RPS27A
P2,Reactome_Pathways_2024,gs_ind_0,Intracellular Signaling by Second Messengers,2/294,0.2931887724252108,0.31391313471722154,2.3320317584276977,2.8612597876783425,UBA52;RPS27A
P2,Reactome_Pathways_2024,gs_ind_0,Ion Channel Transport,3/175,0.026703273687162712,0.04351957578762277,5.6177926421404685,20.35308921496018,UBA52;FXYD3;RPS27A
P2,Reactome_Pathways_2024,gs_ind_0,Ion Homeostasis,1/53,0.17709763410262688,0.20133616239040364,7.7862167982771,13.478362460655353,FXYD3
P2,Reactome_Pathways_2024,gs_ind_0,Ion Transport by P-type ATPases,1/54,0.18012145406991348,0.20432279481498997,7.640398252946978,13.096589333388202,FXYD3
P2,Reactome_Pathways_2024,gs_ind_0,Iron Uptake and Transport,2/53,0.016250039071976873,0.031226754186821228,13.363806613769652,55.05433909717196,UBA52;RPS27A
P2,Reactome_Pathways_2024,gs_ind_0,JNK (c-Jun Kinases) Phosphorylation and Activation Mediated by Activated Human TAK1,2/22,0.0029322720492415346,0.011269553025070076,33.610870372663115,196.01784692880852,UBA52;RPS27A
P2,Reactome_Pathways_2024,gs_ind_0,Josephin Domain DUBs,2/10,0.0005878432500802306,0.004091071267450254,81.09734249029562,603.2872040697225,UBA52;RPS27A
P2,Reactome_Pathways_2024,gs_ind_0,KEAP1-NFE2L2 Pathway,2/108,0.05988663235692436,0.07887881243942722,6.449202831200401,18.156453401817817,UBA52;RPS27A
P2,Reactome_Pathways_2024,gs_ind_0,Keratinization,3/136,0.013806025339229595,0.028902857925622933,7.269432440218957,31.132436027379924,KRT14;KRT5;PERP
P2,Reactome_Pathways_2024,gs_ind_0,L13a-mediated Translational Silencing of Ceruloplasmin Expression,80/105,5.807470239884059e-192,2.9908471735402904e-190,4179.763271162124,1840505.2253654727,RPS6;RPL37A;RPL12;RPS10;RPL22L1;RPS4X;RPL23;RPL10;RPS28;RPS3;RPS15;RPL39;RPL18A;RPS7;RPL23A;RPL36A;FAU;RPL19;RPL24;RPS15A;RPLP1;RPL34;RPL8;RPL14;RPL38;RPS13;RPS27;RPL6;RPS25;RPL17;RPS20;RPSA;RPS11;RPS14;RPL3;RPS5;RPS21;RPL26;RPL35A;RPS26;RPLP0;RPLP2;RPL36;RPL9;RPL13;RPL35;RPS29;RPL4;RPS2;UBA52;RPS9;RPL13A;RPL5;RPS16;RPL10A;RPS12;RPL27;RPL41;RPL36AL;RPS8;RPL22;RPL11;RPS19;RPL32;RPL30;RPL7;RPS23;RPL21;RPS17;RPL15;RPS24;RPL29;RPS27A;RPL37;RPL31;RPL7A;RPL18;RPL28;RPL27A;RPS18
P2,Reactome_Pathways_2024,gs_ind_0,Late Endosomal Microautophagy,2/31,0.005777366093801807,0.017001963076045318,23.348963262496774,120.33605948747785,UBA52;RPS27A
P2,Reactome_Pathways_2024,gs_ind_0,Late Phase of HIV Life Cycle,3/128,0.011737364038624892,0.02607400049337986,7.735110838696496,34.382397644943204,UBA52;PPIA;RPS27A
P2,Reactome_Pathways_2024,gs_ind_0,Late SARS-CoV-2 Infection Events,2/70,0.027359022238275892,0.04430785048022668,10.04094260624699,36.13442976017837,UBA52;RPS27A
P2,Reactome_Pathways_2024,gs_ind_0,Leishmania Infection,1/158,0.4413326282741778,0.45916424961858904,2.5853553481694185,2.114708027562443,HSP90AB1
P2,Reactome_Pathways_2024,gs_ind_0,Listeria Monocytogenes Entry Into Host Cells,2/20,0.0024233666823696197,0.009827038121420112,37.24722184113047,224.32502568471043,UBA52;RPS27A
P2,Reactome_Pathways_2024,gs_ind_0,M Phase,3/327,0.11897331863164608,0.13925286158022213,2.969531033937814,6.321704030616443,UBA52;RPS27;RPS27A
P2,Reactome_Pathways_2024,gs_ind_0,M-decay Degradation of Maternal mRNAs by Maternally Stored Factors,1/44,0.14938162196228383,0.17095896735683594,9.400277248310518,17.872286764451427,RPS2
P2,Reactome_Pathways_2024,gs_ind_0,MAP Kinase Activation,2/62,0.021830455727526316,0.037600952172829605,11.372026681209883,43.491738712177906,UBA52;RPS27A
P2,Reactome_Pathways_2024,gs_ind_0,MAP3K8 (TPL2)-dependent MAPK1 3 Activation,2/15,0.00135532356897635,0.006711458057911734,51.05188945290468,337.1321310615674,UBA52;RPS27A
P2,Reactome_Pathways_2024,gs_ind_0,MAPK Family Signaling Cascades,2/298,0.2986080907954911,0.31905221319435256,2.3002285547975108,2.7801098231547727,UBA52;RPS27A
P2,Reactome_Pathways_2024,gs_ind_0,MAPK1 MAPK3 Signaling,2/261,0.24838638833920926,0.2739164667980573,2.631818315190282,3.6655168783887775,UBA52;RPS27A
P2,Reactome_Pathways_2024,gs_ind_0,MAPK6 MAPK4 Signaling,2/74,0.030312462973749777,0.04702083864903956,9.485559250831438,33.163377457541245,UBA52;RPS27A
P2,Reactome_Pathways_2024,gs_ind_0,MTOR Signalling,1/41,0.1399391354800803,0.1615889120453842,10.097710776102735,19.85762987649694,RPS6
P2,Reactome_Pathways_2024,gs_ind_0,Macroautophagy,2/130,0.08258285929196632,0.1032285741149579,5.340713820142606,13.31948997282336,UBA52;RPS27A
P2,Reactome_Pathways_2024,gs_ind_0,Major Pathway of rRNA Processing in the Nucleolus and Cytosol,80/174,4.681086569321491e-165,1.1479807539050323e-163,1125.0054200542006,425682.9372055403,RPS6;RPL37A;RPL12;RPS10;RPL22L1;RPS4X;RPL23;RPL10;RPS28;RPS3;RPS15;RPL39;RPL18A;RPS7;RPL23A;RPL36A;FAU;RPL19;RPL24;RPS15A;RPLP1;RPL34;RPL8;RPL14;RPL38;RPS13;RPS27;RPL6;RPS25;RPL17;RPS20;RPSA;RPS11;RPS14;RPL3;RPS5;RPS21;RPL26;RPL35A;RPS26;RPLP0;RPLP2;RPL36;RPL9;RPL13;RPL35;RPS29;RPL4;RPS2;UBA52;RPS9;RPL13A;RPL5;RPS16;RPL10A;RPS12;RPL27;RPL41;RPL36AL;RPS8;RPL22;RPL11;RPS19;RPL32;RPL30;RPL7;RPS23;RPL21;RPS17;RPL15;RPS24;RPL29;RPS27A;RPL37;RPL31;RPL7A;RPL18;RPL28;RPL27A;RPS18
P2,Reactome_Pathways_2024,gs_ind_0,Maternal to Zygotic Transition (MZT),1/66,0.21556048026879066,0.24081051483389845,6.237868732977867,9.572095390817173,RPS2
P2,Reactome_Pathways_2024,gs_ind_0,Maturation of Protein E 9683683,2/4,7.951409136866566e-05,0.0007445410373611421,275.79187817258884,2603.358477507021,UBA52;RPS27A
P2,Reactome_Pathways_2024,gs_ind_0,Maturation of Protein E 9694493,2/4,7.951409136866566e-05,0.0007445410373611421,275.79187817258884,2603.358477507021,UBA52;RPS27A
P2,Reactome_Pathways_2024,gs_ind_0,Membrane Binding and Targetting of GAG Proteins,2/14,0.001177425879292313,0.0060637432783554115,55.13807106598985,371.87456739203236,UBA52;RPS27A
P2,Reactome_Pathways_2024,gs_ind_0,Membrane Trafficking,2/592,0.6420444249258419,0.6470702129878837,1.1423468883377677,0.5061713701922936,UBA52;RPS27A
P2,Reactome_Pathways_2024,gs_ind_0,Metabolism of Amino Acids and Derivatives,80/335,2.429972595717239e-137,4.813214949209147e-136,413.62345472769795,130111.99054808017,RPS6;RPL37A;RPL12;RPS10;RPL22L1;RPS4X;RPL23;RPL10;RPS28;RPS3;RPS15;RPL39;RPL18A;RPS7;RPL23A;RPL36A;FAU;RPL19;RPL24;RPS15A;RPLP1;RPL34;RPL8;RPL14;RPL38;RPS13;RPS27;RPL6;RPS25;RPL17;RPS20;RPSA;RPS11;RPS14;RPL3;RPS5;RPS21;RPL26;RPL35A;RPS26;RPLP0;RPLP2;RPL36;RPL9;RPL13;RPL35;RPS29;RPL4;RPS2;UBA52;RPS9;RPL13A;RPL5;RPS16;RPL10A;RPS12;RPL27;RPL41;RPL36AL;RPS8;RPL22;RPL11;RPS19;RPL32;RPL30;RPL7;RPS23;RPL21;RPS17;RPL15;RPS24;RPL29;RPS27A;RPL37;RPL31;RPL7A;RPL18;RPL28;RPL27A;RPS18
P2,Reactome_Pathways_2024,gs_ind_0,Metabolism of Carbohydrates,2/272,0.26332067941012616,0.2897652775560149,2.5237621625679085,3.3676645086217984,UBA52;RPS27A
P2,Reactome_Pathways_2024,gs_ind_0,Metabolism of RNA,80/691,6.680620029945587e-110,1.0751622860693679e-108,170.53612667770176,42870.24968761845,RPS6;RPL37A;RPL12;RPS10;RPL22L1;RPS4X;RPL23;RPL10;RPS28;RPS3;RPS15;RPL39;RPL18A;RPS7;RPL23A;RPL36A;FAU;RPL19;RPL24;RPS15A;RPLP1;RPL34;RPL8;RPL14;RPL38;RPS13;RPS27;RPL6;RPS25;RPL17;RPS20;RPSA;RPS11;RPS14;RPL3;RPS5;RPS21;RPL26;RPL35A;RPS26;RPLP0;RPLP2;RPL36;RPL9;RPL13;RPL35;RPS29;RPL4;RPS2;UBA52;RPS9;RPL13A;RPL5;RPS16;RPL10A;RPS12;RPL27;RPL41;RPL36AL;RPS8;RPL22;RPL11;RPS19;RPL32;RPL30;RPL7;RPS23;RPL21;RPS17;RPL15;RPS24;RPL29;RPS27A;RPL37;RPL31;RPL7A;RPL18;RPL28;RPL27A;RPS18
P2,Reactome_Pathways_2024,gs_ind_0,Metalloprotease DUBs,2/17,0.0017470948129191322,0.007690203663703873,44.4612739479286,282.3202407734291,UBA52;RPS27A
P2,Reactome_Pathways_2024,gs_ind_0,Minus-strand DNA Synthesis,1/1,0.0036674368284006303,0.01311618032379392,819.1206030150754,4593.843174761641,PPIA
P2,Reactome_Pathways_2024,gs_ind_0,Mitochondrial Translation,1/94,0.29246217540983005,0.3137875423667968,4.365329320398786,5.3668228915658895,RPS12
P2,Reactome_Pathways_2024,gs_ind_0,Mitochondrial Translation Elongation,1/88,0.2766380581250635,0.3012021140262319,4.665699928212491,5.995635654658517,RPS12
P2,Reactome_Pathways_2024,gs_ind_0,Mitochondrial Translation Initiation,1/88,0.2766380581250635,0.3012021140262319,4.665699928212491,5.995635654658517,RPS12
P2,Reactome_Pathways_2024,gs_ind_0,Mitochondrial Translation Termination,1/88,0.2766380581250635,0.3012021140262319,4.665699928212491,5.995635654658517,RPS12
P2,Reactome_Pathways_2024,gs_ind_0,Mitophagy,2/36,0.007734859472020119,0.020427962195335186,19.96137717943059,97.05257441117668,UBA52;RPS27A
P2,Reactome_Pathways_2024,gs_ind_0,Mitotic Anaphase,3/210,0.04226562188675798,0.06086082056511414,4.664158171146123,14.756376144280527,UBA52;RPS27;RPS27A
P2,Reactome_Pathways_2024,gs_ind_0,Mitotic G1 Phase and G1 S Transition,2/136,0.08916823114596724,0.10933723580993603,5.101334138471119,12.331100245264658,UBA52;RPS27A
P2,Reactome_Pathways_2024,gs_ind_0,Mitotic G2-G2 M Phases,3/173,0.025927406932170095,0.04239152234297378,5.6841115873373935,20.760960008874562,UBA52;HSP90AB1;RPS27A
P2,Reactome_Pathways_2024,gs_ind_0,Mitotic Metaphase and Anaphase,3/211,0.04276466802803583,0.06134764354996783,4.641615938018815,14.630573168533909,UBA52;RPS27;RPS27A
P2,Reactome_Pathways_2024,gs_ind_0,Mitotic Prometaphase,1/189,0.5018376152552932,0.5158610216696128,2.157698305852872,1.487686995308176,RPS27
P2,Reactome_Pathways_2024,gs_ind_0,Mitotic Spindle Checkpoint,1/107,0.32558164117311317,0.3464350107523828,3.830632033406469,4.298513210159991,RPS27
P2,Reactome_Pathways_2024,gs_ind_0,Modulation by Mtb of Host Immune System,2/8,0.00036752525526596207,0.0029574297884682886,106.05818039828192,838.7842954985956,UBA52;RPS27A
P2,Reactome_Pathways_2024,gs_ind_0,Muscle Contraction,1/194,0.5109692487578195,0.5242015201399941,2.1015542830431224,1.411079942134045,FXYD3
P2,Reactome_Pathways_2024,gs_ind_0,MyD88 Cascade Initiated on Plasma Membrane,2/92,0.045036475505884827,0.0635446161247416,7.5938805844574695,23.54317546844409,UBA52;RPS27A
P2,Reactome_Pathways_2024,gs_ind_0,MyD88 Dependent Cascade Initiated on Endosome,2/99,0.05134448669410536,0.07051309505990469,7.046856696602889,20.92351080553939,UBA52;RPS27A
P2,Reactome_Pathways_2024,gs_ind_0,MyD88 MAL(TIRAP) Cascade Initiated on Plasma Membrane,2/110,0.06184724982587877,0.0808409483764659,6.3298556691384595,17.616543115999026,UBA52;RPS27A
P2,Reactome_Pathways_2024,gs_ind_0,MyD88-independent TLR4 Cascade,2/105,0.05698742040424429,0.07579997687948715,6.6368719193702645,19.014138492752263,UBA52;RPS27A
P2,Reactome_Pathways_2024,gs_ind_0,Myoclonic Epilepsy of Lafora,2/8,0.00036752525526596207,0.0029574297884682886,106.05818039828192,838.7842954985956,UBA52;RPS27A
P2,Reactome_Pathways_2024,gs_ind_0,N-glycan Trimming in the ER and Calnexin Calreticulin Cycle,2/34,0.006920538539157067,0.019525397836969965,21.191331511128464,105.39003713901994,UBA52;RPS27A
P2,Reactome_Pathways_2024,gs_ind_0,NF-kB Is Activated and Signals Survival,2/13,0.001011639008733172,0.005853866174130152,59.93489295961157,413.3220188529541,UBA52;RPS27A
P2,Reactome_Pathways_2024,gs_ind_0,NIK-->noncanonical NF-kB Signaling,2/45,0.011897844885328674,0.02607400049337986,15.826185891825661,70.13212846654835,UBA52;RPS27A
P2,Reactome_Pathways_2024,gs_ind_0,NOD1 2 Signaling Pathway,2/36,0.007734859472020119,0.020427962195335186,19.96137717943059,97.05257441117668,UBA52;RPS27A
P2,Reactome_Pathways_2024,gs_ind_0,NOTCH1 Intracellular Domain Regulates Transcription,2/47,0.012930045847825955,0.027516419882770107,15.129413733474648,65.7857401005744,UBA52;RPS27A
P2,Reactome_Pathways_2024,gs_ind_0,NOTCH2 Activation and Transmission of Signal to the Nucleus,2/21,0.002672071389799249,0.010585513582666257,35.33580632565404,209.361165044795,UBA52;RPS27A
P2,Reactome_Pathways_2024,gs_ind_0,NOTCH3 Activation and Transmission of Signal to the Nucleus,2/24,0.003486817880202735,0.012826508630745775,30.62098138747885,173.27696042731014,UBA52;RPS27A
P2,Reactome_Pathways_2024,gs_ind_0,NRIF Signals Cell Death From the Nucleus,2/16,0.0015452428094651371,0.007105357561379872,47.529319096796776,307.6370456108159,UBA52;RPS27A
P2,Reactome_Pathways_2024,gs_ind_0,Neddylation,2/225,0.19989626210472938,0.22576003285950796,3.0598235274077608,4.926183500379025,UBA52;RPS27A
P2,Reactome_Pathways_2024,gs_ind_0,Negative Regulation of FGFR1 Signaling,2/31,0.005777366093801807,0.017001963076045318,23.348963262496774,120.33605948747785,UBA52;RPS27A
P2,Reactome_Pathways_2024,gs_ind_0,Negative Regulation of FGFR2 Signaling,2/33,0.006528959345856643,0.018576873276884922,21.864877930867777,110.01330196389596,UBA52;RPS27A
P2,Reactome_Pathways_2024,gs_ind_0,Negative Regulation of FGFR3 Signaling,2/29,0.00506840162905688,0.016212589061890017,25.04891555145362,132.37674976169106,UBA52;RPS27A
P2,Reactome_Pathways_2024,gs_ind_0,Negative Regulation of FGFR4 Signaling,2/30,0.005417514395149481,0.016706706068874148,24.169115682607533,126.11730163340725,UBA52;RPS27A
P2,Reactome_Pathways_2024,gs_ind_0,Negative Regulation of FLT3,2/14,0.001177425879292313,0.0060637432783554115,55.13807106598985,371.87456739203236,UBA52;RPS27A
P2,Reactome_Pathways_2024,gs_ind_0,Negative Regulation of MAPK Pathway,2/43,0.010903872514168692,0.024957752643541675,16.590116812427375,74.96472024703068,UBA52;RPS27A
P2,Reactome_Pathways_2024,gs_ind_0,Negative Regulation of MET Activity,2/21,0.002672071389799249,0.010585513582666257,35.33580632565404,209.361165044795,UBA52;RPS27A
P2,Reactome_Pathways_2024,gs_ind_0,Negative Regulation of NOTCH4 Signaling,2/43,0.010903872514168692,0.024957752643541675,16.590116812427375,74.96472024703068,UBA52;RPS27A
P2,Reactome_Pathways_2024,gs_ind_0,Negative Regulators of DDX58 IFIH1 Signaling,2/31,0.005777366093801807,0.017001963076045318,23.348963262496774,120.33605948747785,UBA52;RPS27A
P2,Reactome_Pathways_2024,gs_ind_0,Nervous System Development,81/542,2.9245953095500997e-121,5.3791663729225045e-120,241.8623496402478,67126.38948181392,RPS6;RPL37A;RPL12;RPS10;RPL22L1;RPS4X;RPL23;RPL10;RPS28;RPS3;RPS15;RPL39;RPL18A;RPS7;RPL23A;RPL36A;FAU;RPL19;RPL24;RPS15A;RPLP1;RPL34;RPL8;RPL14;RPL38;RPS13;RPS27;RPL6;RPS25;RPL17;RPS20;RPSA;RPS11;RPS14;RPL3;RPS5;RPS21;RPL26;RPL35A;RPS26;RPLP0;RPLP2;RPL36;RPL9;RPL13;RPL35;RPS29;RPL4;RPS2;UBA52;RPS9;RPL13A;RPL5;RPS16;RPL10A;RPS12;RPL27;RPL41;RPL36AL;RPS8;HSP90AB1;RPL22;RPL11;RPS19;RPL32;RPL30;RPL7;RPS23;RPL21;RPS17;RPL15;RPS24;RPL29;RPS27A;RPL37;RPL31;RPL7A;RPL18;RPL28;RPL27A;RPS18
P2,Reactome_Pathways_2024,gs_ind_0,Neutrophil Degranulation,5/410,0.017649108730451647,0.033284981054318416,3.8009761073201593,15.344806589770076,HSP90AB1;EEF1A1;EEF2;MIF;PPIA
P2,Reactome_Pathways_2024,gs_ind_0,Nonsense Mediated Decay (NMD) Enhanced by the Exon Junction Complex (EJC),80/111,1.778159156668201e-188,6.541085469172311e-187,3382.869918699187,1462449.911418381,RPS6;RPL37A;RPL12;RPS10;RPL22L1;RPS4X;RPL23;RPL10;RPS28;RPS3;RPS15;RPL39;RPL18A;RPS7;RPL23A;RPL36A;FAU;RPL19;RPL24;RPS15A;RPLP1;RPL34;RPL8;RPL14;RPL38;RPS13;RPS27;RPL6;RPS25;RPL17;RPS20;RPSA;RPS11;RPS14;RPL3;RPS5;RPS21;RPL26;RPL35A;RPS26;RPLP0;RPLP2;RPL36;RPL9;RPL13;RPL35;RPS29;RPL4;RPS2;UBA52;RPS9;RPL13A;RPL5;RPS16;RPL10A;RPS12;RPL27;RPL41;RPL36AL;RPS8;RPL22;RPL11;RPS19;RPL32;RPL30;RPL7;RPS23;RPL21;RPS17;RPL15;RPS24;RPL29;RPS27A;RPL37;RPL31;RPL7A;RPL18;RPL28;RPL27A;RPS18
P2,Reactome_Pathways_2024,gs_ind_0,Nonsense Mediated Decay (NMD) Independent of the Exon Junction Complex (EJC),80/91,2.850303321088552e-202,2.4465103506010072e-200,9272.951219512195,4303342.642915604,RPS6;RPL37A;RPL12;RPS10;RPL22L1;RPS4X;RPL23;RPL10;RPS28;RPS3;RPS15;RPL39;RPL18A;RPS7;RPL23A;FAU;RPL36A;RPL19;RPL24;RPLP1;RPS15A;RPL34;RPL8;RPL14;RPL38;RPS13;RPS27;RPL6;RPS25;RPL17;RPS20;RPSA;RPS11;RPS14;RPL3;RPS5;RPS21;RPL26;RPL35A;RPS26;RPLP0;RPLP2;RPL36;RPL9;RPL13;RPL35;RPS29;RPL4;RPS2;UBA52;RPS9;RPL13A;RPL5;RPL10A;RPS16;RPS12;RPL27;RPL36AL;RPL41;RPS8;RPL22;RPL11;RPS19;RPL32;RPL30;RPL7;RPS23;RPL21;RPS17;RPL15;RPS24;RPL29;RPS27A;RPL37;RPL31;RPL7A;RPL18;RPL28;RPL27A;RPS18
P2,Reactome_Pathways_2024,gs_ind_0,Nonsense-Mediated Decay (NMD),80/111,1.778159156668201e-188,6.541085469172311e-187,3382.869918699187,1462449.911418381,RPS6;RPL37A;RPL12;RPS10;RPL22L1;RPS4X;RPL23;RPL10;RPS28;RPS3;RPS15;RPL39;RPL18A;RPS7;RPL23A;RPL36A;FAU;RPL19;RPL24;RPS15A;RPLP1;RPL34;RPL8;RPL14;RPL38;RPS13;RPS27;RPL6;RPS25;RPL17;RPS20;RPSA;RPS11;RPS14;RPL3;RPS5;RPS21;RPL26;RPL35A;RPS26;RPLP0;RPLP2;RPL36;RPL9;RPL13;RPL35;RPS29;RPL4;RPS2;UBA52;RPS9;RPL13A;RPL5;RPS16;RPL10A;RPS12;RPL27;RPL41;RPL36AL;RPS8;RPL22;RPL11;RPS19;RPL32;RPL30;RPL7;RPS23;RPL21;RPS17;RPL15;RPS24;RPL29;RPS27A;RPL37;RPL31;RPL7A;RPL18;RPL28;RPL27A;RPS18
P2,Reactome_Pathways_2024,gs_ind_0,Nuclear Events Mediated by NFE2L2,2/83,0.03739217545002293,0.055495591806229996,8.435271402323192,27.720780186823443,UBA52;RPS27A
P2,Reactome_Pathways_2024,gs_ind_0,Nuclear Events Stimulated by ALK Signaling in Cancer,2/31,0.005777366093801807,0.017001963076045318,23.348963262496774,120.33605948747785,RPS6;NPM1
P2,Reactome_Pathways_2024,gs_ind_0,Nuclear Import of Rev Protein,1/31,0.10770844937287086,0.12840243385886224,13.413378367246066,29.88939646374393,NPM1
P2,Reactome_Pathways_2024,gs_ind_0,Nucleosome Assembly,1/26,0.09114756758275655,0.11123459077042565,16.046408513154006,38.435568598252985,NPM1
P2,Reactome_Pathways_2024,gs_ind_0,Nucleotide Excision Repair,2/107,0.05891461336750041,0.07779750226734028,6.51057329131282,18.43576977423768,UBA52;RPS27A
P2,Reactome_Pathways_2024,gs_ind_0,"Nucleotide-binding Domain, Leucine Rich Repeat Containing Receptor (NLR) Signaling Pathways",3/54,0.0010364831959978524,0.005865811493834,18.901219815782923,129.8877052258895,UBA52;HSP90AB1;RPS27A
P2,Reactome_Pathways_2024,gs_ind_0,Oncogene Induced Senescence,2/32,0.006147874877934131,0.01768801990020155,22.582591328950652,114.98262415798024,UBA52;RPS27A
P2,Reactome_Pathways_2024,gs_ind_0,Orc1 Removal From Chromatin,2/57,0.018643659746222566,0.03380804496234022,12.398820139936891,49.37519097169622,UBA52;RPS27A
P2,Reactome_Pathways_2024,gs_ind_0,Ovarian Tumor Domain Proteases,2/36,0.007734859472020119,0.020427962195335186,19.96137717943059,97.05257441117668,UBA52;RPS27A
P2,Reactome_Pathways_2024,gs_ind_0,Oxidative Stress Induced Senescence,2/63,0.02249308377240486,0.0383574110688361,11.186702983781107,42.44847477669753,UBA52;RPS27A
P2,Reactome_Pathways_2024,gs_ind_0,Oxygen-dependent Proline Hydroxylation of Hypoxia-inducible Factor Alpha,2/51,0.015106734484467503,0.030038487488419936,13.904783879403169,58.297400489932905,UBA52;RPS27A
P2,Reactome_Pathways_2024,gs_ind_0,P75 NTR Receptor-Mediated Signalling,2/97,0.0495111858247973,0.06872846549803399,7.194966380524623,21.62487911394833,UBA52;RPS27A
P2,Reactome_Pathways_2024,gs_ind_0,PCP CE Pathway,2/79,0.0341732705050247,0.0510122733625731,8.871950221057803,29.954467600258326,UBA52;RPS27A
P2,Reactome_Pathways_2024,gs_ind_0,PINK1-PRKN Mediated Mitophagy,2/29,0.00506840162905688,0.016212589061890017,25.04891555145362,132.37674976169106,UBA52;RPS27A
P2,Reactome_Pathways_2024,gs_ind_0,PIP3 Activates AKT Signaling,2/255,0.24025282362225442,0.26665992277039013,2.694710599825789,3.842828371135864,UBA52;RPS27A
P2,Reactome_Pathways_2024,gs_ind_0,PKR-mediated Signaling,1/66,0.21556048026879066,0.24081051483389845,6.237868732977867,9.572095390817173,NPM1
P2,Reactome_Pathways_2024,gs_ind_0,PTEN Regulation,2/127,0.0793496403746992,0.10015947253178943,5.468986996177725,13.857818920317452,UBA52;RPS27A
P2,Reactome_Pathways_2024,gs_ind_0,PTK6 Regulates RTKs and Their Effectors AKT1 and DOK1,2/9,0.00047140202870182124,0.003518435431615043,91.91370558375634,704.0405343731263,UBA52;RPS27A
P2,Reactome_Pathways_2024,gs_ind_0,Parasitic Infection Pathways,1/158,0.4413326282741778,0.45916424961858904,2.5853553481694185,2.114708027562443,HSP90AB1
P2,Reactome_Pathways_2024,gs_ind_0,Peptide Chain Elongation,82/85,3.076944429676452e-217,7.923131906416864e-215,34611.138996138994,17254934.375794478,EEF1A1;RPS6;RPL37A;RPL12;RPS10;RPL22L1;RPS4X;RPL23;RPL10;RPS28;RPS3;EEF2;RPS15;RPL39;RPL18A;RPS7;RPL23A;FAU;RPL36A;RPL24;RPL19;RPLP1;RPS15A;RPL34;RPL8;RPL14;RPL38;RPS13;RPS27;RPL6;RPS25;RPL17;RPS20;RPSA;RPS11;RPS14;RPL3;RPS5;RPS21;RPL26;RPL35A;RPS26;RPLP0;RPLP2;RPL36;RPL9;RPL13;RPL35;RPS29;RPL4;RPS2;UBA52;RPS9;RPL13A;RPL5;RPL10A;RPS16;RPS12;RPL27;RPL36AL;RPL41;RPS8;RPL22;RPL11;RPS19;RPL32;RPL30;RPL7;RPS23;RPL21;RPS17;RPL15;RPS24;RPL29;RPS27A;RPL37;RPL31;RPL7A;RPL18;RPL28;RPL27A;RPS18
P2,Reactome_Pathways_2024,gs_ind_0,Peroxisomal Protein Import,2/61,0.021176158269771574,0.03684365374639311,11.56357974661946,44.576204662481985,UBA52;RPS27A
P2,Reactome_Pathways_2024,gs_ind_0,Pexophagy,2/10,0.0005878432500802306,0.004091071267450254,81.09734249029562,603.2872040697225,UBA52;RPS27A
P2,Reactome_Pathways_2024,gs_ind_0,Phase I - Functionalization of Compounds,1/67,0.21844434306696422,0.2435039754967242,6.1438394982430955,9.346156217905994,HSP90AB1
P2,Reactome_Pathways_2024,gs_ind_0,"Plasma Lipoprotein Assembly, Remodeling, and Clearance",2/68,0.025928795219488817,0.04239152234297378,10.343689172169,37.779302158526356,UBA52;RPS27A
P2,Reactome_Pathways_2024,gs_ind_0,Plasma Lipoprotein Clearance,2/36,0.007734859472020119,0.020427962195335186,19.96137717943059,97.05257441117668,UBA52;RPS27A
P2,Reactome_Pathways_2024,gs_ind_0,"Platelet Activation, Signaling and Aggregation",1/253,0.6069810036204861,0.6153449150876975,1.6069754714164883,0.8022950126900641,PPIA
P2,Reactome_Pathways_2024,gs_ind_0,Platelet Degranulation,1/122,0.36189289988906953,0.3826998838662645,3.355853340777964,3.41091271777895,PPIA
P2,Reactome_Pathways_2024,gs_ind_0,Plus-strand DNA Synthesis,1/1,0.0036674368284006303,0.01311618032379392,819.1206030150754,4593.843174761641,PPIA
P2,Reactome_Pathways_2024,gs_ind_0,Post-translational Protein Modification,10/1329,0.023969700462548184,0.04046269840986034,2.2728285241144834,8.479843053903142,NPM1;EEF1A1;RPS6;RPL8;RPS23;EEF2;UBA52;RPL27A;RPS2;RPS27A
P2,Reactome_Pathways_2024,gs_ind_0,Potential Therapeutics for SARS,2/100,0.052270215019552466,0.07121471093933734,6.975057332062151,20.585685999872638,FXYD3;HSP90AB1
P2,Reactome_Pathways_2024,gs_ind_0,Prevention of Phagosomal-Lysosomal Fusion,2/9,0.00047140202870182124,0.003518435431615043,91.91370558375634,704.0405343731263,UBA52;RPS27A
P2,Reactome_Pathways_2024,gs_ind_0,Processing of DNA Double-Strand Break Ends,2/60,0.02053026038097425,0.03633362232371732,11.761681634778082,45.70419368287942,UBA52;RPS27A
P2,Reactome_Pathways_2024,gs_ind_0,Programmed Cell Death,2/180,0.14146946888587944,0.1629905514009573,3.837606108433221,7.505096329481767,UBA52;RPS27A
P2,Reactome_Pathways_2024,gs_ind_0,Protein Hydroxylation,4/18,5.009085368394254e-07,5.6079977493979154e-06,87.32588886903699,1266.8228997291344,RPS6;RPL27A;RPL8;RPS23
P2,Reactome_Pathways_2024,gs_ind_0,Protein Localization,2/151,0.10626883553345208,0.1269801631084172,4.586948033207137,10.2829430918581,UBA52;RPS27A
P2,Reactome_Pathways_2024,gs_ind_0,Protein Methylation,3/15,2.109089634606273e-05,0.0002088809926581213,77.98502564102564,839.6389629759728,EEF1A1;RPS2;EEF2
P2,Reactome_Pathways_2024,gs_ind_0,Protein Ubiquitination,2/61,0.021176158269771574,0.03684365374639311,11.56357974661946,44.576204662481985,UBA52;RPS27A
P2,Reactome_Pathways_2024,gs_ind_0,Purinergic Signaling in Leishmaniasis Infection,1/24,0.08443833551787916,0.10453303555698983,17.41334331230621,43.0411486823959,HSP90AB1
P2,Reactome_Pathways_2024,gs_ind_0,Pyruvate Metabolism,2/45,0.011897844885328674,0.02607400049337986,15.826185891825661,70.13212846654835,UBA52;RPS27A
P2,Reactome_Pathways_2024,gs_ind_0,RAF MAP Kinase Cascade,2/256,0.24160754102635204,0.26758684651305653,2.6840226182521714,3.8124946997630405,UBA52;RPS27A
P2,Reactome_Pathways_2024,gs_ind_0,RAS Processing,2/23,0.0032038827084998585,0.012043792663338883,32.046393578089955,184.05499596364183,UBA52;RPS27A
P2,Reactome_Pathways_2024,gs_ind_0,RHO GTPase Cycle,1/434,0.7995948251682946,0.7995948251682946,0.9297177931178383,0.20793152217068375,HSP90AB1
P2,Reactome_Pathways_2024,gs_ind_0,RHO GTPase Effectors,1/254,0.6084358751551705,0.6156023794540832,1.6005768487407452,0.7952686215343101,RPS27
P2,Reactome_Pathways_2024,gs_ind_0,RHO GTPases Activate Formins,1/130,0.3804604463144057,0.39905729094077175,3.1476106400729518,3.041766122634939,RPS27
P2,Reactome_Pathways_2024,gs_ind_0,RHOBTB GTPase Cycle,1/35,0.12074175755375664,0.13973484301165096,11.856456194013546,25.06574885089274,HSP90AB1
P2,Reactome_Pathways_2024,gs_ind_0,RHOBTB2 GTPase Cycle,1/23,0.08106535561630931,0.10207495878337236,18.187939698492464,45.697191038775365,HSP90AB1
P2,Reactome_Pathways_2024,gs_ind_0,RIPK1-mediated Regulated Necrosis,2/29,0.00506840162905688,0.016212589061890017,25.04891555145362,132.37674976169106,UBA52;RPS27A
P2,Reactome_Pathways_2024,gs_ind_0,RMTs Methylate Histone Arginines,1/32,0.11098459693722368,0.1316983120338023,12.987078248384782,28.550323385514286,RPS2
P2,Reactome_Pathways_2024,gs_ind_0,RNA Polymerase II Transcription,4/943,0.4562803374928049,0.47091056875509923,1.3018527659128574,1.0214960169609355,NPM1;UBA52;RPS27A;PERP
P2,Reactome_Pathways_2024,gs_ind_0,RSV-host Interactions,2/79,0.0341732705050247,0.0510122733625731,8.871950221057803,29.954467600258326,UBA52;RPS27A
P2,Reactome_Pathways_2024,gs_ind_0,RUNX1 Regulates Transcription of Genes Involved in Differentiation of HSCs,2/58,0.01926394116891126,0.034688565391570975,12.178922779749337,48.10090230987296,UBA52;RPS27A
P2,Reactome_Pathways_2024,gs_ind_0,Recognition of DNA Damage by PCNA-containing Replication Complex,2/30,0.005417514395149481,0.016706706068874148,24.169115682607533,126.11730163340725,UBA52;RPS27A
P2,Reactome_Pathways_2024,gs_ind_0,Recruitment and ATM-med Phosphorylation of Repair and Signaling Proteins at DNA Double Strand Breaks,2/39,0.009033052607095308,0.022582631517738268,18.36243654822335,86.42950837860433,UBA52;RPS27A
P2,Reactome_Pathways_2024,gs_ind_0,Regulated Necrosis,2/51,0.015106734484467503,0.030038487488419936,13.904783879403169,58.297400489932905,UBA52;RPS27A
P2,Reactome_Pathways_2024,gs_ind_0,Regulation of APC C Activators Between G1 S and Early Anaphase,2/67,0.025225535589331237,0.04190693815646964,10.50199558259387,38.64627758646783,UBA52;RPS27A
P2,Reactome_Pathways_2024,gs_ind_0,Regulation of Actin Dynamics for Phagocytic Cup Formation,1/61,0.20098238691296091,0.22648999838112663,6.754640973462353,10.838078132200403,HSP90AB1
P2,Reactome_Pathways_2024,gs_ind_0,Regulation of Activated PAK-2p34 by Proteasome Mediated Degradation,2/37,0.00815744149226313,0.021217587719775312,19.398369914921,93.2833604212486,UBA52;RPS27A
P2,Reactome_Pathways_2024,gs_ind_0,Regulation of Apoptosis,2/40,0.009485924585703225,0.02315284910728512,17.884830905135473,83.3065801812143,UBA52;RPS27A
P2,Reactome_Pathways_2024,gs_ind_0,Regulation of BACH1 Activity,2/10,0.0005878432500802306,0.004091071267450254,81.09734249029562,603.2872040697225,UBA52;RPS27A
P2,Reactome_Pathways_2024,gs_ind_0,Regulation of Expression of SLITs and ROBOs,80/154,7.508073637098424e-171,1.9333289615528442e-169,1428.0744802750041,559414.0066465632,RPS6;RPL37A;RPL12;RPS10;RPL22L1;RPS4X;RPL23;RPL10;RPS28;RPS3;RPS15;RPL39;RPL18A;RPS7;RPL23A;RPL36A;FAU;RPL19;RPL24;RPS15A;RPLP1;RPL34;RPL8;RPL14;RPL38;RPS13;RPS27;RPL6;RPS25;RPL17;RPS20;RPSA;RPS11;RPS14;RPL3;RPS5;RPS21;RPL26;RPL35A;RPS26;RPLP0;RPLP2;RPL36;RPL9;RPL13;RPL35;RPS29;RPL4;RPS2;UBA52;RPS9;RPL13A;RPL5;RPS16;RPL10A;RPS12;RPL27;RPL41;RPL36AL;RPS8;RPL22;RPL11;RPS19;RPL32;RPL30;RPL7;RPS23;RPL21;RPS17;RPL15;RPS24;RPL29;RPS27A;RPL37;RPL31;RPL7A;RPL18;RPL28;RPL27A;RPS18
P2,Reactome_Pathways_2024,gs_ind_0,Regulation of FZD by Ubiquitination,2/21,0.002672071389799249,0.010585513582666257,35.33580632565404,209.361165044795,UBA52;RPS27A
P2,Reactome_Pathways_2024,gs_ind_0,Regulation of Innate Immune Responses to Cytosolic DNA,2/12,0.000858052708375621,0.005388989570895669,65.64539521392314,463.51196245261565,UBA52;RPS27A
P2,Reactome_Pathways_2024,gs_ind_0,Regulation of Mitotic Cell Cycle,2/74,0.030312462973749777,0.04702083864903956,9.485559250831438,33.163377457541245,UBA52;RPS27A
P2,Reactome_Pathways_2024,gs_ind_0,Regulation of NF-kappa B Signaling,2/17,0.0017470948129191322,0.007690203663703873,44.4612739479286,282.3202407734291,UBA52;RPS27A
P2,Reactome_Pathways_2024,gs_ind_0,Regulation of Necroptotic Cell Death,2/29,0.00506840162905688,0.016212589061890017,25.04891555145362,132.37674976169106,UBA52;RPS27A
P2,Reactome_Pathways_2024,gs_ind_0,Regulation of PLK1 Activity at G2 M Transition,2/84,0.03821447511443986,0.05591038262481968,8.332718043377941,27.20249890617154,UBA52;RPS27A
P2,Reactome_Pathways_2024,gs_ind_0,Regulation of PTEN Localization,2/9,0.00047140202870182124,0.003518435431615043,91.91370558375634,704.0405343731263,UBA52;RPS27A
P2,Reactome_Pathways_2024,gs_ind_0,Regulation of PTEN Stability and Activity,2/56,0.018032057697388037,0.033284981054318416,12.626787128021236,50.70417843849184,UBA52;RPS27A
P2,Reactome_Pathways_2024,gs_ind_0,Regulation of Pyruvate Metabolism,2/32,0.006147874877934131,0.01768801990020155,22.582591328950652,114.98262415798024,UBA52;RPS27A
P2,Reactome_Pathways_2024,gs_ind_0,Regulation of RAS by GAPs,2/55,0.017429205952379016,0.03312192275083097,12.863276246501258,52.09122609642645,UBA52;RPS27A
P2,Reactome_Pathways_2024,gs_ind_0,Regulation of RUNX2 Expression and Activity,2/57,0.018643659746222566,0.03380804496234022,12.398820139936891,49.37519097169622,UBA52;RPS27A
P2,Reactome_Pathways_2024,gs_ind_0,Regulation of RUNX3 Expression and Activity,2/45,0.011897844885328674,0.02607400049337986,15.826185891825661,70.13212846654835,UBA52;RPS27A
P2,Reactome_Pathways_2024,gs_ind_0,Regulation of Signaling by CBL,2/22,0.0029322720492415346,0.011269553025070076,33.610870372663115,196.01784692880852,UBA52;RPS27A
P2,Reactome_Pathways_2024,gs_ind_0,"Regulation of TBK1, IKKε (IKBKE)-mediated Activation of IRF3, IRF7",2/14,0.001177425879292313,0.0060637432783554115,55.13807106598985,371.87456739203236,UBA52;RPS27A
P2,Reactome_Pathways_2024,gs_ind_0,"Regulation of TBK1, IKKε-mediated Activation of IRF3, IRF7 Upon TLR3 Ligation",2/11,0.0007167572143387991,0.004672531207398501,72.5581084691424,525.3768208799154,UBA52;RPS27A
P2,Reactome_Pathways_2024,gs_ind_0,Regulation of TNFR1 Signaling,3/47,0.0006902750358578446,0.004672531207398501,21.880092192451745,159.2525101792033,UBA52;RACK1;RPS27A
P2,Reactome_Pathways_2024,gs_ind_0,Regulation of TP53 Activity,2/147,0.10162510794852447,0.1225689241065342,4.713747448846093,10.777816905584954,UBA52;RPS27A
P2,Reactome_Pathways_2024,gs_ind_0,Regulation of TP53 Activity Through Methylation,2/17,0.0017470948129191322,0.007690203663703873,44.4612739479286,282.3202407734291,UBA52;RPS27A
P2,Reactome_Pathways_2024,gs_ind_0,Regulation of TP53 Activity Through Phosphorylation,2/86,0.03987973471406768,0.057691189263328245,8.134893220797165,26.209706600710042,UBA52;RPS27A
P2,Reactome_Pathways_2024,gs_ind_0,Regulation of TP53 Degradation,2/35,0.0073225319405974265,0.02005906356067912,20.557996817940754,101.07954060774392,UBA52;RPS27A
P2,Reactome_Pathways_2024,gs_ind_0,Regulation of TP53 Expression and Degradation,2/36,0.007734859472020119,0.020427962195335186,19.96137717943059,97.05257441117668,UBA52;RPS27A
P2,Reactome_Pathways_2024,gs_ind_0,Regulation of mRNA Stability by Proteins That Bind AU-rich Elements,2/75,0.031069815444296947,0.04762188974349085,9.356158707137677,32.4800779995198,UBA52;RPS27A
P2,Reactome_Pathways_2024,gs_ind_0,Resolution of Sister Chromatid Cohesion,1/116,0.3476066941244921,0.36910813912188334,3.5309665209162695,3.7311145124347598,RPS27
P2,Reactome_Pathways_2024,gs_ind_0,"Respiratory Syncytial Virus (RSV) Genome Replication, Transcription and Translation",1/17,0.060567584183063565,0.079572208811933,24.80721790772042,69.5593259790493,HSP90AB1
P2,Reactome_Pathways_2024,gs_ind_0,Respiratory Syncytial Virus Genome Replication,1/2,0.007321557576481022,0.02005906356067912,273.03015075376885,1342.4707370740814,HSP90AB1
P2,Reactome_Pathways_2024,gs_ind_0,Respiratory Syncytial Virus Infection Pathway,3/102,0.006320503258912896,0.018083662101889674,9.765726066228579,49.45321144750699,UBA52;HSP90AB1;RPS27A
P2,Reactome_Pathways_2024,gs_ind_0,Response of EIF2AK4 (GCN2) to Amino Acid Deficiency,80/96,3.974126076582172e-198,2.5583436617997733e-196,6461.776053215078,2937084.2743904614,RPS6;RPL37A;RPL12;RPS10;RPL22L1;RPS4X;RPL23;RPL10;RPS28;RPS3;RPS15;RPL39;RPL18A;RPS7;RPL23A;FAU;RPL36A;RPL19;RPL24;RPLP1;RPS15A;RPL34;RPL8;RPL14;RPL38;RPS13;RPS27;RPL6;RPS25;RPL17;RPS20;RPSA;RPS11;RPS14;RPL3;RPS5;RPS21;RPL26;RPL35A;RPS26;RPLP0;RPLP2;RPL36;RPL9;RPL13;RPL35;RPS29;RPL4;RPS2;UBA52;RPS9;RPL13A;RPL5;RPL10A;RPS16;RPS12;RPL27;RPL36AL;RPL41;RPS8;RPL22;RPL11;RPS19;RPL32;RPL30;RPL7;RPS23;RPL21;RPS17;RPL15;RPS24;RPL29;RPS27A;RPL37;RPL31;RPL7A;RPL18;RPL28;RPL27A;RPS18
P2,Reactome_Pathways_2024,gs_ind_0,Response of Mtb to Phagocytosis,2/22,0.0029322720492415346,0.011269553025070076,33.610870372663115,196.01784692880852,UBA52;RPS27A
P2,Reactome_Pathways_2024,gs_ind_0,Response to Elevated Platelet Cytosolic Ca2+,1/126,0.3712445230218088,0.39018557011475824,3.248413381649282,3.2188344396298083,PPIA
P2,Reactome_Pathways_2024,gs_ind_0,Reverse Transcription of HIV RNA,1/1,0.0036674368284006303,0.01311618032379392,819.1206030150754,4593.843174761641,PPIA
P2,Reactome_Pathways_2024,gs_ind_0,Ribosomal Scanning and Start Codon Recognition,31/54,1.7807191907420033e-63,2.2926759580803293e-62,523.5277820296953,75642.35320118604,RPS15A;RPS6;RPS29;RPS10;RPS2;RPS9;RPS19;RPS13;RPS27;RPS16;RPS12;RPS4X;RPS23;RPS25;RPS20;RPS17;RPS24;RPSA;RPS11;RPS28;RPS8;RPS3;RPS14;RPS27A;RPS5;RPS15;RPS7;RPS21;RPS26;FAU;RPS18
P2,Reactome_Pathways_2024,gs_ind_0,S Phase,2/149,0.10393974201927837,0.12506768023347747,4.649488083971436,10.526180424909823,UBA52;RPS27A
P2,Reactome_Pathways_2024,gs_ind_0,SARS-CoV Infections,37/383,7.640247213308134e-43,8.94256207921293e-42,45.71275181511402,4433.118859122381,RPS15A;EEF1A1;RPS6;RPS29;RPS10;RPS2;UBA52;RPS9;RPS19;RPS13;RPS27;RPS16;RPS12;RPS4X;RPS23;RPS25;RPS20;RPS17;RPS24;RPSA;RPS28;RPS11;RPS8;RPS3;RPS14;PPIA;RPS27A;NPM1;RPS15;RPS5;HSP90AB1;FXYD3;RPS7;RPS21;RPS26;FAU;RPS18
P2,Reactome_Pathways_2024,gs_ind_0,SARS-CoV-1 Activates Modulates Innate Immune Responses,3/37,0.00033967411776744417,0.002821486623390867,28.232552954292085,225.50819083507244,UBA52;PPIA;RPS27A
P2,Reactome_Pathways_2024,gs_ind_0,SARS-CoV-1 Infection,35/135,1.4466708414754542e-56,1.773894007999664e-55,145.9718582659223,18768.404700775147,RPS15A;EEF1A1;RPS6;RPS29;RPS10;RPS2;UBA52;RPS9;RPS19;RPS13;RPS27;RPS16;RPS12;RPS4X;RPS23;RPS25;RPS20;RPS17;RPS24;RPSA;RPS28;RPS11;RPS8;RPS3;RPS14;PPIA;RPS27A;NPM1;RPS15;RPS5;RPS7;RPS21;RPS26;FAU;RPS18
P2,Reactome_Pathways_2024,gs_ind_0,SARS-CoV-1 Modulates Host Translation Machinery,32/34,2.454204076084401e-78,3.611185997667047e-77,5155.496350364963,921306.967850446,RPS15A;EEF1A1;RPS6;RPS29;RPS10;RPS2;RPS9;RPS19;RPS13;RPS27;RPS16;RPS12;RPS4X;RPS23;RPS25;RPS20;RPS17;RPS24;RPSA;RPS11;RPS28;RPS8;RPS3;RPS14;RPS27A;RPS5;RPS15;RPS7;RPS21;RPS26;FAU;RPS18
P2,Reactome_Pathways_2024,gs_ind_0,SARS-CoV-1-host Interactions,35/91,1.0572217040539169e-63,1.4328136252309663e-62,260.0711342295481,37712.19124720656,RPS15A;EEF1A1;RPS6;RPS29;RPS10;RPS2;UBA52;RPS9;RPS19;RPS13;RPS27;RPS16;RPS12;RPS4X;RPS23;RPS25;RPS20;RPS17;RPS24;RPSA;RPS28;RPS11;RPS8;RPS3;RPS14;PPIA;RPS27A;NPM1;RPS15;RPS5;RPS7;RPS21;RPS26;FAU;RPS18
P2,Reactome_Pathways_2024,gs_ind_0,SARS-CoV-2 Activates Modulates Innate and Adaptive Immune Responses,3/98,0.005658106228211407,0.017001963076045318,10.176265270506109,52.65877422190065,UBA52;HSP90AB1;RPS27A
P2,Reactome_Pathways_2024,gs_ind_0,SARS-CoV-2 Infection,33/266,9.560940292705797e-42,1.094196500165219e-40,57.24836228091046,5407.158644047726,RPS15A;RPS6;RPS29;RPS10;RPS2;UBA52;RPS9;RPS19;RPS13;RPS27;RPS16;RPS12;RPS4X;RPS23;RPS25;RPS20;RPS17;RPS24;RPSA;RPS28;RPS11;RPS8;RPS3;RPS14;RPS27A;RPS5;RPS15;HSP90AB1;RPS7;RPS21;RPS26;FAU;RPS18
P2,Reactome_Pathways_2024,gs_ind_0,SARS-CoV-2 Modulates Host Translation Machinery,31/47,2.507810643471375e-66,3.490601301047995e-65,745.8227599738391,112657.42737024001,RPS15A;RPS6;RPS29;RPS10;RPS2;RPS9;RPS19;RPS13;RPS27;RPS16;RPS12;RPS4X;RPS23;RPS25;RPS20;RPS17;RPS24;RPSA;RPS11;RPS28;RPS8;RPS3;RPS14;RPS27A;RPS5;RPS15;RPS7;RPS21;RPS26;FAU;RPS18
P2,Reactome_Pathways_2024,gs_ind_0,SARS-CoV-2-host Interactions,33/172,2.011042921189229e-48,2.4085746614243097e-47,96.15874153723617,10560.675234700811,RPS15A;RPS6;RPS29;RPS10;RPS2;UBA52;RPS9;RPS19;RPS13;RPS27;RPS16;RPS12;RPS4X;RPS23;RPS25;RPS20;RPS17;RPS24;RPSA;RPS28;RPS11;RPS8;RPS3;RPS14;RPS27A;RPS5;RPS15;HSP90AB1;RPS7;RPS21;RPS26;FAU;RPS18
P2,Reactome_Pathways_2024,gs_ind_0,SCF(Skp2)-mediated Degradation of P27 P21,2/49,0.01399987398532821,0.02919002065766813,14.491317125300561,61.85918613402348,UBA52;RPS27A
P2,Reactome_Pathways_2024,gs_ind_0,SCF-beta-TrCP Mediated Degradation of Emi1,2/41,0.009948736817063085,0.02361105742298382,17.431407826254578,80.36418839306899,UBA52;RPS27A
P2,Reactome_Pathways_2024,gs_ind_0,SMAD2 SMAD3 SMAD4 Heterotrimer Regulates Transcription,2/36,0.007734859472020119,0.020427962195335186,19.96137717943059,97.05257441117668,UBA52;RPS27A
P2,Reactome_Pathways_2024,gs_ind_0,SRP-dependent Cotranslational Protein Targeting to Membrane,80/106,2.3659391283244514e-191,1.0153822092392437e-189,4021.888173032674,1765337.7431081512,RPS6;RPL37A;RPL12;RPS10;RPL22L1;RPS4X;RPL23;RPL10;RPS28;RPS3;RPS15;RPL39;RPL18A;RPS7;RPL23A;RPL36A;FAU;RPL19;RPL24;RPS15A;RPLP1;RPL34;RPL8;RPL14;RPL38;RPS13;RPS27;RPL6;RPS25;RPL17;RPS20;RPSA;RPS11;RPS14;RPL3;RPS5;RPS21;RPL26;RPL35A;RPS26;RPLP0;RPLP2;RPL36;RPL9;RPL13;RPL35;RPS29;RPL4;RPS2;UBA52;RPS9;RPL13A;RPL5;RPS16;RPL10A;RPS12;RPL27;RPL41;RPL36AL;RPS8;RPL22;RPL11;RPS19;RPL32;RPL30;RPL7;RPS23;RPL21;RPS17;RPL15;RPS24;RPL29;RPS27A;RPL37;RPL31;RPL7A;RPL18;RPL28;RPL27A;RPS18
P2,Reactome_Pathways_2024,gs_ind_0,SUMO E3 Ligases SUMOylate Target Proteins,1/161,0.4474925332274017,0.4636995062617945,2.536749166392711,2.0397884039694127,NPM1
P2,Reactome_Pathways_2024,gs_ind_0,SUMOylation,1/167,0.45961132665657556,0.4733996664562728,2.4447915251935353,1.9005175839946409,NPM1
P2,Reactome_Pathways_2024,gs_ind_0,SUMOylation of Transcription Cofactors,1/42,0.14309810434998382,0.1644989369201823,9.854029182054852,19.15844830527978,NPM1
P2,Reactome_Pathways_2024,gs_ind_0,Selective Autophagy,2/79,0.0341732705050247,0.0510122733625731,8.871950221057803,29.954467600258326,UBA52;RPS27A
P2,Reactome_Pathways_2024,gs_ind_0,Selenoamino Acid Metabolism,80/104,1.3837372574833366e-192,7.918052084487981e-191,4350.526132404181,1921938.6722122862,RPS6;RPL37A;RPL12;RPS10;RPL22L1;RPS4X;RPL23;RPL10;RPS28;RPS3;RPS15;RPL39;RPL18A;RPS7;RPL23A;RPL36A;FAU;RPL19;RPL24;RPS15A;RPLP1;RPL34;RPL8;RPL14;RPL38;RPS13;RPS27;RPL6;RPS25;RPL17;RPS20;RPSA;RPS11;RPS14;RPL3;RPS5;RPS21;RPL26;RPL35A;RPS26;RPLP0;RPLP2;RPL36;RPL9;RPL13;RPL35;RPS29;RPL4;RPS2;UBA52;RPS9;RPL13A;RPL5;RPS16;RPL10A;RPS12;RPL27;RPL41;RPL36AL;RPS8;RPL22;RPL11;RPS19;RPL32;RPL30;RPL7;RPS23;RPL21;RPS17;RPL15;RPS24;RPL29;RPS27A;RPL37;RPL31;RPL7A;RPL18;RPL28;RPL27A;RPS18
P2,Reactome_Pathways_2024,gs_ind_0,Selenocysteine Synthesis,80/88,3.8797134086790636e-205,4.9951310136742946e-203,12547.143472022955,5905616.499875342,RPS6;RPL37A;RPL12;RPS10;RPL22L1;RPS4X;RPL23;RPL10;RPS28;RPS3;RPS15;RPL39;RPL18A;RPS7;RPL23A;FAU;RPL36A;RPL19;RPL24;RPLP1;RPS15A;RPL34;RPL8;RPL14;RPL38;RPS13;RPS27;RPL6;RPS25;RPL17;RPS20;RPSA;RPS11;RPS14;RPL3;RPS5;RPS21;RPL26;RPL35A;RPS26;RPLP0;RPLP2;RPL36;RPL9;RPL13;RPL35;RPS29;RPL4;RPS2;UBA52;RPS9;RPL13A;RPL5;RPL10A;RPS16;RPS12;RPL27;RPL36AL;RPL41;RPS8;RPL22;RPL11;RPS19;RPL32;RPL30;RPL7;RPS23;RPL21;RPS17;RPL15;RPS24;RPL29;RPS27A;RPL37;RPL31;RPL7A;RPL18;RPL28;RPL27A;RPS18
P2,Reactome_Pathways_2024,gs_ind_0,Sema3A PAK Dependent Axon Repulsion,1/16,0.0571075553965845,0.07579997687948715,26.40865618414654,75.60319879037347,HSP90AB1
P2,Reactome_Pathways_2024,gs_ind_0,Semaphorin Interactions,1/64,0.20976111348061466,0.23535288331702953,6.434811854548332,10.049798749352027,HSP90AB1
P2,Reactome_Pathways_2024,gs_ind_0,Senescence-Associated Secretory Phenotype (SASP),2/52,0.01567386778048999,0.030692174551149597,13.628939036035582,56.6386054940733,UBA52;RPS27A
P2,Reactome_Pathways_2024,gs_ind_0,Separation of Sister Chromatids,3/168,0.024041914006635464,0.04046269840986034,5.856921527616391,21.834349000435473,UBA52;RPS27;RPS27A
P2,Reactome_Pathways_2024,gs_ind_0,Signaling by ALK Fusions and Activated Point Mutants,5/87,1.7464195273755005e-05,0.00017635412874478094,18.90785340314136,207.14229845355933,NPM1;RPS6;EEF1G;UBA52;RPS27A
P2,Reactome_Pathways_2024,gs_ind_0,Signaling by ALK in Cancer,5/87,1.7464195273755005e-05,0.00017635412874478094,18.90785340314136,207.14229845355933,NPM1;RPS6;EEF1G;UBA52;RPS27A
P2,Reactome_Pathways_2024,gs_ind_0,Signaling by CSF1 (M-CSF) in Myeloid Cells,2/31,0.005777366093801807,0.017001963076045318,23.348963262496774,120.33605948747785,UBA52;RPS27A
P2,Reactome_Pathways_2024,gs_ind_0,Signaling by CSF3 (G-CSF),2/29,0.00506840162905688,0.016212589061890017,25.04891555145362,132.37674976169106,UBA52;RPS27A
P2,Reactome_Pathways_2024,gs_ind_0,Signaling by EGFR,2/53,0.016250039071976873,0.031226754186821228,13.363806613769652,55.05433909717196,UBA52;RPS27A
P2,Reactome_Pathways_2024,gs_ind_0,Signaling by EGFR in Cancer,2/25,0.003780992539606251,0.013246334407464077,29.316880872664434,163.52278131066697,UBA52;RPS27A
P2,Reactome_Pathways_2024,gs_ind_0,Signaling by ERBB2,2/50,0.014548712109323129,0.02958217199894394,14.192003767858077,60.03576373485683,UBA52;RPS27A
P2,Reactome_Pathways_2024,gs_ind_0,Signaling by ERBB4,2/57,0.018643659746222566,0.03380804496234022,12.398820139936891,49.37519097169622,UBA52;RPS27A
P2,Reactome_Pathways_2024,gs_ind_0,Signaling by FGFR,2/85,0.039043681736093294,0.05664083406785365,8.23262105231162,26.699001057599013,UBA52;RPS27A
P2,Reactome_Pathways_2024,gs_ind_0,Signaling by FGFR1,2/50,0.014548712109323129,0.02958217199894394,14.192003767858077,60.03576373485683,UBA52;RPS27A
P2,Reactome_Pathways_2024,gs_ind_0,Signaling by FGFR2,2/71,0.028085857334324914,0.04478085612129205,9.896103421831063,35.35372187465476,UBA52;RPS27A
P2,Reactome_Pathways_2024,gs_ind_0,Signaling by FGFR3,2/40,0.009485924585703225,0.02315284910728512,17.884830905135473,83.3065801812143,UBA52;RPS27A
P2,Reactome_Pathways_2024,gs_ind_0,Signaling by FGFR4,2/40,0.009485924585703225,0.02315284910728512,17.884830905135473,83.3065801812143,UBA52;RPS27A
P2,Reactome_Pathways_2024,gs_ind_0,Signaling by Hedgehog,2/133,0.08585613809033389,0.10577969166632047,5.218293412595781,12.81133925257108,UBA52;RPS27A
P2,Reactome_Pathways_2024,gs_ind_0,Signaling by Interleukins,5/419,0.019188422985019483,0.03467381697292994,3.717195384586236,14.69573922135412,UBA52;MIF;PPIA;RPLP0;RPS27A
P2,Reactome_Pathways_2024,gs_ind_0,Signaling by Ligand-Responsive EGFR Variants in Cancer,2/19,0.0021862443461816107,0.0090799664377704,39.37708484408992,241.20709424369562,UBA52;RPS27A
P2,Reactome_Pathways_2024,gs_ind_0,Signaling by MET,2/79,0.0341732705050247,0.0510122733625731,8.871950221057803,29.954467600258326,UBA52;RPS27A
P2,Reactome_Pathways_2024,gs_ind_0,Signaling by NOTCH,2/163,0.12052882016298054,0.13973484301165096,4.244236299916707,8.98023690922931,UBA52;RPS27A
P2,Reactome_Pathways_2024,gs_ind_0,Signaling by NOTCH1,2/72,0.0288204192434945,0.04566927972430666,9.755373150448213,34.599100427774125,UBA52;RPS27A
P2,Reactome_Pathways_2024,gs_ind_0,Signaling by NOTCH1 HD Domain Mutants in Cancer,2/14,0.001177425879292313,0.0060637432783554115,55.13807106598985,371.87456739203236,UBA52;RPS27A
P2,Reactome_Pathways_2024,gs_ind_0,Signaling by NOTCH1 HD+PEST Domain Mutants in Cancer,2/56,0.018032057697388037,0.033284981054318416,12.626787128021236,50.70417843849184,UBA52;RPS27A
P2,Reactome_Pathways_2024,gs_ind_0,Signaling by NOTCH1 PEST Domain Mutants in Cancer,2/56,0.018032057697388037,0.033284981054318416,12.626787128021236,50.70417843849184,UBA52;RPS27A
P2,Reactome_Pathways_2024,gs_ind_0,Signaling by NOTCH1 in Cancer,2/56,0.018032057697388037,0.033284981054318416,12.626787128021236,50.70417843849184,UBA52;RPS27A
P2,Reactome_Pathways_2024,gs_ind_0,Signaling by NOTCH2,2/30,0.005417514395149481,0.016706706068874148,24.169115682607533,126.11730163340725,UBA52;RPS27A
P2,Reactome_Pathways_2024,gs_ind_0,Signaling by NOTCH3,2/48,0.013460293849554557,0.02829408707151264,14.80350417553627,63.773660657724555,UBA52;RPS27A
P2,Reactome_Pathways_2024,gs_ind_0,Signaling by NOTCH4,2/71,0.028085857334324914,0.04478085612129205,9.896103421831063,35.35372187465476,UBA52;RPS27A
P2,Reactome_Pathways_2024,gs_ind_0,Signaling by Non-Receptor Tyrosine Kinases,2/53,0.016250039071976873,0.031226754186821228,13.363806613769652,55.05433909717196,UBA52;RPS27A
P2,Reactome_Pathways_2024,gs_ind_0,Signaling by Nuclear Receptors,1/228,0.5688182929708799,0.5789356143873581,1.7852228173836213,1.0072124313490023,HSP90AB1
P2,Reactome_Pathways_2024,gs_ind_0,Signaling by PTK6,2/53,0.016250039071976873,0.031226754186821228,13.363806613769652,55.05433909717196,UBA52;RPS27A
P2,Reactome_Pathways_2024,gs_ind_0,Signaling by ROBO Receptors,80/198,3.292726524777792e-159,7.372844175045926e-158,896.3609138623032,327099.40963384404,RPS6;RPL37A;RPL12;RPS10;RPL22L1;RPS4X;RPL23;RPL10;RPS28;RPS3;RPS15;RPL39;RPL18A;RPS7;RPL23A;RPL36A;FAU;RPL19;RPL24;RPS15A;RPLP1;RPL34;RPL8;RPL14;RPL38;RPS13;RPS27;RPL6;RPS25;RPL17;RPS20;RPSA;RPS11;RPS14;RPL3;RPS5;RPS21;RPL26;RPL35A;RPS26;RPLP0;RPLP2;RPL36;RPL9;RPL13;RPL35;RPS29;RPL4;RPS2;UBA52;RPS9;RPL13A;RPL5;RPS16;RPL10A;RPS12;RPL27;RPL41;RPL36AL;RPS8;RPL22;RPL11;RPS19;RPL32;RPL30;RPL7;RPS23;RPL21;RPS17;RPL15;RPS24;RPL29;RPS27A;RPL37;RPL31;RPL7A;RPL18;RPL28;RPL27A;RPS18
P2,Reactome_Pathways_2024,gs_ind_0,Signaling by Receptor Tyrosine Kinases,2/516,0.5669805003451693,0.5782078369856677,1.3148392061683267,0.7460796930015018,UBA52;RPS27A
P2,Reactome_Pathways_2024,gs_ind_0,Signaling by Rho GTPases,2/619,0.6661625799716894,0.6700658763387111,1.0912883536447522,0.4433048183168659,HSP90AB1;RPS27
P2,Reactome_Pathways_2024,gs_ind_0,"Signaling by Rho GTPases, Miro GTPases and RHOBTB3",2/633,0.6781512715543333,0.679470632004828,1.0665324282286555,0.41422509212801123,HSP90AB1;RPS27
P2,Reactome_Pathways_2024,gs_ind_0,Signaling by TGF-beta Receptor Complex,2/94,0.04680746789902277,0.06568350399999108,7.429139799698175,22.745890324911496,UBA52;RPS27A
P2,Reactome_Pathways_2024,gs_ind_0,Signaling by TGFB Family Members,2/157,0.1133395888630196,0.1341836511826554,4.408980364633489,9.599967272544788,UBA52;RPS27A
P2,Reactome_Pathways_2024,gs_ind_0,Signaling by WNT,2/257,0.24296263665276652,0.26851021003470976,2.6734182999394043,3.782479481757824,UBA52;RPS27A
P2,Reactome_Pathways_2024,gs_ind_0,Signaling by the B Cell Receptor (BCR),3/100,0.005983798747197818,0.01750941110685725,9.966785009861933,51.01697914785887,UBA52;PPIA;RPS27A
P2,Reactome_Pathways_2024,gs_ind_0,Spry Regulation of FGF Signaling,2/16,0.0015452428094651371,0.007105357561379872,47.529319096796776,307.6370456108159,UBA52;RPS27A
P2,Reactome_Pathways_2024,gs_ind_0,Stabilization of P53,2/42,0.010421411814037997,0.024285190426378136,17.000376010528296,77.58789300948246,UBA52;RPS27A
P2,Reactome_Pathways_2024,gs_ind_0,Stimuli-sensing Channels,2/101,0.05320192100871592,0.07210260347233868,6.904701170828763,20.25605098174317,UBA52;RPS27A
P2,Reactome_Pathways_2024,gs_ind_0,Suppression of Phagosomal Maturation,2/13,0.001011639008733172,0.005853866174130152,59.93489295961157,413.3220188529541,UBA52;RPS27A
P2,Reactome_Pathways_2024,gs_ind_0,Switching of Origins to a Post-Replicative State,2/78,0.03338642678612387,0.05057061704368763,8.988255200557381,30.556524918365778,UBA52;RPS27A
P2,Reactome_Pathways_2024,gs_ind_0,"Synthesis And Processing Of GAG, GAGPOL Polyproteins",2/14,0.001177425879292313,0.0060637432783554115,55.13807106598985,371.87456739203236,UBA52;RPS27A
P2,Reactome_Pathways_2024,gs_ind_0,Synthesis of Active Ubiquitin Roles of E1 and E2 Enzymes,2/29,0.00506840162905688,0.016212589061890017,25.04891555145362,132.37674976169106,UBA52;RPS27A
P2,Reactome_Pathways_2024,gs_ind_0,Synthesis of DNA,2/107,0.05891461336750041,0.07779750226734028,6.51057329131282,18.43576977423768,UBA52;RPS27A
P2,Reactome_Pathways_2024,gs_ind_0,Synthesis of diphthamide-EEF2,1/8,0.02896931280161029,0.04576440519272791,54.59396984924623,193.34553720447744,EEF2
P2,Reactome_Pathways_2024,gs_ind_0,TAK1-dependent IKK and NF-kappa-B Activation,2/42,0.010421411814037997,0.024285190426378136,17.000376010528296,77.58789300948246,UBA52;RPS27A
P2,Reactome_Pathways_2024,gs_ind_0,TCF Dependent Signaling in Response to WNT,2/161,0.11811977005345324,0.1385687507460784,4.297773817290708,9.180286274651898,UBA52;RPS27A
P2,Reactome_Pathways_2024,gs_ind_0,TCR Signaling,2/95,0.047702467201402705,0.06657661411577884,7.349412307608784,22.362587155527024,UBA52;RPS27A
P2,Reactome_Pathways_2024,gs_ind_0,TFAP2A Acts as a Transcriptional Repressor During Retinoic Acid Induced Cell Differentiation,1/5,0.018204501114733745,0.03348327883602814,91.0,364.55386253468845,NPM1
P2,Reactome_Pathways_2024,gs_ind_0,TGF-beta Receptor Signaling Activates SMADs,2/47,0.012930045847825955,0.027516419882770107,15.129413733474648,65.7857401005744,UBA52;RPS27A
P2,Reactome_Pathways_2024,gs_ind_0,TGF-beta Receptor Signaling in EMT (Epithelial to Mesenchymal Transition),2/16,0.0015452428094651371,0.007105357561379872,47.529319096796776,307.6370456108159,UBA52;RPS27A
P2,Reactome_Pathways_2024,gs_ind_0,"TICAM1, RIP1-mediated IKK Complex Recruitment",2/18,0.0019607912697134173,0.008340494514152365,41.765113059529305,260.38072065544543,UBA52;RPS27A
P2,Reactome_Pathways_2024,gs_ind_0,"TICAM1,TRAF6-dependent Induction of TAK1 Complex",2/11,0.0007167572143387991,0.004672531207398501,72.5581084691424,525.3768208799154,UBA52;RPS27A
P2,Reactome_Pathways_2024,gs_ind_0,TICAM1-dependent Activation of IRF3 IRF7,2/13,0.001011639008733172,0.005853866174130152,59.93489295961157,413.3220188529541,UBA52;RPS27A
P2,Reactome_Pathways_2024,gs_ind_0,TNF Signaling,3/56,0.0011522088371362183,0.0060637432783554115,18.193290198897675,123.09715599260325,UBA52;RACK1;RPS27A
P2,Reactome_Pathways_2024,gs_ind_0,TNFR1-induced NF-kappa-B Signaling Pathway,3/33,0.0002410656251351643,0.0020691466157434935,31.939890710382514,266.0733865462001,UBA52;RACK1;RPS27A
P2,Reactome_Pathways_2024,gs_ind_0,TNFR1-mediated Ceramide Production,1/6,0.021805834468432178,0.037600952172829605,74.4518044769301,284.8211635890129,RACK1
P2,Reactome_Pathways_2024,gs_ind_0,TNFR2 Non-Canonical NF-kB Pathway,2/85,0.039043681736093294,0.05664083406785365,8.23262105231162,26.699001057599013,UBA52;RPS27A
P2,Reactome_Pathways_2024,gs_ind_0,TP53 Regulates Transcription of Additional Cell Cycle Genes With Uncertain Roles in the P53 Pathway,1/19,0.06744997582548398,0.08662528067362657,22.123726741817194,59.65373216204687,NPM1
P2,Reactome_Pathways_2024,gs_ind_0,TP53 Regulates Transcription of Cell Cycle Genes,1/46,0.15561952100888302,0.17770300070859146,8.986415594455796,16.717799339197803,NPM1
P2,Reactome_Pathways_2024,gs_ind_0,TP53 Regulates Transcription of Cell Death Genes,1/32,0.11098459693722368,0.1316983120338023,12.987078248384782,28.550323385514286,PERP
P2,Reactome_Pathways_2024,gs_ind_0,TP53 Regulates Transcription of Cell Death Genes With Uncertain Role in P53-Dependent Apoptosis,1/9,0.032531551648223855,0.04942108878712474,48.16937629323086,165.00635843822025,PERP
P2,Reactome_Pathways_2024,gs_ind_0,TRAF6 Mediated IRF7 Activation in TLR7 8 or 9 Signaling,2/13,0.001011639008733172,0.005853866174130152,59.93489295961157,413.3220188529541,UBA52;RPS27A
P2,Reactome_Pathways_2024,gs_ind_0,TRAF6 Mediated Induction of NFkB and MAP Kinases Upon TLR7 8 or 9 Activation,2/98,0.05042479164972612,0.0694352077529651,7.120144130875043,21.269809526662677,UBA52;RPS27A
P2,Reactome_Pathways_2024,gs_ind_0,TRAF6-mediated Induction of TAK1 Complex Within TLR4 Complex,2/16,0.0015452428094651371,0.007105357561379872,47.529319096796776,307.6370456108159,UBA52;RPS27A
P2,Reactome_Pathways_2024,gs_ind_0,TRIF (TICAM1)-mediated TLR4 Signaling,2/105,0.05698742040424429,0.07579997687948715,6.6368719193702645,19.014138492752263,UBA52;RPS27A
P2,Reactome_Pathways_2024,gs_ind_0,Termination of Translesion DNA Synthesis,2/32,0.006147874877934131,0.01768801990020155,22.582591328950652,114.98262415798024,UBA52;RPS27A
P2,Reactome_Pathways_2024,gs_ind_0,The NLRP3 Inflammasome,1/15,0.05363491085988955,0.07249863278961448,28.2309824987004,82.591294852792,HSP90AB1
P2,Reactome_Pathways_2024,gs_ind_0,The Role of GTSE1 in G2 M Progression After G2 Checkpoint,3/59,0.001340568760337721,0.006711458057911734,17.22536873156342,113.93998004849082,UBA52;HSP90AB1;RPS27A
P2,Reactome_Pathways_2024,gs_ind_0,Toll Like Receptor 10 (TLR10) Cascade,2/92,0.045036475505884827,0.0635446161247416,7.5938805844574695,23.54317546844409,UBA52;RPS27A
P2,Reactome_Pathways_2024,gs_ind_0,Toll Like Receptor 2 (TLR2) Cascade,2/112,0.06382962282479879,0.08301074685548328,6.214828766336679,17.100336822917914,UBA52;RPS27A
P2,Reactome_Pathways_2024,gs_ind_0,Toll Like Receptor 3 (TLR3) Cascade,2/101,0.05320192100871592,0.07210260347233868,6.904701170828763,20.25605098174317,UBA52;RPS27A
P2,Reactome_Pathways_2024,gs_ind_0,Toll Like Receptor 4 (TLR4) Cascade,2/141,0.094771326549056,0.11484054864179727,4.917580918072158,11.58723876529956,UBA52;RPS27A
P2,Reactome_Pathways_2024,gs_ind_0,Toll Like Receptor 5 (TLR5) Cascade,2/92,0.045036475505884827,0.0635446161247416,7.5938805844574695,23.54317546844409,UBA52;RPS27A
P2,Reactome_Pathways_2024,gs_ind_0,Toll Like Receptor 7 8 (TLR7 8) Cascade,2/102,0.054139549363712076,0.07298918304270084,6.835745132206985,19.93433377336995,UBA52;RPS27A
P2,Reactome_Pathways_2024,gs_ind_0,Toll Like Receptor 9 (TLR9) Cascade,2/105,0.05698742040424429,0.07579997687948715,6.6368719193702645,19.014138492752263,UBA52;RPS27A
P2,Reactome_Pathways_2024,gs_ind_0,Toll Like Receptor TLR1 TLR2 Cascade,2/112,0.06382962282479879,0.08301074685548328,6.214828766336679,17.100336822917914,UBA52;RPS27A
P2,Reactome_Pathways_2024,gs_ind_0,Toll Like Receptor TLR6 TLR2 Cascade,2/110,0.06184724982587877,0.0808409483764659,6.3298556691384595,17.616543115999026,UBA52;RPS27A
P2,Reactome_Pathways_2024,gs_ind_0,Toll-like Receptor Cascades,2/163,0.12052882016298054,0.13973484301165096,4.244236299916707,8.98023690922931,UBA52;RPS27A
P2,Reactome_Pathways_2024,gs_ind_0,Transcription-Coupled Nucleotide Excision Repair (TC-NER),2/75,0.031069815444296947,0.04762188974349085,9.356158707137677,32.4800779995198,UBA52;RPS27A
P2,Reactome_Pathways_2024,gs_ind_0,Transcriptional Activity of SMAD2 SMAD3 SMAD4 Heterotrimer,2/51,0.015106734484467503,0.030038487488419936,13.904783879403169,58.297400489932905,UBA52;RPS27A
P2,Reactome_Pathways_2024,gs_ind_0,Transcriptional Regulation by RUNX1,2/161,0.11811977005345324,0.1385687507460784,4.297773817290708,9.180286274651898,UBA52;RPS27A
P2,Reactome_Pathways_2024,gs_ind_0,Transcriptional Regulation by RUNX2,2/103,0.05508304510456855,0.07387439642930417,6.768147833262484,19.620273915908466,UBA52;RPS27A
P2,Reactome_Pathways_2024,gs_ind_0,Transcriptional Regulation by RUNX3,2/84,0.03821447511443986,0.05591038262481968,8.332718043377941,27.20249890617154,UBA52;RPS27A
P2,Reactome_Pathways_2024,gs_ind_0,Transcriptional Regulation by TP53,4/332,0.03405556237401143,0.0510122733625731,3.80999361203776,12.876871251976336,NPM1;UBA52;RPS27A;PERP
P2,Reactome_Pathways_2024,gs_ind_0,Transcriptional Regulation by the AP-2 (TFAP2) Family of Transcription Factors,1/35,0.12074175755375664,0.13973484301165096,11.856456194013546,25.06574885089274,NPM1
P2,Reactome_Pathways_2024,gs_ind_0,Translation,84/265,4.6502121734451065e-158,9.978580288850957e-157,761.4522915101428,275852.4880728764,EEF1A1;RPS6;RPL37A;RPL12;RPS10;RPL22L1;RPS4X;RPL23;RPL10;RPS28;RPS3;EEF2;RPS15;RPL39;RPL18A;RPS7;RPL23A;RPL36A;FAU;RPL24;RPL19;RPS15A;RPLP1;RPL34;RPL8;RPL14;RPL38;RPS13;RPS27;RPL6;RPS25;RPL17;RPS20;RPSA;RPS11;RPS14;RPL3;RPS5;RPS21;RPL26;RPL35A;RPS26;EEF1B2;RPLP0;RPLP2;RPL36;RPL9;RPL13;RPL35;RPS29;RPL4;RPS2;UBA52;RPS9;RPL13A;RPL5;RPS16;RPL10A;RPS12;RPL27;RPL41;RPL36AL;RPS8;EEF1G;RPL22;RPL11;RPS19;RPL32;RPL30;RPL7;RPS23;RPL21;RPS17;RPL15;RPS24;RPL29;RPS27A;RPL37;RPL31;RPL7A;RPL18;RPL28;RPL27A;RPS18
P2,Reactome_Pathways_2024,gs_ind_0,Translation Initiation Complex Formation,31/54,1.7807191907420033e-63,2.2926759580803293e-62,523.5277820296953,75642.35320118604,RPS15A;RPS6;RPS29;RPS10;RPS2;RPS9;RPS19;RPS13;RPS27;RPS16;RPS12;RPS4X;RPS23;RPS25;RPS20;RPS17;RPS24;RPSA;RPS11;RPS28;RPS8;RPS3;RPS14;RPS27A;RPS5;RPS15;RPS7;RPS21;RPS26;FAU;RPS18
P2,Reactome_Pathways_2024,gs_ind_0,Translation of Structural Proteins 9683701,2/29,0.00506840162905688,0.016212589061890017,25.04891555145362,132.37674976169106,UBA52;RPS27A
P2,Reactome_Pathways_2024,gs_ind_0,Translation of Structural Proteins 9694635,2/57,0.018643659746222566,0.03380804496234022,12.398820139936891,49.37519097169622,UBA52;RPS27A
P2,Reactome_Pathways_2024,gs_ind_0,Translesion Synthesis by POLH,2/18,0.0019607912697134173,0.008340494514152365,41.765113059529305,260.38072065544543,UBA52;RPS27A
P2,Reactome_Pathways_2024,gs_ind_0,Translesion Synthesis by POLI,2/17,0.0017470948129191322,0.007690203663703873,44.4612739479286,282.3202407734291,UBA52;RPS27A
P2,Reactome_Pathways_2024,gs_ind_0,Translesion Synthesis by POLK,2/17,0.0017470948129191322,0.007690203663703873,44.4612739479286,282.3202407734291,UBA52;RPS27A
P2,Reactome_Pathways_2024,gs_ind_0,Translesion Synthesis by REV1,2/16,0.0015452428094651371,0.007105357561379872,47.529319096796776,307.6370456108159,UBA52;RPS27A
P2,Reactome_Pathways_2024,gs_ind_0,Translesion Synthesis by Y Family DNA Polymerases Bypasses Lesions on DNA Template,2/38,0.008590198795084398,0.02200971333068888,18.86621236353522,89.74908897806998,UBA52;RPS27A
P2,Reactome_Pathways_2024,gs_ind_0,Transport of Small Molecules,3/670,0.4468337501423598,0.4636995062617945,1.4251685393258426,1.148071134966445,UBA52;FXYD3;RPS27A
P2,Reactome_Pathways_2024,gs_ind_0,Type I Hemidesmosome Assembly,2/11,0.0007167572143387991,0.004672531207398501,72.5581084691424,525.3768208799154,KRT14;KRT5
P2,Reactome_Pathways_2024,gs_ind_0,UCH Proteinases,2/71,0.028085857334324914,0.04478085612129205,9.896103421831063,35.35372187465476,UBA52;RPS27A
P2,Reactome_Pathways_2024,gs_ind_0,Ub-specific Processing Proteases,2/143,0.09704055972792942,0.11731429168986772,4.847715736040609,11.307908960734725,UBA52;RPS27A
P2,Reactome_Pathways_2024,gs_ind_0,Ubiquitin Mediated Degradation of Phosphorylated Cdc25A,2/39,0.009033052607095308,0.022582631517738268,18.36243654822335,86.42950837860433,UBA52;RPS27A
P2,Reactome_Pathways_2024,gs_ind_0,Ubiquitin-dependent Degradation of Cyclin D,2/39,0.009033052607095308,0.022582631517738268,18.36243654822335,86.42950837860433,UBA52;RPS27A
P2,Reactome_Pathways_2024,gs_ind_0,Uncoating of the HIV Virion,1/1,0.0036674368284006303,0.01311618032379392,819.1206030150754,4593.843174761641,PPIA
P2,Reactome_Pathways_2024,gs_ind_0,Uptake and Actions of Bacterial Toxins,2/29,0.00506840162905688,0.016212589061890017,25.04891555145362,132.37674976169106,HSP90AB1;EEF2
P2,Reactome_Pathways_2024,gs_ind_0,Uptake and Function of Diphtheria Toxin,2/6,0.00019783434624159155,0.0017268591239732144,153.20642978003383,1306.5567682102458,HSP90AB1;EEF2
P2,Reactome_Pathways_2024,gs_ind_0,VLDLR Internalisation and Degradation,2/16,0.0015452428094651371,0.007105357561379872,47.529319096796776,307.6370456108159,UBA52;RPS27A
P2,Reactome_Pathways_2024,gs_ind_0,Vesicle-mediated Transport,2/628,0.6739097764811239,0.6765371050444031,1.075246818802387,0.4243558770758043,UBA52;RPS27A
P2,Reactome_Pathways_2024,gs_ind_0,Vif-mediated Degradation of APOBEC3G,2/40,0.009485924585703225,0.02315284910728512,17.884830905135473,83.3065801812143,UBA52;RPS27A
P2,Reactome_Pathways_2024,gs_ind_0,Viral Infection Pathways,85/710,2.3052867733570028e-120,4.0938713388926083e-119,234.07171037363656,64480.90583762469,EEF1A1;RPS6;RPL37A;RPL12;RPS10;RPL22L1;RPS4X;RPL23;RPL10;RPS28;RPS3;PPIA;NPM1;RPS15;RPL39;RPL18A;RPS7;RPL23A;RPL36A;FAU;RPL24;RPL19;RPS15A;RPLP1;RPL34;RPL8;RPL14;RPL38;RPS13;RPS27;RPL6;RPS25;RPL17;RPS20;RPSA;RPS11;RPS14;RPL3;RPS5;RPS21;RPL26;RPL35A;RPS26;RPLP0;RPLP2;RPL36;RPL9;RPL13;RPL35;RPS29;RPL4;RPS2;UBA52;RPS9;RPL13A;RPL5;RPS16;RPL10A;RPS12;RPL27;RPL41;RPL36AL;RPS8;HSP90AB1;RPL22;RPL11;RPS19;RPL32;RPL30;RPL7;RPS23;RPL21;RPS17;RPL15;RPS24;RPL29;RPS27A;RPL37;FXYD3;RPL31;RPL7A;RPL18;RPL28;RPL27A;RPS18
P2,Reactome_Pathways_2024,gs_ind_0,Viral mRNA Translation,80/85,1.9842012776084202e-208,3.406212193227788e-206,19393.18181818182,9274837.355656229,RPS6;RPL37A;RPL12;RPS10;RPL22L1;RPS4X;RPL23;RPL10;RPS28;RPS3;RPS15;RPL39;RPL18A;RPS7;RPL23A;FAU;RPL36A;RPL19;RPL24;RPLP1;RPS15A;RPL34;RPL8;RPL14;RPL38;RPS13;RPS27;RPL6;RPS25;RPL17;RPS20;RPSA;RPS11;RPS14;RPL3;RPS5;RPS21;RPL26;RPL35A;RPS26;RPLP0;RPLP2;RPL36;RPL9;RPL13;RPL35;RPS29;RPL4;RPS2;UBA52;RPS9;RPL13A;RPL5;RPL10A;RPS16;RPS12;RPL27;RPL36AL;RPL41;RPS8;RPL22;RPL11;RPS19;RPL32;RPL30;RPL7;RPS23;RPL21;RPS17;RPL15;RPS24;RPL29;RPS27A;RPL37;RPL31;RPL7A;RPL18;RPL28;RPL27A;RPS18
P2,Reactome_Pathways_2024,gs_ind_0,Vpu Mediated Degradation of CD4,2/38,0.008590198795084398,0.02200971333068888,18.86621236353522,89.74908897806998,UBA52;RPS27A
P2,Reactome_Pathways_2024,gs_ind_0,"mRNA Activation Upon Binding of the Cap-Binding Complex and eIFs, and Subsequent Binding to 43S",31/55,4.0707918514678886e-63,5.113311715868202e-62,502.1408016443988,72137.05713335323,RPS15A;RPS6;RPS29;RPS10;RPS2;RPS9;RPS19;RPS13;RPS27;RPS16;RPS12;RPS4X;RPS23;RPS25;RPS20;RPS17;RPS24;RPSA;RPS11;RPS28;RPS8;RPS3;RPS14;RPS27A;RPS5;RPS15;RPS7;RPS21;RPS26;FAU;RPS18
P2,Reactome_Pathways_2024,gs_ind_0,mTORC1-mediated Signalling,1/24,0.08443833551787916,0.10453303555698983,17.41334331230621,43.0411486823959,RPS6
P2,Reactome_Pathways_2024,gs_ind_0,p53-Dependent G1 DNA Damage Response,2/50,0.014548712109323129,0.02958217199894394,14.192003767858077,60.03576373485683,UBA52;RPS27A
P2,Reactome_Pathways_2024,gs_ind_0,p53-Dependent G1 S DNA Damage Checkpoint,2/50,0.014548712109323129,0.02958217199894394,14.192003767858077,60.03576373485683,UBA52;RPS27A
P2,Reactome_Pathways_2024,gs_ind_0,p53-Independent DNA Damage Response,2/39,0.009033052607095308,0.022582631517738268,18.36243654822335,86.42950837860433,UBA52;RPS27A
P2,Reactome_Pathways_2024,gs_ind_0,p53-Independent G1 S DNA Damage Checkpoint,2/39,0.009033052607095308,0.022582631517738268,18.36243654822335,86.42950837860433,UBA52;RPS27A
P2,Reactome_Pathways_2024,gs_ind_0,p75NTR Recruits Signalling Complexes,2/13,0.001011639008733172,0.005853866174130152,59.93489295961157,413.3220188529541,UBA52;RPS27A
P2,Reactome_Pathways_2024,gs_ind_0,p75NTR Signals via NF-kB,2/16,0.0015452428094651371,0.007105357561379872,47.529319096796776,307.6370456108159,UBA52;RPS27A
P2,Reactome_Pathways_2024,gs_ind_0,rRNA Modification in the Nucleus and Cytosol,5/58,2.3555717593304886e-06,2.4757539919493914e-05,29.188188090228508,378.24176326584626,RPS6;RPS7;RPS14;RPS2;RPS9
P2,Reactome_Pathways_2024,gs_ind_0,rRNA Processing,80/205,1.118244260893222e-157,2.3035831774400372e-156,846.1456612574094,305792.04952354054,RPS6;RPL37A;RPL12;RPS10;RPL22L1;RPS4X;RPL23;RPL10;RPS28;RPS3;RPS15;RPL39;RPL18A;RPS7;RPL23A;RPL36A;FAU;RPL19;RPL24;RPS15A;RPLP1;RPL34;RPL8;RPL14;RPL38;RPS13;RPS27;RPL6;RPS25;RPL17;RPS20;RPSA;RPS11;RPS14;RPL3;RPS5;RPS21;RPL26;RPL35A;RPS26;RPLP0;RPLP2;RPL36;RPL9;RPL13;RPL35;RPS29;RPL4;RPS2;UBA52;RPS9;RPL13A;RPL5;RPS16;RPL10A;RPS12;RPL27;RPL41;RPL36AL;RPS8;RPL22;RPL11;RPS19;RPL32;RPL30;RPL7;RPS23;RPL21;RPS17;RPL15;RPS24;RPL29;RPS27A;RPL37;RPL31;RPL7A;RPL18;RPL28;RPL27A;RPS18
P2,Reactome_Pathways_2024,gs_ind_0,rRNA Processing in the Nucleus and Cytosol,80/184,1.7015598824130393e-162,3.9831969974668874e-161,1016.9736258606605,378809.6987006052,RPS6;RPL37A;RPL12;RPS10;RPL22L1;RPS4X;RPL23;RPL10;RPS28;RPS3;RPS15;RPL39;RPL18A;RPS7;RPL23A;RPL36A;FAU;RPL19;RPL24;RPS15A;RPLP1;RPL34;RPL8;RPL14;RPL38;RPS13;RPS27;RPL6;RPS25;RPL17;RPS20;RPSA;RPS11;RPS14;RPL3;RPS5;RPS21;RPL26;RPL35A;RPS26;RPLP0;RPLP2;RPL36;RPL9;RPL13;RPL35;RPS29;RPL4;RPS2;UBA52;RPS9;RPL13A;RPL5;RPS16;RPL10A;RPS12;RPL27;RPL41;RPL36AL;RPS8;RPL22;RPL11;RPS19;RPL32;RPL30;RPL7;RPS23;RPL21;RPS17;RPL15;RPS24;RPL29;RPS27A;RPL37;RPL31;RPL7A;RPL18;RPL28;RPL27A;RPS18
