Program,Library,Gene_set,Term,Overlap,P-value,Adjusted P-value,Odds Ratio,Combined Score,Genes
P3,GO_Biological_Process_2026,gs_ind_0,3'-UTR-mediated mRNA Destabilization (GO:0061158),1/22,0.07768007418553498,0.14731418965128762,19.03459156246348,48.636360355386536,ZFP36
P3,GO_Biological_Process_2026,gs_ind_0,3'-UTR-mediated mRNA Stabilization (GO:0070935),1/18,0.06401504258973123,0.13401901847787806,23.388801148600145,64.28732849758696,ZFP36
P3,GO_Biological_Process_2026,gs_ind_0,ADP Catabolic Process (GO:0046032),1/29,0.10112025539501886,0.16423886642384514,14.355725998413119,32.89535401837941,HK2
P3,GO_Biological_Process_2026,gs_ind_0,ATP Metabolic Process (GO:0046034),1/59,0.19507633576312508,0.23554181068761026,6.986084267491303,11.41780694412366,HK2
P3,GO_Biological_Process_2026,gs_ind_0,Activation of Protein Kinase Activity (GO:0032147),1/45,0.15250625325948727,0.20260395386847452,9.18869629044097,17.27979985753456,RIPK1
P3,GO_Biological_Process_2026,gs_ind_0,Adapt Imm Response Based on Som Recomb of Imm Recs Built Fm Immunoglobulin Superf Dom (GO:0002460),1/28,0.09780812250653742,0.16252933888462573,14.878300593878484,34.58829438886499,STAT3
P3,GO_Biological_Process_2026,gs_ind_0,Adherens Junction Assembly (GO:0034333),1/11,0.03961726211805212,0.11206343526089461,38.99138549892319,125.88331156809635,VCL
P3,GO_Biological_Process_2026,gs_ind_0,Adherens Junction Organization (GO:0034332),2/39,0.009033052607095308,0.0727702718027598,18.36243654822335,86.42950837860433,CDH1;VCL
P3,GO_Biological_Process_2026,gs_ind_0,Aerobic Respiration (GO:0009060),1/109,0.3305388515100955,0.3575216148986747,3.7597434175485724,4.162152789215556,HK2
P3,GO_Biological_Process_2026,gs_ind_0,Aggrephagy (GO:0035973),1/9,0.032531551648223855,0.10591970634699878,48.16937629323086,165.00635843822025,SQSTM1
P3,GO_Biological_Process_2026,gs_ind_0,Alanine Transport (GO:0032328),1/13,0.04665159224326654,0.11893203389612508,32.75035175879397,100.38140738175221,SLC38A2
P3,GO_Biological_Process_2026,gs_ind_0,Amino Acid Import Across Plasma Membrane (GO:0089718),1/36,0.12397052607037776,0.18251216338138948,11.52204685398825,24.054708967199332,SLC38A2
P3,GO_Biological_Process_2026,gs_ind_0,Amino Acid Transport (GO:0006865),1/51,0.1710168333182885,0.21662132220316543,8.09517886462013,14.296031530903484,SLC38A2
P3,GO_Biological_Process_2026,gs_ind_0,Amyloid Fibril Formation (GO:1990000),2/24,0.003486817880202735,0.039013617837379486,30.62098138747885,173.27696042731014,RIPK1;FUS
P3,GO_Biological_Process_2026,gs_ind_0,Anterograde Trans-Synaptic Signaling (GO:0098916),1/168,0.461605380801754,0.4738395703031257,2.430105752643816,1.8785808755688251,HOMER1
P3,GO_Biological_Process_2026,gs_ind_0,Apical Junction Assembly (GO:0043297),3/37,0.00033967411776744417,0.010002646812238482,28.232552954292085,225.50819083507244,PECAM1;CTNNA1;VCL
P3,GO_Biological_Process_2026,gs_ind_0,Apoptotic Mitochondrial Changes (GO:0008637),1/34,0.11750120825052357,0.1773968766241038,12.21083027075677,26.147132213032688,HK2
P3,GO_Biological_Process_2026,gs_ind_0,Apoptotic Process (GO:0006915),5/242,0.0020062734085205323,0.028861676034002515,6.530405070267292,40.563456345278674,RTN4;MAGI3;RIPK1;CASP4;HK2
P3,GO_Biological_Process_2026,gs_ind_0,Astrocyte Differentiation (GO:0048708),1/6,0.021805834468432178,0.09599680750051966,74.4518044769301,284.8211635890129,STAT3
P3,GO_Biological_Process_2026,gs_ind_0,Autophagy of Mitochondrion (GO:0000422),1/58,0.19210712382525622,0.23251427126446275,7.107843565654359,11.725824641202973,SQSTM1
P3,GO_Biological_Process_2026,gs_ind_0,Autophagy of Peroxisome (GO:0030242),1/16,0.0571075553965845,0.12694770040697703,26.40865618414654,75.60319879037347,SQSTM1
P3,GO_Biological_Process_2026,gs_ind_0,Axon Development (GO:0061564),1/107,0.32558164117311317,0.3529324321983494,3.830632033406469,4.298513210159991,RTN4
P3,GO_Biological_Process_2026,gs_ind_0,Axon Guidance (GO:0007411),1/152,0.4288081284637202,0.44608448901132874,2.6883427036170953,2.2763426596311587,PALLD
P3,GO_Biological_Process_2026,gs_ind_0,Axonal Fasciculation (GO:0007413),1/15,0.05363491085988955,0.1258982639531673,28.2309824987004,82.591294852792,RTN4
P3,GO_Biological_Process_2026,gs_ind_0,Axonogenesis (GO:0007409),1/205,0.5304796094318688,0.5406811403824816,1.9877013429003207,1.2601504904900023,PALLD
P3,GO_Biological_Process_2026,gs_ind_0,B Cell Activation (GO:0042113),1/82,0.26046365097100105,0.29470437812112144,5.010296883188951,6.740312129922902,KLF6
P3,GO_Biological_Process_2026,gs_ind_0,B Cell Differentiation (GO:0030183),1/52,0.17406277381902974,0.21855512872289645,7.937698199736547,13.877789521683125,KLF6
P3,GO_Biological_Process_2026,gs_ind_0,Bicellular Tight Junction Assembly (GO:0070830),1/28,0.09780812250653742,0.16252933888462573,14.878300593878484,34.58829438886499,PECAM1
P3,GO_Biological_Process_2026,gs_ind_0,Biogenic Amine Biosynthetic Process (GO:0042401),1/9,0.032531551648223855,0.10591970634699878,48.16937629323086,165.00635843822025,SAT1
P3,GO_Biological_Process_2026,gs_ind_0,Blood Vessel Diameter Maintenance (GO:0097746),1/43,0.1462455860603604,0.19714766420720603,9.621814957138634,18.49763110790661,PECAM1
P3,GO_Biological_Process_2026,gs_ind_0,Brain Development (GO:0007420),1/155,0.43510474089023493,0.4503088120004795,2.635849148655901,2.193470614396082,RTN4
P3,GO_Biological_Process_2026,gs_ind_0,CDP-choline Pathway (GO:0006657),1/5,0.018204501114733745,0.09599680750051966,91.0,364.55386253468845,CHKA
P3,GO_Biological_Process_2026,gs_ind_0,Calcineurin-NFAT Signaling Cascade (GO:0033173),1/13,0.04665159224326654,0.11893203389612508,32.75035175879397,100.38140738175221,NFAT5
P3,GO_Biological_Process_2026,gs_ind_0,Calcineurin-mediated Signaling (GO:0097720),1/17,0.060567584183063565,0.13088317011232833,24.80721790772042,69.5593259790493,NFAT5
P3,GO_Biological_Process_2026,gs_ind_0,Calcium-dependent Cell-Cell Adhesion (GO:0016339),1/43,0.1462455860603604,0.19714766420720603,9.621814957138634,18.49763110790661,CDH1
P3,GO_Biological_Process_2026,gs_ind_0,Canonical Glycolysis (GO:0061621),1/23,0.08106535561630931,0.15006031820886667,18.187939698492464,45.697191038775365,HK2
P3,GO_Biological_Process_2026,gs_ind_0,Canonical NF-kappaB Signal Transduction (GO:0007249),2/39,0.009033052607095308,0.0727702718027598,18.36243654822335,86.42950837860433,BCL3;RIPK1
P3,GO_Biological_Process_2026,gs_ind_0,Carbohydrate Catabolic Process (GO:0016052),1/38,0.13039289018139794,0.1846774126760446,10.906733668341708,22.219232230345032,HK2
P3,GO_Biological_Process_2026,gs_ind_0,Carboxylic Acid Transport (GO:0046942),1/40,0.1367686379517141,0.18866577865393985,10.353730678710006,20.598380195399425,SLC38A2
P3,GO_Biological_Process_2026,gs_ind_0,Cardiac Muscle Cell Development (GO:0055013),1/25,0.08779905814197392,0.15511166938415394,16.70197928417598,40.630980258906256,PDLIM5
P3,GO_Biological_Process_2026,gs_ind_0,Cardiac Muscle Cell Differentiation (GO:0055007),1/27,0.09448390777737954,0.16126321208783254,15.440314781454441,36.428732206490906,KDM6B
P3,GO_Biological_Process_2026,gs_ind_0,Cardiac Muscle Tissue Development (GO:0048738),1/51,0.1710168333182885,0.21662132220316543,8.09517886462013,14.296031530903484,KDM6B
P3,GO_Biological_Process_2026,gs_ind_0,Cardiocyte Differentiation (GO:0035051),1/13,0.04665159224326654,0.11893203389612508,32.75035175879397,100.38140738175221,KDM6B
P3,GO_Biological_Process_2026,gs_ind_0,Cartilage Development (GO:0051216),1/60,0.19803474382044972,0.23797253821860725,6.868417718846333,11.122116658096216,RUNX1
P3,GO_Biological_Process_2026,gs_ind_0,Cell Junction Assembly (GO:0034329),2/105,0.05698742040424429,0.12694770040697703,6.6368719193702645,19.014138492752263,CDH1;ITGA6
P3,GO_Biological_Process_2026,gs_ind_0,Cell Junction Organization (GO:0034330),1/76,0.24393127980932583,0.280730055734847,5.409664215115312,7.632326099746303,TJP2
P3,GO_Biological_Process_2026,gs_ind_0,Cell Surface Receptor Protein Serine/Threonine Kinase Signaling Pathway (GO:0007178),1/40,0.1367686379517141,0.18866577865393985,10.353730678710006,20.598380195399425,JUN
P3,GO_Biological_Process_2026,gs_ind_0,Cell Surface Receptor Protein Tyrosine Kinase Signaling Pathway (GO:0007169),2/283,0.27826274795180284,0.3123863848243762,2.42415089576327,3.100948311998285,STAT3;IRS2
P3,GO_Biological_Process_2026,gs_ind_0,Cell Surface Receptor Signaling Pathway via JAK-STAT (GO:0007259),3/65,0.0017728338561191772,0.026645428255403152,15.568287179487179,98.62783874096968,STAT3;IL13RA1;JAK1
P3,GO_Biological_Process_2026,gs_ind_0,Cell Surface Receptor Signaling Pathway via STAT (GO:0097696),3/71,0.00228321142458364,0.02985966109812631,14.201497286168818,86.37595351889773,STAT3;IL13RA1;JAK1
P3,GO_Biological_Process_2026,gs_ind_0,Cell-cell Adhesion Mediated by Cadherin (GO:0044331),1/37,0.12718755619754754,0.18323014176098765,11.205961313416397,23.107728348226125,CDH1
P3,GO_Biological_Process_2026,gs_ind_0,Cell-cell Adhesion Mediated by Integrin (GO:0033631),1/16,0.0571075553965845,0.12694770040697703,26.40865618414654,75.60319879037347,ICAM1
P3,GO_Biological_Process_2026,gs_ind_0,Cell-cell Junction Assembly (GO:0007043),3/72,0.002376190513389148,0.030677228807472715,13.996642685851318,84.57130802220355,CTNNA1;CDH1;VCL
P3,GO_Biological_Process_2026,gs_ind_0,Cell-cell Junction Organization (GO:0045216),2/70,0.027359022238275892,0.1023582385656897,10.04094260624699,36.13442976017837,TJP2;CDH1
P3,GO_Biological_Process_2026,gs_ind_0,Cell-matrix Adhesion (GO:0007160),3/114,0.0085769665679193,0.07032788769634138,8.710842819362998,41.45206973441763,PLAUR;VCL;ITGA6
P3,GO_Biological_Process_2026,gs_ind_0,Cell-substrate Junction Assembly (GO:0007044),1/31,0.10770844937287086,0.17027065701488375,13.413378367246066,29.88939646374393,ITGA6
P3,GO_Biological_Process_2026,gs_ind_0,Cellular Component Assembly (GO:0022607),1/349,0.724882410594788,0.7263249626556731,1.160155151654975,0.37327508169345913,RTN4
P3,GO_Biological_Process_2026,gs_ind_0,Cellular Defense Response (GO:0006968),1/39,0.1335865701175638,0.1878794359055681,10.623050316517654,21.38425920263491,FOSL1
P3,GO_Biological_Process_2026,gs_ind_0,Cellular Hyperosmotic Response (GO:0071474),1/11,0.03961726211805212,0.11206343526089461,38.99138549892319,125.88331156809635,NFAT5
P3,GO_Biological_Process_2026,gs_ind_0,Cellular Response to Alcohol (GO:0097306),2/55,0.017429205952379016,0.09599680750051966,12.863276246501258,52.09122609642645,CTNNA1;CDH1
P3,GO_Biological_Process_2026,gs_ind_0,Cellular Response to Amyloid-Beta (GO:1904646),2/37,0.00815744149226313,0.0684545298559081,19.398369914921,93.2833604212486,CASP4;ICAM1
P3,GO_Biological_Process_2026,gs_ind_0,Cellular Response to Arsenic-Containing Substance (GO:0071243),1/14,0.05014960504049533,0.12168831873681638,30.32328308207705,90.74984291620152,SLC38A2
P3,GO_Biological_Process_2026,gs_ind_0,Cellular Response to Corticosteroid Stimulus (GO:0071384),1/18,0.06401504258973123,0.13401901847787806,23.388801148600145,64.28732849758696,ZFP36
P3,GO_Biological_Process_2026,gs_ind_0,Cellular Response to Cytokine Stimulus (GO:0071345),8/288,1.1287538556446898e-05,0.0018944252210570042,8.808353808353809,100.34310377344927,NFAT5;STAT3;RIPK1;SBNO2;IL13RA1;ZFP36;EGR1;JAK1
P3,GO_Biological_Process_2026,gs_ind_0,Cellular Response to Decreased Oxygen Levels (GO:0036294),2/79,0.0341732705050247,0.10910936501327433,8.871950221057803,29.954467600258326,NDRG1;RTN4
P3,GO_Biological_Process_2026,gs_ind_0,Cellular Response to Epidermal Growth Factor Stimulus (GO:0071364),1/27,0.09448390777737954,0.16126321208783254,15.440314781454441,36.428732206490906,ZFP36
P3,GO_Biological_Process_2026,gs_ind_0,Cellular Response to Estrogen Stimulus (GO:0071391),1/16,0.0571075553965845,0.12694770040697703,26.40865618414654,75.60319879037347,ARID5A
P3,GO_Biological_Process_2026,gs_ind_0,Cellular Response to Fibroblast Growth Factor Stimulus (GO:0044344),1/53,0.17709763410262688,0.22126218057238867,7.7862167982771,13.478362460655353,ZFP36
P3,GO_Biological_Process_2026,gs_ind_0,Cellular Response to Glucocorticoid Stimulus (GO:0071385),1/21,0.07428244681570347,0.143850815275795,19.96384360828533,51.90360975057245,ZFP36
P3,GO_Biological_Process_2026,gs_ind_0,Cellular Response to Glucose Starvation (GO:0042149),1/45,0.15250625325948727,0.20260395386847452,9.18869629044097,17.27979985753456,CHKA
P3,GO_Biological_Process_2026,gs_ind_0,Cellular Response to Granulocyte Macrophage Colony-Stimulating Factor Stimulus (GO:0097011),1/6,0.021805834468432178,0.09599680750051966,74.4518044769301,284.8211635890129,ZFP36
P3,GO_Biological_Process_2026,gs_ind_0,Cellular Response to Growth Factor Stimulus (GO:0071363),2/147,0.10162510794852447,0.16479304944309847,4.713747448846093,10.777816905584954,MAP2K3;ZFP36
P3,GO_Biological_Process_2026,gs_ind_0,Cellular Response to Growth Hormone Stimulus (GO:0071378),1/10,0.036080852581350895,0.10910936501327433,43.0973287490082,143.16902243022955,STAT3
P3,GO_Biological_Process_2026,gs_ind_0,Cellular Response to Hormone Stimulus (GO:0032870),2/83,0.03739217545002293,0.11154328072893521,8.435271402323192,27.720780186823443,STAT3;ARID5A
P3,GO_Biological_Process_2026,gs_ind_0,Cellular Response to Hydrogen Peroxide (GO:0070301),1/34,0.11750120825052357,0.1773968766241038,12.21083027075677,26.147132213032688,RIPK1
P3,GO_Biological_Process_2026,gs_ind_0,Cellular Response to Hypoxia (GO:0071456),2/78,0.03338642678612387,0.10810331760008597,8.988255200557381,30.556524918365778,NDRG1;RTN4
P3,GO_Biological_Process_2026,gs_ind_0,Cellular Response to Indole-3-Methanol (GO:0071681),2/5,0.0001322061015675598,0.0070069233830806705,196.9869470630892,1759.3196723588437,CTNNA1;CDH1
P3,GO_Biological_Process_2026,gs_ind_0,Cellular Response to Insulin Stimulus (GO:0032869),1/106,0.32308942595997636,0.3517308669639959,3.867084236347615,4.3691328307529815,IRS2
P3,GO_Biological_Process_2026,gs_ind_0,Cellular Response to Interleukin-1 (GO:0071347),1/54,0.18012145406991348,0.22282838359754653,7.640398252946978,13.096589333388202,EGR1
P3,GO_Biological_Process_2026,gs_ind_0,Cellular Response to Interleukin-13 (GO:0035963),1/6,0.021805834468432178,0.09599680750051966,74.4518044769301,284.8211635890129,IL13RA1
P3,GO_Biological_Process_2026,gs_ind_0,Cellular Response to Interleukin-15 (GO:0071350),2/10,0.0005878432500802306,0.012668493879946454,81.09734249029562,603.2872040697225,STAT3;JAK1
P3,GO_Biological_Process_2026,gs_ind_0,Cellular Response to Interleukin-2 (GO:0071352),2/8,0.00036752525526596207,0.010002646812238482,106.05818039828192,838.7842954985956,STAT3;JAK1
P3,GO_Biological_Process_2026,gs_ind_0,Cellular Response to Interleukin-4 (GO:0071353),2/19,0.0021862443461816107,0.029836158387013183,39.37708484408992,241.20709424369562,IL13RA1;JAK1
P3,GO_Biological_Process_2026,gs_ind_0,Cellular Response to Interleukin-6 (GO:0071354),3/21,6.0671961788154716e-05,0.005554242320061073,52.680942480942484,511.53347297573885,STAT3;SBNO2;JAK1
P3,GO_Biological_Process_2026,gs_ind_0,Cellular Response to Interleukin-7 (GO:0098761),1/8,0.02896931280161029,0.1023582385656897,54.59396984924623,193.34553720447744,JAK1
P3,GO_Biological_Process_2026,gs_ind_0,Cellular Response to Interleukin-9 (GO:0071355),2/8,0.00036752525526596207,0.010002646812238482,106.05818039828192,838.7842954985956,STAT3;JAK1
P3,GO_Biological_Process_2026,gs_ind_0,Cellular Response to Leptin Stimulus (GO:0044320),1/7,0.025394089358317242,0.09989003118681822,62.9953614224971,231.39700796830692,STAT3
P3,GO_Biological_Process_2026,gs_ind_0,Cellular Response to Lipid (GO:0071396),2/206,0.17480863143147432,0.21921829620360478,3.3464684199421644,5.83645321791451,SBNO2;ZFP36
P3,GO_Biological_Process_2026,gs_ind_0,Cellular Response to Lipopolysaccharide (GO:0071222),2/109,0.06086419544224539,0.13124249424055912,6.388974147090072,17.88344270862272,SBNO2;ZFP36
P3,GO_Biological_Process_2026,gs_ind_0,Cellular Response to Lithium Ion (GO:0071285),1/5,0.018204501114733745,0.09599680750051966,91.0,364.55386253468845,CDH1
P3,GO_Biological_Process_2026,gs_ind_0,Cellular Response to Mechanical Stimulus (GO:0071260),1/52,0.17406277381902974,0.21855512872289645,7.937698199736547,13.877789521683125,PECAM1
P3,GO_Biological_Process_2026,gs_ind_0,Cellular Response to Metal Ion (GO:0071248),1/98,0.3028206973137532,0.3325413764394215,4.185620409741013,5.000202442333122,CDH1
P3,GO_Biological_Process_2026,gs_ind_0,Cellular Response to Molecule of Bacterial Origin (GO:0071219),2/103,0.05508304510456855,0.12694770040697703,6.768147833262484,19.620273915908466,SBNO2;ZFP36
P3,GO_Biological_Process_2026,gs_ind_0,Cellular Response to Nitrogen Compound (GO:1901699),5/158,0.0002963458856343743,0.009947343561127165,10.135562869860328,82.34114301745795,CDH1;CASP4;CTNNA1;EGR1;ICAM1
P3,GO_Biological_Process_2026,gs_ind_0,Cellular Response to Osmotic Stress (GO:0071470),1/34,0.11750120825052357,0.1773968766241038,12.21083027075677,26.147132213032688,NFAT5
P3,GO_Biological_Process_2026,gs_ind_0,Cellular Response to Oxygen-Containing Compound (GO:1901701),6/344,0.001702447281768386,0.02637483711908869,5.451743999749908,34.75862144568514,SLC38A2;SBNO2;CASP4;ZFP36;EGR1;ICAM1
P3,GO_Biological_Process_2026,gs_ind_0,Cellular Response to Peptide Hormone Stimulus (GO:0071375),1/100,0.3079435140862534,0.3374310323012592,4.101184313527436,4.830534456023747,IRS2
P3,GO_Biological_Process_2026,gs_ind_0,Cellular Response to Reactive Oxygen Species (GO:0034614),1/69,0.22418061724548724,0.26249986228628563,5.964017166122583,8.918014102728504,RIPK1
P3,GO_Biological_Process_2026,gs_ind_0,Cellular Response to Starvation (GO:0009267),1/139,0.40071017420732635,0.4212057885456969,2.9420931371659744,2.6905938087514123,CHKA
P3,GO_Biological_Process_2026,gs_ind_0,Cellular Response to Transforming Growth Factor Beta Stimulus (GO:0071560),2/98,0.05042479164972612,0.12206193555594759,7.120144130875043,21.269809526662677,STAT3;JUN
P3,GO_Biological_Process_2026,gs_ind_0,Cellular Response to Tumor Necrosis Factor (GO:0071356),2/82,0.03657684368909193,0.11027808860753165,8.540372670807454,28.254455880318755,RIPK1;ZFP36
P3,GO_Biological_Process_2026,gs_ind_0,Cellular Response to Type I Interferon (GO:0071357),1/64,0.20976111348061466,0.24968019063236283,6.434811854548332,10.049798749352027,JAK1
P3,GO_Biological_Process_2026,gs_ind_0,Cellular Response to Type II Interferon (GO:0071346),1/43,0.1462455860603604,0.19714766420720603,9.621814957138634,18.49763110790661,JAK1
P3,GO_Biological_Process_2026,gs_ind_0,Cellular Response to Vascular Endothelial Growth Factor Stimulus (GO:0035924),1/36,0.12397052607037776,0.18251216338138948,11.52204685398825,24.054708967199332,MAP2K3
P3,GO_Biological_Process_2026,gs_ind_0,Central Nervous System Development (GO:0007417),3/272,0.07858410918968806,0.14846941454787219,3.582883782883783,9.113372216978387,STAT3;THOC6;RTN4
P3,GO_Biological_Process_2026,gs_ind_0,Ceramide Biosynthetic Process (GO:0046513),1/47,0.15872146612108,0.2078446246865118,8.792835143459232,16.18413103887907,SGMS2
P3,GO_Biological_Process_2026,gs_ind_0,Ceramide Metabolic Process (GO:0006672),1/50,0.16795977255684102,0.21573404459788126,8.259022384650525,14.734350124773231,SGMS2
P3,GO_Biological_Process_2026,gs_ind_0,Cerebral Cortex Radial Glia-Guided Migration (GO:0021801),1/5,0.018204501114733745,0.09599680750051966,91.0,364.55386253468845,RTN4
P3,GO_Biological_Process_2026,gs_ind_0,Chemical Synaptic Transmission (GO:0007268),1/257,0.6127685752972308,0.6176756309552667,1.5816803314819712,0.7746563214699725,HOMER1
P3,GO_Biological_Process_2026,gs_ind_0,Chondrocyte Differentiation (GO:0002062),1/37,0.12718755619754754,0.18323014176098765,11.205961313416397,23.107728348226125,RUNX1
P3,GO_Biological_Process_2026,gs_ind_0,Chromatin Organization (GO:0006325),5/308,0.005597019210291258,0.05317168249776696,5.097759990339581,26.43454202746422,CHD4;BAZ1A;KDM6B;TOP1;SF3B1
P3,GO_Biological_Process_2026,gs_ind_0,Chromatin Remodeling (GO:0006338),6/266,0.0004514038442332713,0.01186754607256835,7.104723313936366,54.72873644647761,NFAT5;CHD4;BAZ1A;KDM6B;TOP1;SF3B1
P3,GO_Biological_Process_2026,gs_ind_0,Ciliary Neurotrophic Factor-Mediated Signaling Pathway (GO:0070120),2/7,0.0002763051291217819,0.009594457414677049,125.3461005999077,1027.0865452902929,STAT3;JAK1
P3,GO_Biological_Process_2026,gs_ind_0,Circulatory System Development (GO:0072359),2/133,0.08585613809033389,0.15494109508416887,5.218293412595781,12.81133925257108,PDLIM5;KDM6B
P3,GO_Biological_Process_2026,gs_ind_0,"Co-transcriptional RNA 3'-End Processing, Cleavage and Polyadenylation Pathway (GO:0180012)",1/14,0.05014960504049533,0.12168831873681638,30.32328308207705,90.74984291620152,CSTF3
P3,GO_Biological_Process_2026,gs_ind_0,"Co-transcriptional mRNA 3'-End Processing, Cleavage and Polyadenylation Pathway (GO:0180010)",1/12,0.043140826609840886,0.11584749972295938,35.59951933580948,111.89945212016866,CSTF3
P3,GO_Biological_Process_2026,gs_ind_0,Cytokine-mediated Signaling Pathway (GO:0019221),5/245,0.002116560917289582,0.029836158387013183,6.448226317336265,39.707937248610335,STAT3;RIPK1;IL13RA1;EGR1;JAK1
P3,GO_Biological_Process_2026,gs_ind_0,Cytoskeleton Organization (GO:0007010),1/104,0.3180776109586692,0.347025085845482,3.9421018134149004,4.515519416376505,PALLD
P3,GO_Biological_Process_2026,gs_ind_0,D-glucose Transmembrane Transport (GO:1904659),1/21,0.07428244681570347,0.143850815275795,19.96384360828533,51.90360975057245,SLC5A3
P3,GO_Biological_Process_2026,gs_ind_0,DNA Conformation Change (GO:0071103),1/17,0.060567584183063565,0.13088317011232833,24.80721790772042,69.5593259790493,TOP1
P3,GO_Biological_Process_2026,gs_ind_0,DNA Damage Response (GO:0006974),7/433,0.0010930665912139684,0.018983300143752792,5.029402360965701,34.2943286147375,NFAT5;RIPK1;BTG2;EP400;BCL3;NABP1;MRNIP
P3,GO_Biological_Process_2026,gs_ind_0,"DNA Damage Response, Signal Transduction by P53 Class Mediator (GO:0030330)",2/38,0.008590198795084398,0.07032788769634138,18.86621236353522,89.74908897806998,NDRG1;BCL3
P3,GO_Biological_Process_2026,gs_ind_0,DNA Metabolic Process (GO:0006259),4/319,0.03005252553223433,0.10544562094411139,3.9689037057717416,13.910247750063817,EP400;TOP1;NABP1;BTG2
P3,GO_Biological_Process_2026,gs_ind_0,DNA Repair (GO:0006281),3/306,0.10274669200750436,0.16634392098321044,3.1774848984074686,7.2303307287666225,EP400;NABP1;BTG2
P3,GO_Biological_Process_2026,gs_ind_0,DNA Replication (GO:0006260),3/101,0.006150768555961784,0.05530199942726354,9.865234934270466,50.225669395539725,POLG2;TOP1;BAZ1A
P3,GO_Biological_Process_2026,gs_ind_0,DNA Topological Change (GO:0006265),1/10,0.036080852581350895,0.10910936501327433,43.0973287490082,143.16902243022955,TOP1
P3,GO_Biological_Process_2026,gs_ind_0,DNA-templated DNA Replication (GO:0006261),2/61,0.021176158269771574,0.09599680750051966,11.56357974661946,44.576204662481985,POLG2;BAZ1A
P3,GO_Biological_Process_2026,gs_ind_0,DNA-templated Transcription (GO:0006351),2/197,0.16311717397938805,0.2124954646794874,3.5016942111207756,6.349574761930259,NFAT5;TAF13
P3,GO_Biological_Process_2026,gs_ind_0,DNA-templated Transcription Initiation (GO:0006352),2/91,0.044160597880144266,0.1182705374077268,7.6790119955761,23.95792105993816,TAF4B;TAF13
P3,GO_Biological_Process_2026,gs_ind_0,Defense Response to Bacterium (GO:0042742),1/156,0.4371883026308286,0.45153704692230195,2.618801402510947,2.166773439848593,CASP4
P3,GO_Biological_Process_2026,gs_ind_0,Defense Response to Gram-positive Bacterium (GO:0050830),1/63,0.20684553317320864,0.24679318946139941,6.538010050251256,10.302484965677984,CASP4
P3,GO_Biological_Process_2026,gs_ind_0,Dendrite Self-Avoidance (GO:0070593),1/15,0.05363491085988955,0.1258982639531673,28.2309824987004,82.591294852792,PALLD
P3,GO_Biological_Process_2026,gs_ind_0,Desmosome Assembly (GO:0002159),1/8,0.02896931280161029,0.1023582385656897,54.59396984924623,193.34553720447744,CDH1
P3,GO_Biological_Process_2026,gs_ind_0,Desmosome Organization (GO:0002934),1/11,0.03961726211805212,0.11206343526089461,38.99138549892319,125.88331156809635,CDH1
P3,GO_Biological_Process_2026,gs_ind_0,Detection of Mechanical Stimulus (GO:0050982),1/20,0.07087242893827944,0.14132383354623246,20.98840355624275,55.55365534242182,PECAM1
P3,GO_Biological_Process_2026,gs_ind_0,Dicarboxylic Acid Biosynthetic Process (GO:0043650),1/10,0.036080852581350895,0.10910936501327433,43.0973287490082,143.16902243022955,GLS
P3,GO_Biological_Process_2026,gs_ind_0,Double-strand Break Repair (GO:0006302),2/176,0.1364723542255761,0.18866577865393985,3.9261559495585647,7.819462608250782,CHD4;NABP1
P3,GO_Biological_Process_2026,gs_ind_0,Double-strand Break Repair via Homologous Recombination (GO:0000724),2/115,0.06684306461942961,0.13638981055474372,6.04988930879492,16.367417278818554,CHD4;NABP1
P3,GO_Biological_Process_2026,gs_ind_0,Eating Behavior (GO:0042755),1/6,0.021805834468432178,0.09599680750051966,74.4518044769301,284.8211635890129,STAT3
P3,GO_Biological_Process_2026,gs_ind_0,Ectoderm Development (GO:0007398),1/10,0.036080852581350895,0.10910936501327433,43.0973287490082,143.16902243022955,ITGA6
P3,GO_Biological_Process_2026,gs_ind_0,Endomembrane System Organization (GO:0010256),2/176,0.1364723542255761,0.18866577865393985,3.9261559495585647,7.819462608250782,RTN4;SQSTM1
P3,GO_Biological_Process_2026,gs_ind_0,Endoplasmic Reticulum Membrane Organization (GO:0090158),1/15,0.05363491085988955,0.1258982639531673,28.2309824987004,82.591294852792,RTN4
P3,GO_Biological_Process_2026,gs_ind_0,Endoplasmic Reticulum Organization (GO:0007029),1/51,0.1710168333182885,0.21662132220316543,8.09517886462013,14.296031530903484,RTN4
P3,GO_Biological_Process_2026,gs_ind_0,Endoplasmic Reticulum Tubular Network Formation (GO:0071787),1/6,0.021805834468432178,0.09599680750051966,74.4518044769301,284.8211635890129,RTN4
P3,GO_Biological_Process_2026,gs_ind_0,Endoplasmic Reticulum Tubular Network Membrane Organization (GO:1990809),1/8,0.02896931280161029,0.1023582385656897,54.59396984924623,193.34553720447744,RTN4
P3,GO_Biological_Process_2026,gs_ind_0,Endoplasmic Reticulum Tubular Network Organization (GO:0071786),1/19,0.06744997582548398,0.13638981055474372,22.123726741817194,59.65373216204687,RTN4
P3,GO_Biological_Process_2026,gs_ind_0,Endosome Organization (GO:0007032),1/54,0.18012145406991348,0.22282838359754653,7.640398252946978,13.096589333388202,SQSTM1
P3,GO_Biological_Process_2026,gs_ind_0,Endothelial Cell Development (GO:0001885),2/26,0.004086322122406134,0.04377581252407422,28.11923754273283,154.65889819684898,PECAM1;ICAM1
P3,GO_Biological_Process_2026,gs_ind_0,Endothelial Cell Differentiation (GO:0045446),1/13,0.04665159224326654,0.11893203389612508,32.75035175879397,100.38140738175221,KDM6B
P3,GO_Biological_Process_2026,gs_ind_0,Endothelium Development (GO:0003158),2/12,0.000858052708375621,0.016942334849691182,65.64539521392314,463.51196245261565,PECAM1;KDM6B
P3,GO_Biological_Process_2026,gs_ind_0,Enzyme-linked Receptor Protein Signaling Pathway (GO:0007167),2/133,0.08585613809033389,0.15494109508416887,5.218293412595781,12.81133925257108,STAT3;JAK1
P3,GO_Biological_Process_2026,gs_ind_0,Epidermis Development (GO:0008544),1/75,0.24114053449635292,0.2778358332240588,5.482479511652221,7.7981439048024175,LAMC2
P3,GO_Biological_Process_2026,gs_ind_0,Epithelial Cell Differentiation (GO:0030855),1/119,0.35478894091682145,0.3800770888332332,3.4411933083137205,3.565875308851531,KDM6B
P3,GO_Biological_Process_2026,gs_ind_0,Epithelial Cell-Cell Adhesion (GO:0090136),1/15,0.05363491085988955,0.1258982639531673,28.2309824987004,82.591294852792,VCL
P3,GO_Biological_Process_2026,gs_ind_0,Epithelium Development (GO:0060429),2/150,0.10510250208768977,0.16799717397191047,4.618007486027791,10.403535905556724,ERRFI1;VCL
P3,GO_Biological_Process_2026,gs_ind_0,Establishment of Endothelial Barrier (GO:0061028),3/30,0.000180822903760481,0.007916898438556712,35.42815850815851,305.31960211338907,TJP2;PECAM1;ICAM1
P3,GO_Biological_Process_2026,gs_ind_0,Establishment of Endothelial Intestinal Barrier (GO:0090557),1/11,0.03961726211805212,0.11206343526089461,38.99138549892319,125.88331156809635,TJP2
P3,GO_Biological_Process_2026,gs_ind_0,Establishment of Protein Localization to Organelle (GO:0072594),3/84,0.0036778892089274757,0.040699279487801845,11.930501809029417,66.87542901992121,BCL3;NUP98;STAT3
P3,GO_Biological_Process_2026,gs_ind_0,Extrinsic Apoptotic Signaling Pathway (GO:0097191),1/68,0.2213177094527477,0.26096830611114397,6.0525963149078725,9.12825951138168,RIPK1
P3,GO_Biological_Process_2026,gs_ind_0,Extrinsic Apoptotic Signaling Pathway via Death Domain Receptors (GO:0008625),1/34,0.11750120825052357,0.1773968766241038,12.21083027075677,26.147132213032688,RIPK1
P3,GO_Biological_Process_2026,gs_ind_0,Eye Morphogenesis (GO:0048592),1/23,0.08106535561630931,0.15006031820886667,18.187939698492464,45.697191038775365,STAT3
P3,GO_Biological_Process_2026,gs_ind_0,Eye Photoreceptor Cell Differentiation (GO:0001754),1/17,0.060567584183063565,0.13088317011232833,24.80721790772042,69.5593259790493,STAT3
P3,GO_Biological_Process_2026,gs_ind_0,Forebrain Neuron Differentiation (GO:0021879),1/12,0.043140826609840886,0.11584749972295938,35.59951933580948,111.89945212016866,ZSWIM6
P3,GO_Biological_Process_2026,gs_ind_0,Fructose 6-Phosphate Metabolic Process (GO:0006002),1/10,0.036080852581350895,0.10910936501327433,43.0973287490082,143.16902243022955,HK2
P3,GO_Biological_Process_2026,gs_ind_0,G Protein-Coupled Glutamate Receptor Signaling Pathway (GO:0007216),1/14,0.05014960504049533,0.12168831873681638,30.32328308207705,90.74984291620152,HOMER1
P3,GO_Biological_Process_2026,gs_ind_0,Gene Expression (GO:0010467),2/268,0.25788781596852517,0.29244710662196494,2.5620232188264875,3.47213229083823,THOC6;CASP4
P3,GO_Biological_Process_2026,gs_ind_0,Generation of Neurons (GO:0048699),2/191,0.1554064736708349,0.20484817994241203,3.6133694065333564,6.727050235353979,RTN4;RUNX1
P3,GO_Biological_Process_2026,gs_ind_0,Glial Cell Differentiation (GO:0010001),1/29,0.10112025539501886,0.16423886642384514,14.355725998413119,32.89535401837941,STAT3
P3,GO_Biological_Process_2026,gs_ind_0,Glomerulus Vasculature Development (GO:0072012),1/6,0.021805834468432178,0.09599680750051966,74.4518044769301,284.8211635890129,PECAM1
P3,GO_Biological_Process_2026,gs_ind_0,Glucose 6-Phosphate Metabolic Process (GO:0051156),1/16,0.0571075553965845,0.12694770040697703,26.40865618414654,75.60319879037347,HK2
P3,GO_Biological_Process_2026,gs_ind_0,Glucose Catabolic Process to Pyruvate (GO:0061718),1/23,0.08106535561630931,0.15006031820886667,18.187939698492464,45.697191038775365,HK2
P3,GO_Biological_Process_2026,gs_ind_0,Glucose Homeostasis (GO:0042593),2/95,0.047702467201402705,0.12099844955116505,7.349412307608784,22.362587155527024,STAT3;HK2
P3,GO_Biological_Process_2026,gs_ind_0,Glucose Metabolic Process (GO:0006006),2/62,0.021830455727526316,0.09599680750051966,11.372026681209883,43.491738712177906,HK2;IRS2
P3,GO_Biological_Process_2026,gs_ind_0,Glutamate Metabolic Process (GO:0006536),1/18,0.06401504258973123,0.13401901847787806,23.388801148600145,64.28732849758696,GLS
P3,GO_Biological_Process_2026,gs_ind_0,Glutamate Receptor Signaling Pathway (GO:0007215),1/38,0.13039289018139794,0.1846774126760446,10.906733668341708,22.219232230345032,HOMER1
P3,GO_Biological_Process_2026,gs_ind_0,Glycerophospholipid Biosynthetic Process (GO:0046474),1/128,0.3758693246490863,0.39884131709339293,3.1972214011232634,3.1285250606714254,CHKA
P3,GO_Biological_Process_2026,gs_ind_0,Glycolytic Process (GO:0006096),1/29,0.10112025539501886,0.16423886642384514,14.355725998413119,32.89535401837941,HK2
P3,GO_Biological_Process_2026,gs_ind_0,Glycolytic Process Through Glucose-6-Phosphate (GO:0061620),1/24,0.08443833551787916,0.15348267845939406,17.41334331230621,43.0411486823959,HK2
P3,GO_Biological_Process_2026,gs_ind_0,Growth Hormone Receptor Signaling Pathway (GO:0060396),2/18,0.0019607912697134173,0.02861618563190451,41.765113059529305,260.38072065544543,STAT3;JAK1
P3,GO_Biological_Process_2026,gs_ind_0,Growth Hormone Receptor Signaling Pathway via JAK-STAT (GO:0060397),2/10,0.0005878432500802306,0.012668493879946454,81.09734249029562,603.2872040697225,STAT3;JAK1
P3,GO_Biological_Process_2026,gs_ind_0,Heart Development (GO:0007507),2/170,0.12905481663765403,0.1846774126760446,4.066863486420943,8.326976312792706,PDLIM5;KDM6B
P3,GO_Biological_Process_2026,gs_ind_0,Hematopoietic Stem Cell Proliferation (GO:0071425),1/12,0.043140826609840886,0.11584749972295938,35.59951933580948,111.89945212016866,RUNX1
P3,GO_Biological_Process_2026,gs_ind_0,Hemopoiesis (GO:0030097),1/91,0.28459342977031415,0.31701945108263974,4.510536105944085,5.668362215187675,RUNX1
P3,GO_Biological_Process_2026,gs_ind_0,Heterophilic Cell-Cell Adhesion (GO:0007157),1/43,0.1462455860603604,0.19714766420720603,9.621814957138634,18.49763110790661,ICAM1
P3,GO_Biological_Process_2026,gs_ind_0,Hexose Metabolic Process (GO:0019318),2/49,0.01399987398532821,0.09599680750051966,14.491317125300561,61.85918613402348,HK2;IRS2
P3,GO_Biological_Process_2026,gs_ind_0,Hexose Transmembrane Transport (GO:0008645),1/21,0.07428244681570347,0.143850815275795,19.96384360828533,51.90360975057245,SLC5A3
P3,GO_Biological_Process_2026,gs_ind_0,Homophilic Cell-Cell Adhesion (GO:0007156),3/67,0.0019340499414297197,0.02861618563190451,15.084436493738819,94.24965684579281,PECAM1;CDH1;PALLD
P3,GO_Biological_Process_2026,gs_ind_0,Homotypic Cell-Cell Adhesion (GO:0034109),2/44,0.011396042277652138,0.08509400024208526,16.199163929531203,72.48298328202453,TJP2;VCL
P3,GO_Biological_Process_2026,gs_ind_0,Host-mediated Activation of Viral Process (GO:0044794),1/32,0.11098459693722368,0.17300540110802515,12.987078248384782,28.550323385514286,JUN
P3,GO_Biological_Process_2026,gs_ind_0,Host-mediated Activation of Viral Transcription (GO:0043923),1/16,0.0571075553965845,0.12694770040697703,26.40865618414654,75.60319879037347,JUN
P3,GO_Biological_Process_2026,gs_ind_0,Host-mediated Perturbation of Viral Transcription (GO:0043921),1/27,0.09448390777737954,0.16126321208783254,15.440314781454441,36.428732206490906,JUN
P3,GO_Biological_Process_2026,gs_ind_0,Host-mediated Suppression of Viral Proces (GO:0044793),1/14,0.05014960504049533,0.12168831873681638,30.32328308207705,90.74984291620152,JUN
P3,GO_Biological_Process_2026,gs_ind_0,Host-mediated Suppression of Viral Transcription (GO:0043922),1/12,0.043140826609840886,0.11584749972295938,35.59951933580948,111.89945212016866,JUN
P3,GO_Biological_Process_2026,gs_ind_0,Hyperosmotic Response (GO:0006972),1/12,0.043140826609840886,0.11584749972295938,35.59951933580948,111.89945212016866,NFAT5
P3,GO_Biological_Process_2026,gs_ind_0,Inflammatory Response (GO:0006954),3/253,0.06633233170916122,0.13638981055474372,3.857362198679564,10.465323913283916,STAT3;CASP4;RIPK1
P3,GO_Biological_Process_2026,gs_ind_0,Insulin Receptor Signaling Pathway (GO:0008286),1/52,0.17406277381902974,0.21855512872289645,7.937698199736547,13.877789521683125,IRS2
P3,GO_Biological_Process_2026,gs_ind_0,Insulin-like Growth Factor Receptor Signaling Pathway (GO:0048009),1/12,0.043140826609840886,0.11584749972295938,35.59951933580948,111.89945212016866,IRS2
P3,GO_Biological_Process_2026,gs_ind_0,Integrated Stress Response Signaling (GO:0140467),4/37,1.0248177712649706e-05,0.0018944252210570042,37.771324723532594,433.93248930595877,ARIH1;JUNB;JUN;FOSL1
P3,GO_Biological_Process_2026,gs_ind_0,Integrin-mediated Signaling Pathway (GO:0007229),1/84,0.265894511441762,0.2998384916258167,4.889928685342882,6.4774715260949085,ITGA6
P3,GO_Biological_Process_2026,gs_ind_0,Interferon-mediated Signaling Pathway (GO:0140888),1/38,0.13039289018139794,0.1846774126760446,10.906733668341708,22.219232230345032,JAK1
P3,GO_Biological_Process_2026,gs_ind_0,Interleukin-1-mediated Signaling Pathway (GO:0070498),1/22,0.07768007418553498,0.14731418965128762,19.03459156246348,48.636360355386536,EGR1
P3,GO_Biological_Process_2026,gs_ind_0,Interleukin-10-mediated Signaling Pathway (GO:0140105),2/6,0.00019783434624159155,0.007968767466611308,153.20642978003383,1306.5567682102458,STAT3;JAK1
P3,GO_Biological_Process_2026,gs_ind_0,Interleukin-11-mediated Signaling Pathway (GO:0038154),2/4,7.951409136866566e-05,0.006250302327471889,275.79187817258884,2603.358477507021,STAT3;JAK1
P3,GO_Biological_Process_2026,gs_ind_0,Interleukin-13-mediated Signaling Pathway (GO:0035772),1/4,0.014590042112100507,0.09599680750051966,117.0043072505384,494.6258840598229,IL13RA1
P3,GO_Biological_Process_2026,gs_ind_0,Interleukin-15-mediated Signaling Pathway (GO:0035723),2/10,0.0005878432500802306,0.012668493879946454,81.09734249029562,603.2872040697225,STAT3;JAK1
P3,GO_Biological_Process_2026,gs_ind_0,Interleukin-2-mediated Signaling Pathway (GO:0038110),2/8,0.00036752525526596207,0.010002646812238482,106.05818039828192,838.7842954985956,STAT3;JAK1
P3,GO_Biological_Process_2026,gs_ind_0,Interleukin-23-mediated Signaling Pathway (GO:0038155),1/8,0.02896931280161029,0.1023582385656897,54.59396984924623,193.34553720447744,STAT3
P3,GO_Biological_Process_2026,gs_ind_0,Interleukin-4-mediated Signaling Pathway (GO:0035771),2/7,0.0002763051291217819,0.009594457414677049,125.3461005999077,1027.0865452902929,IL13RA1;JAK1
P3,GO_Biological_Process_2026,gs_ind_0,Interleukin-5-mediated Signaling Pathway (GO:0038043),1/8,0.02896931280161029,0.1023582385656897,54.59396984924623,193.34553720447744,JAK1
P3,GO_Biological_Process_2026,gs_ind_0,Interleukin-6-mediated Signaling Pathway (GO:0070102),2/13,0.001011639008733172,0.018191437174898288,59.93489295961157,413.3220188529541,STAT3;JAK1
P3,GO_Biological_Process_2026,gs_ind_0,Interleukin-7-mediated Signaling Pathway (GO:0038111),1/8,0.02896931280161029,0.1023582385656897,54.59396984924623,193.34553720447744,JAK1
P3,GO_Biological_Process_2026,gs_ind_0,Interleukin-9-mediated Signaling Pathway (GO:0038113),2/8,0.00036752525526596207,0.010002646812238482,106.05818039828192,838.7842954985956,STAT3;JAK1
P3,GO_Biological_Process_2026,gs_ind_0,Intestinal Absorption (GO:0050892),1/14,0.05014960504049533,0.12168831873681638,30.32328308207705,90.74984291620152,TJP2
P3,GO_Biological_Process_2026,gs_ind_0,Intracellular Amino Acid Homeostasis (GO:0080144),1/9,0.032531551648223855,0.10591970634699878,48.16937629323086,165.00635843822025,GLS
P3,GO_Biological_Process_2026,gs_ind_0,Intracellular Glucose Homeostasis (GO:0001678),1/51,0.1710168333182885,0.21662132220316543,8.09517886462013,14.296031530903484,HK2
P3,GO_Biological_Process_2026,gs_ind_0,Intracellular Glutamate Homeostasis (GO:0090461),1/7,0.025394089358317242,0.09989003118681822,62.9953614224971,231.39700796830692,GLS
P3,GO_Biological_Process_2026,gs_ind_0,Intracellular Protein Transport (GO:0006886),3/281,0.08470999370108673,0.153699033616206,3.4659393269806196,8.555746421849186,BCL3;NUP98;STAT3
P3,GO_Biological_Process_2026,gs_ind_0,Intracellular Receptor Signaling Pathway (GO:0030522),1/35,0.12074175755375664,0.18066411568593305,11.856456194013546,25.06574885089274,STAT3
P3,GO_Biological_Process_2026,gs_ind_0,Intracellular Signaling Cassette (GO:0141124),9/349,5.688094398013661e-06,0.001431977764699939,8.180231578440576,98.7937633095383,MAP2K3;IRS2;STAT3;JUNB;RIPK1;BCL3;ZFP36;JUN;FOSL1
P3,GO_Biological_Process_2026,gs_ind_0,Intrinsic Apoptotic Signaling Pathway (GO:0097193),2/107,0.05891461336750041,0.1306762459494998,6.51057329131282,18.43576977423768,CASP4;RIPK1
P3,GO_Biological_Process_2026,gs_ind_0,Intrinsic Apoptotic Signaling Pathway by P53 Class Mediator (GO:0072332),1/32,0.11098459693722368,0.17300540110802515,12.987078248384782,28.550323385514286,BCL3
P3,GO_Biological_Process_2026,gs_ind_0,Intrinsic Apoptotic Signaling Pathway in Response to DNA Damage (GO:0008630),2/57,0.018643659746222566,0.09599680750051966,12.398820139936891,49.37519097169622,BCL3;RIPK1
P3,GO_Biological_Process_2026,gs_ind_0,Intrinsic Apoptotic Signaling Pathway in Response to DNA Damage by P53 Class Mediator (GO:0042771),1/19,0.06744997582548398,0.13638981055474372,22.123726741817194,59.65373216204687,BCL3
P3,GO_Biological_Process_2026,gs_ind_0,Intrinsic Apoptotic Signaling Pathway in Response to Endoplasmic Reticulum Stress (GO:0070059),1/28,0.09780812250653742,0.16252933888462573,14.878300593878484,34.58829438886499,CASP4
P3,GO_Biological_Process_2026,gs_ind_0,JNK Cascade (GO:0007254),1/33,0.11424883561195394,0.17458054242979912,12.587011982991882,27.305967256473732,JUN
P3,GO_Biological_Process_2026,gs_ind_0,L-alpha-amino Acid Transmembrane Transport (GO:1902475),1/38,0.13039289018139794,0.1846774126760446,10.906733668341708,22.219232230345032,SLC38A2
P3,GO_Biological_Process_2026,gs_ind_0,L-amino Acid Catabolic Process (GO:0170035),1/81,0.25773332405292904,0.29244710662196494,5.072723867786135,6.877750472831031,GLS
P3,GO_Biological_Process_2026,gs_ind_0,L-amino Acid Transport (GO:0015807),1/38,0.13039289018139794,0.1846774126760446,10.906733668341708,22.219232230345032,SLC38A2
P3,GO_Biological_Process_2026,gs_ind_0,L-glutamate Biosynthetic Process (GO:0097054),1/4,0.014590042112100507,0.09599680750051966,117.0043072505384,494.6258840598229,GLS
P3,GO_Biological_Process_2026,gs_ind_0,L-glutamine Family Amino Acid Biosynthetic Process (GO:0009084),1/14,0.05014960504049533,0.12168831873681638,30.32328308207705,90.74984291620152,GLS
P3,GO_Biological_Process_2026,gs_ind_0,L-glutamine Import Across Plasma Membrane (GO:1903803),1/5,0.018204501114733745,0.09599680750051966,91.0,364.55386253468845,SLC38A2
P3,GO_Biological_Process_2026,gs_ind_0,L-glutamine Metabolic Process (GO:0006541),1/10,0.036080852581350895,0.10910936501327433,43.0973287490082,143.16902243022955,GLS
P3,GO_Biological_Process_2026,gs_ind_0,L-glutamine Transport (GO:0006868),1/8,0.02896931280161029,0.1023582385656897,54.59396984924623,193.34553720447744,SLC38A2
P3,GO_Biological_Process_2026,gs_ind_0,Lamellipodium Assembly (GO:0030032),1/26,0.09114756758275655,0.15879861687860874,16.046408513154006,38.435568598252985,VCL
P3,GO_Biological_Process_2026,gs_ind_0,Lamellipodium Organization (GO:0097581),1/31,0.10770844937287086,0.17027065701488375,13.413378367246066,29.88939646374393,VCL
P3,GO_Biological_Process_2026,gs_ind_0,Leptin-mediated Signaling Pathway (GO:0033210),1/8,0.02896931280161029,0.1023582385656897,54.59396984924623,193.34553720447744,STAT3
P3,GO_Biological_Process_2026,gs_ind_0,Leukemia Inhibitory Factor Signaling Pathway (GO:0048861),2/6,0.00019783434624159155,0.007968767466611308,153.20642978003383,1306.5567682102458,STAT3;JAK1
P3,GO_Biological_Process_2026,gs_ind_0,Leukocyte Adhesion to Vascular Endothelial Cell (GO:0061756),1/24,0.08443833551787916,0.15348267845939406,17.41334331230621,43.0411486823959,ICAM1
P3,GO_Biological_Process_2026,gs_ind_0,Leukocyte Cell-Cell Adhesion (GO:0007159),2/32,0.006147874877934131,0.05530199942726354,22.582591328950652,114.98262415798024,PECAM1;ICAM1
P3,GO_Biological_Process_2026,gs_ind_0,Leukocyte Differentiation (GO:0002521),1/5,0.018204501114733745,0.09599680750051966,91.0,364.55386253468845,RUNX1
P3,GO_Biological_Process_2026,gs_ind_0,Lipid Biosynthetic Process (GO:0008610),1/126,0.3712445230218088,0.3951831233435111,3.248413381649282,3.2188344396298083,SGMS2
P3,GO_Biological_Process_2026,gs_ind_0,Lipid Droplet Disassembly (GO:1905691),1/7,0.025394089358317242,0.09989003118681822,62.9953614224971,231.39700796830692,CHKA
P3,GO_Biological_Process_2026,gs_ind_0,Lipid Droplet Organization (GO:0034389),1/37,0.12718755619754754,0.18323014176098765,11.205961313416397,23.107728348226125,CHKA
P3,GO_Biological_Process_2026,gs_ind_0,Lipid Metabolic Process (GO:0006629),1/227,0.5672177669611209,0.5752147948941075,1.7931711537821557,1.016749526878736,CHKA
P3,GO_Biological_Process_2026,gs_ind_0,Lipid Transport (GO:0006869),1/110,0.33300391207600566,0.3598014371894181,3.725270186549184,4.096310975488557,CHKA
P3,GO_Biological_Process_2026,gs_ind_0,Locomotor Rhythm (GO:0045475),1/8,0.02896931280161029,0.1023582385656897,54.59396984924623,193.34553720447744,EGR1
P3,GO_Biological_Process_2026,gs_ind_0,Long-term Memory (GO:0007616),1/21,0.07428244681570347,0.143850815275795,19.96384360828533,51.90360975057245,EGR1
P3,GO_Biological_Process_2026,gs_ind_0,Lung Development (GO:0030324),1/33,0.11424883561195394,0.17458054242979912,12.587011982991882,27.305967256473732,ERRFI1
P3,GO_Biological_Process_2026,gs_ind_0,Lung Epithelium Development (GO:0060428),1/9,0.032531551648223855,0.10591970634699878,48.16937629323086,165.00635843822025,ERRFI1
P3,GO_Biological_Process_2026,gs_ind_0,Lung Vasculature Development (GO:0060426),1/7,0.025394089358317242,0.09989003118681822,62.9953614224971,231.39700796830692,ERRFI1
P3,GO_Biological_Process_2026,gs_ind_0,Lymphocyte Apoptotic Process (GO:0070227),1/7,0.025394089358317242,0.09989003118681822,62.9953614224971,231.39700796830692,RIPK1
P3,GO_Biological_Process_2026,gs_ind_0,Lymphocyte Differentiation (GO:0030098),1/75,0.24114053449635292,0.2778358332240588,5.482479511652221,7.7981439048024175,KLF6
P3,GO_Biological_Process_2026,gs_ind_0,Lysosome Localization (GO:0032418),2/45,0.011897844885328674,0.08681978115598532,15.826185891825661,70.13212846654835,MILR1;SPAG9
P3,GO_Biological_Process_2026,gs_ind_0,MAPK Cascade (GO:0000165),3/119,0.00963935357283225,0.07524673680497733,8.33544624188401,38.69231815753417,MAP2K3;ZFP36;JUN
P3,GO_Biological_Process_2026,gs_ind_0,MRNA 3'-End Processing (GO:0031124),1/36,0.12397052607037776,0.18251216338138948,11.52204685398825,24.054708967199332,CSTF3
P3,GO_Biological_Process_2026,gs_ind_0,MRNA Catabolic Process (GO:0006402),1/54,0.18012145406991348,0.22282838359754653,7.640398252946978,13.096589333388202,ZFP36
P3,GO_Biological_Process_2026,gs_ind_0,"MRNA Cis Splicing, via Spliceosome (GO:0045292)",1/22,0.07768007418553498,0.14731418965128762,19.03459156246348,48.636360355386536,SF3B1
P3,GO_Biological_Process_2026,gs_ind_0,MRNA Destabilization (GO:0061157),1/65,0.21266608310352175,0.2525409736854321,6.334813602898212,9.80649435082848,ZFP36
P3,GO_Biological_Process_2026,gs_ind_0,MRNA Export From Nucleus (GO:0006406),1/62,0.20391930381764029,0.24387973746361494,6.644564284838828,10.565062748652936,THOC6
P3,GO_Biological_Process_2026,gs_ind_0,MRNA Metabolic Process (GO:0016071),1/124,0.36658579687388354,0.3906369285206357,3.301263402030395,3.312892720260555,ZFP36
P3,GO_Biological_Process_2026,gs_ind_0,MRNA Processing (GO:0006397),1/252,0.6055207807099179,0.6115942088012912,1.6134249777715617,0.8094010948808954,SF3B1
P3,GO_Biological_Process_2026,gs_ind_0,"MRNA Splicing, via Spliceosome (GO:0000398)",1/218,0.5525457842838392,0.5614668060280787,1.867995148154566,1.1081301793126916,SF3B1
P3,GO_Biological_Process_2026,gs_ind_0,MRNA Stabilization (GO:0048255),2/59,0.019892831428861207,0.09599680750051966,11.966674023394393,46.87819906008499,ZFP36;FUS
P3,GO_Biological_Process_2026,gs_ind_0,MRNA Transcription (GO:0009299),2/40,0.009485924585703225,0.0752151658094736,17.884830905135473,83.3065801812143,TAF4B;TAF13
P3,GO_Biological_Process_2026,gs_ind_0,MRNA Transcription by RNA Polymerase II (GO:0042789),2/36,0.007734859472020119,0.06600850413834118,19.96137717943059,97.05257441117668,TAF4B;TAF13
P3,GO_Biological_Process_2026,gs_ind_0,MRNA Transport (GO:0051028),2/65,0.023843057614568296,0.09989003118681822,10.833566489468005,40.47704485056449,THOC6;ZFP36
P3,GO_Biological_Process_2026,gs_ind_0,Macroautophagy (GO:0016236),1/164,0.45358519041843365,0.4660819252564925,2.4899266977087273,1.968466767714488,SQSTM1
P3,GO_Biological_Process_2026,gs_ind_0,Macromolecule Catabolic Process (GO:0009057),1/70,0.2270331041296496,0.265223127446122,5.877987057590109,8.715052993038883,SQSTM1
P3,GO_Biological_Process_2026,gs_ind_0,Macrophage Activation (GO:0042116),1/33,0.11424883561195394,0.17458054242979912,12.587011982991882,27.305967256473732,SBNO2
P3,GO_Biological_Process_2026,gs_ind_0,Macrophage Activation Involved in Immune Response (GO:0002281),1/14,0.05014960504049533,0.12168831873681638,30.32328308207705,90.74984291620152,SBNO2
P3,GO_Biological_Process_2026,gs_ind_0,Maintenance of Blood-Brain Barrier (GO:0035633),3/29,0.00016317431440605775,0.007468933391222735,36.766424770198356,320.62864853177814,TJP2;PECAM1;VCL
P3,GO_Biological_Process_2026,gs_ind_0,Maintenance of Protein Localization in Organelle (GO:0072595),1/18,0.06401504258973123,0.13401901847787806,23.388801148600145,64.28732849758696,HK2
P3,GO_Biological_Process_2026,gs_ind_0,Mast Cell Activation Involved in Immune Response (GO:0002279),1/13,0.04665159224326654,0.11893203389612508,32.75035175879397,100.38140738175221,MILR1
P3,GO_Biological_Process_2026,gs_ind_0,Mast Cell Degranulation (GO:0043303),1/13,0.04665159224326654,0.11893203389612508,32.75035175879397,100.38140738175221,MILR1
P3,GO_Biological_Process_2026,gs_ind_0,Mast Cell Mediated Immunity (GO:0002448),1/14,0.05014960504049533,0.12168831873681638,30.32328308207705,90.74984291620152,MILR1
P3,GO_Biological_Process_2026,gs_ind_0,Membrane Assembly (GO:0071709),1/37,0.12718755619754754,0.18323014176098765,11.205961313416397,23.107728348226125,ANXA2
P3,GO_Biological_Process_2026,gs_ind_0,Membrane Raft Assembly (GO:0001765),1/6,0.021805834468432178,0.09599680750051966,74.4518044769301,284.8211635890129,ANXA2
P3,GO_Biological_Process_2026,gs_ind_0,Membrane Raft Organization (GO:0031579),1/17,0.060567584183063565,0.13088317011232833,24.80721790772042,69.5593259790493,ANXA2
P3,GO_Biological_Process_2026,gs_ind_0,Membraneless Organelle Assembly (GO:0140694),2/140,0.09364262118026315,0.16126321208783254,4.953270171709212,11.730679389414144,SQSTM1;FUS
P3,GO_Biological_Process_2026,gs_ind_0,Memory (GO:0007613),1/57,0.1891270689518711,0.2314106420832736,7.233912927469205,12.046896829454685,EGR1
P3,GO_Biological_Process_2026,gs_ind_0,Mesoderm Formation (GO:0001707),1/19,0.06744997582548398,0.13638981055474372,22.123726741817194,59.65373216204687,KDM6B
P3,GO_Biological_Process_2026,gs_ind_0,Mesodermal Cell Differentiation (GO:0048333),1/9,0.032531551648223855,0.10591970634699878,48.16937629323086,165.00635843822025,KDM6B
P3,GO_Biological_Process_2026,gs_ind_0,MiRNA-mediated Gene Silencing by Inhibition of Translation (GO:0035278),1/18,0.06401504258973123,0.13401901847787806,23.388801148600145,64.28732849758696,ZFP36
P3,GO_Biological_Process_2026,gs_ind_0,MiRNA-mediated Post-Transcriptional Gene Silencing (GO:0035195),1/28,0.09780812250653742,0.16252933888462573,14.878300593878484,34.58829438886499,ZFP36
P3,GO_Biological_Process_2026,gs_ind_0,Mitochondrial DNA Metabolic Process (GO:0032042),1/17,0.060567584183063565,0.13088317011232833,24.80721790772042,69.5593259790493,POLG2
P3,GO_Biological_Process_2026,gs_ind_0,Mitochondrial DNA Replication (GO:0006264),1/12,0.043140826609840886,0.11584749972295938,35.59951933580948,111.89945212016866,POLG2
P3,GO_Biological_Process_2026,gs_ind_0,Mitochondrion Organization (GO:0007005),1/121,0.3595335598753482,0.3843421388476386,3.383827852957735,3.461479104295593,HK2
P3,GO_Biological_Process_2026,gs_ind_0,Mitophagy (GO:0000423),1/46,0.15561952100888302,0.20484817994241203,8.986415594455796,16.717799339197803,SQSTM1
P3,GO_Biological_Process_2026,gs_ind_0,Mitotic Cell Cycle Checkpoint Signaling (GO:0007093),1/25,0.08779905814197392,0.15511166938415394,16.70197928417598,40.630980258906256,NABP1
P3,GO_Biological_Process_2026,gs_ind_0,Mitotic DNA Damage Checkpoint Signaling (GO:0044773),1/60,0.19803474382044972,0.23797253821860725,6.868417718846333,11.122116658096216,MRNIP
P3,GO_Biological_Process_2026,gs_ind_0,Mitotic G2 DNA Damage Checkpoint Signaling (GO:0007095),1/30,0.10442034991225575,0.1671721659167592,13.868580189080998,31.333708986565636,MRNIP
P3,GO_Biological_Process_2026,gs_ind_0,Mitotic G2/M Transition Checkpoint (GO:0044818),2/48,0.013460293849554557,0.09545433736972844,14.80350417553627,63.773660657724555,MRNIP;NABP1
P3,GO_Biological_Process_2026,gs_ind_0,Modification-dependent Protein Catabolic Process (GO:0019941),3/214,0.04427960127975627,0.11827469095149752,4.57526823058738,14.262168765597153,ARIH1;SQSTM1;RNF19A
P3,GO_Biological_Process_2026,gs_ind_0,Modulation of Chemical Synaptic Transmission (GO:0050804),1/137,0.3962676324604176,0.41697127052000055,2.985421613562317,2.763501660637285,HOMER1
P3,GO_Biological_Process_2026,gs_ind_0,Monocyte Extravasation (GO:0035696),1/4,0.014590042112100507,0.09599680750051966,117.0043072505384,494.6258840598229,PECAM1
P3,GO_Biological_Process_2026,gs_ind_0,Monosaccharide Transmembrane Transport (GO:0015749),1/15,0.05363491085988955,0.1258982639531673,28.2309824987004,82.591294852792,SLC5A3
P3,GO_Biological_Process_2026,gs_ind_0,Morphogenesis of an Epithelium (GO:0002009),1/50,0.16795977255684102,0.21573404459788126,8.259022384650525,14.734350124773231,VCL
P3,GO_Biological_Process_2026,gs_ind_0,Myeloid Cell Activation Involved in Immune Response (GO:0002275),1/14,0.05014960504049533,0.12168831873681638,30.32328308207705,90.74984291620152,SBNO2
P3,GO_Biological_Process_2026,gs_ind_0,Myeloid Cell Development (GO:0061515),1/23,0.08106535561630931,0.15006031820886667,18.187939698492464,45.697191038775365,ANXA2
P3,GO_Biological_Process_2026,gs_ind_0,Myeloid Cell Differentiation (GO:0030099),1/58,0.19210712382525622,0.23251427126446275,7.107843565654359,11.725824641202973,RUNX1
P3,GO_Biological_Process_2026,gs_ind_0,Myeloid Leukocyte Differentiation (GO:0002573),2/79,0.0341732705050247,0.10910936501327433,8.871950221057803,29.954467600258326,SBNO2;RUNX1
P3,GO_Biological_Process_2026,gs_ind_0,Necroptotic Process (GO:0070266),1/7,0.025394089358317242,0.09989003118681822,62.9953614224971,231.39700796830692,RIPK1
P3,GO_Biological_Process_2026,gs_ind_0,Neg Reg Transmembrane Rec Protein Serine/Threonine Kinase Signaling Pathway (GO:0090101),1/124,0.36658579687388354,0.3906369285206357,3.301263402030395,3.312892720260555,SKIL
P3,GO_Biological_Process_2026,gs_ind_0,Negative Regulation of Alpha-Beta T Cell Differentiation (GO:0046639),1/9,0.032531551648223855,0.10591970634699878,48.16937629323086,165.00635843822025,RUNX1
P3,GO_Biological_Process_2026,gs_ind_0,Negative Regulation of Amyloid Precursor Protein Catabolic Process (GO:1902992),1/21,0.07428244681570347,0.143850815275795,19.96384360828533,51.90360975057245,RTN4
P3,GO_Biological_Process_2026,gs_ind_0,Negative Regulation of Amyloid-Beta Formation (GO:1902430),1/20,0.07087242893827944,0.14132383354623246,20.98840355624275,55.55365534242182,RTN4
P3,GO_Biological_Process_2026,gs_ind_0,Negative Regulation of Apoptotic Process (GO:0043066),5/470,0.029583839886503312,0.10416407960038054,3.303631179669443,11.630522820635067,STAT3;RIPK1;BCL3;PLAUR;ICAM1
P3,GO_Biological_Process_2026,gs_ind_0,Negative Regulation of Apoptotic Signaling Pathway (GO:2001234),3/71,0.00228321142458364,0.02985966109812631,14.201497286168818,86.37595351889773,RIPK1;PLAUR;ITGA6
P3,GO_Biological_Process_2026,gs_ind_0,Negative Regulation of Autophagy (GO:0010507),1/65,0.21266608310352175,0.2525409736854321,6.334813602898212,9.80649435082848,STAT3
P3,GO_Biological_Process_2026,gs_ind_0,Negative Regulation of Axon Extension (GO:0030517),1/15,0.05363491085988955,0.1258982639531673,28.2309824987004,82.591294852792,RTN4
P3,GO_Biological_Process_2026,gs_ind_0,Negative Regulation of Axonogenesis (GO:0050771),1/25,0.08779905814197392,0.15511166938415394,16.70197928417598,40.630980258906256,RTN4
P3,GO_Biological_Process_2026,gs_ind_0,Negative Regulation of B Cell Apoptotic Process (GO:0002903),1/8,0.02896931280161029,0.1023582385656897,54.59396984924623,193.34553720447744,IRS2
P3,GO_Biological_Process_2026,gs_ind_0,Negative Regulation of BMP Signaling Pathway (GO:0030514),1/44,0.14938162196228383,0.1995056940530767,9.400277248310518,17.872286764451427,SKIL
P3,GO_Biological_Process_2026,gs_ind_0,Negative Regulation of Binding (GO:0051100),1/30,0.10442034991225575,0.1671721659167592,13.868580189080998,31.333708986565636,JUN
P3,GO_Biological_Process_2026,gs_ind_0,"Negative Regulation of CD4-positive, Alpha-Beta T Cell Activation (GO:2000515)",1/10,0.036080852581350895,0.10910936501327433,43.0973287490082,143.16902243022955,RUNX1
P3,GO_Biological_Process_2026,gs_ind_0,"Negative Regulation of CD4-positive, Alpha-Beta T Cell Differentiation (GO:0043371)",1/5,0.018204501114733745,0.09599680750051966,91.0,364.55386253468845,RUNX1
P3,GO_Biological_Process_2026,gs_ind_0,Negative Regulation of Canonical NF-kappaB Signal Transduction (GO:0043124),2/74,0.030312462973749777,0.10562162704002086,9.485559250831438,33.163377457541245,STAT3;RIPK1
P3,GO_Biological_Process_2026,gs_ind_0,Negative Regulation of Canonical Wnt Signaling Pathway (GO:0090090),1/117,0.3500095275592664,0.37655939556856977,3.5005283930381523,3.6748368657678374,TLE4
P3,GO_Biological_Process_2026,gs_ind_0,Negative Regulation of Catabolic Process (GO:0009895),2/102,0.054139549363712076,0.12649310025349897,6.835745132206985,19.93433377336995,AZIN1;STAT3
P3,GO_Biological_Process_2026,gs_ind_0,Negative Regulation of Catalytic Activity (GO:0043086),1/37,0.12718755619754754,0.18323014176098765,11.205961313416397,23.107728348226125,ZFP36
P3,GO_Biological_Process_2026,gs_ind_0,Negative Regulation of Cell Adhesion (GO:0007162),1/69,0.22418061724548724,0.26249986228628563,5.964017166122583,8.918014102728504,CDH1
P3,GO_Biological_Process_2026,gs_ind_0,Negative Regulation of Cell Differentiation (GO:0045596),1/211,0.5407947414030133,0.5506373150584777,1.9306150706024183,1.1867789660321344,RTN4
P3,GO_Biological_Process_2026,gs_ind_0,Negative Regulation of Cell Growth (GO:0030308),2/120,0.07196841627081314,0.14322568218321904,5.793548801644927,15.245885422267497,RTN4;SERTAD2
P3,GO_Biological_Process_2026,gs_ind_0,Negative Regulation of Cell Migration (GO:0030336),2/179,0.14021644171053427,0.19158474464383718,3.859369414456281,7.581993798480644,CDH1;VCL
P3,GO_Biological_Process_2026,gs_ind_0,Negative Regulation of Cell Motility (GO:2000146),2/135,0.08805996341351535,0.15530014563469344,5.139736496891576,12.488209448482333,CDH1;VCL
P3,GO_Biological_Process_2026,gs_ind_0,Negative Regulation of Cell Population Proliferation (GO:0008285),1/359,0.7349354637287236,0.7356660158795474,1.1273732680137087,0.34720006307681217,BTG2
P3,GO_Biological_Process_2026,gs_ind_0,Negative Regulation of Cell-Cell Adhesion (GO:0022408),1/37,0.12718755619754754,0.18323014176098765,11.205961313416397,23.107728348226125,CDH1
P3,GO_Biological_Process_2026,gs_ind_0,Negative Regulation of Cellular Process (GO:0048523),3/510,0.2878790945508013,0.3203251361465822,1.8858001768346595,2.348226096891259,RTN4;SERTAD2;BTG2
P3,GO_Biological_Process_2026,gs_ind_0,Negative Regulation of Cellular Response to Growth Factor Stimulus (GO:0090288),1/74,0.23833959157565857,0.2752384962347341,5.557276176802379,7.969460621659022,SKIL
P3,GO_Biological_Process_2026,gs_ind_0,Negative Regulation of Cytokine Production (GO:0001818),3/175,0.026703273687162712,0.1023582385656897,5.6177926421404685,20.35308921496018,BCL3;ZFP36;STAT3
P3,GO_Biological_Process_2026,gs_ind_0,Negative Regulation of Cytokine Production Involved in Inflammatory Response (GO:1900016),2/27,0.004402722522559382,0.04666885873912944,27.01552702299194,146.57361106839556,STAT3;ZFP36
P3,GO_Biological_Process_2026,gs_ind_0,Negative Regulation of DNA Binding (GO:0043392),1/10,0.036080852581350895,0.10910936501327433,43.0973287490082,143.16902243022955,JUN
P3,GO_Biological_Process_2026,gs_ind_0,Negative Regulation of DNA-templated Transcription (GO:0045892),12/909,0.00012473760479410866,0.0070069233830806705,4.134287018239617,37.16433880436719,CHD4;ARID5A;SKIL;STAT3;TLE4;ELF2;BCL3;SBNO2;ZFP36;RUNX1;JUN;FOSB
P3,GO_Biological_Process_2026,gs_ind_0,Negative Regulation of Defense Response (GO:0031348),1/132,0.38501813083131775,0.40683447822364843,3.0995089516021173,2.958372355041229,STAT3
P3,GO_Biological_Process_2026,gs_ind_0,Negative Regulation of Developmental Growth (GO:0048640),1/33,0.11424883561195394,0.17458054242979912,12.587011982991882,27.305967256473732,RTN4
P3,GO_Biological_Process_2026,gs_ind_0,Negative Regulation of ERBB Signaling Pathway (GO:1901185),1/26,0.09114756758275655,0.15879861687860874,16.046408513154006,38.435568598252985,ERRFI1
P3,GO_Biological_Process_2026,gs_ind_0,Negative Regulation of Endothelial Cell Apoptotic Process (GO:2000352),1/28,0.09780812250653742,0.16252933888462573,14.878300593878484,34.58829438886499,ICAM1
P3,GO_Biological_Process_2026,gs_ind_0,Negative Regulation of Epidermal Growth Factor Receptor Signaling Pathway (GO:0042059),1/29,0.10112025539501886,0.16423886642384514,14.355725998413119,32.89535401837941,ERRFI1
P3,GO_Biological_Process_2026,gs_ind_0,Negative Regulation of Epidermal Growth Factor-Activated Receptor Activity (GO:0007175),1/10,0.036080852581350895,0.10910936501327433,43.0973287490082,143.16902243022955,ERRFI1
P3,GO_Biological_Process_2026,gs_ind_0,Negative Regulation of Epithelial Cell Apoptotic Process (GO:1904036),1/13,0.04665159224326654,0.11893203389612508,32.75035175879397,100.38140738175221,CAST
P3,GO_Biological_Process_2026,gs_ind_0,Negative Regulation of Erythrocyte Differentiation (GO:0045647),1/6,0.021805834468432178,0.09599680750051966,74.4518044769301,284.8211635890129,ZFP36
P3,GO_Biological_Process_2026,gs_ind_0,Negative Regulation of Extrinsic Apoptotic Signaling Pathway (GO:2001237),3/70,0.0021925280244677017,0.029836158387013183,14.412421652421653,88.24293479828248,ICAM1;RIPK1;ITGA6
P3,GO_Biological_Process_2026,gs_ind_0,Negative Regulation of Extrinsic Apoptotic Signaling Pathway via Death Domain Receptors (GO:1902042),1/24,0.08443833551787916,0.15348267845939406,17.41334331230621,43.0411486823959,ICAM1
P3,GO_Biological_Process_2026,gs_ind_0,Negative Regulation of Ferroptosis (GO:0110076),1/20,0.07087242893827944,0.14132383354623246,20.98840355624275,55.55365534242182,SQSTM1
P3,GO_Biological_Process_2026,gs_ind_0,Negative Regulation of G2/M Transition of Mitotic Cell Cycle (GO:0010972),1/33,0.11424883561195394,0.17458054242979912,12.587011982991882,27.305967256473732,NABP1
P3,GO_Biological_Process_2026,gs_ind_0,Negative Regulation of Gene Expression (GO:0010629),4/346,0.03869881349205932,0.11206343526089461,3.6523505162437124,11.877247888349963,CHD4;ZFP36;STAT3;BTG2
P3,GO_Biological_Process_2026,gs_ind_0,Negative Regulation of Granulocyte Differentiation (GO:0030853),1/7,0.025394089358317242,0.09989003118681822,62.9953614224971,231.39700796830692,RUNX1
P3,GO_Biological_Process_2026,gs_ind_0,Negative Regulation of Growth (GO:0045926),2/102,0.054139549363712076,0.12649310025349897,6.835745132206985,19.93433377336995,RTN4;SERTAD2
P3,GO_Biological_Process_2026,gs_ind_0,Negative Regulation of Hippo Signaling (GO:0035331),1/24,0.08443833551787916,0.15348267845939406,17.41334331230621,43.0411486823959,MAP2K3
P3,GO_Biological_Process_2026,gs_ind_0,Negative Regulation of Immune System Process (GO:0002683),1/53,0.17709763410262688,0.22126218057238867,7.7862167982771,13.478362460655353,SQSTM1
P3,GO_Biological_Process_2026,gs_ind_0,Negative Regulation of Inflammatory Response (GO:0050728),1/136,0.3940341510222922,0.415054801338335,3.0075655027907064,2.8009989737828342,STAT3
P3,GO_Biological_Process_2026,gs_ind_0,Negative Regulation of Inflammatory Response to Wounding (GO:0106015),1/6,0.021805834468432178,0.09599680750051966,74.4518044769301,284.8211635890129,STAT3
P3,GO_Biological_Process_2026,gs_ind_0,Negative Regulation of Interleukin-2 Production (GO:0032703),1/19,0.06744997582548398,0.13638981055474372,22.123726741817194,59.65373216204687,ZFP36
P3,GO_Biological_Process_2026,gs_ind_0,Negative Regulation of Interleukin-8 Production (GO:0032717),1/16,0.0571075553965845,0.12694770040697703,26.40865618414654,75.60319879037347,BCL3
P3,GO_Biological_Process_2026,gs_ind_0,Negative Regulation of Intracellular Signal Transduction (GO:1902532),5/334,0.007813545994757583,0.06611967072874694,4.690964415384249,22.76007329175943,MAP2K3;STAT3;RIPK1;BCL3;PLAUR
P3,GO_Biological_Process_2026,gs_ind_0,Negative Regulation of Intrinsic Apoptotic Signaling Pathway (GO:2001243),1/60,0.19803474382044972,0.23797253821860725,6.868417718846333,11.122116658096216,PLAUR
P3,GO_Biological_Process_2026,gs_ind_0,Negative Regulation of Leukocyte Activation (GO:0002695),1/21,0.07428244681570347,0.143850815275795,19.96384360828533,51.90360975057245,MILR1
P3,GO_Biological_Process_2026,gs_ind_0,Negative Regulation of Lymphocyte Apoptotic Process (GO:0070229),1/9,0.032531551648223855,0.10591970634699878,48.16937629323086,165.00635843822025,IRS2
P3,GO_Biological_Process_2026,gs_ind_0,Negative Regulation of Macromolecule Biosynthetic Process (GO:0010558),2/177,0.13771784960522426,0.18971528666547308,3.9036400711527617,7.739154810765592,CHD4;STAT3
P3,GO_Biological_Process_2026,gs_ind_0,Negative Regulation of Mast Cell Activation (GO:0033004),1/6,0.021805834468432178,0.09599680750051966,74.4518044769301,284.8211635890129,MILR1
P3,GO_Biological_Process_2026,gs_ind_0,Negative Regulation of Myeloid Cell Differentiation (GO:0045638),1/20,0.07087242893827944,0.14132383354623246,20.98840355624275,55.55365534242182,ZFP36
P3,GO_Biological_Process_2026,gs_ind_0,Negative Regulation of Myeloid Leukocyte Differentiation (GO:0002762),1/32,0.11098459693722368,0.17300540110802515,12.987078248384782,28.550323385514286,RUNX1
P3,GO_Biological_Process_2026,gs_ind_0,Negative Regulation of Necroptotic Process (GO:0060546),1/10,0.036080852581350895,0.10910936501327433,43.0973287490082,143.16902243022955,RIPK1
P3,GO_Biological_Process_2026,gs_ind_0,Negative Regulation of Neuron Apoptotic Process (GO:0043524),1/80,0.25499301809085445,0.2904728158568896,5.136721342561866,7.01942789910666,STAT3
P3,GO_Biological_Process_2026,gs_ind_0,Negative Regulation of Non-Canonical NF-kappaB Signal Transduction (GO:1901223),1/29,0.10112025539501886,0.16423886642384514,14.355725998413119,32.89535401837941,BCL3
P3,GO_Biological_Process_2026,gs_ind_0,Negative Regulation of Programmed Cell Death (GO:0043069),4/388,0.05470509987722141,0.12694770040697703,3.2483003968548076,9.43890590201861,BCL3;RIPK1;PLAUR;SQSTM1
P3,GO_Biological_Process_2026,gs_ind_0,Negative Regulation of Programmed Necrotic Cell Death (GO:0062099),1/12,0.043140826609840886,0.11584749972295938,35.59951933580948,111.89945212016866,RIPK1
P3,GO_Biological_Process_2026,gs_ind_0,Negative Regulation of Protein Catabolic Process (GO:0042177),2/68,0.025928795219488817,0.10081195670280015,10.343689172169,37.779302158526356,AZIN1;ANXA2
P3,GO_Biological_Process_2026,gs_ind_0,Negative Regulation of Protein Localization (GO:1903828),1/58,0.19210712382525622,0.23251427126446275,7.107843565654359,11.725824641202973,CTNNA1
P3,GO_Biological_Process_2026,gs_ind_0,Negative Regulation of Protein Localization to Nucleus (GO:1900181),1/28,0.09780812250653742,0.16252933888462573,14.878300593878484,34.58829438886499,CTNNA1
P3,GO_Biological_Process_2026,gs_ind_0,Negative Regulation of Protein Metabolic Process (GO:0051248),2/142,0.09590398721931202,0.16252933888462573,4.882399696515346,11.446335546071932,AZIN1;BTG2
P3,GO_Biological_Process_2026,gs_ind_0,Negative Regulation of Protein Modification by Small Protein Conjugation or Removal (GO:1903321),1/54,0.18012145406991348,0.22282838359754653,7.640398252946978,13.096589333388202,SQSTM1
P3,GO_Biological_Process_2026,gs_ind_0,Negative Regulation of Protein Phosphorylation (GO:0001933),1/54,0.18012145406991348,0.22282838359754653,7.640398252946978,13.096589333388202,ERRFI1
P3,GO_Biological_Process_2026,gs_ind_0,Negative Regulation of Protein Tyrosine Kinase Activity (GO:0061099),1/12,0.043140826609840886,0.11584749972295938,35.59951933580948,111.89945212016866,ERRFI1
P3,GO_Biological_Process_2026,gs_ind_0,Negative Regulation of Protein Ubiquitination (GO:0031397),1/52,0.17406277381902974,0.21855512872289645,7.937698199736547,13.877789521683125,SQSTM1
P3,GO_Biological_Process_2026,gs_ind_0,Negative Regulation of RNA Biosynthetic Process (GO:1902679),6/423,0.004712552233428343,0.04860429449741076,4.407141273009536,23.611372379179286,CHD4;ARID5A;ELF2;BCL3;SBNO2;JUN
P3,GO_Biological_Process_2026,gs_ind_0,Negative Regulation of Receptor Internalization (GO:0002091),1/14,0.05014960504049533,0.12168831873681638,30.32328308207705,90.74984291620152,ANXA2
P3,GO_Biological_Process_2026,gs_ind_0,Negative Regulation of Receptor Signaling Pathway via JAK-STAT (GO:0046426),1/24,0.08443833551787916,0.15348267845939406,17.41334331230621,43.0411486823959,BCL3
P3,GO_Biological_Process_2026,gs_ind_0,Negative Regulation of Receptor Signaling Pathway via STAT (GO:1904893),1/21,0.07428244681570347,0.143850815275795,19.96384360828533,51.90360975057245,BCL3
P3,GO_Biological_Process_2026,gs_ind_0,Negative Regulation of Receptor-Mediated Endocytosis (GO:0048261),1/23,0.08106535561630931,0.15006031820886667,18.187939698492464,45.697191038775365,ANXA2
P3,GO_Biological_Process_2026,gs_ind_0,Negative Regulation of Response to External Stimulus (GO:0032102),1/156,0.4371883026308286,0.45153704692230195,2.618801402510947,2.166773439848593,STAT3
P3,GO_Biological_Process_2026,gs_ind_0,Negative Regulation of Response to Wounding (GO:1903035),1/22,0.07768007418553498,0.14731418965128762,19.03459156246348,48.636360355386536,STAT3
P3,GO_Biological_Process_2026,gs_ind_0,Negative Regulation of Signal Transduction (GO:0009968),1/292,0.6599412242795766,0.6632343441612112,1.3899600920554747,0.5776736719267995,SQSTM1
P3,GO_Biological_Process_2026,gs_ind_0,Negative Regulation of Signaling Receptor Activity (GO:2000272),1/11,0.03961726211805212,0.11206343526089461,38.99138549892319,125.88331156809635,ERRFI1
P3,GO_Biological_Process_2026,gs_ind_0,Negative Regulation of Small Molecule Metabolic Process (GO:0062014),1/26,0.09114756758275655,0.15879861687860874,16.046408513154006,38.435568598252985,GLS
P3,GO_Biological_Process_2026,gs_ind_0,Negative Regulation of Toll-Like Receptor 4 Signaling Pathway (GO:0034144),1/13,0.04665159224326654,0.11893203389612508,32.75035175879397,100.38140738175221,SQSTM1
P3,GO_Biological_Process_2026,gs_ind_0,Negative Regulation of Transcription by RNA Polymerase II (GO:0000122),8/675,0.003420253254423156,0.039013617837379486,3.6482113574248407,20.71469249541334,ARID5A;SKIL;STAT3;TLE4;ZFP36;RUNX1;JUN;FOSB
P3,GO_Biological_Process_2026,gs_ind_0,Negative Regulation of Transforming Growth Factor Beta Receptor Signaling Pathway (GO:0030512),1/81,0.25773332405292904,0.29244710662196494,5.072723867786135,6.877750472831031,SKIL
P3,GO_Biological_Process_2026,gs_ind_0,Negative Regulation of Translation (GO:0017148),2/99,0.05134448669410536,0.12369353612670836,7.046856696602889,20.92351080553939,ZFP36;BTG2
P3,GO_Biological_Process_2026,gs_ind_0,Negative Regulation of Transmembrane Transport (GO:0034763),1/16,0.0571075553965845,0.12694770040697703,26.40865618414654,75.60319879037347,IRS2
P3,GO_Biological_Process_2026,gs_ind_0,Negative Regulation of Viral Process (GO:0048525),1/51,0.1710168333182885,0.21662132220316543,8.09517886462013,14.296031530903484,ZFP36
P3,GO_Biological_Process_2026,gs_ind_0,Negative Regulation of Viral Transcription (GO:0032897),1/15,0.05363491085988955,0.1258982639531673,28.2309824987004,82.591294852792,ZFP36
P3,GO_Biological_Process_2026,gs_ind_0,Negative Regulation of Wnt Signaling Pathway (GO:0030178),1/143,0.4094983938692628,0.4290997738047322,2.859084898175086,2.552654748599491,TLE4
P3,GO_Biological_Process_2026,gs_ind_0,Negative Regulation of mRNA Catabolic Process (GO:1902373),1/53,0.17709763410262688,0.22126218057238867,7.7862167982771,13.478362460655353,FUS
P3,GO_Biological_Process_2026,gs_ind_0,Negative Regulation of miRNA Processing (GO:1903799),1/6,0.021805834468432178,0.09599680750051966,74.4518044769301,284.8211635890129,STAT3
P3,GO_Biological_Process_2026,gs_ind_0,Nervous System Development (GO:0007399),4/493,0.10787933186052164,0.17027349088329982,2.541522225809354,5.659314218287115,EP400;STAT3;THOC6;CDH1
P3,GO_Biological_Process_2026,gs_ind_0,Neuron Development (GO:0048666),2/166,0.12416522962878336,0.18253195070975892,4.166370944100721,8.691641844692052,BTG2;RUNX1
P3,GO_Biological_Process_2026,gs_ind_0,Neuron Differentiation (GO:0030182),2/186,0.14903771070065208,0.1995056940530767,3.7119805208204366,7.065962469750783,RTN4;RUNX1
P3,GO_Biological_Process_2026,gs_ind_0,Neuron Projection Development (GO:0031175),1/204,0.5287382587269465,0.5394523065228319,1.9975429975429975,1.2729577554743474,BTG2
P3,GO_Biological_Process_2026,gs_ind_0,Neuron Projection Fasciculation (GO:0106030),1/13,0.04665159224326654,0.11893203389612508,32.75035175879397,100.38140738175221,RTN4
P3,GO_Biological_Process_2026,gs_ind_0,Neuron Projection Guidance (GO:0097485),1/133,0.3872845095642038,0.40880031565110403,3.0760026547833506,2.917882858364609,PALLD
P3,GO_Biological_Process_2026,gs_ind_0,Neurotransmitter Transport (GO:0006836),1/62,0.20391930381764029,0.24387973746361494,6.644564284838828,10.565062748652936,SLC38A2
P3,GO_Biological_Process_2026,gs_ind_0,Neutral Amino Acid Transport (GO:0015804),1/36,0.12397052607037776,0.18251216338138948,11.52204685398825,24.054708967199332,SLC38A2
P3,GO_Biological_Process_2026,gs_ind_0,Neutrophil Extravasation (GO:0072672),1/6,0.021805834468432178,0.09599680750051966,74.4518044769301,284.8211635890129,PECAM1
P3,GO_Biological_Process_2026,gs_ind_0,Neutrophil Migration (GO:1990266),1/43,0.1462455860603604,0.19714766420720603,9.621814957138634,18.49763110790661,PECAM1
P3,GO_Biological_Process_2026,gs_ind_0,Nicotinamide Nucleotide Metabolic Process (GO:0046496),1/42,0.14309810434998382,0.19446665462946522,9.854029182054852,19.15844830527978,HK2
P3,GO_Biological_Process_2026,gs_ind_0,Nitrogen Compound Transport (GO:0071705),1/132,0.38501813083131775,0.40683447822364843,3.0995089516021173,2.958372355041229,SLC38A2
P3,GO_Biological_Process_2026,gs_ind_0,Nuclear Pore Complex Assembly (GO:0051292),2/10,0.0005878432500802306,0.012668493879946454,81.09734249029562,603.2872040697225,RTN4;NUP98
P3,GO_Biological_Process_2026,gs_ind_0,Nuclear Pore Organization (GO:0006999),2/14,0.001177425879292313,0.019437178040120642,55.13807106598985,371.87456739203236,RTN4;NUP98
P3,GO_Biological_Process_2026,gs_ind_0,Nuclear RNA Surveillance (GO:0071027),1/31,0.10770844937287086,0.17027065701488375,13.413378367246066,29.88939646374393,INTS6
P3,GO_Biological_Process_2026,gs_ind_0,Nuclear Transport (GO:0051169),1/37,0.12718755619754754,0.18323014176098765,11.205961313416397,23.107728348226125,NUP98
P3,GO_Biological_Process_2026,gs_ind_0,Nuclear-transcribed mRNA Catabolic Process (GO:0000956),1/98,0.3028206973137532,0.3325413764394215,4.185620409741013,5.000202442333122,ZFP36
P3,GO_Biological_Process_2026,gs_ind_0,"Nuclear-transcribed mRNA Catabolic Process, Deadenylation-Dependent Decay (GO:0000288)",1/41,0.1399391354800803,0.19146563781038162,10.097710776102735,19.85762987649694,ZFP36
P3,GO_Biological_Process_2026,gs_ind_0,"Nuclear-transcribed mRNA Catabolic Process, Deadenylation-Independent Decay (GO:0031086)",1/7,0.025394089358317242,0.09989003118681822,62.9953614224971,231.39700796830692,ZFP36
P3,GO_Biological_Process_2026,gs_ind_0,Nuclear-transcribed mRNA poly(A) Tail Shortening (GO:0000289),1/19,0.06744997582548398,0.13638981055474372,22.123726741817194,59.65373216204687,ZFP36
P3,GO_Biological_Process_2026,gs_ind_0,Nucleocytoplasmic Transport (GO:0006913),1/36,0.12397052607037776,0.18251216338138948,11.52204685398825,24.054708967199332,NUP98
P3,GO_Biological_Process_2026,gs_ind_0,Nucleosome Assembly (GO:0006334),1/30,0.10442034991225575,0.1671721659167592,13.868580189080998,31.333708986565636,BAZ1A
P3,GO_Biological_Process_2026,gs_ind_0,Nucleosome Organization (GO:0034728),1/40,0.1367686379517141,0.18866577865393985,10.353730678710006,20.598380195399425,BAZ1A
P3,GO_Biological_Process_2026,gs_ind_0,Nucleus Organization (GO:0006997),1/51,0.1710168333182885,0.21662132220316543,8.09517886462013,14.296031530903484,NUP98
P3,GO_Biological_Process_2026,gs_ind_0,Oncostatin-M-mediated Signaling Pathway (GO:0038165),2/8,0.00036752525526596207,0.010002646812238482,106.05818039828192,838.7842954985956,STAT3;JAK1
P3,GO_Biological_Process_2026,gs_ind_0,Organelle Assembly (GO:0070925),2/318,0.3255950640638199,0.3529324321983494,2.1532706233310077,2.4161866986981617,SQSTM1;FUS
P3,GO_Biological_Process_2026,gs_ind_0,Organelle Disassembly (GO:1903008),1/46,0.15561952100888302,0.20484817994241203,8.986415594455796,16.717799339197803,CHKA
P3,GO_Biological_Process_2026,gs_ind_0,Organelle Organization (GO:0006996),2/399,0.4312567629981386,0.44724568521022195,1.7093190307441817,1.4376255543394392,RTN4;PALLD
P3,GO_Biological_Process_2026,gs_ind_0,Organelle Transport Along Microtubule (GO:0072384),1/40,0.1367686379517141,0.18866577865393985,10.353730678710006,20.598380195399425,BICDL2
P3,GO_Biological_Process_2026,gs_ind_0,Organic Cation Transport (GO:0015695),1/69,0.22418061724548724,0.26249986228628563,5.964017166122583,8.918014102728504,SLC38A2
P3,GO_Biological_Process_2026,gs_ind_0,Organic Hydroxy Compound Transport (GO:0015850),1/52,0.17406277381902974,0.21855512872289645,7.937698199736547,13.877789521683125,SLC5A3
P3,GO_Biological_Process_2026,gs_ind_0,Organophosphate Metabolic Process (GO:0019637),1/79,0.2522426969822118,0.2886459043875992,5.20234932624908,7.165526449104015,HK2
P3,GO_Biological_Process_2026,gs_ind_0,Osteoclast Differentiation (GO:0030316),2/29,0.00506840162905688,0.04907577346596421,25.04891555145362,132.37674976169106,SBNO2;ANXA2
P3,GO_Biological_Process_2026,gs_ind_0,P38MAPK Cascade (GO:0038066),2/13,0.001011639008733172,0.018191437174898288,59.93489295961157,413.3220188529541,MAP2K3;ZFP36
P3,GO_Biological_Process_2026,gs_ind_0,Peripheral Nervous System Neuron Development (GO:0048935),1/5,0.018204501114733745,0.09599680750051966,91.0,364.55386253468845,RUNX1
P3,GO_Biological_Process_2026,gs_ind_0,Peripheral Nervous System Neuron Differentiation (GO:0048934),1/4,0.014590042112100507,0.09599680750051966,117.0043072505384,494.6258840598229,RUNX1
P3,GO_Biological_Process_2026,gs_ind_0,Pexophagy (GO:0000425),1/16,0.0571075553965845,0.12694770040697703,26.40865618414654,75.60319879037347,SQSTM1
P3,GO_Biological_Process_2026,gs_ind_0,Phagocytosis (GO:0006909),1/91,0.28459342977031415,0.31701945108263974,4.510536105944085,5.668362215187675,PECAM1
P3,GO_Biological_Process_2026,gs_ind_0,Phosphate-containing Compound Metabolic Process (GO:0006796),1/131,0.3827434531083978,0.4052814482441184,3.123375498180558,2.9996596862157037,HK2
P3,GO_Biological_Process_2026,gs_ind_0,Phosphatidylcholine Biosynthetic Process (GO:0006656),1/23,0.08106535561630931,0.15006031820886667,18.187939698492464,45.697191038775365,CHKA
P3,GO_Biological_Process_2026,gs_ind_0,Phosphatidylcholine Metabolic Process (GO:0046470),1/58,0.19210712382525622,0.23251427126446275,7.107843565654359,11.725824641202973,CHKA
P3,GO_Biological_Process_2026,gs_ind_0,Phosphatidylethanolamine Biosynthetic Process (GO:0006646),1/9,0.032531551648223855,0.10591970634699878,48.16937629323086,165.00635843822025,CHKA
P3,GO_Biological_Process_2026,gs_ind_0,Phosphatidylethanolamine Metabolic Process (GO:0046337),1/23,0.08106535561630931,0.15006031820886667,18.187939698492464,45.697191038775365,CHKA
P3,GO_Biological_Process_2026,gs_ind_0,Phosphatidylinositol 3-Kinase/Protein Kinase B Signal Transduction (GO:0043491),2/44,0.011396042277652138,0.08509400024208526,16.199163929531203,72.48298328202453,STAT3;IRS2
P3,GO_Biological_Process_2026,gs_ind_0,Phospholipase C-activating G Protein-Coupled Receptor Signaling Pathway (GO:0007200),1/119,0.35478894091682145,0.3800770888332332,3.4411933083137205,3.565875308851531,HOMER1
P3,GO_Biological_Process_2026,gs_ind_0,Phospholipid Biosynthetic Process (GO:0008654),1/41,0.1399391354800803,0.19146563781038162,10.097710776102735,19.85762987649694,SGMS2
P3,GO_Biological_Process_2026,gs_ind_0,Phosphorylation (GO:0016310),1/253,0.6069810036204861,0.612454780206242,1.6069754714164883,0.8022950126900641,JAK1
P3,GO_Biological_Process_2026,gs_ind_0,Photoreceptor Cell Differentiation (GO:0046530),1/8,0.02896931280161029,0.1023582385656897,54.59396984924623,193.34553720447744,STAT3
P3,GO_Biological_Process_2026,gs_ind_0,Plasma Membrane Bounded Cell Projection Assembly (GO:0120031),1/245,0.5951477362656312,0.6017206530316171,1.6600487098067023,0.8614749870404408,VCL
P3,GO_Biological_Process_2026,gs_ind_0,Plasma Membrane Bounded Cell Projection Organization (GO:0120036),1/147,0.41815900965645764,0.43681133062661087,2.780609532303154,2.424395413169346,BTG2
P3,GO_Biological_Process_2026,gs_ind_0,Plasminogen Activation (GO:0031639),1/11,0.03961726211805212,0.11206343526089461,38.99138549892319,125.88331156809635,PLAUR
P3,GO_Biological_Process_2026,gs_ind_0,Platelet Aggregation (GO:0070527),1/35,0.12074175755375664,0.18066411568593305,11.856456194013546,25.06574885089274,VCL
P3,GO_Biological_Process_2026,gs_ind_0,Polyamine Biosynthetic Process (GO:0006596),1/8,0.02896931280161029,0.1023582385656897,54.59396984924623,193.34553720447744,SAT1
P3,GO_Biological_Process_2026,gs_ind_0,Polyamine Metabolic Process (GO:0006595),1/14,0.05014960504049533,0.12168831873681638,30.32328308207705,90.74984291620152,SAT1
P3,GO_Biological_Process_2026,gs_ind_0,Pore Complex Assembly (GO:0046931),2/19,0.0021862443461816107,0.029836158387013183,39.37708484408992,241.20709424369562,RTN4;NUP98
P3,GO_Biological_Process_2026,gs_ind_0,Pos Reg Myeloid Leukocyte Cytokine Production Involved in Imm Response (GO:0061081),1/13,0.04665159224326654,0.11893203389612508,32.75035175879397,100.38140738175221,RTN4
P3,GO_Biological_Process_2026,gs_ind_0,"Pos Reg Nuclear-Transcribed mRNA Catabolic Process, Deadenylation-Dependent Decay (GO:1900153)",1/13,0.04665159224326654,0.11893203389612508,32.75035175879397,100.38140738175221,ZFP36
P3,GO_Biological_Process_2026,gs_ind_0,Pos Reg Phosphatidylinositol 3-Kinase/Protein Kinase B Signal Transduction (GO:0051897),2/160,0.11691992667401847,0.1773968766241038,4.325049240179987,9.282705984978968,PECAM1;RTN4
P3,GO_Biological_Process_2026,gs_ind_0,Positive Regulation of 3'-UTR-mediated mRNA Stabilization (GO:1905870),1/6,0.021805834468432178,0.09599680750051966,74.4518044769301,284.8211635890129,ARID5A
P3,GO_Biological_Process_2026,gs_ind_0,Positive Regulation of Alpha-Beta T Cell Differentiation (GO:0046638),1/13,0.04665159224326654,0.11893203389612508,32.75035175879397,100.38140738175221,RUNX1
P3,GO_Biological_Process_2026,gs_ind_0,Positive Regulation of Angiogenesis (GO:0045766),4/120,0.0010101576581737464,0.018191437174898288,10.828059329760501,74.68815112560084,RTN4;HK2;JAK1;RUNX1
P3,GO_Biological_Process_2026,gs_ind_0,Positive Regulation of Apoptotic Process (GO:0043065),4/280,0.019795296340899934,0.09599680750051966,4.535290314722334,17.7888187632855,CASP4;SQSTM1;ITGA6;RIPK1
P3,GO_Biological_Process_2026,gs_ind_0,Positive Regulation of Apoptotic Signaling Pathway (GO:2001235),1/63,0.20684553317320864,0.24679318946139941,6.538010050251256,10.302484965677984,RIPK1
P3,GO_Biological_Process_2026,gs_ind_0,Positive Regulation of Autophagy (GO:0010508),1/91,0.28459342977031415,0.31701945108263974,4.510536105944085,5.668362215187675,SQSTM1
P3,GO_Biological_Process_2026,gs_ind_0,Positive Regulation of Axonogenesis (GO:0050772),1/37,0.12718755619754754,0.18323014176098765,11.205961313416397,23.107728348226125,SKIL
P3,GO_Biological_Process_2026,gs_ind_0,Positive Regulation of B Cell Activation (GO:0050871),1/51,0.1710168333182885,0.21662132220316543,8.09517886462013,14.296031530903484,IRS2
P3,GO_Biological_Process_2026,gs_ind_0,Positive Regulation of B Cell Proliferation (GO:0030890),1/29,0.10112025539501886,0.16423886642384514,14.355725998413119,32.89535401837941,IRS2
P3,GO_Biological_Process_2026,gs_ind_0,Positive Regulation of Binding (GO:0051099),1/27,0.09448390777737954,0.16126321208783254,15.440314781454441,36.428732206490906,PLAUR
P3,GO_Biological_Process_2026,gs_ind_0,Positive Regulation of Biosynthetic Process (GO:0009891),3/87,0.0040590739397523825,0.04377581252407422,11.505659232286451,63.359369150753324,EGR1;RUNX1;SLC5A3
P3,GO_Biological_Process_2026,gs_ind_0,Positive Regulation of Blood Vessel Endothelial Cell Migration (GO:0043536),1/51,0.1710168333182885,0.21662132220316543,8.09517886462013,14.296031530903484,MAP2K3
P3,GO_Biological_Process_2026,gs_ind_0,Positive Regulation of Blood-Brain Barrier Permeability (GO:1905605),1/5,0.018204501114733745,0.09599680750051966,91.0,364.55386253468845,TJP2
P3,GO_Biological_Process_2026,gs_ind_0,"Positive Regulation of CD8-positive, Alpha-Beta T Cell Activation (GO:2001187)",1/5,0.018204501114733745,0.09599680750051966,91.0,364.55386253468845,RUNX1
P3,GO_Biological_Process_2026,gs_ind_0,"Positive Regulation of CD8-positive, Alpha-Beta T Cell Differentiation (GO:0043378)",1/4,0.014590042112100507,0.09599680750051966,117.0043072505384,494.6258840598229,RUNX1
P3,GO_Biological_Process_2026,gs_ind_0,Positive Regulation of Canonical NF-kappaB Signal Transduction (GO:0043123),3/203,0.03885585710646783,0.11206343526089461,4.828249888100262,15.681655678326342,NFAT5;STAT3;RIPK1
P3,GO_Biological_Process_2026,gs_ind_0,Positive Regulation of Carbohydrate Metabolic Process (GO:0045913),1/35,0.12074175755375664,0.18066411568593305,11.856456194013546,25.06574885089274,IRS2
P3,GO_Biological_Process_2026,gs_ind_0,Positive Regulation of Catabolic Process (GO:0009896),1/154,0.43301354309987516,0.4486055945489447,2.6531190152717987,2.2206241993411293,SQSTM1
P3,GO_Biological_Process_2026,gs_ind_0,Positive Regulation of Catalytic Activity (GO:0043085),1/36,0.12397052607037776,0.18251216338138948,11.52204685398825,24.054708967199332,POLG2
P3,GO_Biological_Process_2026,gs_ind_0,Positive Regulation of Cell Communication (GO:0010647),1/29,0.10112025539501886,0.16423886642384514,14.355725998413119,32.89535401837941,HOMER1
P3,GO_Biological_Process_2026,gs_ind_0,Positive Regulation of Cell Differentiation (GO:0045597),1/278,0.6417968298940104,0.6456437639393291,1.4608447643623523,0.647860534034414,ZFP36
P3,GO_Biological_Process_2026,gs_ind_0,Positive Regulation of Cell Migration (GO:0030335),6/318,0.0011421940212719077,0.019337904983269528,5.911051851851852,40.046219421545764,PECAM1;STAT3;SPAG9;RTN4;ITGA6;LAMC2
P3,GO_Biological_Process_2026,gs_ind_0,Positive Regulation of Cell Motility (GO:2000147),5/230,0.0016067688397947966,0.025281503463646254,6.8809858255650616,44.26902907122509,PECAM1;STAT3;SPAG9;ITGA6;LAMC2
P3,GO_Biological_Process_2026,gs_ind_0,Positive Regulation of Cell Population Proliferation (GO:0008284),3/443,0.22203918937936748,0.26151282304681056,2.178090165604354,3.277810904593134,LAMC2;IRS2;FOSL1
P3,GO_Biological_Process_2026,gs_ind_0,Positive Regulation of Cell Projection Organization (GO:0031346),2/112,0.06382962282479879,0.13401901847787806,6.214828766336679,17.100336822917914,SKIL;ITGA6
P3,GO_Biological_Process_2026,gs_ind_0,Positive Regulation of Cell-Cell Adhesion (GO:0022409),2/47,0.012930045847825955,0.09300397263400527,15.129413733474648,65.7857401005744,PLAUR;JAK1
P3,GO_Biological_Process_2026,gs_ind_0,Positive Regulation of Cellular Component Organization (GO:0051130),2/99,0.05134448669410536,0.12369353612670836,7.046856696602889,20.92351080553939,RUNX1;ANXA2
P3,GO_Biological_Process_2026,gs_ind_0,Positive Regulation of Cellular Extravasation (GO:0002693),1/11,0.03961726211805212,0.11206343526089461,38.99138549892319,125.88331156809635,ICAM1
P3,GO_Biological_Process_2026,gs_ind_0,Positive Regulation of Cellular Process (GO:0048522),5/587,0.06504409338976495,0.13589087560890728,2.6285014493404937,7.182879308143637,IRS2;RIPK1;SLC5A3;LAMC2;FOSL1
P3,GO_Biological_Process_2026,gs_ind_0,Positive Regulation of Chemokine Production (GO:0032722),1/46,0.15561952100888302,0.20484817994241203,8.986415594455796,16.717799339197803,EGR1
P3,GO_Biological_Process_2026,gs_ind_0,Positive Regulation of Cold-Induced Thermogenesis (GO:0120162),1/99,0.30538678109558665,0.3349939962562699,4.142973752008775,4.914296741872068,KDM6B
P3,GO_Biological_Process_2026,gs_ind_0,Positive Regulation of Collagen Biosynthetic Process (GO:0032967),1/16,0.0571075553965845,0.12694770040697703,26.40865618414654,75.60319879037347,RUNX1
P3,GO_Biological_Process_2026,gs_ind_0,Positive Regulation of Collagen Metabolic Process (GO:0010714),1/17,0.060567584183063565,0.13088317011232833,24.80721790772042,69.5593259790493,RUNX1
P3,GO_Biological_Process_2026,gs_ind_0,Positive Regulation of Cytokine Production (GO:0001819),4/304,0.025799495367754315,0.10081195670280015,4.1693464260774356,15.24896906397793,STAT3;RIPK1;EGR1;RUNX1
P3,GO_Biological_Process_2026,gs_ind_0,Positive Regulation of Cytokine Production Involved in Inflammatory Response (GO:1900017),1/25,0.08779905814197392,0.15511166938415394,16.70197928417598,40.630980258906256,STAT3
P3,GO_Biological_Process_2026,gs_ind_0,Positive Regulation of Cytokine-Mediated Signaling Pathway (GO:0001961),2/50,0.014548712109323129,0.09599680750051966,14.192003767858077,60.03576373485683,CASP4;RIPK1
P3,GO_Biological_Process_2026,gs_ind_0,Positive Regulation of D-glucose Import Across Plasma Membrane (GO:0046326),1/22,0.07768007418553498,0.14731418965128762,19.03459156246348,48.636360355386536,IRS2
P3,GO_Biological_Process_2026,gs_ind_0,Positive Regulation of D-glucose Transmembrane Transport (GO:0010828),1/29,0.10112025539501886,0.16423886642384514,14.355725998413119,32.89535401837941,IRS2
P3,GO_Biological_Process_2026,gs_ind_0,Positive Regulation of DNA Binding (GO:0043388),1/14,0.05014960504049533,0.12168831873681638,30.32328308207705,90.74984291620152,PLAUR
P3,GO_Biological_Process_2026,gs_ind_0,Positive Regulation of DNA Biosynthetic Process (GO:2000573),1/39,0.1335865701175638,0.1878794359055681,10.623050316517654,21.38425920263491,POLG2
P3,GO_Biological_Process_2026,gs_ind_0,Positive Regulation of DNA Metabolic Process (GO:0051054),1/90,0.2819513107385542,0.3151220531783841,4.561101597372336,5.774449857647963,BAZ1A
P3,GO_Biological_Process_2026,gs_ind_0,Positive Regulation of DNA Recombination (GO:0045911),3/56,0.0011522088371362183,0.019337904983269528,18.193290198897675,123.09715599260325,EP400;MRNIP;FUS
P3,GO_Biological_Process_2026,gs_ind_0,Positive Regulation of DNA Replication (GO:0045740),1/23,0.08106535561630931,0.15006031820886667,18.187939698492464,45.697191038775365,BAZ1A
P3,GO_Biological_Process_2026,gs_ind_0,Positive Regulation of DNA-directed DNA Polymerase Activity (GO:1900264),1/8,0.02896931280161029,0.1023582385656897,54.59396984924623,193.34553720447744,POLG2
P3,GO_Biological_Process_2026,gs_ind_0,Positive Regulation of DNA-templated Transcription (GO:0045893),22/1205,3.539710006075329e-10,3.5644879761178566e-07,6.293017848925916,136.94743437161796,NFAT5;JUNB;ELF2;BCL3;SQSTM1;SF3B1;MAP2K3;ELF1;KLF6;SBNO2;FOSL1;CDH1;KDM6B;RUNX1;LMO7;CHD4;STAT3;RIPK1;EP400;ITGA6;EGR1;JUN
P3,GO_Biological_Process_2026,gs_ind_0,Positive Regulation of DNA-templated Transcription Initiation (GO:2000144),4/62,8.068910651155369e-05,0.006250302327471889,21.609804703068953,203.67039916651376,TAF4B;JUN;TAF13;FOSL1
P3,GO_Biological_Process_2026,gs_ind_0,Positive Regulation of Defense Response (GO:0031349),3/126,0.011250304943247313,0.08509400024208526,7.860957126544171,35.27494492222454,STAT3;CASP4;RIPK1
P3,GO_Biological_Process_2026,gs_ind_0,Positive Regulation of Developmental Process (GO:0051094),1/235,0.5798590755112966,0.5868523507938449,1.7314825727786052,0.943606366273437,RTN4
P3,GO_Biological_Process_2026,gs_ind_0,Positive Regulation of Double-Strand Break Repair (GO:2000781),3/94,0.0050393627826423254,0.04907577346596421,10.622698612862548,56.199128209560115,EP400;MRNIP;FUS
P3,GO_Biological_Process_2026,gs_ind_0,Positive Regulation of Double-Strand Break Repair via Homologous Recombination (GO:1905168),3/43,0.0005309674613583954,0.012668493879946454,24.04463437796771,181.31601495500345,EP400;MRNIP;FUS
P3,GO_Biological_Process_2026,gs_ind_0,Positive Regulation of ERBB Signaling Pathway (GO:1901186),2/29,0.00506840162905688,0.04907577346596421,25.04891555145362,132.37674976169106,RTN4;PLAUR
P3,GO_Biological_Process_2026,gs_ind_0,Positive Regulation of ERK1 and ERK2 Cascade (GO:0070374),1/149,0.42244204035446653,0.4408281187947646,2.7429572102938935,2.363614523329295,ICAM1
P3,GO_Biological_Process_2026,gs_ind_0,Positive Regulation of Endocytosis (GO:0045807),1/73,0.23552841416211917,0.2726173713347747,5.634136198232542,8.146531160523915,STAT3
P3,GO_Biological_Process_2026,gs_ind_0,Positive Regulation of Endothelial Cell Migration (GO:0010595),1/82,0.26046365097100105,0.29470437812112144,5.010296883188951,6.740312129922902,MAP2K3
P3,GO_Biological_Process_2026,gs_ind_0,Positive Regulation of Epidermal Growth Factor Receptor Signaling Pathway (GO:0045742),1/27,0.09448390777737954,0.16126321208783254,15.440314781454441,36.428732206490906,PLAUR
P3,GO_Biological_Process_2026,gs_ind_0,Positive Regulation of Epithelial Cell Migration (GO:0010634),1/35,0.12074175755375664,0.18066411568593305,11.856456194013546,25.06574885089274,RTN4
P3,GO_Biological_Process_2026,gs_ind_0,Positive Regulation of Epithelial Cell Proliferation (GO:0050679),1/109,0.3305388515100955,0.3575216148986747,3.7597434175485724,4.162152789215556,RTN4
P3,GO_Biological_Process_2026,gs_ind_0,Positive Regulation of Erythrocyte Differentiation (GO:0045648),1/25,0.08779905814197392,0.15511166938415394,16.70197928417598,40.630980258906256,STAT3
P3,GO_Biological_Process_2026,gs_ind_0,Positive Regulation of Exocytosis (GO:0045921),1/37,0.12718755619754754,0.18323014176098765,11.205961313416397,23.107728348226125,ANXA2
P3,GO_Biological_Process_2026,gs_ind_0,Positive Regulation of Extracellular Matrix Disassembly (GO:0090091),2/12,0.000858052708375621,0.016942334849691182,65.64539521392314,463.51196245261565,STAT3;PLAUR
P3,GO_Biological_Process_2026,gs_ind_0,Positive Regulation of Extracellular Matrix Organization (GO:1903055),3/26,0.00011703754600766158,0.0070069233830806705,41.4645935624659,375.3796193594886,STAT3;PLAUR;RUNX1
P3,GO_Biological_Process_2026,gs_ind_0,Positive Regulation of Extrinsic Apoptotic Signaling Pathway (GO:2001238),1/39,0.1335865701175638,0.1878794359055681,10.623050316517654,21.38425920263491,RIPK1
P3,GO_Biological_Process_2026,gs_ind_0,Positive Regulation of Fat Cell Differentiation (GO:0045600),1/50,0.16795977255684102,0.21573404459788126,8.259022384650525,14.734350124773231,ZFP36
P3,GO_Biological_Process_2026,gs_ind_0,Positive Regulation of Fatty Acid Beta-Oxidation (GO:0032000),1/9,0.032531551648223855,0.10591970634699878,48.16937629323086,165.00635843822025,IRS2
P3,GO_Biological_Process_2026,gs_ind_0,Positive Regulation of Fatty Acid Oxidation (GO:0046321),1/12,0.043140826609840886,0.11584749972295938,35.59951933580948,111.89945212016866,IRS2
P3,GO_Biological_Process_2026,gs_ind_0,Positive Regulation of GTPase Activity (GO:0043547),1/77,0.24671186426811992,0.2832826081163019,5.3387525864617205,7.471766641728897,ITGA6
P3,GO_Biological_Process_2026,gs_ind_0,Positive Regulation of Gene Expression (GO:0010628),7/388,0.0005761011915029437,0.012668493879946454,5.632109390878954,42.011183747711115,SLC38A2;ARID5A;LARP1B;STAT3;RIPK1;BCL3;EGR1
P3,GO_Biological_Process_2026,gs_ind_0,Positive Regulation of Gene Expression via Chromosomal CpG Island Demethylation (GO:0044029),1/9,0.032531551648223855,0.10591970634699878,48.16937629323086,165.00635843822025,EGR1
P3,GO_Biological_Process_2026,gs_ind_0,Positive Regulation of Glucose Metabolic Process (GO:0010907),1/20,0.07087242893827944,0.14132383354623246,20.98840355624275,55.55365534242182,IRS2
P3,GO_Biological_Process_2026,gs_ind_0,Positive Regulation of Glycogen Biosynthetic Process (GO:0045725),1/12,0.043140826609840886,0.11584749972295938,35.59951933580948,111.89945212016866,IRS2
P3,GO_Biological_Process_2026,gs_ind_0,Positive Regulation of Glycogen Metabolic Process (GO:0070875),1/14,0.05014960504049533,0.12168831873681638,30.32328308207705,90.74984291620152,IRS2
P3,GO_Biological_Process_2026,gs_ind_0,Positive Regulation of Granulocyte Differentiation (GO:0030854),1/5,0.018204501114733745,0.09599680750051966,91.0,364.55386253468845,RUNX1
P3,GO_Biological_Process_2026,gs_ind_0,Positive Regulation of Hemopoiesis (GO:1903708),1/6,0.021805834468432178,0.09599680750051966,74.4518044769301,284.8211635890129,IL13RA1
P3,GO_Biological_Process_2026,gs_ind_0,Positive Regulation of Hepatocyte Proliferation (GO:2000347),1/5,0.018204501114733745,0.09599680750051966,91.0,364.55386253468845,RTN4
P3,GO_Biological_Process_2026,gs_ind_0,Positive Regulation of Homotypic Cell-Cell Adhesion (GO:0034112),2/16,0.0015452428094651371,0.02469935728779989,47.529319096796776,307.6370456108159,PLAUR;JAK1
P3,GO_Biological_Process_2026,gs_ind_0,Positive Regulation of Hormone Metabolic Process (GO:0032352),1/7,0.025394089358317242,0.09989003118681822,62.9953614224971,231.39700796830692,EGR1
P3,GO_Biological_Process_2026,gs_ind_0,Positive Regulation of Hydrolase Activity (GO:0051345),1/66,0.21556048026879066,0.2553757689772614,6.237868732977867,9.572095390817173,ITGA6
P3,GO_Biological_Process_2026,gs_ind_0,Positive Regulation of Inflammatory Response (GO:0050729),3/118,0.009421030749657765,0.0752151658094736,8.407925407925408,39.221381038055874,STAT3;CASP4;RIPK1
P3,GO_Biological_Process_2026,gs_ind_0,Positive Regulation of Insulin Secretion (GO:0032024),1/47,0.15872146612108,0.2078446246865118,8.792835143459232,16.18413103887907,IRS2
P3,GO_Biological_Process_2026,gs_ind_0,Positive Regulation of Interleukin-1 Beta Production (GO:0032731),2/45,0.011897844885328674,0.08681978115598532,15.826185891825661,70.13212846654835,STAT3;EGR1
P3,GO_Biological_Process_2026,gs_ind_0,Positive Regulation of Interleukin-1 Production (GO:0032732),2/52,0.01567386778048999,0.09599680750051966,13.628939036035582,56.6386054940733,STAT3;EGR1
P3,GO_Biological_Process_2026,gs_ind_0,Positive Regulation of Interleukin-10 Production (GO:0032733),1/33,0.11424883561195394,0.17458054242979912,12.587011982991882,27.305967256473732,STAT3
P3,GO_Biological_Process_2026,gs_ind_0,Positive Regulation of Interleukin-2 Production (GO:0032743),1/38,0.13039289018139794,0.1846774126760446,10.906733668341708,22.219232230345032,RUNX1
P3,GO_Biological_Process_2026,gs_ind_0,Positive Regulation of Interleukin-6 Production (GO:0032755),1/69,0.22418061724548724,0.26249986228628563,5.964017166122583,8.918014102728504,STAT3
P3,GO_Biological_Process_2026,gs_ind_0,Positive Regulation of Interleukin-8 Production (GO:0032757),2/55,0.017429205952379016,0.09599680750051966,12.863276246501258,52.09122609642645,STAT3;RIPK1
P3,GO_Biological_Process_2026,gs_ind_0,Positive Regulation of Intracellular Protein Transport (GO:0090316),1/71,0.2298752076552973,0.2676119469466871,5.794397519512456,8.519031546226,CDH1
P3,GO_Biological_Process_2026,gs_ind_0,Positive Regulation of Intracellular Signal Transduction (GO:1902533),5/650,0.09105136617963369,0.15879861687860874,2.3663420944841653,5.670540025544461,NFAT5;PECAM1;RTN4;RIPK1;STAT3
P3,GO_Biological_Process_2026,gs_ind_0,Positive Regulation of JNK Cascade (GO:0046330),1/81,0.25773332405292904,0.29244710662196494,5.072723867786135,6.877750472831031,RIPK1
P3,GO_Biological_Process_2026,gs_ind_0,Positive Regulation of Kinase Activity (GO:0033674),2/29,0.00506840162905688,0.04907577346596421,25.04891555145362,132.37674976169106,MRNIP;MAP2K3
P3,GO_Biological_Process_2026,gs_ind_0,Positive Regulation of Leukocyte Adhesion to Vascular Endothelial Cell (GO:1904996),1/20,0.07087242893827944,0.14132383354623246,20.98840355624275,55.55365534242182,NFAT5
P3,GO_Biological_Process_2026,gs_ind_0,Positive Regulation of Leukocyte Cell-Cell Adhesion (GO:1903039),1/33,0.11424883561195394,0.17458054242979912,12.587011982991882,27.305967256473732,NFAT5
P3,GO_Biological_Process_2026,gs_ind_0,Positive Regulation of Leukocyte Differentiation (GO:1902107),1/14,0.05014960504049533,0.12168831873681638,30.32328308207705,90.74984291620152,IL13RA1
P3,GO_Biological_Process_2026,gs_ind_0,Positive Regulation of Leukocyte Migration (GO:0002687),2/28,0.004730110090115446,0.04860429449741076,25.995115410401304,139.17282569994805,RTN4;ICAM1
P3,GO_Biological_Process_2026,gs_ind_0,Positive Regulation of Lipid Catabolic Process (GO:0050996),1/20,0.07087242893827944,0.14132383354623246,20.98840355624275,55.55365534242182,IRS2
P3,GO_Biological_Process_2026,gs_ind_0,Positive Regulation of Lipoprotein Particle Clearance (GO:0010986),1/7,0.025394089358317242,0.09989003118681822,62.9953614224971,231.39700796830692,ANXA2
P3,GO_Biological_Process_2026,gs_ind_0,Positive Regulation of Long-Term Synaptic Potentiation (GO:1900273),1/14,0.05014960504049533,0.12168831873681638,30.32328308207705,90.74984291620152,SQSTM1
P3,GO_Biological_Process_2026,gs_ind_0,Positive Regulation of Lymphocyte Proliferation (GO:0050671),1/66,0.21556048026879066,0.2553757689772614,6.237868732977867,9.572095390817173,IRS2
P3,GO_Biological_Process_2026,gs_ind_0,Positive Regulation of MAPK Cascade (GO:0043410),3/355,0.14197032270047594,0.19371831295308845,2.7308019639934535,5.330900204308343,PECAM1;RIPK1;ICAM1
P3,GO_Biological_Process_2026,gs_ind_0,Positive Regulation of Macromolecule Biosynthetic Process (GO:0010557),5/314,0.006063010286622695,0.05530199942726354,4.997817794280591,25.516602918444324,SLC38A2;IRS2;STAT3;RIPK1;EGR1
P3,GO_Biological_Process_2026,gs_ind_0,Positive Regulation of Macromolecule Metabolic Process (GO:0010604),1/31,0.10770844937287086,0.17027065701488375,13.413378367246066,29.88939646374393,ANXA2
P3,GO_Biological_Process_2026,gs_ind_0,Positive Regulation of Macrophage Cytokine Production (GO:0060907),1/7,0.025394089358317242,0.09989003118681822,62.9953614224971,231.39700796830692,RTN4
P3,GO_Biological_Process_2026,gs_ind_0,Positive Regulation of Macrophage Differentiation (GO:0045651),1/12,0.043140826609840886,0.11584749972295938,35.59951933580948,111.89945212016866,RIPK1
P3,GO_Biological_Process_2026,gs_ind_0,Positive Regulation of Macrophage Migration (GO:1905523),1/21,0.07428244681570347,0.143850815275795,19.96384360828533,51.90360975057245,RTN4
P3,GO_Biological_Process_2026,gs_ind_0,Positive Regulation of Metabolic Process (GO:0009893),1/38,0.13039289018139794,0.1846774126760446,10.906733668341708,22.219232230345032,RIPK1
P3,GO_Biological_Process_2026,gs_ind_0,Positive Regulation of Mitophagy (GO:1901526),1/18,0.06401504258973123,0.13401901847787806,23.388801148600145,64.28732849758696,HK2
P3,GO_Biological_Process_2026,gs_ind_0,Positive Regulation of Mononuclear Cell Migration (GO:0071677),1/33,0.11424883561195394,0.17458054242979912,12.587011982991882,27.305967256473732,RTN4
P3,GO_Biological_Process_2026,gs_ind_0,Positive Regulation of Multicellular Organismal Process (GO:0051240),2/398,0.43000113150495234,0.4468639209757348,1.7136940616178362,1.446301988226535,RTN4;KDM6B
P3,GO_Biological_Process_2026,gs_ind_0,Positive Regulation of Myeloid Cell Differentiation (GO:0045639),1/34,0.11750120825052357,0.1773968766241038,12.21083027075677,26.147132213032688,STAT3
P3,GO_Biological_Process_2026,gs_ind_0,Positive Regulation of Myeloid Leukocyte Differentiation (GO:0002763),2/41,0.009948736817063085,0.0770644459598656,17.431407826254578,80.36418839306899,RIPK1;RUNX1
P3,GO_Biological_Process_2026,gs_ind_0,Positive Regulation of Necroptotic Process (GO:0060545),1/6,0.021805834468432178,0.09599680750051966,74.4518044769301,284.8211635890129,RIPK1
P3,GO_Biological_Process_2026,gs_ind_0,Positive Regulation of Neurogenesis (GO:0050769),1/59,0.19507633576312508,0.23554181068761026,6.986084267491303,11.41780694412366,SKIL
P3,GO_Biological_Process_2026,gs_ind_0,Positive Regulation of Neuron Apoptotic Process (GO:0043525),1/39,0.1335865701175638,0.1878794359055681,10.623050316517654,21.38425920263491,CASP4
P3,GO_Biological_Process_2026,gs_ind_0,Positive Regulation of Neuron Projection Development (GO:0010976),1/95,0.2950660020928981,0.32651809242587737,4.318975831538646,5.271552779622928,ITGA6
P3,GO_Biological_Process_2026,gs_ind_0,Positive Regulation of Neutrophil Migration (GO:1902624),1/23,0.08106535561630931,0.15006031820886667,18.187939698492464,45.697191038775365,RTN4
P3,GO_Biological_Process_2026,gs_ind_0,Positive Regulation of Notch Signaling Pathway (GO:0045747),1/30,0.10442034991225575,0.1671721659167592,13.868580189080998,31.333708986565636,STAT3
P3,GO_Biological_Process_2026,gs_ind_0,Positive Regulation of Nuclear-Transcribed mRNA poly(A) Tail Shortening (GO:0060213),2/13,0.001011639008733172,0.018191437174898288,59.93489295961157,413.3220188529541,ZFP36;BTG2
P3,GO_Biological_Process_2026,gs_ind_0,Positive Regulation of Nucleocytoplasmic Transport (GO:0046824),1/46,0.15561952100888302,0.20484817994241203,8.986415594455796,16.717799339197803,CDH1
P3,GO_Biological_Process_2026,gs_ind_0,Positive Regulation of Organelle Organization (GO:0010638),2/74,0.030312462973749777,0.10562162704002086,9.485559250831438,33.163377457541245,PLAUR;ANXA2
P3,GO_Biological_Process_2026,gs_ind_0,Positive Regulation of Pattern Recognition Receptor Signaling Pathway (GO:0062208),1/51,0.1710168333182885,0.21662132220316543,8.09517886462013,14.296031530903484,RTN4
P3,GO_Biological_Process_2026,gs_ind_0,Positive Regulation of Peptide Hormone Secretion (GO:0090277),1/56,0.18613613194826314,0.22802808378576764,7.36452532934945,12.381806910580362,IRS2
P3,GO_Biological_Process_2026,gs_ind_0,Positive Regulation of Peptidyl-Tyrosine Phosphorylation (GO:0050731),1/49,0.16489155134789077,0.21342646813280977,8.429622338496607,15.194118496222861,IL13RA1
P3,GO_Biological_Process_2026,gs_ind_0,Positive Regulation of Phagocytosis (GO:0050766),1/55,0.18313427347949734,0.22572363940496185,7.499930846895025,12.731400062627513,STAT3
P3,GO_Biological_Process_2026,gs_ind_0,Positive Regulation of Phosphorylation (GO:0042327),1/64,0.20976111348061466,0.24968019063236283,6.434811854548332,10.049798749352027,PLAUR
P3,GO_Biological_Process_2026,gs_ind_0,Positive Regulation of Plasminogen Activation (GO:0010756),1/8,0.02896931280161029,0.1023582385656897,54.59396984924623,193.34553720447744,ANXA2
P3,GO_Biological_Process_2026,gs_ind_0,Positive Regulation of Post-Transcriptional Gene Silencing by RNA (GO:1900370),1/6,0.021805834468432178,0.09599680750051966,74.4518044769301,284.8211635890129,ZFP36
P3,GO_Biological_Process_2026,gs_ind_0,Positive Regulation of Programmed Cell Death (GO:0043068),3/234,0.05505088968309847,0.12694770040697703,4.176895386830592,12.11089670678256,RIPK1;SQSTM1;ITGA6
P3,GO_Biological_Process_2026,gs_ind_0,Positive Regulation of Programmed Necrotic Cell Death (GO:0062100),1/6,0.021805834468432178,0.09599680750051966,74.4518044769301,284.8211635890129,RIPK1
P3,GO_Biological_Process_2026,gs_ind_0,Positive Regulation of Protein Import Into Nucleus (GO:0042307),1/29,0.10112025539501886,0.16423886642384514,14.355725998413119,32.89535401837941,CDH1
P3,GO_Biological_Process_2026,gs_ind_0,Positive Regulation of Protein Kinase Activity (GO:0045860),3/55,0.0010933777639897339,0.018983300143752792,18.54051282051282,126.41818090180213,MRNIP;MAP2K3;RIPK1
P3,GO_Biological_Process_2026,gs_ind_0,Positive Regulation of Protein Localization (GO:1903829),5/135,0.0001426327001982015,0.007181556454979445,11.932057531443702,105.6612064322246,CDH1;PECAM1;RTN4;JAK1;SLC5A3
P3,GO_Biological_Process_2026,gs_ind_0,Positive Regulation of Protein Localization to Cell Periphery (GO:1904377),1/56,0.18613613194826314,0.22802808378576764,7.36452532934945,12.381806910580362,SQSTM1
P3,GO_Biological_Process_2026,gs_ind_0,Positive Regulation of Protein Localization to Membrane (GO:1905477),2/57,0.018643659746222566,0.09599680750051966,12.398820139936891,49.37519097169622,SQSTM1;SLC5A3
P3,GO_Biological_Process_2026,gs_ind_0,Positive Regulation of Protein Localization to Nucleus (GO:1900182),2/72,0.0288204192434945,0.1023582385656897,9.755373150448213,34.599100427774125,JAK1;CDH1
P3,GO_Biological_Process_2026,gs_ind_0,Positive Regulation of Protein Localization to Plasma Membrane (GO:1903078),1/54,0.18012145406991348,0.22282838359754653,7.640398252946978,13.096589333388202,SQSTM1
P3,GO_Biological_Process_2026,gs_ind_0,Positive Regulation of Protein Metabolic Process (GO:0051247),2/184,0.14650565037694793,0.1972342111358109,3.752937904179125,7.208235114980342,BCL3;LARP1B
P3,GO_Biological_Process_2026,gs_ind_0,Positive Regulation of Protein Modification Process (GO:0031401),2/59,0.019892831428861207,0.09599680750051966,11.966674023394393,46.87819906008499,PLAUR;EGR1
P3,GO_Biological_Process_2026,gs_ind_0,Positive Regulation of Protein Phosphorylation (GO:0001934),3/109,0.007587007292255434,0.06600850413834118,9.121487901769592,44.52488364243628,MRNIP;MAP2K3;PLAUR
P3,GO_Biological_Process_2026,gs_ind_0,Positive Regulation of Protein Processing (GO:0010954),1/21,0.07428244681570347,0.143850815275795,19.96384360828533,51.90360975057245,ANXA2
P3,GO_Biological_Process_2026,gs_ind_0,Positive Regulation of Protein Secretion (GO:0050714),1/80,0.25499301809085445,0.2904728158568896,5.136721342561866,7.01942789910666,IRS2
P3,GO_Biological_Process_2026,gs_ind_0,Positive Regulation of RNA Biosynthetic Process (GO:1902680),12/526,5.282749205520512e-07,0.0001773242816653052,7.317043039976281,105.75797186076876,CHD4;MAP2K3;ELF1;CDH1;STAT3;KLF6;ELF2;BCL3;EP400;RUNX1;EGR1;JUN
P3,GO_Biological_Process_2026,gs_ind_0,Positive Regulation of RNA Splicing (GO:0033120),2/26,0.004086322122406134,0.04377581252407422,28.11923754273283,154.65889819684898,NUP98;SLC38A2
P3,GO_Biological_Process_2026,gs_ind_0,Positive Regulation of Rac Protein Signal Transduction (GO:0035022),1/18,0.06401504258973123,0.13401901847787806,23.388801148600145,64.28732849758696,RTN4
P3,GO_Biological_Process_2026,gs_ind_0,Positive Regulation of Reactive Oxygen Species Biosynthetic Process (GO:1903428),1/12,0.043140826609840886,0.11584749972295938,35.59951933580948,111.89945212016866,SLC5A3
P3,GO_Biological_Process_2026,gs_ind_0,Positive Regulation of Reactive Oxygen Species Metabolic Process (GO:2000379),2/48,0.013460293849554557,0.09545433736972844,14.80350417553627,63.773660657724555,RIPK1;SLC5A3
P3,GO_Biological_Process_2026,gs_ind_0,Positive Regulation of Receptor Recycling (GO:0001921),1/9,0.032531551648223855,0.10591970634699878,48.16937629323086,165.00635843822025,ANXA2
P3,GO_Biological_Process_2026,gs_ind_0,Positive Regulation of Receptor-Mediated Endocytosis (GO:0048260),1/40,0.1367686379517141,0.18866577865393985,10.353730678710006,20.598380195399425,ANXA2
P3,GO_Biological_Process_2026,gs_ind_0,Positive Regulation of Release of Cytochrome C From Mitochondria (GO:0090200),1/22,0.07768007418553498,0.14731418965128762,19.03459156246348,48.636360355386536,PLAUR
P3,GO_Biological_Process_2026,gs_ind_0,Positive Regulation of Response to External Stimulus (GO:0032103),3/157,0.020166544325535336,0.09599680750051966,6.2764749813293506,24.5016653680791,STAT3;CASP4;RIPK1
P3,GO_Biological_Process_2026,gs_ind_0,Positive Regulation of Response to Stimulus (GO:0048584),1/68,0.2213177094527477,0.26096830611114397,6.0525963149078725,9.12825951138168,HOMER1
P3,GO_Biological_Process_2026,gs_ind_0,Positive Regulation of Secretion by Cell (GO:1903532),1/74,0.23833959157565857,0.2752384962347341,5.557276176802379,7.969460621659022,ANXA2
P3,GO_Biological_Process_2026,gs_ind_0,Positive Regulation of Signal Transduction (GO:0009967),3/265,0.07396090357981762,0.143850815275795,3.6793846153846155,9.581922055761302,PECAM1;STAT3;HOMER1
P3,GO_Biological_Process_2026,gs_ind_0,Positive Regulation of Signaling (GO:0023056),2/35,0.0073225319405974265,0.06468236547527727,20.557996817940754,101.07954060774392,HOMER1;ANXA2
P3,GO_Biological_Process_2026,gs_ind_0,Positive Regulation of Small GTPase Mediated Signal Transduction (GO:0051057),1/71,0.2298752076552973,0.2676119469466871,5.794397519512456,8.519031546226,RTN4
P3,GO_Biological_Process_2026,gs_ind_0,Positive Regulation of Small Molecule Metabolic Process (GO:0062013),1/23,0.08106535561630931,0.15006031820886667,18.187939698492464,45.697191038775365,IRS2
P3,GO_Biological_Process_2026,gs_ind_0,Positive Regulation of Smooth Muscle Cell Proliferation (GO:0048661),1/48,0.16181212936089961,0.21106841226220974,8.607405448294102,15.67683376936233,JUN
P3,GO_Biological_Process_2026,gs_ind_0,Positive Regulation of Sprouting Angiogenesis (GO:1903672),1/19,0.06744997582548398,0.13638981055474372,22.123726741817194,59.65373216204687,JAK1
P3,GO_Biological_Process_2026,gs_ind_0,Positive Regulation of Synaptic Transmission (GO:0050806),1/85,0.2685951165573057,0.30254505858300546,4.83188129999108,6.351750414065389,SQSTM1
P3,GO_Biological_Process_2026,gs_ind_0,Positive Regulation of Toll-Like Receptor 9 Signaling Pathway (GO:0034165),1/10,0.036080852581350895,0.10910936501327433,43.0973287490082,143.16902243022955,RTN4
P3,GO_Biological_Process_2026,gs_ind_0,Positive Regulation of Transcription Initiation by RNA Polymerase II (GO:0060261),2/54,0.016835175836437618,0.09599680750051966,13.108774474256707,53.53996809232169,TAF4B;TAF13
P3,GO_Biological_Process_2026,gs_ind_0,Positive Regulation of Transcription by RNA Polymerase I (GO:0045943),1/33,0.11424883561195394,0.17458054242979912,12.587011982991882,27.305967256473732,SF3B1
P3,GO_Biological_Process_2026,gs_ind_0,Positive Regulation of Transcription by RNA Polymerase II (GO:0045944),17/944,5.7207275242401244e-08,2.8803863084549026e-05,5.92938650999887,98.88191669157837,NFAT5;ELF1;LMO7;TAF4B;STAT3;KLF6;JUNB;RIPK1;TAF13;JUN;SBNO2;ITGA6;KDM6B;RUNX1;EGR1;SQSTM1;SF3B1
P3,GO_Biological_Process_2026,gs_ind_0,Positive Regulation of Transcription by RNA Polymerase III (GO:0045945),1/19,0.06744997582548398,0.13638981055474372,22.123726741817194,59.65373216204687,SF3B1
P3,GO_Biological_Process_2026,gs_ind_0,Positive Regulation of Translation (GO:0045727),2/105,0.05698742040424429,0.12694770040697703,6.6368719193702645,19.014138492752263,BCL3;LARP1B
P3,GO_Biological_Process_2026,gs_ind_0,Positive Regulation of Transmembrane Transport (GO:0034764),1/16,0.0571075553965845,0.12694770040697703,26.40865618414654,75.60319879037347,AZIN1
P3,GO_Biological_Process_2026,gs_ind_0,Positive Regulation of Transport (GO:0051050),1/56,0.18613613194826314,0.22802808378576764,7.36452532934945,12.381806910580362,ANXA2
P3,GO_Biological_Process_2026,gs_ind_0,Positive Regulation of Tumor Necrosis Factor Production (GO:0032760),2/85,0.039043681736093294,0.11206343526089461,8.23262105231162,26.699001057599013,STAT3;RIPK1
P3,GO_Biological_Process_2026,gs_ind_0,Positive Regulation of Tumor Necrosis Factor Superfamily Cytokine Production (GO:1903557),2/89,0.04242837092172888,0.11584749972295938,7.855112400290065,24.821668285746313,STAT3;RIPK1
P3,GO_Biological_Process_2026,gs_ind_0,Positive Regulation of Tumor Necrosis Factor-Mediated Signaling Pathway (GO:1903265),1/13,0.04665159224326654,0.11893203389612508,32.75035175879397,100.38140738175221,CASP4
P3,GO_Biological_Process_2026,gs_ind_0,Positive Regulation of Type 2 Mitophagy (GO:1905091),1/6,0.021805834468432178,0.09599680750051966,74.4518044769301,284.8211635890129,HK2
P3,GO_Biological_Process_2026,gs_ind_0,Positive Regulation of Tyrosine Phosphorylation of STAT Protein (GO:0042531),1/28,0.09780812250653742,0.16252933888462573,14.878300593878484,34.58829438886499,IL13RA1
P3,GO_Biological_Process_2026,gs_ind_0,Positive Regulation of Vacuole Organization (GO:0044090),1/22,0.07768007418553498,0.14731418965128762,19.03459156246348,48.636360355386536,ANXA2
P3,GO_Biological_Process_2026,gs_ind_0,Positive Regulation of Vascular Associated Smooth Muscle Cell Proliferation (GO:1904707),1/23,0.08106535561630931,0.15006031820886667,18.187939698492464,45.697191038775365,JUN
P3,GO_Biological_Process_2026,gs_ind_0,Positive Regulation of Vascular Endothelial Growth Factor Production (GO:0010575),1/27,0.09448390777737954,0.16126321208783254,15.440314781454441,36.428732206490906,STAT3
P3,GO_Biological_Process_2026,gs_ind_0,Positive Regulation of Vascular Permeability (GO:0043117),1/13,0.04665159224326654,0.11893203389612508,32.75035175879397,100.38140738175221,TJP2
P3,GO_Biological_Process_2026,gs_ind_0,Positive Regulation of Vasculature Development (GO:1904018),3/104,0.006668313486095262,0.05942470513714981,9.572590627763041,47.96239609818354,RTN4;HK2;RUNX1
P3,GO_Biological_Process_2026,gs_ind_0,Positive Regulation of Vesicle Fusion (GO:0031340),1/9,0.032531551648223855,0.10591970634699878,48.16937629323086,165.00635843822025,ANXA2
P3,GO_Biological_Process_2026,gs_ind_0,Positive Regulation of mRNA Catabolic Process (GO:0061014),2/50,0.014548712109323129,0.09599680750051966,14.192003767858077,60.03576373485683,ZFP36;BTG2
P3,GO_Biological_Process_2026,gs_ind_0,Positive Regulation of mRNA Processing (GO:0050685),1/16,0.0571075553965845,0.12694770040697703,26.40865618414654,75.60319879037347,NUP98
P3,GO_Biological_Process_2026,gs_ind_0,"Positive Regulation of mRNA Splicing, via Spliceosome (GO:0048026)",1/13,0.04665159224326654,0.11893203389612508,32.75035175879397,100.38140738175221,NUP98
P3,GO_Biological_Process_2026,gs_ind_0,Positive Regulation of miRNA Metabolic Process (GO:2000630),4/53,4.3439356080138217e-05,0.004673977820448331,25.547338671691005,256.60116646270495,STAT3;EGR1;JUN;FOSL1
P3,GO_Biological_Process_2026,gs_ind_0,Positive Regulation of miRNA Processing (GO:1903800),1/5,0.018204501114733745,0.09599680750051966,91.0,364.55386253468845,RIPK1
P3,GO_Biological_Process_2026,gs_ind_0,Positive Regulation of miRNA Transcription (GO:1902895),4/47,2.690951236880841e-05,0.0038711255650557244,29.077541540110772,305.98386272021185,STAT3;EGR1;JUN;FOSL1
P3,GO_Biological_Process_2026,gs_ind_0,Positive Regulation of miRNA-mediated Gene Silencing (GO:2000637),2/7,0.0002763051291217819,0.009594457414677049,125.3461005999077,1027.0865452902929,RIPK1;ZFP36
P3,GO_Biological_Process_2026,gs_ind_0,Presynaptic Active Zone Organization (GO:1990709),1/6,0.021805834468432178,0.09599680750051966,74.4518044769301,284.8211635890129,CAST
P3,GO_Biological_Process_2026,gs_ind_0,Programmed Necrotic Cell Death (GO:0097300),1/12,0.043140826609840886,0.11584749972295938,35.59951933580948,111.89945212016866,RIPK1
P3,GO_Biological_Process_2026,gs_ind_0,Proline Transport (GO:0015824),1/8,0.02896931280161029,0.1023582385656897,54.59396984924623,193.34553720447744,SLC38A2
P3,GO_Biological_Process_2026,gs_ind_0,Proteasome-mediated Ubiquitin-Dependent Protein Catabolic Process (GO:0043161),2/383,0.4109988296879007,0.43022434666914344,1.7820718377231208,1.5845557487037618,LMO7;FBXL18
P3,GO_Biological_Process_2026,gs_ind_0,Protein Autoprocessing (GO:0016540),1/21,0.07428244681570347,0.143850815275795,19.96384360828533,51.90360975057245,CASP4
P3,GO_Biological_Process_2026,gs_ind_0,Protein Catabolic Process (GO:0030163),1/169,0.46359215012607685,0.47539439427388935,2.4155942919344495,1.8569883536979326,SQSTM1
P3,GO_Biological_Process_2026,gs_ind_0,Protein Complex Oligomerization (GO:0051259),2/112,0.06382962282479879,0.13401901847787806,6.214828766336679,17.100336822917914,HOMER1;FUS
P3,GO_Biological_Process_2026,gs_ind_0,Protein Homooligomerization (GO:0051260),2/136,0.08916823114596724,0.15697973560137937,5.101334138471119,12.331100245264658,FUS;GLS
P3,GO_Biological_Process_2026,gs_ind_0,Protein Homotetramerization (GO:0051289),1/58,0.19210712382525622,0.23251427126446275,7.107843565654359,11.725824641202973,GLS
P3,GO_Biological_Process_2026,gs_ind_0,Protein Import Into Nucleus (GO:0006606),3/74,0.002569114414864458,0.031939484145290235,13.604124081047157,81.13763556109286,BCL3;NUP98;STAT3
P3,GO_Biological_Process_2026,gs_ind_0,Protein Localization to Cell Junction (GO:1902414),2/32,0.006147874877934131,0.05530199942726354,22.582591328950652,114.98262415798024,TJP2;JAK1
P3,GO_Biological_Process_2026,gs_ind_0,Protein Localization to Cell Periphery (GO:1990778),1/130,0.3804604463144057,0.40328807309327,3.1476106400729518,3.041766122634939,CDH1
P3,GO_Biological_Process_2026,gs_ind_0,Protein Localization to Cell Surface (GO:0034394),2/24,0.003486817880202735,0.039013617837379486,30.62098138747885,173.27696042731014,PLAUR;VCL
P3,GO_Biological_Process_2026,gs_ind_0,Protein Localization to Cell-Cell Junction (GO:0150105),2/17,0.0017470948129191322,0.026645428255403152,44.4612739479286,282.3202407734291,TJP2;JAK1
P3,GO_Biological_Process_2026,gs_ind_0,Protein Localization to Chromatin (GO:0071168),2/31,0.005777366093801807,0.0543720341725086,23.348963262496774,120.33605948747785,MRNIP;INTS6
P3,GO_Biological_Process_2026,gs_ind_0,Protein Localization to Chromosome (GO:0034502),2/58,0.01926394116891126,0.09599680750051966,12.178922779749337,48.10090230987296,MRNIP;INTS6
P3,GO_Biological_Process_2026,gs_ind_0,Protein Localization to Lysosome (GO:0061462),1/35,0.12074175755375664,0.18066411568593305,11.856456194013546,25.06574885089274,RTN4
P3,GO_Biological_Process_2026,gs_ind_0,Protein Localization to Membrane (GO:0072657),1/188,0.49999113323318467,0.51167791785144,2.169286432160804,1.5036732437342044,CDH1
P3,GO_Biological_Process_2026,gs_ind_0,Protein Localization to Mitochondrion (GO:0070585),1/37,0.12718755619754754,0.18323014176098765,11.205961313416397,23.107728348226125,HK2
P3,GO_Biological_Process_2026,gs_ind_0,Protein Localization to Nucleus (GO:0034504),3/119,0.00963935357283225,0.07524673680497733,8.33544624188401,38.69231815753417,BCL3;NUP98;STAT3
P3,GO_Biological_Process_2026,gs_ind_0,Protein Localization to Organelle (GO:0033365),1/150,0.4245718359133038,0.44259196559492436,2.72450883178434,2.334016050008247,HK2
P3,GO_Biological_Process_2026,gs_ind_0,Protein Localization to Perinuclear Region of Cytoplasm (GO:1905719),1/6,0.021805834468432178,0.09599680750051966,74.4518044769301,284.8211635890129,SQSTM1
P3,GO_Biological_Process_2026,gs_ind_0,Protein Localization to Plasma Membrane (GO:0072659),1/151,0.42669385591583603,0.4443440671222822,2.7063056144509927,2.304929336740743,CDH1
P3,GO_Biological_Process_2026,gs_ind_0,Protein Localization to Vacuole (GO:0072665),1/34,0.11750120825052357,0.1773968766241038,12.21083027075677,26.147132213032688,RTN4
P3,GO_Biological_Process_2026,gs_ind_0,Protein Maturation (GO:0051604),1/201,0.5234757527209711,0.5351675969441807,2.0276569881828093,1.312430523238431,CASP4
P3,GO_Biological_Process_2026,gs_ind_0,Protein Metabolic Process (GO:0019538),4/603,0.180850613171818,0.22345591099879844,2.0666315193576685,3.534113350671793,CASP4;SQSTM1;FUS;RIPK1
P3,GO_Biological_Process_2026,gs_ind_0,Protein Modification Process (GO:0036211),1/425,0.7927473949033427,0.7927473949033427,0.949748743718593,0.22057976469951182,JAK1
P3,GO_Biological_Process_2026,gs_ind_0,Protein Modification by Small Protein Conjugation (GO:0032446),2/296,0.29589912536850693,0.32708059192764705,2.3160221661079174,2.82030513274384,LMO7;ARIH1
P3,GO_Biological_Process_2026,gs_ind_0,Protein Phosphorylation (GO:0006468),1/299,0.6686691568368659,0.6713358334344207,1.3570111865861973,0.5461506946651068,JAK1
P3,GO_Biological_Process_2026,gs_ind_0,Protein Polyubiquitination (GO:0000209),1/230,0.5720017858384014,0.5794826945063081,1.7695339442309588,0.9884849580679774,WSB1
P3,GO_Biological_Process_2026,gs_ind_0,Protein Processing (GO:0016485),1/146,0.41600571780810425,0.4350132480090976,2.799823861575921,2.4556030841261274,CASP4
P3,GO_Biological_Process_2026,gs_ind_0,Protein Stabilization (GO:0050821),1/204,0.5287382587269465,0.5394523065228319,1.9975429975429975,1.2729577554743474,RTN4
P3,GO_Biological_Process_2026,gs_ind_0,Protein Targeting to Vacuole (GO:0006623),1/28,0.09780812250653742,0.16252933888462573,14.878300593878484,34.58829438886499,SQSTM1
P3,GO_Biological_Process_2026,gs_ind_0,Protein Targeting to Vacuole Involved in Autophagy (GO:0071211),1/5,0.018204501114733745,0.09599680750051966,91.0,364.55386253468845,SQSTM1
P3,GO_Biological_Process_2026,gs_ind_0,Protein Tetramerization (GO:0051262),2/81,0.03576854112490912,0.10910936501327433,8.648117996360503,28.80416995965575,HOMER1;GLS
P3,GO_Biological_Process_2026,gs_ind_0,Protein Ubiquitination (GO:0016567),3/348,0.13608551294191523,0.18866577865393985,2.786856655163457,5.5583070628969375,LMO7;ARIH1;WSB1
P3,GO_Biological_Process_2026,gs_ind_0,Protein-DNA Complex Assembly (GO:0065004),1/36,0.12397052607037776,0.18251216338138948,11.52204685398825,24.054708967199332,BAZ1A
P3,GO_Biological_Process_2026,gs_ind_0,Protein-RNA Complex Assembly (GO:0022618),1/163,0.45156173163609964,0.4644766739096551,2.505342095090839,1.9918551708459082,SF3B1
P3,GO_Biological_Process_2026,gs_ind_0,Protein-containing Complex Assembly (GO:0065003),2/306,0.3094276260176203,0.3386887167388518,2.2391288039808956,2.626567625063893,CASP4;RIPK1
P3,GO_Biological_Process_2026,gs_ind_0,Protein-containing Complex Organization (GO:0043933),1/118,0.35240359928096315,0.37832667854576746,3.4706083609537046,3.6197687617748397,NUP98
P3,GO_Biological_Process_2026,gs_ind_0,Proteinogenic Amino Acid Catabolic Process (GO:0170040),1/79,0.2522426969822118,0.2886459043875992,5.20234932624908,7.165526449104015,GLS
P3,GO_Biological_Process_2026,gs_ind_0,Proteolysis (GO:0006508),1/322,0.6958145087846317,0.6978936358029125,1.2588525832896988,0.456550791211931,CASP4
P3,GO_Biological_Process_2026,gs_ind_0,Pyridine Nucleotide Catabolic Process (GO:0019364),1/32,0.11098459693722368,0.17300540110802515,12.987078248384782,28.550323385514286,HK2
P3,GO_Biological_Process_2026,gs_ind_0,Pyroptotic Inflammatory Response (GO:0070269),1/25,0.08779905814197392,0.15511166938415394,16.70197928417598,40.630980258906256,CASP4
P3,GO_Biological_Process_2026,gs_ind_0,Pyruvate Metabolic Process (GO:0006090),1/44,0.14938162196228383,0.1995056940530767,9.400277248310518,17.872286764451427,HK2
P3,GO_Biological_Process_2026,gs_ind_0,R-loop Processing (GO:0062176),1/9,0.032531551648223855,0.10591970634699878,48.16937629323086,165.00635843822025,NFAT5
P3,GO_Biological_Process_2026,gs_ind_0,RNA 3'-End Processing (GO:0031123),2/57,0.018643659746222566,0.09599680750051966,12.398820139936891,49.37519097169622,INTS6;CSTF3
P3,GO_Biological_Process_2026,gs_ind_0,RNA Biosynthetic Process (GO:0032774),1/143,0.4094983938692628,0.4290997738047322,2.859084898175086,2.552654748599491,TAF13
P3,GO_Biological_Process_2026,gs_ind_0,RNA Catabolic Process (GO:0006401),1/95,0.2950660020928981,0.32651809242587737,4.318975831538646,5.271552779622928,ZFP36
P3,GO_Biological_Process_2026,gs_ind_0,RNA Export From Nucleus (GO:0006405),2/72,0.0288204192434945,0.1023582385656897,9.755373150448213,34.599100427774125,NUP98;THOC6
P3,GO_Biological_Process_2026,gs_ind_0,RNA Polymerase II Preinitiation Complex Assembly (GO:0051123),1/49,0.16489155134789077,0.21342646813280977,8.429622338496607,15.194118496222861,TAF13
P3,GO_Biological_Process_2026,gs_ind_0,RNA Polymerase II Transcription Initiation Surveillance (GO:0160240),1/18,0.06401504258973123,0.13401901847787806,23.388801148600145,64.28732849758696,INTS6
P3,GO_Biological_Process_2026,gs_ind_0,RNA Processing (GO:0006396),4/308,0.026895576533462657,0.1023582385656897,4.113964113428112,14.875244482656068,INTS6;FUS;SF3B1;CSTF3
P3,GO_Biological_Process_2026,gs_ind_0,RNA Splicing (GO:0008380),2/100,0.052270215019552466,0.12562316593004616,6.975057332062151,20.585685999872638,FUS;SF3B1
P3,GO_Biological_Process_2026,gs_ind_0,"RNA Splicing, via Transesterification Reactions (GO:0000375)",1/25,0.08779905814197392,0.15511166938415394,16.70197928417598,40.630980258906256,SF3B1
P3,GO_Biological_Process_2026,gs_ind_0,"RNA Splicing, via Transesterification Reactions With Bulged Adenosine as Nucleophile (GO:0000377)",1/181,0.48687466204222085,0.4987617341571886,2.2539985244783476,1.6223121843329202,SF3B1
P3,GO_Biological_Process_2026,gs_ind_0,RNA Stabilization (GO:0043489),1/48,0.16181212936089961,0.21106841226220974,8.607405448294102,15.67683376936233,FUS
P3,GO_Biological_Process_2026,gs_ind_0,RNA Transport (GO:0050658),2/38,0.008590198795084398,0.07032788769634138,18.86621236353522,89.74908897806998,NUP98;ZFP36
P3,GO_Biological_Process_2026,gs_ind_0,Radial Glial Cell Differentiation (GO:0060019),1/6,0.021805834468432178,0.09599680750051966,74.4518044769301,284.8211635890129,STAT3
P3,GO_Biological_Process_2026,gs_ind_0,Receptor-mediated Virion Attachment to Host Cell (GO:0046813),1/6,0.021805834468432178,0.09599680750051966,74.4518044769301,284.8211635890129,ICAM1
P3,GO_Biological_Process_2026,gs_ind_0,Recombinational Repair (GO:0000725),2/103,0.05508304510456855,0.12694770040697703,6.768147833262484,19.620273915908466,CHD4;NABP1
P3,GO_Biological_Process_2026,gs_ind_0,Regulation of 3'-UTR-mediated mRNA Stabilization (GO:1905868),2/8,0.00036752525526596207,0.010002646812238482,106.05818039828192,838.7842954985956,ARID5A;ZFP36
P3,GO_Biological_Process_2026,gs_ind_0,Regulation of Actin Filament Polymerization (GO:0030833),1/70,0.2270331041296496,0.265223127446122,5.877987057590109,8.715052993038883,PLEKHG2
P3,GO_Biological_Process_2026,gs_ind_0,Regulation of Actin Polymerization or Depolymerization (GO:0008064),1/28,0.09780812250653742,0.16252933888462573,14.878300593878484,34.58829438886499,PLEKHG2
P3,GO_Biological_Process_2026,gs_ind_0,Regulation of Amyloid-Beta Formation (GO:1902003),1/38,0.13039289018139794,0.1846774126760446,10.906733668341708,22.219232230345032,RTN4
P3,GO_Biological_Process_2026,gs_ind_0,Regulation of Anatomical Structure Morphogenesis (GO:0022603),1/107,0.32558164117311317,0.3529324321983494,3.830632033406469,4.298513210159991,PDLIM5
P3,GO_Biological_Process_2026,gs_ind_0,Regulation of Angiogenesis (GO:0045765),3/200,0.03743955202222453,0.11154328072893521,4.902135670236936,16.103650939704348,RTN4;HK2;RUNX1
P3,GO_Biological_Process_2026,gs_ind_0,Regulation of Apoptotic Process (GO:0042981),10/661,0.00015977947575391183,0.007468933391222735,4.722179585571758,41.27995269623655,FBXL18;PLAUR;RTN4;RIPK1;EP400;BCL3;ITGA6;EGR1;SQSTM1;CCNL1
P3,GO_Biological_Process_2026,gs_ind_0,Regulation of Autophagy (GO:0010506),2/224,0.19856438967685344,0.23832460119736762,3.073689613870986,4.969055264344319,STAT3;SQSTM1
P3,GO_Biological_Process_2026,gs_ind_0,Regulation of Axon Extension (GO:0030516),1/41,0.1399391354800803,0.19146563781038162,10.097710776102735,19.85762987649694,RTN4
P3,GO_Biological_Process_2026,gs_ind_0,Regulation of Axonogenesis (GO:0050770),1/38,0.13039289018139794,0.1846774126760446,10.906733668341708,22.219232230345032,SKIL
P3,GO_Biological_Process_2026,gs_ind_0,Regulation of B Cell Apoptotic Process (GO:0002902),1/10,0.036080852581350895,0.10910936501327433,43.0973287490082,143.16902243022955,IRS2
P3,GO_Biological_Process_2026,gs_ind_0,Regulation of B Cell Proliferation (GO:0030888),1/49,0.16489155134789077,0.21342646813280977,8.429622338496607,15.194118496222861,IRS2
P3,GO_Biological_Process_2026,gs_ind_0,Regulation of BMP Signaling Pathway (GO:0030510),1/77,0.24671186426811992,0.2832826081163019,5.3387525864617205,7.471766641728897,SKIL
P3,GO_Biological_Process_2026,gs_ind_0,Regulation of Behavior (GO:0050795),1/25,0.08779905814197392,0.15511166938415394,16.70197928417598,40.630980258906256,STAT3
P3,GO_Biological_Process_2026,gs_ind_0,Regulation of Biomineral Tissue Development (GO:0070167),1/27,0.09448390777737954,0.16126321208783254,15.440314781454441,36.428732206490906,SGMS2
P3,GO_Biological_Process_2026,gs_ind_0,Regulation of Blood Coagulation (GO:0030193),1/28,0.09780812250653742,0.16252933888462573,14.878300593878484,34.58829438886499,PLAUR
P3,GO_Biological_Process_2026,gs_ind_0,Regulation of Blood Vessel Endothelial Cell Migration (GO:0043535),1/56,0.18613613194826314,0.22802808378576764,7.36452532934945,12.381806910580362,MAP2K3
P3,GO_Biological_Process_2026,gs_ind_0,Regulation of Blood-Brain Barrier Permeability (GO:1905603),1/7,0.025394089358317242,0.09989003118681822,62.9953614224971,231.39700796830692,TJP2
P3,GO_Biological_Process_2026,gs_ind_0,Regulation of Bone Mineralization (GO:0030500),1/58,0.19210712382525622,0.23251427126446275,7.107843565654359,11.725824641202973,SGMS2
P3,GO_Biological_Process_2026,gs_ind_0,"Regulation of CD4-positive, Alpha-Beta T Cell Differentiation (GO:0043370)",1/11,0.03961726211805212,0.11206343526089461,38.99138549892319,125.88331156809635,RUNX1
P3,GO_Biological_Process_2026,gs_ind_0,"Regulation of CD8-positive, Alpha-Beta T Cell Differentiation (GO:0043376)",1/7,0.025394089358317242,0.09989003118681822,62.9953614224971,231.39700796830692,RUNX1
P3,GO_Biological_Process_2026,gs_ind_0,Regulation of Calcium Ion Transport (GO:0051924),1/54,0.18012145406991348,0.22282838359754653,7.640398252946978,13.096589333388202,HOMER1
P3,GO_Biological_Process_2026,gs_ind_0,Regulation of Canonical NF-kappaB Signal Transduction (GO:0043122),4/279,0.019566112128361852,0.09599680750051966,4.551921612141843,17.907060166917795,NFAT5;STAT3;RIPK1;SQSTM1
P3,GO_Biological_Process_2026,gs_ind_0,Regulation of Canonical Wnt Signaling Pathway (GO:0060828),2/219,0.19192240069803992,0.23251427126446275,3.1449326098372135,5.191227518511765,CCNYL1;TLE4
P3,GO_Biological_Process_2026,gs_ind_0,Regulation of Cardiac Muscle Cell Proliferation (GO:0060043),1/21,0.07428244681570347,0.143850815275795,19.96384360828533,51.90360975057245,RUNX1
P3,GO_Biological_Process_2026,gs_ind_0,Regulation of Cell Adhesion (GO:0030155),1/135,0.391792489846731,0.4131256934823645,3.030038669182343,2.839215748138981,PLAUR
P3,GO_Biological_Process_2026,gs_ind_0,Regulation of Cell Cycle (GO:0051726),5/300,0.005015894832428973,0.04907577346596421,5.237329577165333,27.73241136565404,STAT3;JUNB;EP400;JUN;CCNL1
P3,GO_Biological_Process_2026,gs_ind_0,Regulation of Cell Cycle Process (GO:0010564),1/153,0.43091468155808205,0.44724568521022195,2.6706153719416754,2.2482446333578854,CCNL1
P3,GO_Biological_Process_2026,gs_ind_0,Regulation of Cell Differentiation (GO:0045595),2/189,0.15285251307674944,0.202796417217769,3.6521827411167513,6.859828333919881,CHD4;RUNX1
P3,GO_Biological_Process_2026,gs_ind_0,Regulation of Cell Fate Commitment (GO:0010453),1/14,0.05014960504049533,0.12168831873681638,30.32328308207705,90.74984291620152,CHD4
P3,GO_Biological_Process_2026,gs_ind_0,Regulation of Cell Fate Specification (GO:0042659),1/16,0.0571075553965845,0.12694770040697703,26.40865618414654,75.60319879037347,CHD4
P3,GO_Biological_Process_2026,gs_ind_0,Regulation of Cell Growth (GO:0001558),2/203,0.17089585277063443,0.21662132220316543,3.3966696476930633,6.000899514303566,RTN4;SERTAD2
P3,GO_Biological_Process_2026,gs_ind_0,Regulation of Cell Junction Assembly (GO:1901888),1/36,0.12397052607037776,0.18251216338138948,11.52204685398825,24.054708967199332,PDLIM5
P3,GO_Biological_Process_2026,gs_ind_0,Regulation of Cell Killing (GO:0031341),1/8,0.02896931280161029,0.1023582385656897,54.59396984924623,193.34553720447744,ICAM1
P3,GO_Biological_Process_2026,gs_ind_0,Regulation of Cell Migration (GO:0030334),8/445,0.0002372785706872045,0.009189981564692883,5.614437065637065,46.85963966881223,CDH1;PECAM1;STAT3;SPAG9;RTN4;VCL;ITGA6;LAMC2
P3,GO_Biological_Process_2026,gs_ind_0,Regulation of Cell Motility (GO:2000145),1/114,0.3427746150393318,0.36956535047602473,3.593451840701304,3.8474447312642526,RTN4
P3,GO_Biological_Process_2026,gs_ind_0,Regulation of Cell Population Proliferation (GO:0042127),8/706,0.0044749797902476586,0.046940673424785334,3.482222523167405,18.836224174167636,IRS2;STAT3;JUNB;BTG2;RUNX1;LAMC2;JUN;FOSL1
P3,GO_Biological_Process_2026,gs_ind_0,Regulation of Cell-Cell Adhesion (GO:0022407),1/43,0.1462455860603604,0.19714766420720603,9.621814957138634,18.49763110790661,CDH1
P3,GO_Biological_Process_2026,gs_ind_0,Regulation of Cell-Matrix Adhesion (GO:0001952),1/67,0.21844434306696422,0.25848819443999177,6.1438394982430955,9.346156217905994,VCL
P3,GO_Biological_Process_2026,gs_ind_0,Regulation of Cell-Substrate Junction Assembly (GO:0090109),1/22,0.07768007418553498,0.14731418965128762,19.03459156246348,48.636360355386536,VCL
P3,GO_Biological_Process_2026,gs_ind_0,Regulation of Cellular Component Organization (GO:0051128),1/161,0.4474925332274017,0.4607617392228972,2.536749166392711,2.0397884039694127,CCNL1
P3,GO_Biological_Process_2026,gs_ind_0,Regulation of Cellular Extravasation (GO:0002691),1/8,0.02896931280161029,0.1023582385656897,54.59396984924623,193.34553720447744,ICAM1
P3,GO_Biological_Process_2026,gs_ind_0,Regulation of Cellular Response to Stress (GO:0080135),1/107,0.32558164117311317,0.3529324321983494,3.830632033406469,4.298513210159991,SLC38A2
P3,GO_Biological_Process_2026,gs_ind_0,Regulation of Centrosome Cycle (GO:0046605),1/28,0.09780812250653742,0.16252933888462573,14.878300593878484,34.58829438886499,CCNL1
P3,GO_Biological_Process_2026,gs_ind_0,Regulation of Chemokine Production (GO:0032642),1/36,0.12397052607037776,0.18251216338138948,11.52204685398825,24.054708967199332,EGR1
P3,GO_Biological_Process_2026,gs_ind_0,Regulation of Cold-Induced Thermogenesis (GO:0120161),1/142,0.40731337405009255,0.4277002791120367,2.879396984924623,2.5861949839942633,KDM6B
P3,GO_Biological_Process_2026,gs_ind_0,Regulation of Collagen Biosynthetic Process (GO:0032965),1/19,0.06744997582548398,0.13638981055474372,22.123726741817194,59.65373216204687,RUNX1
P3,GO_Biological_Process_2026,gs_ind_0,Regulation of Cytokine Production Involved in Inflammatory Response (GO:1900015),2/56,0.018032057697388037,0.09599680750051966,12.626787128021236,50.70417843849184,STAT3;ZFP36
P3,GO_Biological_Process_2026,gs_ind_0,Regulation of D-glucose Import Across Plasma Membrane (GO:0046324),1/32,0.11098459693722368,0.17300540110802515,12.987078248384782,28.550323385514286,IRS2
P3,GO_Biological_Process_2026,gs_ind_0,Regulation of DNA Binding (GO:0051101),2/24,0.003486817880202735,0.039013617837379486,30.62098138747885,173.27696042731014,PLAUR;JUN
P3,GO_Biological_Process_2026,gs_ind_0,Regulation of DNA Metabolic Process (GO:0051052),1/118,0.35240359928096315,0.37832667854576746,3.4706083609537046,3.6197687617748397,BAZ1A
P3,GO_Biological_Process_2026,gs_ind_0,Regulation of DNA Repair (GO:0006282),1/124,0.36658579687388354,0.3906369285206357,3.301263402030395,3.312892720260555,EP400
P3,GO_Biological_Process_2026,gs_ind_0,Regulation of DNA Replication (GO:0006275),1/71,0.2298752076552973,0.2676119469466871,5.794397519512456,8.519031546226,BAZ1A
P3,GO_Biological_Process_2026,gs_ind_0,Regulation of DNA-templated Transcription Elongation (GO:0032784),1/37,0.12718755619754754,0.18323014176098765,11.205961313416397,23.107728348226125,INTS6
P3,GO_Biological_Process_2026,gs_ind_0,Regulation of DNA-templated Transcription Initiation (GO:2000142),2/13,0.001011639008733172,0.018191437174898288,59.93489295961157,413.3220188529541,JUN;FOSL1
P3,GO_Biological_Process_2026,gs_ind_0,Regulation of Defense Response (GO:0031347),2/95,0.047702467201402705,0.12099844955116505,7.349412307608784,22.362587155527024,SBNO2;CASP4
P3,GO_Biological_Process_2026,gs_ind_0,Regulation of Dendritic Spine Maintenance (GO:1902950),1/9,0.032531551648223855,0.10591970634699878,48.16937629323086,165.00635843822025,HOMER1
P3,GO_Biological_Process_2026,gs_ind_0,Regulation of Dendritic Spine Morphogenesis (GO:0061001),1/33,0.11424883561195394,0.17458054242979912,12.587011982991882,27.305967256473732,PDLIM5
P3,GO_Biological_Process_2026,gs_ind_0,Regulation of Double-Strand Break Repair (GO:2000779),2/88,0.041572139051967806,0.11584749972295938,7.946216366890643,25.271551126563015,EP400;MRNIP
P3,GO_Biological_Process_2026,gs_ind_0,Regulation of Double-Strand Break Repair via Homologous Recombination (GO:0010569),3/78,0.0029833588256208735,0.035764789730954996,12.881473934454068,74.90197721239161,EP400;MRNIP;FUS
P3,GO_Biological_Process_2026,gs_ind_0,Regulation of Double-Strand Break Repair via Nonhomologous End Joining (GO:2001032),1/25,0.08779905814197392,0.15511166938415394,16.70197928417598,40.630980258906256,MRNIP
P3,GO_Biological_Process_2026,gs_ind_0,Regulation of ERK1 and ERK2 Cascade (GO:0070372),1/215,0.5475465279991143,0.5569488421162708,1.894331798854412,1.140970890706687,ICAM1
P3,GO_Biological_Process_2026,gs_ind_0,Regulation of Endothelial Cell Apoptotic Process (GO:2000351),1/45,0.15250625325948727,0.20260395386847452,9.18869629044097,17.27979985753456,ICAM1
P3,GO_Biological_Process_2026,gs_ind_0,Regulation of Endothelial Cell Development (GO:1901550),1/9,0.032531551648223855,0.10591970634699878,48.16937629323086,165.00635843822025,VCL
P3,GO_Biological_Process_2026,gs_ind_0,Regulation of Epidermal Cell Differentiation (GO:0045604),2/20,0.0024233666823696197,0.030890256318306417,37.24722184113047,224.32502568471043,ERRFI1;ZFP36
P3,GO_Biological_Process_2026,gs_ind_0,Regulation of Epidermal Growth Factor Receptor Signaling Pathway (GO:0042058),2/57,0.018643659746222566,0.09599680750051966,12.398820139936891,49.37519097169622,ERRFI1;PLAUR
P3,GO_Biological_Process_2026,gs_ind_0,Regulation of Epithelial Cell Apoptotic Process (GO:1904035),1/8,0.02896931280161029,0.1023582385656897,54.59396984924623,193.34553720447744,ZFP36
P3,GO_Biological_Process_2026,gs_ind_0,Regulation of Epithelial Cell Migration (GO:0010632),1/42,0.14309810434998382,0.19446665462946522,9.854029182054852,19.15844830527978,RTN4
P3,GO_Biological_Process_2026,gs_ind_0,Regulation of Epithelial Cell Proliferation (GO:0050678),1/90,0.2819513107385542,0.3151220531783841,4.561101597372336,5.774449857647963,ZFP36
P3,GO_Biological_Process_2026,gs_ind_0,Regulation of Erythrocyte Differentiation (GO:0045646),2/36,0.007734859472020119,0.06600850413834118,19.96137717943059,97.05257441117668,STAT3;ZFP36
P3,GO_Biological_Process_2026,gs_ind_0,Regulation of Establishment of Endothelial Barrier (GO:1903140),1/17,0.060567584183063565,0.13088317011232833,24.80721790772042,69.5593259790493,VCL
P3,GO_Biological_Process_2026,gs_ind_0,Regulation of Exocytosis (GO:0017157),1/45,0.15250625325948727,0.20260395386847452,9.18869629044097,17.27979985753456,ANXA2
P3,GO_Biological_Process_2026,gs_ind_0,Regulation of Extracellular Matrix Disassembly (GO:0010715),2/22,0.0029322720492415346,0.03557587895887019,33.610870372663115,196.01784692880852,STAT3;PLAUR
P3,GO_Biological_Process_2026,gs_ind_0,Regulation of Extracellular Matrix Organization (GO:1903053),1/24,0.08443833551787916,0.15348267845939406,17.41334331230621,43.0411486823959,RUNX1
P3,GO_Biological_Process_2026,gs_ind_0,Regulation of Extrinsic Apoptotic Signaling Pathway (GO:2001236),2/64,0.02316397380661601,0.09989003118681822,11.00730964467005,41.44424962462814,RIPK1;ITGA6
P3,GO_Biological_Process_2026,gs_ind_0,Regulation of Extrinsic Apoptotic Signaling Pathway via Death Domain Receptors (GO:1902041),1/31,0.10770844937287086,0.17027065701488375,13.413378367246066,29.88939646374393,ICAM1
P3,GO_Biological_Process_2026,gs_ind_0,Regulation of Fat Cell Differentiation (GO:0045598),1/72,0.23270696523856207,0.2702836378261038,5.71314615033208,8.329625840241883,ZFP36
P3,GO_Biological_Process_2026,gs_ind_0,Regulation of Fatty Acid Beta-Oxidation (GO:0031998),1/14,0.05014960504049533,0.12168831873681638,30.32328308207705,90.74984291620152,IRS2
P3,GO_Biological_Process_2026,gs_ind_0,Regulation of Feeding Behavior (GO:0060259),1/17,0.060567584183063565,0.13088317011232833,24.80721790772042,69.5593259790493,STAT3
P3,GO_Biological_Process_2026,gs_ind_0,Regulation of Ferroptosis (GO:0110075),1/30,0.10442034991225575,0.1671721659167592,13.868580189080998,31.333708986565636,SQSTM1
P3,GO_Biological_Process_2026,gs_ind_0,Regulation of Fibrinolysis (GO:0051917),1/17,0.060567584183063565,0.13088317011232833,24.80721790772042,69.5593259790493,PLAUR
P3,GO_Biological_Process_2026,gs_ind_0,Regulation of Focal Adhesion Assembly (GO:0051893),1/58,0.19210712382525622,0.23251427126446275,7.107843565654359,11.725824641202973,VCL
P3,GO_Biological_Process_2026,gs_ind_0,Regulation of GTPase Activity (GO:0043087),1/94,0.29246217540983005,0.324349571186893,4.365329320398786,5.3668228915658895,ITGA6
P3,GO_Biological_Process_2026,gs_ind_0,Regulation of Gene Expression (GO:0010468),10/934,0.002273121203071699,0.02985966109812631,3.2934840095736386,20.04612442498238,CHD4;SLC38A2;CDH1;FUS;STAT3;RIPK1;BAZ1A;KDM6B;EGR1;CCNL1
P3,GO_Biological_Process_2026,gs_ind_0,Regulation of Glucose Metabolic Process (GO:0010906),1/30,0.10442034991225575,0.1671721659167592,13.868580189080998,31.333708986565636,IRS2
P3,GO_Biological_Process_2026,gs_ind_0,Regulation of Glycogen Biosynthetic Process (GO:0005979),1/25,0.08779905814197392,0.15511166938415394,16.70197928417598,40.630980258906256,IRS2
P3,GO_Biological_Process_2026,gs_ind_0,Regulation of Granulocyte Differentiation (GO:0030852),1/10,0.036080852581350895,0.10910936501327433,43.0973287490082,143.16902243022955,RUNX1
P3,GO_Biological_Process_2026,gs_ind_0,Regulation of Hepatocyte Proliferation (GO:2000345),1/7,0.025394089358317242,0.09989003118681822,62.9953614224971,231.39700796830692,RTN4
P3,GO_Biological_Process_2026,gs_ind_0,Regulation of Heterochromatin Formation (GO:0031445),1/6,0.021805834468432178,0.09599680750051966,74.4518044769301,284.8211635890129,BAZ1A
P3,GO_Biological_Process_2026,gs_ind_0,Regulation of Hippo Signaling (GO:0035330),1/41,0.1399391354800803,0.19146563781038162,10.097710776102735,19.85762987649694,MAP2K3
P3,GO_Biological_Process_2026,gs_ind_0,Regulation of Homotypic Cell-Cell Adhesion (GO:0034110),2/12,0.000858052708375621,0.016942334849691182,65.64539521392314,463.51196245261565,PLAUR;JAK1
P3,GO_Biological_Process_2026,gs_ind_0,Regulation of Hormone Biosynthetic Process (GO:0046885),1/5,0.018204501114733745,0.09599680750051966,91.0,364.55386253468845,EGR1
P3,GO_Biological_Process_2026,gs_ind_0,Regulation of Immune Effector Process (GO:0002697),1/13,0.04665159224326654,0.11893203389612508,32.75035175879397,100.38140738175221,JUNB
P3,GO_Biological_Process_2026,gs_ind_0,Regulation of Inflammatory Response (GO:0050727),4/252,0.01399272205138314,0.09599680750051966,5.051563265603987,21.5662245085098,STAT3;SBNO2;CASP4;RIPK1
P3,GO_Biological_Process_2026,gs_ind_0,Regulation of Inflammatory Response to Wounding (GO:0106014),1/8,0.02896931280161029,0.1023582385656897,54.59396984924623,193.34553720447744,STAT3
P3,GO_Biological_Process_2026,gs_ind_0,Regulation of Insulin Secretion (GO:0050796),1/90,0.2819513107385542,0.3151220531783841,4.561101597372336,5.774449857647963,IRS2
P3,GO_Biological_Process_2026,gs_ind_0,Regulation of Interleukin-1 Beta Production (GO:0032651),2/67,0.025225535589331237,0.09989003118681822,10.50199558259387,38.64627758646783,STAT3;EGR1
P3,GO_Biological_Process_2026,gs_ind_0,Regulation of Interleukin-10 Production (GO:0032653),1/46,0.15561952100888302,0.20484817994241203,8.986415594455796,16.717799339197803,STAT3
P3,GO_Biological_Process_2026,gs_ind_0,Regulation of Interleukin-2 Production (GO:0032663),2/57,0.018643659746222566,0.09599680750051966,12.398820139936891,49.37519097169622,ZFP36;RUNX1
P3,GO_Biological_Process_2026,gs_ind_0,Regulation of Interleukin-6 Production (GO:0032675),1/101,0.3104909300170286,0.33948356843338523,4.060226505662642,4.748843312214204,STAT3
P3,GO_Biological_Process_2026,gs_ind_0,Regulation of Interleukin-6-Mediated Signaling Pathway (GO:0070103),1/5,0.018204501114733745,0.09599680750051966,91.0,364.55386253468845,RIPK1
P3,GO_Biological_Process_2026,gs_ind_0,Regulation of Interleukin-8 Production (GO:0032677),3/74,0.002569114414864458,0.031939484145290235,13.604124081047157,81.13763556109286,BCL3;RIPK1;STAT3
P3,GO_Biological_Process_2026,gs_ind_0,Regulation of Intracellular Signal Transduction (GO:1902531),3/321,0.1142427427591585,0.17458054242979912,3.0261482107635955,6.565016022712119,PECAM1;BCL3;SQSTM1
P3,GO_Biological_Process_2026,gs_ind_0,Regulation of Intracellular mRNA Localization (GO:1904580),1/7,0.025394089358317242,0.09989003118681822,62.9953614224971,231.39700796830692,ZFP36
P3,GO_Biological_Process_2026,gs_ind_0,Regulation of Intrinsic Apoptotic Signaling Pathway (GO:2001242),1/40,0.1367686379517141,0.18866577865393985,10.353730678710006,20.598380195399425,PLAUR
P3,GO_Biological_Process_2026,gs_ind_0,Regulation of JNK Cascade (GO:0046328),1/116,0.3476066941244921,0.37437426843140487,3.5309665209162695,3.7311145124347598,RIPK1
P3,GO_Biological_Process_2026,gs_ind_0,Regulation of Keratinocyte Apoptotic Process (GO:1902172),1/6,0.021805834468432178,0.09599680750051966,74.4518044769301,284.8211635890129,ZFP36
P3,GO_Biological_Process_2026,gs_ind_0,Regulation of Keratinocyte Differentiation (GO:0045616),2/29,0.00506840162905688,0.04907577346596421,25.04891555145362,132.37674976169106,ERRFI1;ZFP36
P3,GO_Biological_Process_2026,gs_ind_0,Regulation of Keratinocyte Proliferation (GO:0010837),1/29,0.10112025539501886,0.16423886642384514,14.355725998413119,32.89535401837941,ZFP36
P3,GO_Biological_Process_2026,gs_ind_0,Regulation of Ketone Biosynthetic Process (GO:0010566),1/9,0.032531551648223855,0.10591970634699878,48.16937629323086,165.00635843822025,EGR1
P3,GO_Biological_Process_2026,gs_ind_0,Regulation of Leukocyte Adhesion to Vascular Endothelial Cell (GO:1904994),1/13,0.04665159224326654,0.11893203389612508,32.75035175879397,100.38140738175221,NFAT5
P3,GO_Biological_Process_2026,gs_ind_0,Regulation of Leukocyte Differentiation (GO:1902105),1/7,0.025394089358317242,0.09989003118681822,62.9953614224971,231.39700796830692,IL13RA1
P3,GO_Biological_Process_2026,gs_ind_0,Regulation of Leukocyte Mediated Cytotoxicity (GO:0001910),1/10,0.036080852581350895,0.10910936501327433,43.0973287490082,143.16902243022955,ICAM1
P3,GO_Biological_Process_2026,gs_ind_0,Regulation of Lipid Metabolic Process (GO:0019216),2/55,0.017429205952379016,0.09599680750051966,12.863276246501258,52.09122609642645,IRS2;OPA3
P3,GO_Biological_Process_2026,gs_ind_0,Regulation of Long-Chain Fatty Acid Import Across Plasma Membrane (GO:0010746),1/6,0.021805834468432178,0.09599680750051966,74.4518044769301,284.8211635890129,IRS2
P3,GO_Biological_Process_2026,gs_ind_0,Regulation of Long-Term Synaptic Potentiation (GO:1900271),1/27,0.09448390777737954,0.16126321208783254,15.440314781454441,36.428732206490906,SQSTM1
P3,GO_Biological_Process_2026,gs_ind_0,Regulation of Low-Density Lipoprotein Particle Clearance (GO:0010988),1/12,0.043140826609840886,0.11584749972295938,35.59951933580948,111.89945212016866,ANXA2
P3,GO_Biological_Process_2026,gs_ind_0,Regulation of Low-Density Lipoprotein Particle Receptor Catabolic Process (GO:0032803),1/6,0.021805834468432178,0.09599680750051966,74.4518044769301,284.8211635890129,ANXA2
P3,GO_Biological_Process_2026,gs_ind_0,Regulation of MAPK Cascade (GO:0043408),1/266,0.6254839237159368,0.6298623111819482,1.527553019333958,0.7167731699914303,PECAM1
P3,GO_Biological_Process_2026,gs_ind_0,Regulation of Macromolecule Biosynthetic Process (GO:0010556),2/138,0.0913972515060394,0.1589586049509183,5.02621743738495,12.025425624406154,CDH1;KDM6B
P3,GO_Biological_Process_2026,gs_ind_0,Regulation of Macrophage Cytokine Production (GO:0010935),1/12,0.043140826609840886,0.11584749972295938,35.59951933580948,111.89945212016866,RTN4
P3,GO_Biological_Process_2026,gs_ind_0,Regulation of Macrophage Differentiation (GO:0045649),1/16,0.0571075553965845,0.12694770040697703,26.40865618414654,75.60319879037347,RIPK1
P3,GO_Biological_Process_2026,gs_ind_0,Regulation of Macrophage Migration (GO:1905521),1/11,0.03961726211805212,0.11206343526089461,38.99138549892319,125.88331156809635,RTN4
P3,GO_Biological_Process_2026,gs_ind_0,Regulation of Mammary Gland Epithelial Cell Proliferation (GO:0033599),1/7,0.025394089358317242,0.09989003118681822,62.9953614224971,231.39700796830692,RTN4
P3,GO_Biological_Process_2026,gs_ind_0,Regulation of Mast Cell Activation (GO:0033003),1/10,0.036080852581350895,0.10910936501327433,43.0973287490082,143.16902243022955,MILR1
P3,GO_Biological_Process_2026,gs_ind_0,Regulation of Microtubule-Based Process (GO:0032886),1/44,0.14938162196228383,0.1995056940530767,9.400277248310518,17.872286764451427,CCNL1
P3,GO_Biological_Process_2026,gs_ind_0,Regulation of Mitochondrion Organization (GO:0010821),1/32,0.11098459693722368,0.17300540110802515,12.987078248384782,28.550323385514286,SQSTM1
P3,GO_Biological_Process_2026,gs_ind_0,Regulation of Morphogenesis of a Branching Structure (GO:0060688),1/6,0.021805834468432178,0.09599680750051966,74.4518044769301,284.8211635890129,RTN4
P3,GO_Biological_Process_2026,gs_ind_0,Regulation of Necroptotic Process (GO:0060544),1/24,0.08443833551787916,0.15348267845939406,17.41334331230621,43.0411486823959,RIPK1
P3,GO_Biological_Process_2026,gs_ind_0,Regulation of Neuron Apoptotic Process (GO:0043523),3/127,0.011492337669238923,0.08509400024208526,7.797528575841829,34.824345526406056,STAT3;CASP4;EGR1
P3,GO_Biological_Process_2026,gs_ind_0,Regulation of Neuron Projection Development (GO:0010975),2/176,0.1364723542255761,0.18866577865393985,3.9261559495585647,7.819462608250782,PDLIM5;ITGA6
P3,GO_Biological_Process_2026,gs_ind_0,Regulation of Neurotransmitter Secretion (GO:0046928),1/44,0.14938162196228383,0.1995056940530767,9.400277248310518,17.872286764451427,SLC38A2
P3,GO_Biological_Process_2026,gs_ind_0,Regulation of Neutrophil Migration (GO:1902622),1/12,0.043140826609840886,0.11584749972295938,35.59951933580948,111.89945212016866,RTN4
P3,GO_Biological_Process_2026,gs_ind_0,Regulation of Non-Canonical NF-kappaB Signal Transduction (GO:1901222),1/73,0.23552841416211917,0.2726173713347747,5.634136198232542,8.146531160523915,BCL3
P3,GO_Biological_Process_2026,gs_ind_0,Regulation of Notch Signaling Pathway (GO:0008593),1/72,0.23270696523856207,0.2702836378261038,5.71314615033208,8.329625840241883,STAT3
P3,GO_Biological_Process_2026,gs_ind_0,"Regulation of Nuclear-Transcribed mRNA Catabolic Process, Deadenylation-Dependent Decay (GO:1900151)",1/22,0.07768007418553498,0.14731418965128762,19.03459156246348,48.636360355386536,ZFP36
P3,GO_Biological_Process_2026,gs_ind_0,Regulation of Nuclear-Transcribed mRNA poly(A) Tail Shortening (GO:0060211),2/15,0.00135532356897635,0.02201307796708362,51.05188945290468,337.1321310615674,ZFP36;BTG2
P3,GO_Biological_Process_2026,gs_ind_0,Regulation of Organelle Organization (GO:0033043),1/96,0.29766034184671536,0.32830664210256555,4.273593096371912,5.178749665642031,SQSTM1
P3,GO_Biological_Process_2026,gs_ind_0,Regulation of Ossification (GO:0030278),1/47,0.15872146612108,0.2078446246865118,8.792835143459232,16.18413103887907,SGMS2
P3,GO_Biological_Process_2026,gs_ind_0,Regulation of Phagocytosis (GO:0050764),1/54,0.18012145406991348,0.22282838359754653,7.640398252946978,13.096589333388202,STAT3
P3,GO_Biological_Process_2026,gs_ind_0,Regulation of Phosphatidylinositol 3-Kinase/Protein Kinase B Signal Transduction (GO:0051896),2/214,0.18531179521308005,0.22802808378576764,3.219528217378322,5.427208596288233,PECAM1;RTN4
P3,GO_Biological_Process_2026,gs_ind_0,Regulation of Plasma Membrane Bounded Cell Projection Organization (GO:0120035),1/31,0.10770844937287086,0.17027065701488375,13.413378367246066,29.88939646374393,HOMER1
P3,GO_Biological_Process_2026,gs_ind_0,Regulation of Plasma Membrane Repair (GO:1905684),1/6,0.021805834468432178,0.09599680750051966,74.4518044769301,284.8211635890129,ANXA2
P3,GO_Biological_Process_2026,gs_ind_0,Regulation of Plasminogen Activation (GO:0010755),3/17,3.135278356017479e-05,0.003946531630637002,67.2235190097259,697.1218413490981,PLAUR;RUNX1;ANXA2
P3,GO_Biological_Process_2026,gs_ind_0,Regulation of Post-Translational Protein Modification (GO:1901873),1/6,0.021805834468432178,0.09599680750051966,74.4518044769301,284.8211635890129,EGR1
P3,GO_Biological_Process_2026,gs_ind_0,Regulation of Postsynapse Organization (GO:0099175),2/36,0.007734859472020119,0.06600850413834118,19.96137717943059,97.05257441117668,PDLIM5;HOMER1
P3,GO_Biological_Process_2026,gs_ind_0,Regulation of Primary Metabolic Process (GO:0080090),4/104,0.0005912802506032605,0.012668493879946454,12.559353491609311,93.35644328364423,IRS2;FUS;OPA3;CCNL1
P3,GO_Biological_Process_2026,gs_ind_0,Regulation of Primary miRNA Processing (GO:2000634),1/5,0.018204501114733745,0.09599680750051966,91.0,364.55386253468845,STAT3
P3,GO_Biological_Process_2026,gs_ind_0,Regulation of Programmed Cell Death (GO:0043067),6/175,4.641487408588213e-05,0.004673977820448331,10.955986327667743,109.31763286005635,FBXL18;RTN4;RIPK1;EP400;BCL3;CCNL1
P3,GO_Biological_Process_2026,gs_ind_0,Regulation of Programmed Necrotic Cell Death (GO:0062098),1/16,0.0571075553965845,0.12694770040697703,26.40865618414654,75.60319879037347,RIPK1
P3,GO_Biological_Process_2026,gs_ind_0,Regulation of Protein Autophosphorylation (GO:0031952),1/8,0.02896931280161029,0.1023582385656897,54.59396984924623,193.34553720447744,ERRFI1
P3,GO_Biological_Process_2026,gs_ind_0,Regulation of Protein Catabolic Process (GO:0042176),1/158,0.4413326282741778,0.4553503654427224,2.5853553481694185,2.114708027562443,AZIN1
P3,GO_Biological_Process_2026,gs_ind_0,Regulation of Protein Import Into Nucleus (GO:0042306),1/42,0.14309810434998382,0.19446665462946522,9.854029182054852,19.15844830527978,CDH1
P3,GO_Biological_Process_2026,gs_ind_0,Regulation of Protein Kinase Activity (GO:0045859),2/51,0.015106734484467503,0.09599680750051966,13.904783879403169,58.297400489932905,MRNIP;MAP2K3
P3,GO_Biological_Process_2026,gs_ind_0,Regulation of Protein Localization (GO:0032880),1/104,0.3180776109586692,0.347025085845482,3.9421018134149004,4.515519416376505,CDH1
P3,GO_Biological_Process_2026,gs_ind_0,Regulation of Protein Localization to Cell-Cell Junction (GO:0150106),2/5,0.0001322061015675598,0.0070069233830806705,196.9869470630892,1759.3196723588437,PECAM1;VCL
P3,GO_Biological_Process_2026,gs_ind_0,Regulation of Protein Localization to Endoplasmic Reticulum (GO:1905550),1/5,0.018204501114733745,0.09599680750051966,91.0,364.55386253468845,RTN4
P3,GO_Biological_Process_2026,gs_ind_0,Regulation of Protein Localization to Membrane (GO:1905475),1/34,0.11750120825052357,0.1773968766241038,12.21083027075677,26.147132213032688,SLC5A3
P3,GO_Biological_Process_2026,gs_ind_0,Regulation of Protein Localization to Nucleus (GO:1900180),2/53,0.016250039071976873,0.09599680750051966,13.363806613769652,55.05433909717196,CTNNA1;JAK1
P3,GO_Biological_Process_2026,gs_ind_0,Regulation of Protein Localization to Plasma Membrane (GO:1903076),1/88,0.2766380581250635,0.31090906755796754,4.665699928212491,5.995635654658517,SQSTM1
P3,GO_Biological_Process_2026,gs_ind_0,Regulation of Protein Metabolic Process (GO:0051246),1/86,0.2712858857554616,0.3052345105650836,4.775191748214758,6.229629607934631,PLAUR
P3,GO_Biological_Process_2026,gs_ind_0,Regulation of Protein Modification by Small Protein Conjugation or Removal (GO:1903320),1/29,0.10112025539501886,0.16423886642384514,14.355725998413119,32.89535401837941,EGR1
P3,GO_Biological_Process_2026,gs_ind_0,Regulation of Protein Phosphorylation (GO:0001932),1/93,0.2898488274575872,0.3221608932116891,4.412685046855901,5.464650525257103,PLAUR
P3,GO_Biological_Process_2026,gs_ind_0,Regulation of Protein Polymerization (GO:0032271),1/37,0.12718755619754754,0.18323014176098765,11.205961313416397,23.107728348226125,PLEKHG2
P3,GO_Biological_Process_2026,gs_ind_0,Regulation of Protein Processing (GO:0070613),2/21,0.002672071389799249,0.03281434011619322,35.33580632565404,209.361165044795,PLAUR;RUNX1
P3,GO_Biological_Process_2026,gs_ind_0,Regulation of Protein Sumoylation (GO:0033233),1/17,0.060567584183063565,0.13088317011232833,24.80721790772042,69.5593259790493,EGR1
P3,GO_Biological_Process_2026,gs_ind_0,Regulation of Protein Ubiquitination (GO:0031396),1/111,0.33545998634018803,0.362066673359667,3.691420905432138,4.031964064801912,SQSTM1
P3,GO_Biological_Process_2026,gs_ind_0,Regulation of Proteolysis (GO:0030162),1/51,0.1710168333182885,0.21662132220316543,8.09517886462013,14.296031530903484,PLAUR
P3,GO_Biological_Process_2026,gs_ind_0,Regulation of RNA Biosynthetic Process (GO:2001141),3/373,0.15748282936675992,0.20703029918058385,2.5963874182497664,4.799263364594677,STAT3;BAZ1A;FUS
P3,GO_Biological_Process_2026,gs_ind_0,Regulation of RNA Splicing (GO:0043484),3/96,0.0053433280931247384,0.05124506085501535,10.394707253530783,54.384137294899745,SLC38A2;FUS;CCNL1
P3,GO_Biological_Process_2026,gs_ind_0,Regulation of Rac Protein Signal Transduction (GO:0035020),1/29,0.10112025539501886,0.16423886642384514,14.355725998413119,32.89535401837941,RTN4
P3,GO_Biological_Process_2026,gs_ind_0,Regulation of Ras Protein Signal Transduction (GO:0046578),1/41,0.1399391354800803,0.19146563781038162,10.097710776102735,19.85762987649694,SQSTM1
P3,GO_Biological_Process_2026,gs_ind_0,Regulation of Reactive Oxygen Species Biosynthetic Process (GO:1903426),1/26,0.09114756758275655,0.15879861687860874,16.046408513154006,38.435568598252985,SLC5A3
P3,GO_Biological_Process_2026,gs_ind_0,Regulation of Reactive Oxygen Species Metabolic Process (GO:2000377),1/55,0.18313427347949734,0.22572363940496185,7.499930846895025,12.731400062627513,RIPK1
P3,GO_Biological_Process_2026,gs_ind_0,Regulation of Receptor Internalization (GO:0002090),1/37,0.12718755619754754,0.18323014176098765,11.205961313416397,23.107728348226125,ANXA2
P3,GO_Biological_Process_2026,gs_ind_0,Regulation of Receptor Recycling (GO:0001919),1/17,0.060567584183063565,0.13088317011232833,24.80721790772042,69.5593259790493,ANXA2
P3,GO_Biological_Process_2026,gs_ind_0,Regulation of Receptor Signaling Pathway via JAK-STAT (GO:0046425),1/58,0.19210712382525622,0.23251427126446275,7.107843565654359,11.725824641202973,BCL3
P3,GO_Biological_Process_2026,gs_ind_0,Regulation of Release of Cytochrome C From Mitochondria (GO:0090199),1/38,0.13039289018139794,0.1846774126760446,10.906733668341708,22.219232230345032,PLAUR
P3,GO_Biological_Process_2026,gs_ind_0,Regulation of Response to External Stimulus (GO:0032101),2/124,0.07615774929350222,0.14719933500682675,5.603542940018647,14.428834159043355,SBNO2;CASP4
P3,GO_Biological_Process_2026,gs_ind_0,Regulation of Response to Stress (GO:0080134),1/16,0.0571075553965845,0.12694770040697703,26.40865618414654,75.60319879037347,SLC38A2
P3,GO_Biological_Process_2026,gs_ind_0,Regulation of Signal Transduction (GO:0009966),1/222,0.5591264861754149,0.5675810197365351,1.833989359892011,1.0662439256219776,HOMER1
P3,GO_Biological_Process_2026,gs_ind_0,Regulation of Small GTPase Mediated Signal Transduction (GO:0051056),1/161,0.4474925332274017,0.4607617392228972,2.536749166392711,2.0397884039694127,SQSTM1
P3,GO_Biological_Process_2026,gs_ind_0,Regulation of Sprouting Angiogenesis (GO:1903670),1/39,0.1335865701175638,0.1878794359055681,10.623050316517654,21.38425920263491,JAK1
P3,GO_Biological_Process_2026,gs_ind_0,Regulation of Stem Cell Differentiation (GO:2000736),1/49,0.16489155134789077,0.21342646813280977,8.429622338496607,15.194118496222861,CHD4
P3,GO_Biological_Process_2026,gs_ind_0,Regulation of Steroid Biosynthetic Process (GO:0050810),1/15,0.05363491085988955,0.1258982639531673,28.2309824987004,82.591294852792,EGR1
P3,GO_Biological_Process_2026,gs_ind_0,Regulation of Store-Operated Calcium Entry (GO:2001256),1/10,0.036080852581350895,0.10910936501327433,43.0973287490082,143.16902243022955,HOMER1
P3,GO_Biological_Process_2026,gs_ind_0,Regulation of Synapse Assembly (GO:0051963),1/84,0.265894511441762,0.2998384916258167,4.889928685342882,6.4774715260949085,PDLIM5
P3,GO_Biological_Process_2026,gs_ind_0,Regulation of Synapse Organization (GO:0050807),1/50,0.16795977255684102,0.21573404459788126,8.259022384650525,14.734350124773231,PDLIM5
P3,GO_Biological_Process_2026,gs_ind_0,"Regulation of Synaptic Transmission, Glutamatergic (GO:0051966)",2/51,0.015106734484467503,0.09599680750051966,13.904783879403169,58.297400489932905,HOMER1;SLC38A2
P3,GO_Biological_Process_2026,gs_ind_0,Regulation of T-helper 17 Cell Differentiation (GO:2000319),1/11,0.03961726211805212,0.11206343526089461,38.99138549892319,125.88331156809635,JUNB
P3,GO_Biological_Process_2026,gs_ind_0,Regulation of T-helper 17 Type Immune Response (GO:2000316),1/10,0.036080852581350895,0.10910936501327433,43.0973287490082,143.16902243022955,JUNB
P3,GO_Biological_Process_2026,gs_ind_0,Regulation of T-helper Cell Differentiation (GO:0045622),1/6,0.021805834468432178,0.09599680750051966,74.4518044769301,284.8211635890129,JUNB
P3,GO_Biological_Process_2026,gs_ind_0,Regulation of Tissue Remodeling (GO:0034103),1/21,0.07428244681570347,0.143850815275795,19.96384360828533,51.90360975057245,RUNX1
P3,GO_Biological_Process_2026,gs_ind_0,Regulation of Toll-Like Receptor 4 Signaling Pathway (GO:0034143),1/28,0.09780812250653742,0.16252933888462573,14.878300593878484,34.58829438886499,SQSTM1
P3,GO_Biological_Process_2026,gs_ind_0,Regulation of Toll-Like Receptor 9 Signaling Pathway (GO:0034163),1/15,0.05363491085988955,0.1258982639531673,28.2309824987004,82.591294852792,RTN4
P3,GO_Biological_Process_2026,gs_ind_0,Regulation of Transcription Elongation by RNA Polymerase II (GO:0034243),1/83,0.2631840348188177,0.297448174032042,4.949383280036546,6.606940349250194,INTS6
P3,GO_Biological_Process_2026,gs_ind_0,Regulation of Transcription Initiation by RNA Polymerase II (GO:0060260),2/66,0.024530267361035703,0.09989003118681822,10.665210718923385,39.54497512960282,TAF4B;TAF13
P3,GO_Biological_Process_2026,gs_ind_0,Regulation of Transcription by RNA Polymerase I (GO:0006356),1/31,0.10770844937287086,0.17027065701488375,13.413378367246066,29.88939646374393,SF3B1
P3,GO_Biological_Process_2026,gs_ind_0,Regulation of Transcription by RNA Polymerase III (GO:0006359),1/27,0.09448390777737954,0.16126321208783254,15.440314781454441,36.428732206490906,SF3B1
P3,GO_Biological_Process_2026,gs_ind_0,Regulation of Transferase Activity (GO:0051338),2/23,0.0032038827084998585,0.03795658691128656,32.046393578089955,184.05499596364183,POLG2;ZFP36
P3,GO_Biological_Process_2026,gs_ind_0,Regulation of Transforming Growth Factor Beta Receptor Signaling Pathway (GO:0017015),1/120,0.35716558398107345,0.38221651760780123,3.4122705578099706,3.5131228895667435,SKIL
P3,GO_Biological_Process_2026,gs_ind_0,Regulation of Translation (GO:0006417),3/193,0.03424074619414928,0.10910936501327433,5.08358570563295,17.153741175380915,BCL3;BTG2;LARP1B
P3,GO_Biological_Process_2026,gs_ind_0,Regulation of Tumor Necrosis Factor Production (GO:0032680),3/127,0.011492337669238923,0.08509400024208526,7.797528575841829,34.824345526406056,STAT3;RIPK1;ZFP36
P3,GO_Biological_Process_2026,gs_ind_0,Regulation of Tumor Necrosis Factor Superfamily Cytokine Production (GO:1903555),1/9,0.032531551648223855,0.10591970634699878,48.16937629323086,165.00635843822025,ZFP36
P3,GO_Biological_Process_2026,gs_ind_0,Regulation of Tumor Necrosis Factor-Mediated Signaling Pathway (GO:0010803),1/49,0.16489155134789077,0.21342646813280977,8.429622338496607,15.194118496222861,CASP4
P3,GO_Biological_Process_2026,gs_ind_0,Regulation of Type 2 Mitophagy (GO:1905089),1/7,0.025394089358317242,0.09989003118681822,62.9953614224971,231.39700796830692,HK2
P3,GO_Biological_Process_2026,gs_ind_0,Regulation of Type B Pancreatic Cell Apoptotic Process (GO:2000674),1/5,0.018204501114733745,0.09599680750051966,91.0,364.55386253468845,CAST
P3,GO_Biological_Process_2026,gs_ind_0,Regulation of Tyrosine Phosphorylation of STAT Protein (GO:0042509),1/32,0.11098459693722368,0.17300540110802515,12.987078248384782,28.550323385514286,IL13RA1
P3,GO_Biological_Process_2026,gs_ind_0,Regulation of Vacuole Organization (GO:0044088),1/18,0.06401504258973123,0.13401901847787806,23.388801148600145,64.28732849758696,ANXA2
P3,GO_Biological_Process_2026,gs_ind_0,Regulation of Vascular Associated Smooth Muscle Cell Proliferation (GO:1904705),1/40,0.1367686379517141,0.18866577865393985,10.353730678710006,20.598380195399425,JUN
P3,GO_Biological_Process_2026,gs_ind_0,Regulation of Vascular Endothelial Growth Factor Production (GO:0010574),1/28,0.09780812250653742,0.16252933888462573,14.878300593878484,34.58829438886499,STAT3
P3,GO_Biological_Process_2026,gs_ind_0,Regulation of Vasculogenesis (GO:2001212),1/18,0.06401504258973123,0.13401901847787806,23.388801148600145,64.28732849758696,RTN4
P3,GO_Biological_Process_2026,gs_ind_0,Regulation of Vesicle Fusion (GO:0031338),1/15,0.05363491085988955,0.1258982639531673,28.2309824987004,82.591294852792,ANXA2
P3,GO_Biological_Process_2026,gs_ind_0,Regulation of Viral Transcription (GO:0046782),1/19,0.06744997582548398,0.13638981055474372,22.123726741817194,59.65373216204687,ZFP36
P3,GO_Biological_Process_2026,gs_ind_0,Regulation of Wnt Signaling Pathway (GO:0030111),1/105,0.32058809356015355,0.3493855088907734,3.9042340891058163,4.441449584249801,CCNYL1
P3,GO_Biological_Process_2026,gs_ind_0,Regulation of mRNA 3'-End Processing (GO:0031440),1/14,0.05014960504049533,0.12168831873681638,30.32328308207705,90.74984291620152,CSTF3
P3,GO_Biological_Process_2026,gs_ind_0,Regulation of mRNA Catabolic Process (GO:0061013),1/52,0.17406277381902974,0.21855512872289645,7.937698199736547,13.877789521683125,ZFP36
P3,GO_Biological_Process_2026,gs_ind_0,Regulation of mRNA Processing (GO:0050684),2/42,0.010421411814037997,0.0801096312727959,17.000376010528296,77.58789300948246,CSTF3;CCNL1
P3,GO_Biological_Process_2026,gs_ind_0,"Regulation of mRNA Splicing, via Spliceosome (GO:0048024)",2/104,0.056032353567675816,0.12694770040697703,6.701869506004705,19.313621876767836,NUP98;CCNL1
P3,GO_Biological_Process_2026,gs_ind_0,Regulation of mRNA Stability (GO:0043488),2/85,0.039043681736093294,0.11206343526089461,8.23262105231162,26.699001057599013,ZFP36;FUS
P3,GO_Biological_Process_2026,gs_ind_0,Regulation of miRNA Transcription (GO:1902893),4/64,9.138917842644922e-05,0.006573493048245312,20.89388943604676,194.32118423743162,STAT3;EGR1;JUN;FOSL1
P3,GO_Biological_Process_2026,gs_ind_0,Regulation of miRNA-mediated Gene Silencing (GO:0060964),1/13,0.04665159224326654,0.11893203389612508,32.75035175879397,100.38140738175221,ZFP36
P3,GO_Biological_Process_2026,gs_ind_0,Response to Amyloid-Beta (GO:1904645),2/46,0.012409204536678386,0.0898997767513319,15.469970911994524,67.90260291624776,CASP4;ICAM1
P3,GO_Biological_Process_2026,gs_ind_0,Response to Calcium Ion (GO:0051592),1/96,0.29766034184671536,0.32830664210256555,4.273593096371912,5.178749665642031,HOMER1
P3,GO_Biological_Process_2026,gs_ind_0,Response to Cytokine (GO:0034097),2/133,0.08585613809033389,0.15494109508416887,5.218293412595781,12.81133925257108,NFAT5;RIPK1
P3,GO_Biological_Process_2026,gs_ind_0,Response to Endoplasmic Reticulum Stress (GO:0034976),2/126,0.07828102143445569,0.14817479057236255,5.513118463702526,14.044394115880209,CASP4;JUN
P3,GO_Biological_Process_2026,gs_ind_0,Response to Epidermal Growth Factor (GO:0070849),1/30,0.10442034991225575,0.1671721659167592,13.868580189080998,31.333708986565636,ZFP36
P3,GO_Biological_Process_2026,gs_ind_0,Response to Estradiol (GO:0032355),1/29,0.10112025539501886,0.16423886642384514,14.355725998413119,32.89535401837941,STAT3
P3,GO_Biological_Process_2026,gs_ind_0,Response to Estrogen (GO:0043627),1/32,0.11098459693722368,0.17300540110802515,12.987078248384782,28.550323385514286,ARID5A
P3,GO_Biological_Process_2026,gs_ind_0,Response to Fibroblast Growth Factor (GO:0071774),1/18,0.06401504258973123,0.13401901847787806,23.388801148600145,64.28732849758696,ZFP36
P3,GO_Biological_Process_2026,gs_ind_0,Response to Glucocorticoid (GO:0051384),1/28,0.09780812250653742,0.16252933888462573,14.878300593878484,34.58829438886499,ZFP36
P3,GO_Biological_Process_2026,gs_ind_0,Response to Glucose (GO:0009749),1/50,0.16795977255684102,0.21573404459788126,8.259022384650525,14.734350124773231,IRS2
P3,GO_Biological_Process_2026,gs_ind_0,Response to Granulocyte Macrophage Colony-Stimulating Factor (GO:0097012),1/6,0.021805834468432178,0.09599680750051966,74.4518044769301,284.8211635890129,ZFP36
P3,GO_Biological_Process_2026,gs_ind_0,Response to Hexose (GO:0009746),1/25,0.08779905814197392,0.15511166938415394,16.70197928417598,40.630980258906256,IRS2
P3,GO_Biological_Process_2026,gs_ind_0,Response to Hydrogen Peroxide (GO:0042542),1/40,0.1367686379517141,0.18866577865393985,10.353730678710006,20.598380195399425,RIPK1
P3,GO_Biological_Process_2026,gs_ind_0,Response to Indole-3-Methanol (GO:0071680),2/5,0.0001322061015675598,0.0070069233830806705,196.9869470630892,1759.3196723588437,CTNNA1;CDH1
P3,GO_Biological_Process_2026,gs_ind_0,Response to Insulin (GO:0032868),1/80,0.25499301809085445,0.2904728158568896,5.136721342561866,7.01942789910666,IRS2
P3,GO_Biological_Process_2026,gs_ind_0,Response to Interleukin-6 (GO:0070741),1/11,0.03961726211805212,0.11206343526089461,38.99138549892319,125.88331156809635,SBNO2
P3,GO_Biological_Process_2026,gs_ind_0,Response to Ionizing Radiation (GO:0010212),2/68,0.025928795219488817,0.10081195670280015,10.343689172169,37.779302158526356,MRNIP;NABP1
P3,GO_Biological_Process_2026,gs_ind_0,Response to Leptin (GO:0044321),1/9,0.032531551648223855,0.10591970634699878,48.16937629323086,165.00635843822025,STAT3
P3,GO_Biological_Process_2026,gs_ind_0,Response to Lipopolysaccharide (GO:0032496),2/144,0.09818100087156567,0.1628801777226798,4.813518567993588,11.171900089289768,SBNO2;ZFP36
P3,GO_Biological_Process_2026,gs_ind_0,Response to Lithium Ion (GO:0010226),1/6,0.021805834468432178,0.09599680750051966,74.4518044769301,284.8211635890129,CDH1
P3,GO_Biological_Process_2026,gs_ind_0,Response to Mitochondrial Depolarisation (GO:0098780),1/5,0.018204501114733745,0.09599680750051966,91.0,364.55386253468845,SQSTM1
P3,GO_Biological_Process_2026,gs_ind_0,Response to Peptide Hormone (GO:0043434),1/50,0.16795977255684102,0.21573404459788126,8.259022384650525,14.734350124773231,STAT3
P3,GO_Biological_Process_2026,gs_ind_0,Response to Steroid Hormone (GO:0048545),2/32,0.006147874877934131,0.05530199942726354,22.582591328950652,114.98262415798024,JUNB;JUN
P3,GO_Biological_Process_2026,gs_ind_0,Response to Tumor Necrosis Factor (GO:0034612),2/70,0.027359022238275892,0.1023582385656897,10.04094260624699,36.13442976017837,RIPK1;ZFP36
P3,GO_Biological_Process_2026,gs_ind_0,Response to UV (GO:0009411),1/94,0.29246217540983005,0.324349571186893,4.365329320398786,5.3668228915658895,BCL3
P3,GO_Biological_Process_2026,gs_ind_0,Response to UV-C (GO:0010225),1/7,0.025394089358317242,0.09989003118681822,62.9953614224971,231.39700796830692,BCL3
P3,GO_Biological_Process_2026,gs_ind_0,SCF-dependent Proteasomal Ubiquitin-Dependent Protein Catabolic Process (GO:0031146),2/77,0.032606860940982745,0.10591970634699878,9.107641106666218,31.177573530499068,LMO7;FBXL18
P3,GO_Biological_Process_2026,gs_ind_0,SMAD Protein Signal Transduction (GO:0060395),1/19,0.06744997582548398,0.13638981055474372,22.123726741817194,59.65373216204687,JUN
P3,GO_Biological_Process_2026,gs_ind_0,Sensory Perception of Light Stimulus (GO:0050953),1/128,0.3758693246490863,0.39884131709339293,3.1972214011232634,3.1285250606714254,OPA3
P3,GO_Biological_Process_2026,gs_ind_0,Serine Transport (GO:0032329),1/7,0.025394089358317242,0.09989003118681822,62.9953614224971,231.39700796830692,SLC38A2
P3,GO_Biological_Process_2026,gs_ind_0,Signal Transduction by P53 Class Mediator (GO:0072331),2/54,0.016835175836437618,0.09599680750051966,13.108774474256707,53.53996809232169,NDRG1;BCL3
P3,GO_Biological_Process_2026,gs_ind_0,Signal Transduction in Response to DNA Damage (GO:0042770),2/83,0.03739217545002293,0.11154328072893521,8.435271402323192,27.720780186823443,NDRG1;BCL3
P3,GO_Biological_Process_2026,gs_ind_0,Skeletal Muscle Organ Development (GO:0060538),1/37,0.12718755619754754,0.18323014176098765,11.205961313416397,23.107728348226125,SKIL
P3,GO_Biological_Process_2026,gs_ind_0,Skeletal Muscle Tissue Development (GO:0007519),1/44,0.14938162196228383,0.1995056940530767,9.400277248310518,17.872286764451427,SKIL
P3,GO_Biological_Process_2026,gs_ind_0,Skin Development (GO:0043588),2/67,0.025225535589331237,0.09989003118681822,10.50199558259387,38.64627758646783,ERRFI1;ITGA6
P3,GO_Biological_Process_2026,gs_ind_0,Skin Morphogenesis (GO:0043589),2/9,0.00047140202870182124,0.01186754607256835,91.91370558375634,704.0405343731263,ERRFI1;ITGA6
P3,GO_Biological_Process_2026,gs_ind_0,SnRNA 3'-End Processing (GO:0034472),1/21,0.07428244681570347,0.143850815275795,19.96384360828533,51.90360975057245,INTS6
P3,GO_Biological_Process_2026,gs_ind_0,SnRNA Metabolic Process (GO:0016073),1/26,0.09114756758275655,0.15879861687860874,16.046408513154006,38.435568598252985,INTS6
P3,GO_Biological_Process_2026,gs_ind_0,SnRNA Processing (GO:0016180),1/22,0.07768007418553498,0.14731418965128762,19.03459156246348,48.636360355386536,INTS6
P3,GO_Biological_Process_2026,gs_ind_0,Spermatid Development (GO:0007286),1/62,0.20391930381764029,0.24387973746361494,6.644564284838828,10.565062748652936,IQCN
P3,GO_Biological_Process_2026,gs_ind_0,Spermidine Metabolic Process (GO:0008216),1/9,0.032531551648223855,0.10591970634699878,48.16937629323086,165.00635843822025,SAT1
P3,GO_Biological_Process_2026,gs_ind_0,Sphingolipid Biosynthetic Process (GO:0030148),1/80,0.25499301809085445,0.2904728158568896,5.136721342561866,7.01942789910666,SGMS2
P3,GO_Biological_Process_2026,gs_ind_0,Sphingolipid Metabolic Process (GO:0006665),1/78,0.24948232449515884,0.28613747239934506,5.26967093532177,7.316238334127009,SGMS2
P3,GO_Biological_Process_2026,gs_ind_0,Sphingomyelin Biosynthetic Process (GO:0006686),1/11,0.03961726211805212,0.11206343526089461,38.99138549892319,125.88331156809635,SGMS2
P3,GO_Biological_Process_2026,gs_ind_0,Sphingomyelin Metabolic Process (GO:0006684),1/18,0.06401504258973123,0.13401901847787806,23.388801148600145,64.28732849758696,SGMS2
P3,GO_Biological_Process_2026,gs_ind_0,Spliceosomal Complex Assembly (GO:0000245),1/69,0.22418061724548724,0.26249986228628563,5.964017166122583,8.918014102728504,SF3B1
P3,GO_Biological_Process_2026,gs_ind_0,Spliceosomal Conformational Changes to Generate Catalytic Conformation (GO:0000393),1/36,0.12397052607037776,0.18251216338138948,11.52204685398825,24.054708967199332,SF3B1
P3,GO_Biological_Process_2026,gs_ind_0,Spliceosomal snRNP Assembly (GO:0000387),1/68,0.2213177094527477,0.26096830611114397,6.0525963149078725,9.12825951138168,SF3B1
P3,GO_Biological_Process_2026,gs_ind_0,Spliceosome Conformational Change to Release U4 (Or U4atac) and U1 (Or U11) (GO:0000388),1/33,0.11424883561195394,0.17458054242979912,12.587011982991882,27.305967256473732,SF3B1
P3,GO_Biological_Process_2026,gs_ind_0,Stress-activated Protein Kinase Signaling Cascade (GO:0031098),1/17,0.060567584183063565,0.13088317011232833,24.80721790772042,69.5593259790493,MAP2K3
P3,GO_Biological_Process_2026,gs_ind_0,Striated Muscle Cell Differentiation (GO:0051146),1/19,0.06744997582548398,0.13638981055474372,22.123726741817194,59.65373216204687,KDM6B
P3,GO_Biological_Process_2026,gs_ind_0,Striated Muscle Tissue Development (GO:0014706),1/40,0.1367686379517141,0.18866577865393985,10.353730678710006,20.598380195399425,SKIL
P3,GO_Biological_Process_2026,gs_ind_0,Supramolecular Fiber Organization (GO:0097435),2/298,0.2986080907954911,0.3289916273862796,2.3002285547975108,2.7801098231547727,RIPK1;FUS
P3,GO_Biological_Process_2026,gs_ind_0,Synapse Assembly (GO:0007416),1/89,0.27929953184328316,0.31320114539664384,4.612809811770718,5.883502754967439,CDH1
P3,GO_Biological_Process_2026,gs_ind_0,Synapse Organization (GO:0050808),2/161,0.11811977005345324,0.17806378509555001,4.297773817290708,9.180286274651898,CDH1;CAST
P3,GO_Biological_Process_2026,gs_ind_0,T Cell Act via T Cell Rec Contact With Antigen Bound to MHC Mol on Antigen Presenting Cell (GO:0002291),1/6,0.021805834468432178,0.09599680750051966,74.4518044769301,284.8211635890129,ICAM1
P3,GO_Biological_Process_2026,gs_ind_0,T Cell Activation (GO:0042110),1/98,0.3028206973137532,0.3325413764394215,4.185620409741013,5.000202442333122,PECAM1
P3,GO_Biological_Process_2026,gs_ind_0,T Cell Activation Involved in Immune Response (GO:0002286),1/19,0.06744997582548398,0.13638981055474372,22.123726741817194,59.65373216204687,ICAM1
P3,GO_Biological_Process_2026,gs_ind_0,T Cell Apoptotic Process (GO:0070231),1/7,0.025394089358317242,0.09989003118681822,62.9953614224971,231.39700796830692,RIPK1
P3,GO_Biological_Process_2026,gs_ind_0,T-helper 17 Cell Differentiation (GO:0072539),2/24,0.003486817880202735,0.039013617837379486,30.62098138747885,173.27696042731014,STAT3;JAK1
P3,GO_Biological_Process_2026,gs_ind_0,T-helper 17 Cell Lineage Commitment (GO:0072540),2/9,0.00047140202870182124,0.01186754607256835,91.91370558375634,704.0405343731263,STAT3;JAK1
P3,GO_Biological_Process_2026,gs_ind_0,T-helper 17 Type Immune Response (GO:0072538),1/27,0.09448390777737954,0.16126321208783254,15.440314781454441,36.428732206490906,STAT3
P3,GO_Biological_Process_2026,gs_ind_0,T-helper Cell Lineage Commitment (GO:0002295),2/12,0.000858052708375621,0.016942334849691182,65.64539521392314,463.51196245261565,STAT3;JAK1
P3,GO_Biological_Process_2026,gs_ind_0,Telomere Localization (GO:0034397),1/4,0.014590042112100507,0.09599680750051966,117.0043072505384,494.6258840598229,NUP98
P3,GO_Biological_Process_2026,gs_ind_0,Tight Junction Assembly (GO:0120192),1/38,0.13039289018139794,0.1846774126760446,10.906733668341708,22.219232230345032,PECAM1
P3,GO_Biological_Process_2026,gs_ind_0,Transcription Initiation at RNA Polymerase II Promoter (GO:0006367),3/140,0.014913177158007607,0.09599680750051966,7.056913752913753,29.677921948650262,TAF4B;INTS6;TAF13
P3,GO_Biological_Process_2026,gs_ind_0,Transcription Initiation-Coupled Chromatin Remodeling (GO:0045815),1/48,0.16181212936089961,0.21106841226220974,8.607405448294102,15.67683376936233,EGR1
P3,GO_Biological_Process_2026,gs_ind_0,Transcription Preinitiation Complex Assembly (GO:0070897),1/52,0.17406277381902974,0.21855512872289645,7.937698199736547,13.877789521683125,TAF13
P3,GO_Biological_Process_2026,gs_ind_0,Transcription by RNA Polymerase II (GO:0006366),3/192,0.033795934237112815,0.10907854415632244,5.110601447804614,17.311726841017435,TAF4B;NFAT5;TAF13
P3,GO_Biological_Process_2026,gs_ind_0,Transcription-dependent Tethering of RNA Polymerase II Gene DNA at Nuclear Periphery (GO:0000972),1/7,0.025394089358317242,0.09989003118681822,62.9953614224971,231.39700796830692,NUP98
P3,GO_Biological_Process_2026,gs_ind_0,Transforming Growth Factor Beta Receptor Signaling Pathway (GO:0007179),2/76,0.031834636023369944,0.10591970634699878,9.23023200354308,31.81845944363715,STAT3;JUN
P3,GO_Biological_Process_2026,gs_ind_0,Transforming Growth Factor Beta Receptor Superfamily Signaling Pathway (GO:0141091),2/115,0.06684306461942961,0.13638981055474372,6.04988930879492,16.367417278818554,STAT3;JUN
P3,GO_Biological_Process_2026,gs_ind_0,Transforming Growth Factor Beta1 Production (GO:0032905),1/5,0.018204501114733745,0.09599680750051966,91.0,364.55386253468845,JUN
P3,GO_Biological_Process_2026,gs_ind_0,Transport Across Blood-Brain Barrier (GO:0150104),2/85,0.039043681736093294,0.11206343526089461,8.23262105231162,26.699001057599013,SLC38A2;SLC5A3
P3,GO_Biological_Process_2026,gs_ind_0,Tumor Necrosis Factor-Mediated Signaling Pathway (GO:0033209),1/40,0.1367686379517141,0.18866577865393985,10.353730678710006,20.598380195399425,RIPK1
P3,GO_Biological_Process_2026,gs_ind_0,Type I Interferon-Mediated Signaling Pathway (GO:0060337),1/28,0.09780812250653742,0.16252933888462573,14.878300593878484,34.58829438886499,JAK1
P3,GO_Biological_Process_2026,gs_ind_0,Type II Interferon-Mediated Signaling Pathway (GO:0060333),1/11,0.03961726211805212,0.11206343526089461,38.99138549892319,125.88331156809635,JAK1
P3,GO_Biological_Process_2026,gs_ind_0,U2-type Prespliceosome Assembly (GO:1903241),1/25,0.08779905814197392,0.15511166938415394,16.70197928417598,40.630980258906256,SF3B1
P3,GO_Biological_Process_2026,gs_ind_0,Ubiquitin-dependent Protein Catabolic Process (GO:0006511),3/456,0.2345927526258171,0.27216002522373023,2.1146241483617447,3.0660025096507253,ARIH1;SQSTM1;RNF19A
P3,GO_Biological_Process_2026,gs_ind_0,Vascular Transport (GO:0010232),2/83,0.03739217545002293,0.11154328072893521,8.435271402323192,27.720780186823443,SLC38A2;SLC5A3
P3,GO_Biological_Process_2026,gs_ind_0,Vasculature Development (GO:0001944),1/19,0.06744997582548398,0.13638981055474372,22.123726741817194,59.65373216204687,ERRFI1
P3,GO_Biological_Process_2026,gs_ind_0,Vasculogenesis (GO:0001570),1/33,0.11424883561195394,0.17458054242979912,12.587011982991882,27.305967256473732,RTN4
P3,GO_Biological_Process_2026,gs_ind_0,Vasodilation (GO:0042311),1/24,0.08443833551787916,0.15348267845939406,17.41334331230621,43.0411486823959,PECAM1
P3,GO_Biological_Process_2026,gs_ind_0,Vesicle Cytoskeletal Trafficking (GO:0099518),1/24,0.08443833551787916,0.15348267845939406,17.41334331230621,43.0411486823959,BICDL2
P3,GO_Biological_Process_2026,gs_ind_0,Vesicle Organization (GO:0016050),1/60,0.19803474382044972,0.23797253821860725,6.868417718846333,11.122116658096216,SQSTM1
P3,GO_Biological_Process_2026,gs_ind_0,Vesicle Transport Along Microtubule (GO:0047496),1/24,0.08443833551787916,0.15348267845939406,17.41334331230621,43.0411486823959,BICDL2
P3,GO_Biological_Process_2026,gs_ind_0,Visual Perception (GO:0007601),1/128,0.3758693246490863,0.39884131709339293,3.1972214011232634,3.1285250606714254,OPA3
P3,GO_Biological_Process_2026,gs_ind_0,Zymogen Activation (GO:0031638),1/36,0.12397052607037776,0.18251216338138948,11.52204685398825,24.054708967199332,PLAUR
