Program,Library,Gene_set,Term,Overlap,P-value,Adjusted P-value,Odds Ratio,Combined Score,Genes
P4,GO_Biological_Process_2026,gs_ind_0,Acetylcholine Receptor Signaling Pathway (GO:0095500),1/36,0.12397052607037776,0.18666523215400585,11.52204685398825,24.054708967199332,PLCB1
P4,GO_Biological_Process_2026,gs_ind_0,Acidic Amino Acid Transport (GO:0015800),1/24,0.08443833551787916,0.16364438101435128,17.41334331230621,43.0411486823959,SLC1A3
P4,GO_Biological_Process_2026,gs_ind_0,Actin Filament Organization (GO:0007015),2/168,0.12660428441173513,0.18666523215400585,4.116019572872364,8.506532077574791,ELMO1;FHOD3
P4,GO_Biological_Process_2026,gs_ind_0,Actin Filament Polymerization (GO:0030041),1/28,0.09780812250653742,0.17027248966109299,14.878300593878484,34.58829438886499,DIAPH3
P4,GO_Biological_Process_2026,gs_ind_0,Actin Polymerization or Depolymerization (GO:0008154),1/51,0.1710168333182885,0.22318311916501823,8.09517886462013,14.296031530903484,DIAPH3
P4,GO_Biological_Process_2026,gs_ind_0,Action Potential (GO:0001508),1/69,0.22418061724548724,0.2654462400021631,5.964017166122583,8.918014102728504,ANK3
P4,GO_Biological_Process_2026,gs_ind_0,Actomyosin Structure Organization (GO:0031032),1/88,0.2766380581250635,0.3109178670624939,4.665699928212491,5.995635654658517,FHOD3
P4,GO_Biological_Process_2026,gs_ind_0,Acute Inflammatory Response (GO:0002526),1/26,0.09114756758275655,0.16906103026085928,16.046408513154006,38.435568598252985,ANO6
P4,GO_Biological_Process_2026,gs_ind_0,Adenylate Cyclase-Activating G Protein-Coupled Receptor Signaling Pathway (GO:0007189),1/143,0.4094983938692628,0.4269138428039326,2.859084898175086,2.552654748599491,ABCA1
P4,GO_Biological_Process_2026,gs_ind_0,Adenylate Cyclase-Modulating G Protein-Coupled Receptor Signaling Pathway (GO:0007188),1/211,0.5407947414030133,0.5486586470386277,1.9306150706024183,1.1867789660321344,ABCA1
P4,GO_Biological_Process_2026,gs_ind_0,Adherens Junction Maintenance (GO:0034334),1/8,0.02896931280161029,0.11626179960646253,54.59396984924623,193.34553720447744,PLEKHA7
P4,GO_Biological_Process_2026,gs_ind_0,Adherens Junction Organization (GO:0034332),1/39,0.1335865701175638,0.1920174629106662,10.623050316517654,21.38425920263491,CDH13
P4,GO_Biological_Process_2026,gs_ind_0,Amino Acid Import Across Plasma Membrane (GO:0089718),1/36,0.12397052607037776,0.18666523215400585,11.52204685398825,24.054708967199332,SLC1A3
P4,GO_Biological_Process_2026,gs_ind_0,Amino Acid Transport (GO:0006865),1/51,0.1710168333182885,0.22318311916501823,8.09517886462013,14.296031530903484,SLC1A3
P4,GO_Biological_Process_2026,gs_ind_0,Anterograde Trans-Synaptic Signaling (GO:0098916),2/168,0.12660428441173513,0.18666523215400585,4.116019572872364,8.506532077574791,GRIK4;SLC1A3
P4,GO_Biological_Process_2026,gs_ind_0,Antigen Receptor-Mediated Signaling Pathway (GO:0050851),1/98,0.3028206973137532,0.33131287390057196,4.185620409741013,5.000202442333122,VAV3
P4,GO_Biological_Process_2026,gs_ind_0,Aortic Valve Development (GO:0003176),1/40,0.1367686379517141,0.19526296593513326,10.353730678710006,20.598380195399425,SLIT3
P4,GO_Biological_Process_2026,gs_ind_0,Aortic Valve Morphogenesis (GO:0003180),1/37,0.12718755619754754,0.18666523215400585,11.205961313416397,23.107728348226125,SLIT3
P4,GO_Biological_Process_2026,gs_ind_0,Apoptotic Process (GO:0006915),2/242,0.22268562860313323,0.26506019047643287,2.8417425625547454,4.268280958650389,ELMO1;EFNA5
P4,GO_Biological_Process_2026,gs_ind_0,Astrocyte Development (GO:0014002),1/16,0.0571075553965845,0.14387931317972816,26.40865618414654,75.60319879037347,CDK6
P4,GO_Biological_Process_2026,gs_ind_0,Astrocyte Differentiation (GO:0048708),1/6,0.021805834468432178,0.11173950205010161,74.4518044769301,284.8211635890129,CDK6
P4,GO_Biological_Process_2026,gs_ind_0,Atrioventricular Valve Development (GO:0003171),1/14,0.05014960504049533,0.13909997483709255,30.32328308207705,90.74984291620152,SLIT3
P4,GO_Biological_Process_2026,gs_ind_0,Atrioventricular Valve Morphogenesis (GO:0003181),1/21,0.07428244681570347,0.15704936890872503,19.96384360828533,51.90360975057245,SLIT3
P4,GO_Biological_Process_2026,gs_ind_0,Axon Development (GO:0061564),3/107,0.0072110476703586696,0.07786214567875373,9.296748865169917,45.85287652616959,SEMA5A;ANK3;EFNA5
P4,GO_Biological_Process_2026,gs_ind_0,Axon Extension (GO:0048675),2/23,0.0032038827084998585,0.05287226206307886,32.046393578089955,184.05499596364183,SEMA5A;SLIT3
P4,GO_Biological_Process_2026,gs_ind_0,Axon Extension Involved in Axon Guidance (GO:0048846),1/8,0.02896931280161029,0.11626179960646253,54.59396984924623,193.34553720447744,SLIT3
P4,GO_Biological_Process_2026,gs_ind_0,Axon Guidance (GO:0007411),7/152,1.5107321739990846e-06,0.0013702340818171697,14.89745851480236,199.66938719108558,SLIT3;BOC;NFIB;EFNA5;SEMA5A;TENM2;KALRN
P4,GO_Biological_Process_2026,gs_ind_0,Axonal Fasciculation (GO:0007413),2/15,0.00135532356897635,0.039654144421340305,51.05188945290468,337.1321310615674,SEMA5A;EFNA5
P4,GO_Biological_Process_2026,gs_ind_0,Axonogenesis (GO:0007409),7/205,1.0860820639565955e-05,0.0032835881066954403,10.898382251916109,124.57230919795975,SLIT3;BOC;EFNA5;SEMA5A;ANK3;TENM2;KALRN
P4,GO_Biological_Process_2026,gs_ind_0,B Cell Activation (GO:0042113),1/82,0.26046365097100105,0.2967845872244949,5.010296883188951,6.740312129922902,HDAC4
P4,GO_Biological_Process_2026,gs_ind_0,B Cell Differentiation (GO:0030183),1/52,0.17406277381902974,0.22457316622170692,7.937698199736547,13.877789521683125,HDAC4
P4,GO_Biological_Process_2026,gs_ind_0,B Cell Receptor Signaling Pathway (GO:0050853),1/31,0.10770844937287086,0.17633856242092757,13.413378367246066,29.88939646374393,VAV3
P4,GO_Biological_Process_2026,gs_ind_0,BMP Signaling Pathway (GO:0030509),1/51,0.1710168333182885,0.22318311916501823,8.09517886462013,14.296031530903484,TGFBR3
P4,GO_Biological_Process_2026,gs_ind_0,Basement Membrane Assembly (GO:0070831),1/5,0.018204501114733745,0.10862817441489149,91.0,364.55386253468845,PXDN
P4,GO_Biological_Process_2026,gs_ind_0,Basement Membrane Organization (GO:0071711),1/18,0.06401504258973123,0.14625099150852952,23.388801148600145,64.28732849758696,PXDN
P4,GO_Biological_Process_2026,gs_ind_0,Bleb Assembly (GO:0032060),2/7,0.0002763051291217819,0.01566304700709101,125.3461005999077,1027.0865452902929,P2RX7;ANO6
P4,GO_Biological_Process_2026,gs_ind_0,Blood Circulation (GO:0008015),1/44,0.14938162196228383,0.20559807453686105,9.400277248310518,17.872286764451427,AVPR1A
P4,GO_Biological_Process_2026,gs_ind_0,Blood Vessel Endothelial Cell Proliferation Involved in Sprouting Angiogenesis (GO:0002043),1/6,0.021805834468432178,0.11173950205010161,74.4518044769301,284.8211635890129,SEMA5A
P4,GO_Biological_Process_2026,gs_ind_0,Brain Development (GO:0007420),1/155,0.43510474089023493,0.44998859747713005,2.635849148655901,2.193470614396082,NFIB
P4,GO_Biological_Process_2026,gs_ind_0,Calcium Ion Transmembrane Transport (GO:0070588),2/92,0.045036475505884827,0.13475475848612342,7.5938805844574695,23.54317546844409,P2RX7;ANO6
P4,GO_Biological_Process_2026,gs_ind_0,Calcium Ion Transport (GO:0006816),2/143,0.09704055972792942,0.17027248966109299,4.847715736040609,11.307908960734725,P2RX7;ANO6
P4,GO_Biological_Process_2026,gs_ind_0,Calcium-dependent Cell-Cell Adhesion (GO:0016339),1/43,0.1462455860603604,0.20313131172549292,9.621814957138634,18.49763110790661,CDH13
P4,GO_Biological_Process_2026,gs_ind_0,Calcium-mediated Signaling (GO:0019722),1/91,0.28459342977031415,0.31788945911536326,4.510536105944085,5.668362215187675,P2RX7
P4,GO_Biological_Process_2026,gs_ind_0,Camera-type Eye Development (GO:0043010),1/37,0.12718755619754754,0.18666523215400585,11.205961313416397,23.107728348226125,DTNB
P4,GO_Biological_Process_2026,gs_ind_0,Cardiac Epithelial to Mesenchymal Transition (GO:0060317),1/20,0.07087242893827944,0.15378299772014223,20.98840355624275,55.55365534242182,TGFBR3
P4,GO_Biological_Process_2026,gs_ind_0,Cardiac Muscle Cell Development (GO:0055013),1/25,0.08779905814197392,0.16624999109555394,16.70197928417598,40.630980258906256,FHOD3
P4,GO_Biological_Process_2026,gs_ind_0,Cardiac Muscle Cell Proliferation (GO:0060038),1/5,0.018204501114733745,0.10862817441489149,91.0,364.55386253468845,TGFBR3
P4,GO_Biological_Process_2026,gs_ind_0,Cardiac Muscle Hypertrophy (GO:0003300),1/8,0.02896931280161029,0.11626179960646253,54.59396984924623,193.34553720447744,HDAC4
P4,GO_Biological_Process_2026,gs_ind_0,Cardiac Muscle Tissue Morphogenesis (GO:0055008),1/31,0.10770844937287086,0.17633856242092757,13.413378367246066,29.88939646374393,TGFBR3
P4,GO_Biological_Process_2026,gs_ind_0,Cardiac Myofibril Assembly (GO:0055003),1/15,0.05363491085988955,0.14100540333310094,28.2309824987004,82.591294852792,FHOD3
P4,GO_Biological_Process_2026,gs_ind_0,Cardiac Ventricle Morphogenesis (GO:0003208),1/42,0.14309810434998382,0.20029318000838786,9.854029182054852,19.15844830527978,TGFBR3
P4,GO_Biological_Process_2026,gs_ind_0,Cartilage Development (GO:0051216),1/60,0.19803474382044972,0.2447105076909372,6.868417718846333,11.122116658096216,NFIB
P4,GO_Biological_Process_2026,gs_ind_0,Cell Chemotaxis (GO:0060326),1/71,0.2298752076552973,0.2697242087236153,5.794397519512456,8.519031546226,SEMA5A
P4,GO_Biological_Process_2026,gs_ind_0,Cell Cycle G1/S Phase Transition (GO:0044843),1/65,0.21266608310352175,0.25650018267938063,6.334813602898212,9.80649435082848,CDK6
P4,GO_Biological_Process_2026,gs_ind_0,Cell Cycle G2/M Phase Transition (GO:0044839),2/47,0.012930045847825955,0.10085889623681607,15.129413733474648,65.7857401005744,CDK6;PLCB1
P4,GO_Biological_Process_2026,gs_ind_0,Cell Junction Assembly (GO:0034329),2/105,0.05698742040424429,0.14387931317972816,6.6368719193702645,19.014138492752263,TLN2;CDH13
P4,GO_Biological_Process_2026,gs_ind_0,Cell Junction Organization (GO:0034330),2/76,0.031834636023369944,0.11802446937975614,9.23023200354308,31.81845944363715,CTNND2;APBB2
P4,GO_Biological_Process_2026,gs_ind_0,Cell Morphogenesis Involved in Neuron Differentiation (GO:0048667),1/87,0.2739668544992329,0.3089301282282623,4.71981293751997,6.110969063971938,ANK3
P4,GO_Biological_Process_2026,gs_ind_0,Cell Surface Receptor Protein Tyrosine Kinase Signaling Pathway (GO:0007169),5/283,0.003925472745072939,0.055631309059080564,5.560538411648039,30.806875751690608,EFNA5;FGFR1;PLCB1;ROR1;KALRN
P4,GO_Biological_Process_2026,gs_ind_0,Cell-cell Adhesion Mediated by Cadherin (GO:0044331),2/37,0.00815744149226313,0.0813054882800292,19.398369914921,93.2833604212486,CDH13;PLEKHA7
P4,GO_Biological_Process_2026,gs_ind_0,Cell-cell Junction Assembly (GO:0007043),2/72,0.0288204192434945,0.11626179960646253,9.755373150448213,34.599100427774125,TLN2;CDH13
P4,GO_Biological_Process_2026,gs_ind_0,Cell-cell Junction Organization (GO:0045216),2/70,0.027359022238275892,0.11626179960646253,10.04094260624699,36.13442976017837,TLN2;CDH13
P4,GO_Biological_Process_2026,gs_ind_0,Cell-matrix Adhesion (GO:0007160),2/114,0.06583333506034157,0.14965121528754338,6.1038917089678515,16.606424534274257,PTPRK;DLC1
P4,GO_Biological_Process_2026,gs_ind_0,Cell-substrate Junction Assembly (GO:0007044),2/31,0.005777366093801807,0.0671803980394646,23.348963262496774,120.33605948747785,PTPRK;DLC1
P4,GO_Biological_Process_2026,gs_ind_0,Cellular Component Assembly (GO:0022607),2/349,0.3668674260598714,0.38736758490838574,1.9589161158382937,1.9643124068702265,MAGI1;ANK3
P4,GO_Biological_Process_2026,gs_ind_0,Cellular Response to ATP (GO:0071318),1/14,0.05014960504049533,0.13909997483709255,30.32328308207705,90.74984291620152,P2RX7
P4,GO_Biological_Process_2026,gs_ind_0,Cellular Response to BMP Stimulus (GO:0071773),1/58,0.19210712382525622,0.23967147360317384,7.107843565654359,11.725824641202973,TGFBR3
P4,GO_Biological_Process_2026,gs_ind_0,Cellular Response to Estradiol Stimulus (GO:0071392),1/18,0.06401504258973123,0.14625099150852952,23.388801148600145,64.28732849758696,ESR1
P4,GO_Biological_Process_2026,gs_ind_0,Cellular Response to Estrogen Stimulus (GO:0071391),1/16,0.0571075553965845,0.14387931317972816,26.40865618414654,75.60319879037347,ESR1
P4,GO_Biological_Process_2026,gs_ind_0,Cellular Response to Fibroblast Growth Factor Stimulus (GO:0044344),1/53,0.17709763410262688,0.22719597472571793,7.7862167982771,13.478362460655353,FGFR1
P4,GO_Biological_Process_2026,gs_ind_0,Cellular Response to Growth Factor Stimulus (GO:0071363),1/147,0.41815900965645764,0.43444469846323835,2.780609532303154,2.424395413169346,FGFR1
P4,GO_Biological_Process_2026,gs_ind_0,Cellular Response to Hormone Stimulus (GO:0032870),3/83,0.0035559073713867808,0.05287226206307886,12.079152731326644,68.11609385243901,ESR1;AVPR1A;SLIT3
P4,GO_Biological_Process_2026,gs_ind_0,Cellular Response to Interleukin-1 (GO:0071347),1/54,0.18012145406991348,0.22880974627648673,7.640398252946978,13.096589333388202,PLCB1
P4,GO_Biological_Process_2026,gs_ind_0,Cellular Response to Interleukin-12 (GO:0071349),1/11,0.03961726211805212,0.12787493502161307,38.99138549892319,125.88331156809635,PLCB1
P4,GO_Biological_Process_2026,gs_ind_0,Cellular Response to Interleukin-15 (GO:0071350),1/10,0.036080852581350895,0.12210945257942263,43.0973287490082,143.16902243022955,PLCB1
P4,GO_Biological_Process_2026,gs_ind_0,Cellular Response to Light Stimulus (GO:0071482),1/56,0.18613613194826314,0.23383029318154386,7.36452532934945,12.381806910580362,PTPRK
P4,GO_Biological_Process_2026,gs_ind_0,Cellular Response to Lipid (GO:0071396),1/206,0.5322145898123586,0.5405583795742545,1.97795547078458,1.2475133412206187,ESR1
P4,GO_Biological_Process_2026,gs_ind_0,Cellular Response to Low-Density Lipoprotein Particle Stimulus (GO:0071404),2/26,0.004086322122406134,0.05699546825375159,28.11923754273283,154.65889819684898,ABCA1;CDH13
P4,GO_Biological_Process_2026,gs_ind_0,Cellular Response to Magnesium Ion (GO:0071286),1/6,0.021805834468432178,0.11173950205010161,74.4518044769301,284.8211635890129,ANK3
P4,GO_Biological_Process_2026,gs_ind_0,Cellular Response to Metal Ion (GO:0071248),1/98,0.3028206973137532,0.33131287390057196,4.185620409741013,5.000202442333122,ANK3
P4,GO_Biological_Process_2026,gs_ind_0,Cellular Response to Nitrogen Compound (GO:1901699),1/158,0.4413326282741778,0.45487351573259005,2.5853553481694185,2.114708027562443,P2RX7
P4,GO_Biological_Process_2026,gs_ind_0,Cellular Response to Oxidative Stress (GO:0034599),1/124,0.36658579687388354,0.38736758490838574,3.301263402030395,3.312892720260555,PTPRK
P4,GO_Biological_Process_2026,gs_ind_0,Cellular Response to Oxygen-Containing Compound (GO:1901701),3/344,0.1327620825718133,0.1920174629106662,2.8199196606224426,5.693972206544853,P2RX7;ESR1;PTPRK
P4,GO_Biological_Process_2026,gs_ind_0,Cellular Response to Reactive Oxygen Species (GO:0034614),1/69,0.22418061724548724,0.2654462400021631,5.964017166122583,8.918014102728504,PTPRK
P4,GO_Biological_Process_2026,gs_ind_0,Cellular Response to Steroid Hormone Stimulus (GO:0071383),1/21,0.07428244681570347,0.15704936890872503,19.96384360828533,51.90360975057245,ESR1
P4,GO_Biological_Process_2026,gs_ind_0,Cellular Response to Transforming Growth Factor Beta Stimulus (GO:0071560),3/98,0.005658106228211407,0.0666480824543863,10.176265270506109,52.65877422190065,LTBP2;PTPRK;TGFBR3
P4,GO_Biological_Process_2026,gs_ind_0,Cellular Response to Type I Interferon (GO:0071357),1/64,0.20976111348061466,0.25468986603335675,6.434811854548332,10.049798749352027,HDAC4
P4,GO_Biological_Process_2026,gs_ind_0,Cellular Response to UV (GO:0034644),1/69,0.22418061724548724,0.2654462400021631,5.964017166122583,8.918014102728504,PTPRK
P4,GO_Biological_Process_2026,gs_ind_0,Cellular Response to Unfolded Protein (GO:0034620),1/62,0.20391930381764029,0.2496016309886636,6.644564284838828,10.565062748652936,PARP8
P4,GO_Biological_Process_2026,gs_ind_0,Central Nervous System Development (GO:0007417),1/272,0.6337302756842421,0.6379504551005634,1.4934617840584137,0.6812154830942747,NFIB
P4,GO_Biological_Process_2026,gs_ind_0,Central Nervous System Projection Neuron Axonogenesis (GO:0021952),1/10,0.036080852581350895,0.12210945257942263,43.0973287490082,143.16902243022955,NFIB
P4,GO_Biological_Process_2026,gs_ind_0,Chemical Synaptic Transmission (GO:0007268),2/257,0.24296263665276652,0.2814394782171893,2.6734182999394043,3.782479481757824,GRIK4;SLC1A3
P4,GO_Biological_Process_2026,gs_ind_0,Chloride Transmembrane Transport (GO:1902476),2/66,0.024530267361035703,0.11626179960646253,10.665210718923385,39.54497512960282,SLC1A3;ANO6
P4,GO_Biological_Process_2026,gs_ind_0,Chloride Transport (GO:0006821),2/87,0.04072257379111036,0.13086531683988523,8.039451420429245,25.73406453332883,SLC1A3;ANO6
P4,GO_Biological_Process_2026,gs_ind_0,Cholesterol Efflux (GO:0033344),1/20,0.07087242893827944,0.15378299772014223,20.98840355624275,55.55365534242182,ABCA1
P4,GO_Biological_Process_2026,gs_ind_0,Cholesterol Homeostasis (GO:0042632),1/81,0.25773332405292904,0.2955298671504509,5.072723867786135,6.877750472831031,ABCA1
P4,GO_Biological_Process_2026,gs_ind_0,Cholesterol Metabolic Process (GO:0008203),1/65,0.21266608310352175,0.25650018267938063,6.334813602898212,9.80649435082848,ABCA1
P4,GO_Biological_Process_2026,gs_ind_0,Cholesterol Transport (GO:0030301),1/50,0.16795977255684102,0.22271858729393978,8.259022384650525,14.734350124773231,ABCA1
P4,GO_Biological_Process_2026,gs_ind_0,Chondrocyte Differentiation (GO:0002062),1/37,0.12718755619754754,0.18666523215400585,11.205961313416397,23.107728348226125,NFIB
P4,GO_Biological_Process_2026,gs_ind_0,Chordate Embryonic Development (GO:0043009),1/65,0.21266608310352175,0.25650018267938063,6.334813602898212,9.80649435082848,FGFR1
P4,GO_Biological_Process_2026,gs_ind_0,Chromatin Organization (GO:0006325),3/308,0.1042514183955351,0.17409789957797053,3.156448025515129,7.1365705720327375,ARID1B;ESR1;HDAC4
P4,GO_Biological_Process_2026,gs_ind_0,Chromatin Remodeling (GO:0006338),3/266,0.07461365737550997,0.1573827610222966,3.665284873254513,9.512996600118854,ARID1B;ESR1;HDAC4
P4,GO_Biological_Process_2026,gs_ind_0,Circulatory System Development (GO:0072359),1/133,0.3872845095642038,0.40608907534651195,3.0760026547833506,2.917882858364609,HEG1
P4,GO_Biological_Process_2026,gs_ind_0,Collagen Fibril Organization (GO:0030199),1/54,0.18012145406991348,0.22880974627648673,7.640398252946978,13.096589333388202,PXDN
P4,GO_Biological_Process_2026,gs_ind_0,Commissural Neuron Axon Guidance (GO:0071679),1/10,0.036080852581350895,0.12210945257942263,43.0973287490082,143.16902243022955,NFIB
P4,GO_Biological_Process_2026,gs_ind_0,Coronary Vasculature Morphogenesis (GO:0060977),1/8,0.02896931280161029,0.11626179960646253,54.59396984924623,193.34553720447744,TGFBR3
P4,GO_Biological_Process_2026,gs_ind_0,Cytokine-mediated Signaling Pathway (GO:0019221),1/245,0.5951477362656312,0.6017826051203206,1.6600487098067023,0.8614749870404408,PLCB1
P4,GO_Biological_Process_2026,gs_ind_0,Cytoskeleton Organization (GO:0007010),1/104,0.3180776109586692,0.34303970646791077,3.9421018134149004,4.515519416376505,DIAPH3
P4,GO_Biological_Process_2026,gs_ind_0,Cytoskeleton-dependent Cytokinesis (GO:0061640),1/68,0.2213177094527477,0.2637781372846809,6.0525963149078725,9.12825951138168,ANK3
P4,GO_Biological_Process_2026,gs_ind_0,DNA Damage Response (GO:0006974),2/433,0.47305492731769194,0.48536291750808436,1.5726335354771162,1.177185038344297,FOXP1;VAV3
P4,GO_Biological_Process_2026,gs_ind_0,DNA Double-Strand Break Processing (GO:0000729),1/15,0.05363491085988955,0.14100540333310094,28.2309824987004,82.591294852792,RBBP8
P4,GO_Biological_Process_2026,gs_ind_0,DNA Double-Strand Break Processing Involved in Repair via Single-Strand Annealing (GO:0010792),1/5,0.018204501114733745,0.10862817441489149,91.0,364.55386253468845,RBBP8
P4,GO_Biological_Process_2026,gs_ind_0,DNA Metabolic Process (GO:0006259),1/319,0.6924027316952353,0.6954698534303193,1.270851904735609,0.4671492877893918,RBBP8
P4,GO_Biological_Process_2026,gs_ind_0,DNA Recombination (GO:0006310),1/51,0.1710168333182885,0.22318311916501823,8.09517886462013,14.296031530903484,RBBP8
P4,GO_Biological_Process_2026,gs_ind_0,DNA Strand Resection Involved in Replication Fork Processing (GO:0110025),1/7,0.025394089358317242,0.11626179960646253,62.9953614224971,231.39700796830692,RBBP8
P4,GO_Biological_Process_2026,gs_ind_0,DNA-templated Transcription (GO:0006351),1/197,0.5163684793425907,0.5262793947801062,2.0692393264030073,1.367631992932526,NFIX
P4,GO_Biological_Process_2026,gs_ind_0,Defense Response to Tumor Cell (GO:0002357),1/12,0.043140826609840886,0.13086531683988523,35.59951933580948,111.89945212016866,RBMS3
P4,GO_Biological_Process_2026,gs_ind_0,Definitive Hemopoiesis (GO:0060216),1/7,0.025394089358317242,0.11626179960646253,62.9953614224971,231.39700796830692,TGFBR3
P4,GO_Biological_Process_2026,gs_ind_0,Dendrite Morphogenesis (GO:0048813),1/34,0.11750120825052357,0.1828020512576756,12.21083027075677,26.147132213032688,CTNND2
P4,GO_Biological_Process_2026,gs_ind_0,Dendritic Spine Morphogenesis (GO:0060997),1/15,0.05363491085988955,0.14100540333310094,28.2309824987004,82.591294852792,CTNND2
P4,GO_Biological_Process_2026,gs_ind_0,Dendritic Spine Organization (GO:0097061),1/26,0.09114756758275655,0.16906103026085928,16.046408513154006,38.435568598252985,CTNND2
P4,GO_Biological_Process_2026,gs_ind_0,Dense Core Granule Cytoskeletal Transport (GO:0099519),1/8,0.02896931280161029,0.11626179960646253,54.59396984924623,193.34553720447744,TANC2
P4,GO_Biological_Process_2026,gs_ind_0,Dephosphorylation (GO:0016311),4/94,0.00040326149085517717,0.019250430116086615,13.952280079008387,109.04997950057812,PTPN14;PTPRS;PTPRK;PTPRE
P4,GO_Biological_Process_2026,gs_ind_0,Dicarboxylic Acid Transport (GO:0006835),1/30,0.10442034991225575,0.17409789957797053,13.868580189080998,31.333708986565636,SLC1A3
P4,GO_Biological_Process_2026,gs_ind_0,Digestive Tract Development (GO:0048565),1/38,0.13039289018139794,0.18952940928610243,10.906733668341708,22.219232230345032,GLI3
P4,GO_Biological_Process_2026,gs_ind_0,Double-strand Break Repair (GO:0006302),1/176,0.4772977615997654,0.48805983063245456,2.3186445045741526,1.7149036632884813,RBBP8
P4,GO_Biological_Process_2026,gs_ind_0,Double-strand Break Repair via Homologous Recombination (GO:0000724),1/115,0.34519506723599774,0.3692121768668042,3.561936319150337,3.7886379270325987,RBBP8
P4,GO_Biological_Process_2026,gs_ind_0,Double-strand Break Repair via Single-Strand Annealing (GO:0045002),1/5,0.018204501114733745,0.10862817441489149,91.0,364.55386253468845,RBBP8
P4,GO_Biological_Process_2026,gs_ind_0,Embryo Development Ending in Birth or Egg Hatching (GO:0009792),1/18,0.06401504258973123,0.14625099150852952,23.388801148600145,64.28732849758696,FGFR1
P4,GO_Biological_Process_2026,gs_ind_0,Embryonic Digestive Tract Development (GO:0048566),1/17,0.060567584183063565,0.14571564682768876,24.80721790772042,69.5593259790493,GLI3
P4,GO_Biological_Process_2026,gs_ind_0,Embryonic Digit Morphogenesis (GO:0042733),1/18,0.06401504258973123,0.14625099150852952,23.388801148600145,64.28732849758696,GLI3
P4,GO_Biological_Process_2026,gs_ind_0,Embryonic Limb Morphogenesis (GO:0030326),1/34,0.11750120825052357,0.1828020512576756,12.21083027075677,26.147132213032688,GLI3
P4,GO_Biological_Process_2026,gs_ind_0,Embryonic Organ Development (GO:0048568),1/68,0.2213177094527477,0.2637781372846809,6.0525963149078725,9.12825951138168,GLI3
P4,GO_Biological_Process_2026,gs_ind_0,Endocytic Recycling (GO:0032456),1/80,0.25499301809085445,0.29312885603093153,5.136721342561866,7.01942789910666,DENND1A
P4,GO_Biological_Process_2026,gs_ind_0,Endomembrane System Organization (GO:0010256),1/176,0.4772977615997654,0.48805983063245456,2.3186445045741526,1.7149036632884813,ANK3
P4,GO_Biological_Process_2026,gs_ind_0,Endoplasmic Reticulum Unfolded Protein Response (GO:0030968),1/55,0.18313427347949734,0.23101917391641738,7.499930846895025,12.731400062627513,PARP8
P4,GO_Biological_Process_2026,gs_ind_0,Endothelial Cell Development (GO:0001885),1/26,0.09114756758275655,0.16906103026085928,16.046408513154006,38.435568598252985,MAGI1
P4,GO_Biological_Process_2026,gs_ind_0,Endothelial Cell Migration (GO:0043542),2/43,0.010903872514168692,0.09242815299393461,16.590116812427375,74.96472024703068,CDH13;STARD13
P4,GO_Biological_Process_2026,gs_ind_0,Endothelial Cell Morphogenesis (GO:0001886),1/6,0.021805834468432178,0.11173950205010161,74.4518044769301,284.8211635890129,MAGI1
P4,GO_Biological_Process_2026,gs_ind_0,Endothelial Cell Proliferation (GO:0001935),1/21,0.07428244681570347,0.15704936890872503,19.96384360828533,51.90360975057245,SEMA5A
P4,GO_Biological_Process_2026,gs_ind_0,Endothelial Tube Morphogenesis (GO:0061154),1/10,0.036080852581350895,0.12210945257942263,43.0973287490082,143.16902243022955,STARD13
P4,GO_Biological_Process_2026,gs_ind_0,Enzyme-linked Receptor Protein Signaling Pathway (GO:0007167),1/133,0.3872845095642038,0.40608907534651195,3.0760026547833506,2.917882858364609,ROR1
P4,GO_Biological_Process_2026,gs_ind_0,Ephrin Receptor Signaling Pathway (GO:0048013),2/44,0.011396042277652138,0.09482761785165586,16.199163929531203,72.48298328202453,KALRN;EFNA5
P4,GO_Biological_Process_2026,gs_ind_0,Epigenetic Regulation of Gene Expression (GO:0040029),1/62,0.20391930381764029,0.2496016309886636,6.644564284838828,10.565062748652936,HDAC4
P4,GO_Biological_Process_2026,gs_ind_0,Epithelial Cell Development (GO:0002064),1/28,0.09780812250653742,0.17027248966109299,14.878300593878484,34.58829438886499,CDK6
P4,GO_Biological_Process_2026,gs_ind_0,Epithelial Cell Morphogenesis (GO:0003382),1/19,0.06744997582548398,0.15105463721904686,22.123726741817194,59.65373216204687,MAGI1
P4,GO_Biological_Process_2026,gs_ind_0,Epithelial Cell-Cell Adhesion (GO:0090136),1/15,0.05363491085988955,0.14100540333310094,28.2309824987004,82.591294852792,PLEKHA7
P4,GO_Biological_Process_2026,gs_ind_0,Epithelial to Mesenchymal Transition (GO:0001837),2/50,0.014548712109323129,0.10586534556540127,14.192003767858077,60.03576373485683,FGFR1;TGFBR3
P4,GO_Biological_Process_2026,gs_ind_0,Erythrocyte Differentiation (GO:0030218),1/49,0.16489155134789077,0.21993623098902487,8.429622338496607,15.194118496222861,TGFBR3
P4,GO_Biological_Process_2026,gs_ind_0,Establishment of Mitotic Sister Chromatid Cohesion (GO:0034087),1/7,0.025394089358317242,0.11626179960646253,62.9953614224971,231.39700796830692,STAG1
P4,GO_Biological_Process_2026,gs_ind_0,Establishment of Protein Localization to Extracellular Region (GO:0035592),2/37,0.00815744149226313,0.0813054882800292,19.398369914921,93.2833604212486,LTBP2;ABCA1
P4,GO_Biological_Process_2026,gs_ind_0,Establishment of Protein Localization to Plasma Membrane (GO:0061951),1/41,0.1399391354800803,0.19708819236092054,10.097710776102735,19.85762987649694,ANK3
P4,GO_Biological_Process_2026,gs_ind_0,Establishment or Maintenance of Apical/Basal Cell Polarity (GO:0035088),1/23,0.08106535561630931,0.1626687556283021,18.187939698492464,45.697191038775365,PARD3B
P4,GO_Biological_Process_2026,gs_ind_0,Establishment or Maintenance of Epithelial Cell Apical/Basal Polarity (GO:0045197),1/31,0.10770844937287086,0.17633856242092757,13.413378367246066,29.88939646374393,PARD3B
P4,GO_Biological_Process_2026,gs_ind_0,Estrogen Receptor Signaling Pathway (GO:0030520),2/17,0.0017470948129191322,0.041700394613622446,44.4612739479286,282.3202407734291,ESR1;RBFOX2
P4,GO_Biological_Process_2026,gs_ind_0,External Encapsulating Structure Organization (GO:0045229),2/107,0.05891461336750041,0.14571564682768876,6.51057329131282,18.43576977423768,PXDN;MATN2
P4,GO_Biological_Process_2026,gs_ind_0,Extracellular Matrix Assembly (GO:0085029),1/21,0.07428244681570347,0.15704936890872503,19.96384360828533,51.90360975057245,PXDN
P4,GO_Biological_Process_2026,gs_ind_0,Extracellular Matrix Organization (GO:0030198),2/183,0.14524306213179547,0.2029822147203983,3.773755086630029,7.280881732062297,PXDN;MATN2
P4,GO_Biological_Process_2026,gs_ind_0,Extracellular Structure Organization (GO:0043062),2/107,0.05891461336750041,0.14571564682768876,6.51057329131282,18.43576977423768,PXDN;MATN2
P4,GO_Biological_Process_2026,gs_ind_0,Extrinsic Apoptotic Signaling Pathway (GO:0097191),1/68,0.2213177094527477,0.2637781372846809,6.0525963149078725,9.12825951138168,P2RX7
P4,GO_Biological_Process_2026,gs_ind_0,Eye Development (GO:0001654),1/66,0.21556048026879066,0.2589580868924412,6.237868732977867,9.572095390817173,DTNB
P4,GO_Biological_Process_2026,gs_ind_0,Fatty Acid Derivative Metabolic Process (GO:1901568),1/4,0.014590042112100507,0.10586534556540127,117.0043072505384,494.6258840598229,OXCT1
P4,GO_Biological_Process_2026,gs_ind_0,Fatty Acid Metabolic Process (GO:0006631),1/118,0.35240359928096315,0.3755934953558562,3.4706083609537046,3.6197687617748397,ACSL4
P4,GO_Biological_Process_2026,gs_ind_0,Fatty-acyl-CoA Biosynthetic Process (GO:0046949),1/26,0.09114756758275655,0.16906103026085928,16.046408513154006,38.435568598252985,ACSL4
P4,GO_Biological_Process_2026,gs_ind_0,Fatty-acyl-CoA Metabolic Process (GO:0035337),1/22,0.07768007418553498,0.15868429568982034,19.03459156246348,48.636360355386536,ACSL4
P4,GO_Biological_Process_2026,gs_ind_0,Fc Receptor Mediated Stimulatory Signaling Pathway (GO:0002431),1/22,0.07768007418553498,0.15868429568982034,19.03459156246348,48.636360355386536,VAV3
P4,GO_Biological_Process_2026,gs_ind_0,Fc Receptor Signaling Pathway (GO:0038093),1/27,0.09448390777737954,0.17027248966109299,15.440314781454441,36.428732206490906,VAV3
P4,GO_Biological_Process_2026,gs_ind_0,Fc-epsilon Receptor Signaling Pathway (GO:0038095),1/22,0.07768007418553498,0.15868429568982034,19.03459156246348,48.636360355386536,VAV3
P4,GO_Biological_Process_2026,gs_ind_0,Fc-gamma Receptor Signaling Pathway (GO:0038094),1/26,0.09114756758275655,0.16906103026085928,16.046408513154006,38.435568598252985,VAV3
P4,GO_Biological_Process_2026,gs_ind_0,Fc-gamma Receptor Signaling Pathway Involved in Phagocytosis (GO:0038096),1/21,0.07428244681570347,0.15704936890872503,19.96384360828533,51.90360975057245,VAV3
P4,GO_Biological_Process_2026,gs_ind_0,Fibroblast Growth Factor Receptor Signaling Pathway (GO:0008543),1/38,0.13039289018139794,0.18952940928610243,10.906733668341708,22.219232230345032,FGFR1
P4,GO_Biological_Process_2026,gs_ind_0,Focal Adhesion Assembly (GO:0048041),2/24,0.003486817880202735,0.05287226206307886,30.62098138747885,173.27696042731014,PTPRK;DLC1
P4,GO_Biological_Process_2026,gs_ind_0,G Protein-Coupled Acetylcholine Receptor Signaling Pathway (GO:0007213),1/18,0.06401504258973123,0.14625099150852952,23.388801148600145,64.28732849758696,PLCB1
P4,GO_Biological_Process_2026,gs_ind_0,G1/S Transition of Mitotic Cell Cycle (GO:0000082),1/63,0.20684553317320864,0.2525018823527594,6.538010050251256,10.302484965677984,CDK6
P4,GO_Biological_Process_2026,gs_ind_0,G2/M Transition of Mitotic Cell Cycle (GO:0000086),2/43,0.010903872514168692,0.09242815299393461,16.590116812427375,74.96472024703068,CDK6;PLCB1
P4,GO_Biological_Process_2026,gs_ind_0,Generation of Neurons (GO:0048699),4/191,0.00542315620391332,0.06472108785459713,6.710176165803109,35.0075078044151,ACSL4;FGFR1;CDK6;DTNB
P4,GO_Biological_Process_2026,gs_ind_0,Gland Development (GO:0048732),1/62,0.20391930381764029,0.2496016309886636,6.644564284838828,10.565062748652936,TGFBR3
P4,GO_Biological_Process_2026,gs_ind_0,Glial Cell Development (GO:0021782),1/22,0.07768007418553498,0.15868429568982034,19.03459156246348,48.636360355386536,CDK6
P4,GO_Biological_Process_2026,gs_ind_0,Glial Cell Differentiation (GO:0010001),1/29,0.10112025539501886,0.1714319096136114,14.355725998413119,32.89535401837941,NFIB
P4,GO_Biological_Process_2026,gs_ind_0,Gliogenesis (GO:0042063),2/17,0.0017470948129191322,0.041700394613622446,44.4612739479286,282.3202407734291,NFIB;CDK6
P4,GO_Biological_Process_2026,gs_ind_0,Glutamate Receptor Signaling Pathway (GO:0007215),2/38,0.008590198795084398,0.08288627986320797,18.86621236353522,89.74908897806998,GRIK4;PLCB1
P4,GO_Biological_Process_2026,gs_ind_0,Glycoprotein Biosynthetic Process (GO:0009101),1/164,0.45358519041843365,0.46644191350285635,2.4899266977087273,1.968466767714488,GALNT18
P4,GO_Biological_Process_2026,gs_ind_0,Golgi to Plasma Membrane Protein Transport (GO:0043001),1/30,0.10442034991225575,0.17409789957797053,13.868580189080998,31.333708986565636,ANK3
P4,GO_Biological_Process_2026,gs_ind_0,Golgi to Plasma Membrane Transport (GO:0006893),2/56,0.018032057697388037,0.10862817441489149,12.626787128021236,50.70417843849184,ANK3;RABEP1
P4,GO_Biological_Process_2026,gs_ind_0,Heart Development (GO:0007507),3/170,0.024786819256081383,0.11626179960646253,5.7865595101416,21.39547539401571,HEG1;TGFBR3;DLC1
P4,GO_Biological_Process_2026,gs_ind_0,Heart Morphogenesis (GO:0003007),2/56,0.018032057697388037,0.10862817441489149,12.626787128021236,50.70417843849184,TGFBR3;DLC1
P4,GO_Biological_Process_2026,gs_ind_0,Heart Trabecula Formation (GO:0060347),1/7,0.025394089358317242,0.11626179960646253,62.9953614224971,231.39700796830692,TGFBR3
P4,GO_Biological_Process_2026,gs_ind_0,Heart Trabecula Morphogenesis (GO:0061384),1/20,0.07087242893827944,0.15378299772014223,20.98840355624275,55.55365534242182,TGFBR3
P4,GO_Biological_Process_2026,gs_ind_0,Hemopoiesis (GO:0030097),1/91,0.28459342977031415,0.31788945911536326,4.510536105944085,5.668362215187675,TGFBR3
P4,GO_Biological_Process_2026,gs_ind_0,Hepaticobiliary System Development (GO:0061008),1/22,0.07768007418553498,0.15868429568982034,19.03459156246348,48.636360355386536,TGFBR3
P4,GO_Biological_Process_2026,gs_ind_0,High-density Lipoprotein Particle Assembly (GO:0034380),1/9,0.032531551648223855,0.11802446937975614,48.16937629323086,165.00635843822025,ABCA1
P4,GO_Biological_Process_2026,gs_ind_0,Homologous Recombination (GO:0035825),1/19,0.06744997582548398,0.15105463721904686,22.123726741817194,59.65373216204687,RBBP8
P4,GO_Biological_Process_2026,gs_ind_0,Homophilic Cell-Cell Adhesion (GO:0007156),1/67,0.21844434306696422,0.26172921950031247,6.1438394982430955,9.346156217905994,CDH13
P4,GO_Biological_Process_2026,gs_ind_0,Hydrogen Peroxide Catabolic Process (GO:0042744),1/10,0.036080852581350895,0.12210945257942263,43.0973287490082,143.16902243022955,PXDN
P4,GO_Biological_Process_2026,gs_ind_0,Hydrogen Peroxide Metabolic Process (GO:0042743),1/20,0.07087242893827944,0.15378299772014223,20.98840355624275,55.55365534242182,PXDN
P4,GO_Biological_Process_2026,gs_ind_0,Immune Response-Regulating Cell Surface Receptor Signaling Pathway (GO:0002768),1/18,0.06401504258973123,0.14625099150852952,23.388801148600145,64.28732849758696,VAV3
P4,GO_Biological_Process_2026,gs_ind_0,Import Into Cell (GO:0098657),1/20,0.07087242893827944,0.15378299772014223,20.98840355624275,55.55365534242182,SLC1A3
P4,GO_Biological_Process_2026,gs_ind_0,Inflammatory Response (GO:0006954),1/253,0.6069810036204861,0.6123823918618253,1.6069754714164883,0.8022950126900641,HDAC4
P4,GO_Biological_Process_2026,gs_ind_0,Insulin-like Growth Factor Receptor Signaling Pathway (GO:0048009),1/12,0.043140826609840886,0.13086531683988523,35.59951933580948,111.89945212016866,PLCB1
P4,GO_Biological_Process_2026,gs_ind_0,Interferon-mediated Signaling Pathway (GO:0140888),1/38,0.13039289018139794,0.18952940928610243,10.906733668341708,22.219232230345032,HDAC4
P4,GO_Biological_Process_2026,gs_ind_0,Interleukin-1-mediated Signaling Pathway (GO:0070498),1/22,0.07768007418553498,0.15868429568982034,19.03459156246348,48.636360355386536,PLCB1
P4,GO_Biological_Process_2026,gs_ind_0,Interleukin-12-mediated Signaling Pathway (GO:0035722),1/9,0.032531551648223855,0.11802446937975614,48.16937629323086,165.00635843822025,PLCB1
P4,GO_Biological_Process_2026,gs_ind_0,Interleukin-15-mediated Signaling Pathway (GO:0035723),1/10,0.036080852581350895,0.12210945257942263,43.0973287490082,143.16902243022955,PLCB1
P4,GO_Biological_Process_2026,gs_ind_0,Intracellular Cholesterol Transport (GO:0032367),1/18,0.06401504258973123,0.14625099150852952,23.388801148600145,64.28732849758696,ABCA1
P4,GO_Biological_Process_2026,gs_ind_0,Intracellular Signaling Cassette (GO:0141124),3/349,0.13692088901294902,0.19526296593513326,2.778710178710179,5.525053864577795,P2RX7;FGFR1;VAV3
P4,GO_Biological_Process_2026,gs_ind_0,Intracellular Sterol Transport (GO:0032366),1/16,0.0571075553965845,0.14387931317972816,26.40865618414654,75.60319879037347,ABCA1
P4,GO_Biological_Process_2026,gs_ind_0,Keratinocyte Proliferation (GO:0043616),1/8,0.02896931280161029,0.11626179960646253,54.59396984924623,193.34553720447744,CDH13
P4,GO_Biological_Process_2026,gs_ind_0,Ketone Body Metabolic Process (GO:1902224),1/8,0.02896931280161029,0.11626179960646253,54.59396984924623,193.34553720447744,OXCT1
P4,GO_Biological_Process_2026,gs_ind_0,L-alpha-amino Acid Transmembrane Transport (GO:1902475),1/38,0.13039289018139794,0.18952940928610243,10.906733668341708,22.219232230345032,SLC1A3
P4,GO_Biological_Process_2026,gs_ind_0,L-amino Acid Transport (GO:0015807),1/38,0.13039289018139794,0.18952940928610243,10.906733668341708,22.219232230345032,SLC1A3
P4,GO_Biological_Process_2026,gs_ind_0,L-aspartate Import Across Plasma Membrane (GO:0140009),1/6,0.021805834468432178,0.11173950205010161,74.4518044769301,284.8211635890129,SLC1A3
P4,GO_Biological_Process_2026,gs_ind_0,L-aspartate Transmembrane Transport (GO:0070778),1/6,0.021805834468432178,0.11173950205010161,74.4518044769301,284.8211635890129,SLC1A3
P4,GO_Biological_Process_2026,gs_ind_0,L-glutamate Import (GO:0051938),1/17,0.060567584183063565,0.14571564682768876,24.80721790772042,69.5593259790493,SLC1A3
P4,GO_Biological_Process_2026,gs_ind_0,L-glutamate Import Across Plasma Membrane (GO:0098712),1/5,0.018204501114733745,0.10862817441489149,91.0,364.55386253468845,SLC1A3
P4,GO_Biological_Process_2026,gs_ind_0,L-glutamate Transmembrane Transport (GO:0015813),1/16,0.0571075553965845,0.14387931317972816,26.40865618414654,75.60319879037347,SLC1A3
P4,GO_Biological_Process_2026,gs_ind_0,Lamellipodium Assembly (GO:0030032),1/26,0.09114756758275655,0.16906103026085928,16.046408513154006,38.435568598252985,CDH13
P4,GO_Biological_Process_2026,gs_ind_0,Lamellipodium Organization (GO:0097581),1/31,0.10770844937287086,0.17633856242092757,13.413378367246066,29.88939646374393,CDH13
P4,GO_Biological_Process_2026,gs_ind_0,Lens Fiber Cell Development (GO:0070307),1/9,0.032531551648223855,0.11802446937975614,48.16937629323086,165.00635843822025,EFNA5
P4,GO_Biological_Process_2026,gs_ind_0,Lens Fiber Cell Morphogenesis (GO:0070309),1/5,0.018204501114733745,0.10862817441489149,91.0,364.55386253468845,EFNA5
P4,GO_Biological_Process_2026,gs_ind_0,Limb Development (GO:0060173),1/29,0.10112025539501886,0.1714319096136114,14.355725998413119,32.89535401837941,GLI3
P4,GO_Biological_Process_2026,gs_ind_0,Limb Morphogenesis (GO:0035108),1/17,0.060567584183063565,0.14571564682768876,24.80721790772042,69.5593259790493,GLI3
P4,GO_Biological_Process_2026,gs_ind_0,Lipid Biosynthetic Process (GO:0008610),1/126,0.3712445230218088,0.39107872518092984,3.248413381649282,3.2188344396298083,ACSL4
P4,GO_Biological_Process_2026,gs_ind_0,Lipid Metabolic Process (GO:0006629),1/227,0.5672177669611209,0.5741813779394382,1.7931711537821557,1.016749526878736,ACSL4
P4,GO_Biological_Process_2026,gs_ind_0,Lipid Translocation (GO:0034204),1/23,0.08106535561630931,0.1626687556283021,18.187939698492464,45.697191038775365,ABCA1
P4,GO_Biological_Process_2026,gs_ind_0,Liver Development (GO:0001889),1/33,0.11424883561195394,0.17897011036276725,12.587011982991882,27.305967256473732,TGFBR3
P4,GO_Biological_Process_2026,gs_ind_0,Long-chain Fatty Acid Metabolic Process (GO:0001676),1/69,0.22418061724548724,0.2654462400021631,5.964017166122583,8.918014102728504,ACSL4
P4,GO_Biological_Process_2026,gs_ind_0,Long-chain fatty-acyl-CoA Biosynthetic Process (GO:0035338),1/18,0.06401504258973123,0.14625099150852952,23.388801148600145,64.28732849758696,ACSL4
P4,GO_Biological_Process_2026,gs_ind_0,Long-chain fatty-acyl-CoA Metabolic Process (GO:0035336),1/24,0.08443833551787916,0.16364438101435128,17.41334331230621,43.0411486823959,ACSL4
P4,GO_Biological_Process_2026,gs_ind_0,Lymphocyte Differentiation (GO:0030098),1/75,0.24114053449635292,0.27968601635318685,5.482479511652221,7.7981439048024175,HDAC4
P4,GO_Biological_Process_2026,gs_ind_0,Lysosome Organization (GO:0007040),1/49,0.16489155134789077,0.21993623098902487,8.429622338496607,15.194118496222861,ABCA1
P4,GO_Biological_Process_2026,gs_ind_0,Lytic Vacuole Organization (GO:0080171),1/41,0.1399391354800803,0.19708819236092054,10.097710776102735,19.85762987649694,ABCA1
P4,GO_Biological_Process_2026,gs_ind_0,MAPK Cascade (GO:0000165),1/119,0.35478894091682145,0.3768074583273502,3.4411933083137205,3.565875308851531,FGFR1
P4,GO_Biological_Process_2026,gs_ind_0,Macrophage Activation (GO:0042116),1/33,0.11424883561195394,0.17897011036276725,12.587011982991882,27.305967256473732,FOXP1
P4,GO_Biological_Process_2026,gs_ind_0,Magnesium Ion Homeostasis (GO:0010960),1/9,0.032531551648223855,0.11802446937975614,48.16937629323086,165.00635843822025,ANK3
P4,GO_Biological_Process_2026,gs_ind_0,Maintenance of Lens Transparency (GO:0036438),1/8,0.02896931280161029,0.11626179960646253,54.59396984924623,193.34553720447744,APBB2
P4,GO_Biological_Process_2026,gs_ind_0,Melanocyte Differentiation (GO:0030318),1/10,0.036080852581350895,0.12210945257942263,43.0973287490082,143.16902243022955,LRMDA
P4,GO_Biological_Process_2026,gs_ind_0,Membrane Assembly (GO:0071709),1/37,0.12718755619754754,0.18666523215400585,11.205961313416397,23.107728348226125,ANK3
P4,GO_Biological_Process_2026,gs_ind_0,Membrane Biogenesis (GO:0044091),1/8,0.02896931280161029,0.11626179960646253,54.59396984924623,193.34553720447744,ANK3
P4,GO_Biological_Process_2026,gs_ind_0,Membrane Depolarization (GO:0051899),1/37,0.12718755619754754,0.18666523215400585,11.205961313416397,23.107728348226125,P2RX7
P4,GO_Biological_Process_2026,gs_ind_0,Membrane Fusion (GO:0061025),1/24,0.08443833551787916,0.16364438101435128,17.41334331230621,43.0411486823959,RABEP1
P4,GO_Biological_Process_2026,gs_ind_0,Membrane Organization (GO:0061024),2/177,0.13771784960522426,0.1960911924520226,3.9036400711527617,7.739154810765592,ANK3;RABEP1
P4,GO_Biological_Process_2026,gs_ind_0,Memory (GO:0007613),1/57,0.1891270689518711,0.23660448488185803,7.233912927469205,12.046896829454685,PLCB1
P4,GO_Biological_Process_2026,gs_ind_0,Mesenchymal Cell Differentiation (GO:0048762),2/60,0.02053026038097425,0.11173950205010161,11.761681634778082,45.70419368287942,FGFR1;TGFBR3
P4,GO_Biological_Process_2026,gs_ind_0,Mesenchymal Cell Migration (GO:0090497),1/34,0.11750120825052357,0.1828020512576756,12.21083027075677,26.147132213032688,SEMA5A
P4,GO_Biological_Process_2026,gs_ind_0,MiRNA Processing (GO:0035196),1/37,0.12718755619754754,0.18666523215400585,11.205961313416397,23.107728348226125,TNRC6C
P4,GO_Biological_Process_2026,gs_ind_0,MiRNA-mediated Gene Silencing by Inhibition of Translation (GO:0035278),1/18,0.06401504258973123,0.14625099150852952,23.388801148600145,64.28732849758696,TNRC6C
P4,GO_Biological_Process_2026,gs_ind_0,MiRNA-mediated Post-Transcriptional Gene Silencing (GO:0035195),1/28,0.09780812250653742,0.17027248966109299,14.878300593878484,34.58829438886499,TNRC6C
P4,GO_Biological_Process_2026,gs_ind_0,Mitotic Cell Cycle Checkpoint Signaling (GO:0007093),1/25,0.08779905814197392,0.16624999109555394,16.70197928417598,40.630980258906256,RBBP8
P4,GO_Biological_Process_2026,gs_ind_0,Mitotic Cell Cycle Phase Transition (GO:0044772),2/112,0.06382962282479879,0.14625099150852952,6.214828766336679,17.100336822917914,CDK6;PLCB1
P4,GO_Biological_Process_2026,gs_ind_0,Mitotic Cytokinesis (GO:0000281),1/60,0.19803474382044972,0.2447105076909372,6.868417718846333,11.122116658096216,ANK3
P4,GO_Biological_Process_2026,gs_ind_0,Mitotic G2/M Transition Checkpoint (GO:0044818),1/48,0.16181212936089961,0.21839821626538086,8.607405448294102,15.67683376936233,RBBP8
P4,GO_Biological_Process_2026,gs_ind_0,Mitotic Sister Chromatid Cohesion (GO:0007064),1/23,0.08106535561630931,0.1626687556283021,18.187939698492464,45.697191038775365,STAG1
P4,GO_Biological_Process_2026,gs_ind_0,Mitotic Sister Chromatid Segregation (GO:0000070),1/119,0.35478894091682145,0.3768074583273502,3.4411933083137205,3.565875308851531,STAG1
P4,GO_Biological_Process_2026,gs_ind_0,Mitotic Spindle Assembly (GO:0090307),1/45,0.15250625325948727,0.20769245000954198,9.18869629044097,17.27979985753456,STAG1
P4,GO_Biological_Process_2026,gs_ind_0,Mitotic Spindle Organization (GO:0007052),1/92,0.2872259237732201,0.3200416619930106,4.461075871159074,5.565130506335436,STAG1
P4,GO_Biological_Process_2026,gs_ind_0,Modulation of Chemical Synaptic Transmission (GO:0050804),1/137,0.3962676324604176,0.41454987617254757,2.985421613562317,2.763501660637285,GRIK4
P4,GO_Biological_Process_2026,gs_ind_0,Monoatomic Anion Transmembrane Transport (GO:0098656),2/73,0.029562642742428556,0.11802446937975614,9.618579390152995,33.869362890844414,SLC1A3;ANO6
P4,GO_Biological_Process_2026,gs_ind_0,Monoatomic Cation Homeostasis (GO:0055080),1/73,0.23552841416211917,0.274581326021905,5.634136198232542,8.146531160523915,ANK3
P4,GO_Biological_Process_2026,gs_ind_0,Monoatomic Cation Transmembrane Transport (GO:0098655),3/320,0.11346149401118938,0.17897011036276725,3.0357924490207955,6.6067700901608335,P2RX7;SLC1A3;ANO6
P4,GO_Biological_Process_2026,gs_ind_0,Monocarboxylic Acid Metabolic Process (GO:0032787),1/110,0.33300391207600566,0.35786083916224776,3.725270186549184,4.096310975488557,ACSL4
P4,GO_Biological_Process_2026,gs_ind_0,Monocyte Activation (GO:0042117),1/7,0.025394089358317242,0.11626179960646253,62.9953614224971,231.39700796830692,FOXP1
P4,GO_Biological_Process_2026,gs_ind_0,Multi-ciliated Epithelial Cell Differentiation (GO:1903251),1/9,0.032531551648223855,0.11802446937975614,48.16937629323086,165.00635843822025,NFIB
P4,GO_Biological_Process_2026,gs_ind_0,Muscle Contraction (GO:0006936),1/143,0.4094983938692628,0.4269138428039326,2.859084898175086,2.552654748599491,APBB2
P4,GO_Biological_Process_2026,gs_ind_0,Muscle Tissue Morphogenesis (GO:0060415),1/16,0.0571075553965845,0.14387931317972816,26.40865618414654,75.60319879037347,TGFBR3
P4,GO_Biological_Process_2026,gs_ind_0,Myeloid Cell Development (GO:0061515),1/23,0.08106535561630931,0.1626687556283021,18.187939698492464,45.697191038775365,FOXP1
P4,GO_Biological_Process_2026,gs_ind_0,Myeloid Leukocyte Differentiation (GO:0002573),1/79,0.2522426969822118,0.2903351854858707,5.20234932624908,7.165526449104015,FOXP1
P4,GO_Biological_Process_2026,gs_ind_0,Myofibril Assembly (GO:0030239),1/54,0.18012145406991348,0.22880974627648673,7.640398252946978,13.096589333388202,FHOD3
P4,GO_Biological_Process_2026,gs_ind_0,Neg Reg Transmembrane Rec Protein Serine/Threonine Kinase Signaling Pathway (GO:0090101),2/124,0.07615774929350222,0.15868429568982034,5.603542940018647,14.428834159043355,SPRED2;TGFBR3
P4,GO_Biological_Process_2026,gs_ind_0,Negative Chemotaxis (GO:0050919),1/27,0.09448390777737954,0.17027248966109299,15.440314781454441,36.428732206490906,SLIT3
P4,GO_Biological_Process_2026,gs_ind_0,Negative Regulation of ATP Metabolic Process (GO:1903579),1/15,0.05363491085988955,0.14100540333310094,28.2309824987004,82.591294852792,HDAC4
P4,GO_Biological_Process_2026,gs_ind_0,Negative Regulation of Actin Filament Bundle Assembly (GO:0032232),1/27,0.09448390777737954,0.17027248966109299,15.440314781454441,36.428732206490906,DLC1
P4,GO_Biological_Process_2026,gs_ind_0,Negative Regulation of Actin Filament Polymerization (GO:0030837),1/17,0.060567584183063565,0.14571564682768876,24.80721790772042,69.5593259790493,KANK4
P4,GO_Biological_Process_2026,gs_ind_0,Negative Regulation of Alpha-Beta T Cell Activation (GO:0046636),1/11,0.03961726211805212,0.12787493502161307,38.99138549892319,125.88331156809635,GLI3
P4,GO_Biological_Process_2026,gs_ind_0,Negative Regulation of Alpha-Beta T Cell Differentiation (GO:0046639),1/9,0.032531551648223855,0.11802446937975614,48.16937629323086,165.00635843822025,GLI3
P4,GO_Biological_Process_2026,gs_ind_0,Negative Regulation of Androgen Receptor Signaling Pathway (GO:0060766),1/13,0.04665159224326654,0.13475475848612342,32.75035175879397,100.38140738175221,FOXP1
P4,GO_Biological_Process_2026,gs_ind_0,Negative Regulation of Apoptotic Process (GO:0043066),2/470,0.5164152826397955,0.5262793947801062,1.44642963556875,0.9558643835070886,SEMA5A;SH3RF3
P4,GO_Biological_Process_2026,gs_ind_0,Negative Regulation of Axon Extension (GO:0030517),2/15,0.00135532356897635,0.039654144421340305,51.05188945290468,337.1321310615674,PTPRS;SEMA5A
P4,GO_Biological_Process_2026,gs_ind_0,Negative Regulation of Axon Regeneration (GO:0048681),1/7,0.025394089358317242,0.11626179960646253,62.9953614224971,231.39700796830692,PTPRS
P4,GO_Biological_Process_2026,gs_ind_0,Negative Regulation of Axonogenesis (GO:0050771),1/25,0.08779905814197392,0.16624999109555394,16.70197928417598,40.630980258906256,PTPRS
P4,GO_Biological_Process_2026,gs_ind_0,Negative Regulation of B Cell Apoptotic Process (GO:0002903),1/8,0.02896931280161029,0.11626179960646253,54.59396984924623,193.34553720447744,FOXP1
P4,GO_Biological_Process_2026,gs_ind_0,Negative Regulation of Binding (GO:0051100),1/30,0.10442034991225575,0.17409789957797053,13.868580189080998,31.333708986565636,NFIB
P4,GO_Biological_Process_2026,gs_ind_0,Negative Regulation of Blood Vessel Endothelial Cell Migration (GO:0043537),1/35,0.12074175755375664,0.18561487135806318,11.856456194013546,25.06574885089274,STARD13
P4,GO_Biological_Process_2026,gs_ind_0,Negative Regulation of Bone Remodeling (GO:0046851),1/14,0.05014960504049533,0.13909997483709255,30.32328308207705,90.74984291620152,P2RX7
P4,GO_Biological_Process_2026,gs_ind_0,Negative Regulation of Bone Resorption (GO:0045779),1/12,0.043140826609840886,0.13086531683988523,35.59951933580948,111.89945212016866,P2RX7
P4,GO_Biological_Process_2026,gs_ind_0,Negative Regulation of Canonical NF-kappaB Signal Transduction (GO:0043124),2/74,0.030312462973749777,0.11802446937975614,9.485559250831438,33.163377457541245,ESR1;TGFBR3
P4,GO_Biological_Process_2026,gs_ind_0,Negative Regulation of Canonical Wnt Signaling Pathway (GO:0090090),4/117,0.0009193403895911249,0.03474340555663126,11.115496108283308,77.71792718163879,IGFBP4;IGFBP2;RBMS3;GLI3
P4,GO_Biological_Process_2026,gs_ind_0,Negative Regulation of Carbohydrate Metabolic Process (GO:0045912),1/29,0.10112025539501886,0.1714319096136114,14.355725998413119,32.89535401837941,HDAC4
P4,GO_Biological_Process_2026,gs_ind_0,Negative Regulation of Cell Adhesion (GO:0007162),2/69,0.02663997954645277,0.11626179960646253,10.190073322053017,36.94250284659983,SEMA5A;CDH13
P4,GO_Biological_Process_2026,gs_ind_0,Negative Regulation of Cell Cycle (GO:0045786),2/68,0.025928795219488817,0.11626179960646253,10.343689172169,37.779302158526356,PTPRK;CDK6
P4,GO_Biological_Process_2026,gs_ind_0,Negative Regulation of Cell Cycle Phase Transition (GO:1901988),1/11,0.03961726211805212,0.12787493502161307,38.99138549892319,125.88331156809635,APBB2
P4,GO_Biological_Process_2026,gs_ind_0,Negative Regulation of Cell Cycle Process (GO:0010948),1/32,0.11098459693722368,0.17879756558092694,12.987078248384782,28.550323385514286,APBB2
P4,GO_Biological_Process_2026,gs_ind_0,Negative Regulation of Cell Differentiation (GO:0045596),3/211,0.04276466802803583,0.13086531683988523,4.641615938018815,14.630573168533909,ABCA1;SPRED2;CDK6
P4,GO_Biological_Process_2026,gs_ind_0,Negative Regulation of Cell Growth (GO:0030308),2/120,0.07196841627081314,0.15541750847054173,5.793548801644927,15.245885422267497,PTPRS;SLIT3
P4,GO_Biological_Process_2026,gs_ind_0,Negative Regulation of Cell Junction Assembly (GO:1901889),1/28,0.09780812250653742,0.17027248966109299,14.878300593878484,34.58829438886499,DLC1
P4,GO_Biological_Process_2026,gs_ind_0,Negative Regulation of Cell Migration (GO:0030336),4/179,0.004315716083694092,0.05842320131209764,7.1721801514547625,39.05604975225152,DACH1;PTPRK;TGFBR3;DLC1
P4,GO_Biological_Process_2026,gs_ind_0,Negative Regulation of Cell Migration Involved in Sprouting Angiogenesis (GO:0090051),1/15,0.05363491085988955,0.14100540333310094,28.2309824987004,82.591294852792,STARD13
P4,GO_Biological_Process_2026,gs_ind_0,Negative Regulation of Cell Motility (GO:2000146),4/135,0.0015605937941922474,0.04163113445095201,9.587600228530901,61.96167750593578,DACH1;PTPRK;TGFBR3;DLC1
P4,GO_Biological_Process_2026,gs_ind_0,Negative Regulation of Cell Population Proliferation (GO:0008285),6/359,0.0021089069431171966,0.042311125918983096,5.217492497549075,32.14802613052039,PTPN14;CDH13;TGFBR3;CDK6;PTPRK;DLC1
P4,GO_Biological_Process_2026,gs_ind_0,Negative Regulation of Cell Projection Organization (GO:0031345),1/52,0.17406277381902974,0.22457316622170692,7.937698199736547,13.877789521683125,PTPRS
P4,GO_Biological_Process_2026,gs_ind_0,Negative Regulation of Cell Size (GO:0045792),1/5,0.018204501114733745,0.10862817441489149,91.0,364.55386253468845,DEPTOR
P4,GO_Biological_Process_2026,gs_ind_0,Negative Regulation of Cell Volume (GO:0045794),2/5,0.0001322061015675598,0.012429312300864852,196.9869470630892,1759.3196723588437,P2RX7;ANO6
P4,GO_Biological_Process_2026,gs_ind_0,Negative Regulation of Cell-Matrix Adhesion (GO:0001953),1/36,0.12397052607037776,0.18666523215400585,11.52204685398825,24.054708967199332,DLC1
P4,GO_Biological_Process_2026,gs_ind_0,Negative Regulation of Cell-Substrate Adhesion (GO:0010812),1/40,0.1367686379517141,0.19526296593513326,10.353730678710006,20.598380195399425,EFNA5
P4,GO_Biological_Process_2026,gs_ind_0,Negative Regulation of Cell-Substrate Junction Organization (GO:0150118),1/19,0.06744997582548398,0.15105463721904686,22.123726741817194,59.65373216204687,DLC1
P4,GO_Biological_Process_2026,gs_ind_0,Negative Regulation of Cellular Extravasation (GO:0002692),1/5,0.018204501114733745,0.10862817441489149,91.0,364.55386253468845,PLCB1
P4,GO_Biological_Process_2026,gs_ind_0,Negative Regulation of Cellular Process (GO:0048523),7/510,0.0027575351758563995,0.04928840774246848,4.247991333393518,25.03518880253682,PTPN14;SLIT3;CDK6;CDH13;SEMA5A;PTPRK;DLC1
P4,GO_Biological_Process_2026,gs_ind_0,Negative Regulation of Cellular Response to Insulin Stimulus (GO:1900077),1/35,0.12074175755375664,0.18561487135806318,11.856456194013546,25.06574885089274,PTPRE
P4,GO_Biological_Process_2026,gs_ind_0,Negative Regulation of Cellular Senescence (GO:2000773),1/17,0.060567584183063565,0.14571564682768876,24.80721790772042,69.5593259790493,CDK6
P4,GO_Biological_Process_2026,gs_ind_0,Negative Regulation of Chemokine-Mediated Signaling Pathway (GO:0070100),1/5,0.018204501114733745,0.10862817441489149,91.0,364.55386253468845,SLIT3
P4,GO_Biological_Process_2026,gs_ind_0,Negative Regulation of Chemotaxis (GO:0050922),1/13,0.04665159224326654,0.13475475848612342,32.75035175879397,100.38140738175221,SEMA5A
P4,GO_Biological_Process_2026,gs_ind_0,Negative Regulation of Cholesterol Storage (GO:0010887),1/9,0.032531551648223855,0.11802446937975614,48.16937629323086,165.00635843822025,ABCA1
P4,GO_Biological_Process_2026,gs_ind_0,Negative Regulation of Cold-Induced Thermogenesis (GO:0120163),2/43,0.010903872514168692,0.09242815299393461,16.590116812427375,74.96472024703068,LGR4;LAMA4
P4,GO_Biological_Process_2026,gs_ind_0,Negative Regulation of Collateral Sprouting (GO:0048671),1/6,0.021805834468432178,0.11173950205010161,74.4518044769301,284.8211635890129,PTPRS
P4,GO_Biological_Process_2026,gs_ind_0,Negative Regulation of Cytokine Production (GO:0001818),1/175,0.47536125360332127,0.48717814352340383,2.332018257476494,1.7342758743294704,LGR4
P4,GO_Biological_Process_2026,gs_ind_0,Negative Regulation of Cytokine-Mediated Signaling Pathway (GO:0001960),1/64,0.20976111348061466,0.25468986603335675,6.434811854548332,10.049798749352027,SLIT3
P4,GO_Biological_Process_2026,gs_ind_0,Negative Regulation of Cytoplasmic Pattern Recognition Receptor Signaling Pathway (GO:0039532),1/36,0.12397052607037776,0.18666523215400585,11.52204685398825,24.054708967199332,PTPRS
P4,GO_Biological_Process_2026,gs_ind_0,Negative Regulation of Cytoskeleton Organization (GO:0051494),1/28,0.09780812250653742,0.17027248966109299,14.878300593878484,34.58829438886499,KANK4
P4,GO_Biological_Process_2026,gs_ind_0,Negative Regulation of DNA Binding (GO:0043392),1/10,0.036080852581350895,0.12210945257942263,43.0973287490082,143.16902243022955,NFIB
P4,GO_Biological_Process_2026,gs_ind_0,Negative Regulation of DNA Biosynthetic Process (GO:2000279),1/23,0.08106535561630931,0.1626687556283021,18.187939698492464,45.697191038775365,DACH1
P4,GO_Biological_Process_2026,gs_ind_0,Negative Regulation of DNA Metabolic Process (GO:0051053),1/28,0.09780812250653742,0.17027248966109299,14.878300593878484,34.58829438886499,DACH1
P4,GO_Biological_Process_2026,gs_ind_0,Negative Regulation of DNA-templated Transcription (GO:0045892),12/909,0.00012473760479410866,0.012429312300864852,4.134287018239617,37.16433880436719,FOXP1;ESR1;NFIB;APBB2;GLI3;NFIX;DACH1;PTPRK;PLCB1;TENM2;HDAC4;RBFOX2
P4,GO_Biological_Process_2026,gs_ind_0,Negative Regulation of Delayed Rectifier Potassium Channel Activity (GO:1902260),1/6,0.021805834468432178,0.11173950205010161,74.4518044769301,284.8211635890129,ANK3
P4,GO_Biological_Process_2026,gs_ind_0,Negative Regulation of Dendritic Spine Development (GO:0061000),1/6,0.021805834468432178,0.11173950205010161,74.4518044769301,284.8211635890129,PTPRS
P4,GO_Biological_Process_2026,gs_ind_0,Negative Regulation of Developmental Growth (GO:0048640),1/33,0.11424883561195394,0.17897011036276725,12.587011982991882,27.305967256473732,PTPRS
P4,GO_Biological_Process_2026,gs_ind_0,Negative Regulation of Developmental Process (GO:0051093),3/113,0.008373215705324741,0.08254898526879935,8.789998839772595,42.04007929012253,PTPRS;NFIB;CDK6
P4,GO_Biological_Process_2026,gs_ind_0,Negative Regulation of ERK1 and ERK2 Cascade (GO:0070373),1/46,0.15561952100888302,0.21098192160696097,8.986415594455796,16.717799339197803,SPRED2
P4,GO_Biological_Process_2026,gs_ind_0,Negative Regulation of Endothelial Cell Apoptotic Process (GO:2000352),1/28,0.09780812250653742,0.17027248966109299,14.878300593878484,34.58829438886499,SEMA5A
P4,GO_Biological_Process_2026,gs_ind_0,Negative Regulation of Epithelial Cell Differentiation (GO:0030857),1/14,0.05014960504049533,0.13909997483709255,30.32328308207705,90.74984291620152,SPRED2
P4,GO_Biological_Process_2026,gs_ind_0,Negative Regulation of Epithelial Cell Proliferation (GO:0050680),4/71,0.00013703762183974477,0.012429312300864852,18.722279792746114,166.53945402121056,PTPRK;NFIB;CDK6;TGFBR3
P4,GO_Biological_Process_2026,gs_ind_0,Negative Regulation of Epithelial to Mesenchymal Transition (GO:0010719),1/36,0.12397052607037776,0.18666523215400585,11.52204685398825,24.054708967199332,SPRED2
P4,GO_Biological_Process_2026,gs_ind_0,Negative Regulation of Extracellular Matrix Organization (GO:1903054),1/15,0.05363491085988955,0.14100540333310094,28.2309824987004,82.591294852792,TGFBR3
P4,GO_Biological_Process_2026,gs_ind_0,Negative Regulation of Focal Adhesion Assembly (GO:0051895),1/19,0.06744997582548398,0.15105463721904686,22.123726741817194,59.65373216204687,DLC1
P4,GO_Biological_Process_2026,gs_ind_0,Negative Regulation of G Protein-Coupled Receptor Signaling Pathway (GO:0045744),2/50,0.014548712109323129,0.10586534556540127,14.192003767858077,60.03576373485683,SLIT3;RGS7
P4,GO_Biological_Process_2026,gs_ind_0,Negative Regulation of G2/M Transition of Mitotic Cell Cycle (GO:0010972),1/33,0.11424883561195394,0.17897011036276725,12.587011982991882,27.305967256473732,RBBP8
P4,GO_Biological_Process_2026,gs_ind_0,Negative Regulation of Gene Expression (GO:0010629),5/346,0.00901805848713524,0.08432349533847075,4.524104466742812,21.301864473840695,FOXP1;ESR1;RBMS3;LGR4;HDAC4
P4,GO_Biological_Process_2026,gs_ind_0,"Negative Regulation of Gene Expression, Epigenetic (GO:0045814)",1/111,0.33545998634018803,0.36007361847402436,3.691420905432138,4.031964064801912,HDAC4
P4,GO_Biological_Process_2026,gs_ind_0,Negative Regulation of Glycolytic Process (GO:0045820),1/12,0.043140826609840886,0.13086531683988523,35.59951933580948,111.89945212016866,HDAC4
P4,GO_Biological_Process_2026,gs_ind_0,Negative Regulation of Growth (GO:0045926),1/102,0.31302906249874485,0.3400207900435468,4.020075748199123,4.669154128547146,SLIT3
P4,GO_Biological_Process_2026,gs_ind_0,Negative Regulation of Immune System Process (GO:0002683),1/53,0.17709763410262688,0.22719597472571793,7.7862167982771,13.478362460655353,LGR4
P4,GO_Biological_Process_2026,gs_ind_0,Negative Regulation of Insulin Receptor Signaling Pathway (GO:0046627),1/34,0.11750120825052357,0.1828020512576756,12.21083027075677,26.147132213032688,PTPRE
P4,GO_Biological_Process_2026,gs_ind_0,Negative Regulation of Interferon-Alpha Production (GO:0032687),1/4,0.014590042112100507,0.10586534556540127,117.0043072505384,494.6258840598229,PTPRS
P4,GO_Biological_Process_2026,gs_ind_0,Negative Regulation of Interferon-Beta Production (GO:0032688),1/10,0.036080852581350895,0.12210945257942263,43.0973287490082,143.16902243022955,PTPRS
P4,GO_Biological_Process_2026,gs_ind_0,Negative Regulation of Intracellular Signal Transduction (GO:1902532),5/334,0.007813545994757583,0.0813054882800292,4.690964415384249,22.76007329175943,P2RX7;ESR1;SPRED2;TGFBR3;DEPTOR
P4,GO_Biological_Process_2026,gs_ind_0,Negative Regulation of Intracellular Steroid Hormone Receptor Signaling Pathway (GO:0033144),1/28,0.09780812250653742,0.17027248966109299,14.878300593878484,34.58829438886499,FOXP1
P4,GO_Biological_Process_2026,gs_ind_0,Negative Regulation of Keratinocyte Proliferation (GO:0010839),1/8,0.02896931280161029,0.11626179960646253,54.59396984924623,193.34553720447744,PTPRK
P4,GO_Biological_Process_2026,gs_ind_0,Negative Regulation of Kinase Activity (GO:0033673),1/25,0.08779905814197392,0.16624999109555394,16.70197928417598,40.630980258906256,DEPTOR
P4,GO_Biological_Process_2026,gs_ind_0,Negative Regulation of Lens Fiber Cell Differentiation (GO:1902747),1/5,0.018204501114733745,0.10862817441489149,91.0,364.55386253468845,SPRED2
P4,GO_Biological_Process_2026,gs_ind_0,Negative Regulation of Lipid Storage (GO:0010888),1/17,0.060567584183063565,0.14571564682768876,24.80721790772042,69.5593259790493,ABCA1
P4,GO_Biological_Process_2026,gs_ind_0,Negative Regulation of Lymphocyte Apoptotic Process (GO:0070229),1/9,0.032531551648223855,0.11802446937975614,48.16937629323086,165.00635843822025,FOXP1
P4,GO_Biological_Process_2026,gs_ind_0,Negative Regulation of MAPK Cascade (GO:0043409),2/118,0.0699031361207183,0.15378299772014223,5.893444587263894,15.680362488510136,P2RX7;SPRED2
P4,GO_Biological_Process_2026,gs_ind_0,Negative Regulation of Macromolecule Biosynthetic Process (GO:0010558),4/177,0.00414741003831048,0.05699546825375159,7.255394125815651,39.79780463682872,DACH1;FOXP1;ESR1;RBMS3
P4,GO_Biological_Process_2026,gs_ind_0,Negative Regulation of Macrophage Derived Foam Cell Differentiation (GO:0010745),1/12,0.043140826609840886,0.13086531683988523,35.59951933580948,111.89945212016866,ABCA1
P4,GO_Biological_Process_2026,gs_ind_0,Negative Regulation of Mesenchymal Cell Proliferation (GO:0072201),1/5,0.018204501114733745,0.10862817441489149,91.0,364.55386253468845,NFIB
P4,GO_Biological_Process_2026,gs_ind_0,Negative Regulation of Mononuclear Cell Migration (GO:0071676),1/16,0.0571075553965845,0.14387931317972816,26.40865618414654,75.60319879037347,PLCB1
P4,GO_Biological_Process_2026,gs_ind_0,Negative Regulation of Multicellular Organismal Process (GO:0051241),4/236,0.011230041476541283,0.09431155202984208,5.402406819321411,24.252283814896902,LGR4;LAMA4;NFIB;SPRED2
P4,GO_Biological_Process_2026,gs_ind_0,Negative Regulation of Muscle Cell Apoptotic Process (GO:0010656),1/18,0.06401504258973123,0.14625099150852952,23.388801148600145,64.28732849758696,ESR1
P4,GO_Biological_Process_2026,gs_ind_0,Negative Regulation of Myeloid Cell Differentiation (GO:0045638),1/20,0.07087242893827944,0.15378299772014223,20.98840355624275,55.55365534242182,CDK6
P4,GO_Biological_Process_2026,gs_ind_0,Negative Regulation of Myeloid Leukocyte Differentiation (GO:0002762),1/32,0.11098459693722368,0.17879756558092694,12.987078248384782,28.550323385514286,CDK6
P4,GO_Biological_Process_2026,gs_ind_0,Negative Regulation of Myotube Differentiation (GO:0010832),1/11,0.03961726211805212,0.12787493502161307,38.99138549892319,125.88331156809635,HDAC4
P4,GO_Biological_Process_2026,gs_ind_0,Negative Regulation of Neuron Projection Development (GO:0010977),1/52,0.17406277381902974,0.22457316622170692,7.937698199736547,13.877789521683125,PTPRS
P4,GO_Biological_Process_2026,gs_ind_0,Negative Regulation of Neuron Projection Regeneration (GO:0070571),1/8,0.02896931280161029,0.11626179960646253,54.59396984924623,193.34553720447744,PTPRS
P4,GO_Biological_Process_2026,gs_ind_0,Negative Regulation of Osteoblast Differentiation (GO:0045668),1/37,0.12718755619754754,0.18666523215400585,11.205961313416397,23.107728348226125,CDK6
P4,GO_Biological_Process_2026,gs_ind_0,Negative Regulation of Plasma Membrane Bounded Cell Projection Assembly (GO:0120033),1/35,0.12074175755375664,0.18561487135806318,11.856456194013546,25.06574885089274,ARHGAP24
P4,GO_Biological_Process_2026,gs_ind_0,Negative Regulation of Programmed Cell Death (GO:0043069),1/388,0.7620783056775863,0.762919451710343,1.0418738855568164,0.2830833497115497,SH3RF3
P4,GO_Biological_Process_2026,gs_ind_0,Negative Regulation of Protein Folding (GO:1903333),1/6,0.021805834468432178,0.11173950205010161,74.4518044769301,284.8211635890129,HDAC4
P4,GO_Biological_Process_2026,gs_ind_0,Negative Regulation of Protein Kinase Activity (GO:0006469),1/28,0.09780812250653742,0.17027248966109299,14.878300593878484,34.58829438886499,DEPTOR
P4,GO_Biological_Process_2026,gs_ind_0,Negative Regulation of Protein Phosphorylation (GO:0001933),1/54,0.18012145406991348,0.22880974627648673,7.640398252946978,13.096589333388202,DEPTOR
P4,GO_Biological_Process_2026,gs_ind_0,Negative Regulation of Protein Polymerization (GO:0032272),1/25,0.08779905814197392,0.16624999109555394,16.70197928417598,40.630980258906256,KANK4
P4,GO_Biological_Process_2026,gs_ind_0,Negative Regulation of Purine Nucleotide Catabolic Process (GO:0033122),1/12,0.043140826609840886,0.13086531683988523,35.59951933580948,111.89945212016866,HDAC4
P4,GO_Biological_Process_2026,gs_ind_0,Negative Regulation of RNA Biosynthetic Process (GO:1902679),6/423,0.004712552233428343,0.060425490869502954,4.407141273009536,23.611372379179286,FOXP1;DACH1;RBFOX2;PTPRK;PLCB1;GLI3
P4,GO_Biological_Process_2026,gs_ind_0,Negative Regulation of Response to External Stimulus (GO:0032102),1/156,0.4371883026308286,0.45162846296829334,2.618801402510947,2.166773439848593,PTPRS
P4,GO_Biological_Process_2026,gs_ind_0,Negative Regulation of Response to Wounding (GO:1903035),1/22,0.07768007418553498,0.15868429568982034,19.03459156246348,48.636360355386536,PTPRS
P4,GO_Biological_Process_2026,gs_ind_0,Negative Regulation of Rho Protein Signal Transduction (GO:0035024),2/18,0.0019607912697134173,0.042311125918983096,41.765113059529305,260.38072065544543,HEG1;DLC1
P4,GO_Biological_Process_2026,gs_ind_0,Negative Regulation of Ruffle Assembly (GO:1900028),1/7,0.025394089358317242,0.11626179960646253,62.9953614224971,231.39700796830692,ARHGAP24
P4,GO_Biological_Process_2026,gs_ind_0,Negative Regulation of SMAD Protein Signal Transduction (GO:0060392),1/24,0.08443833551787916,0.16364438101435128,17.41334331230621,43.0411486823959,TGFBR3
P4,GO_Biological_Process_2026,gs_ind_0,Negative Regulation of Secretion by Cell (GO:1903531),1/39,0.1335865701175638,0.1920174629106662,10.623050316517654,21.38425920263491,ACSL4
P4,GO_Biological_Process_2026,gs_ind_0,Negative Regulation of Signal Transduction (GO:0009968),5/292,0.004478990956470296,0.058876011558239974,5.3846665149100845,29.12220148166857,RGS7;SPRED2;PTPRE;LGR4;GLI3
P4,GO_Biological_Process_2026,gs_ind_0,Negative Regulation of Small GTPase Mediated Signal Transduction (GO:0051058),3/48,0.0007343418080684579,0.028958609561656145,21.398422090729785,154.42248248739878,ARHGAP24;HEG1;DLC1
P4,GO_Biological_Process_2026,gs_ind_0,Negative Regulation of Smooth Muscle Cell Apoptotic Process (GO:0034392),1/11,0.03961726211805212,0.12787493502161307,38.99138549892319,125.88331156809635,ESR1
P4,GO_Biological_Process_2026,gs_ind_0,Negative Regulation of Smoothened Signaling Pathway (GO:0045879),1/29,0.10112025539501886,0.1714319096136114,14.355725998413119,32.89535401837941,GLI3
P4,GO_Biological_Process_2026,gs_ind_0,Negative Regulation of Stress Fiber Assembly (GO:0051497),1/23,0.08106535561630931,0.1626687556283021,18.187939698492464,45.697191038775365,DLC1
P4,GO_Biological_Process_2026,gs_ind_0,Negative Regulation of Striated Muscle Cell Differentiation (GO:0051154),1/17,0.060567584183063565,0.14571564682768876,24.80721790772042,69.5593259790493,HDAC4
P4,GO_Biological_Process_2026,gs_ind_0,Negative Regulation of Substrate Adhesion-Dependent Cell Spreading (GO:1900025),1/12,0.043140826609840886,0.13086531683988523,35.59951933580948,111.89945212016866,EFNA5
P4,GO_Biological_Process_2026,gs_ind_0,Negative Regulation of Supramolecular Fiber Organization (GO:1902904),1/73,0.23552841416211917,0.274581326021905,5.634136198232542,8.146531160523915,KANK4
P4,GO_Biological_Process_2026,gs_ind_0,Negative Regulation of T Cell Differentiation (GO:0045581),1/24,0.08443833551787916,0.16364438101435128,17.41334331230621,43.0411486823959,GLI3
P4,GO_Biological_Process_2026,gs_ind_0,Negative Regulation of TOR Signaling (GO:0032007),1/71,0.2298752076552973,0.2697242087236153,5.794397519512456,8.519031546226,DEPTOR
P4,GO_Biological_Process_2026,gs_ind_0,Negative Regulation of TORC1 Signaling (GO:1904262),1/51,0.1710168333182885,0.22318311916501823,8.09517886462013,14.296031530903484,DEPTOR
P4,GO_Biological_Process_2026,gs_ind_0,Negative Regulation of Toll-Like Receptor 9 Signaling Pathway (GO:0034164),1/5,0.018204501114733745,0.10862817441489149,91.0,364.55386253468845,PTPRS
P4,GO_Biological_Process_2026,gs_ind_0,Negative Regulation of Toll-Like Receptor Signaling Pathway (GO:0034122),1/18,0.06401504258973123,0.14625099150852952,23.388801148600145,64.28732849758696,LGR4
P4,GO_Biological_Process_2026,gs_ind_0,Negative Regulation of Transcription by RNA Polymerase II (GO:0000122),8/675,0.003420253254423156,0.05287226206307886,3.6482113574248407,20.71469249541334,ESR1;NFIB;APBB2;NFIX;DACH1;TENM2;HDAC4;GLI3
P4,GO_Biological_Process_2026,gs_ind_0,Negative Regulation of Transforming Growth Factor Beta Receptor Signaling Pathway (GO:0030512),1/81,0.25773332405292904,0.2955298671504509,5.072723867786135,6.877750472831031,SPRED2
P4,GO_Biological_Process_2026,gs_ind_0,Negative Regulation of Translation (GO:0017148),1/99,0.30538678109558665,0.3333162580670242,4.142973752008775,4.914296741872068,TNRC6C
P4,GO_Biological_Process_2026,gs_ind_0,Negative Regulation of Type I Interferon Production (GO:0032480),1/39,0.1335865701175638,0.1920174629106662,10.623050316517654,21.38425920263491,PTPRS
P4,GO_Biological_Process_2026,gs_ind_0,Negative Regulation of Voltage-Gated Potassium Channel Activity (GO:1903817),1/8,0.02896931280161029,0.11626179960646253,54.59396984924623,193.34553720447744,ANK3
P4,GO_Biological_Process_2026,gs_ind_0,Negative Regulation of Wnt Signaling Pathway (GO:0030178),4/143,0.0019262788678908332,0.042311125918983096,9.035099448437238,56.48893421332909,IGFBP4;IGFBP2;RBMS3;GLI3
P4,GO_Biological_Process_2026,gs_ind_0,Negative Regulation of miRNA Metabolic Process (GO:2000629),2/25,0.003780992539606251,0.054742493435737116,29.316880872664434,163.52278131066697,ESR1;NFIB
P4,GO_Biological_Process_2026,gs_ind_0,Negative Regulation of miRNA Transcription (GO:1902894),2/24,0.003486817880202735,0.05287226206307886,30.62098138747885,173.27696042731014,ESR1;NFIB
P4,GO_Biological_Process_2026,gs_ind_0,Nervous System Development (GO:0007399),7/493,0.00228377107304139,0.04315375756767793,4.3992338596655145,26.755820171131752,BOC;SEMA5A;LAMA4;KALRN;CABLES1;HDAC4;RBFOX2
P4,GO_Biological_Process_2026,gs_ind_0,Neural Crest Cell Development (GO:0014032),1/46,0.15561952100888302,0.21098192160696097,8.986415594455796,16.717799339197803,SEMA5A
P4,GO_Biological_Process_2026,gs_ind_0,Neural Crest Cell Migration (GO:0001755),1/37,0.12718755619754754,0.18666523215400585,11.205961313416397,23.107728348226125,SEMA5A
P4,GO_Biological_Process_2026,gs_ind_0,Neural Tube Closure (GO:0001843),1/31,0.10770844937287086,0.17633856242092757,13.413378367246066,29.88939646374393,DLC1
P4,GO_Biological_Process_2026,gs_ind_0,Neurogenesis (GO:0022008),1/68,0.2213177094527477,0.2637781372846809,6.0525963149078725,9.12825951138168,CDK6
P4,GO_Biological_Process_2026,gs_ind_0,Neuromuscular Junction Development (GO:0007528),1/20,0.07087242893827944,0.15378299772014223,20.98840355624275,55.55365534242182,ANK3
P4,GO_Biological_Process_2026,gs_ind_0,Neuron Development (GO:0048666),1/166,0.45760996125031844,0.4700478310917767,2.4596547693148523,1.9228057739199595,PTPRK
P4,GO_Biological_Process_2026,gs_ind_0,Neuron Differentiation (GO:0030182),2/186,0.14903771070065208,0.20559807453686105,3.7119805208204366,7.065962469750783,ACSL4;DTNB
P4,GO_Biological_Process_2026,gs_ind_0,Neuron Migration (GO:0001764),1/59,0.19507633576312508,0.2417134378922875,6.986084267491303,11.41780694412366,FGFR1
P4,GO_Biological_Process_2026,gs_ind_0,Neuron Projection Development (GO:0031175),2/204,0.17219844556976402,0.22440228467209192,3.37977063357774,5.945380592799993,CTNND2;PTPRK
P4,GO_Biological_Process_2026,gs_ind_0,Neuron Projection Extension (GO:1990138),1/39,0.1335865701175638,0.1920174629106662,10.623050316517654,21.38425920263491,SEMA5A
P4,GO_Biological_Process_2026,gs_ind_0,Neuron Projection Fasciculation (GO:0106030),2/13,0.001011639008733172,0.03670226323683948,59.93489295961157,413.3220188529541,SEMA5A;EFNA5
P4,GO_Biological_Process_2026,gs_ind_0,Neuron Projection Guidance (GO:0097485),6/133,9.845051519129667e-06,0.0032835881066954403,14.587675070028011,168.17461907972788,SLIT3;BOC;EFNA5;SEMA5A;TENM2;KALRN
P4,GO_Biological_Process_2026,gs_ind_0,Neuron Projection Morphogenesis (GO:0048812),2/157,0.1133395888630196,0.17897011036276725,4.408980364633489,9.599967272544788,CTNND2;ANK3
P4,GO_Biological_Process_2026,gs_ind_0,Neuronal Action Potential (GO:0019228),1/16,0.0571075553965845,0.14387931317972816,26.40865618414654,75.60319879037347,ANK3
P4,GO_Biological_Process_2026,gs_ind_0,Neurotransmitter Transport (GO:0006836),1/62,0.20391930381764029,0.2496016309886636,6.644564284838828,10.565062748652936,SLC1A3
P4,GO_Biological_Process_2026,gs_ind_0,Neurotransmitter Uptake (GO:0001504),1/12,0.043140826609840886,0.13086531683988523,35.59951933580948,111.89945212016866,SLC1A3
P4,GO_Biological_Process_2026,gs_ind_0,Nose Development (GO:0043584),1/8,0.02896931280161029,0.11626179960646253,54.59396984924623,193.34553720447744,GLI3
P4,GO_Biological_Process_2026,gs_ind_0,Nuclear Receptor-Mediated Signaling Pathway (GO:0141193),1/33,0.11424883561195394,0.17897011036276725,12.587011982991882,27.305967256473732,ESR1
P4,GO_Biological_Process_2026,gs_ind_0,Nuclear Receptor-Mediated Steroid Hormone Signaling Pathway (GO:0030518),2/43,0.010903872514168692,0.09242815299393461,16.590116812427375,74.96472024703068,ESR1;RBFOX2
P4,GO_Biological_Process_2026,gs_ind_0,Nucleic Acid Metabolic Process (GO:0090304),1/23,0.08106535561630931,0.1626687556283021,18.187939698492464,45.697191038775365,RBFOX2
P4,GO_Biological_Process_2026,gs_ind_0,Organelle Organization (GO:0006996),1/399,0.7716376770117626,0.7716376770117626,1.012698372666343,0.2625320977043589,DIAPH3
P4,GO_Biological_Process_2026,gs_ind_0,Osteoclast Differentiation (GO:0030316),1/29,0.10112025539501886,0.1714319096136114,14.355725998413119,32.89535401837941,FOXP1
P4,GO_Biological_Process_2026,gs_ind_0,Peptidyl-lysine Modification (GO:0018205),1/70,0.2270331041296496,0.2674273057734964,5.877987057590109,8.715052993038883,HDAC4
P4,GO_Biological_Process_2026,gs_ind_0,Peptidyl-tyrosine Dephosphorylation (GO:0035335),1/19,0.06744997582548398,0.15105463721904686,22.123726741817194,59.65373216204687,PTPRS
P4,GO_Biological_Process_2026,gs_ind_0,Peptidyl-tyrosine Modification (GO:0018212),1/39,0.1335865701175638,0.1920174629106662,10.623050316517654,21.38425920263491,FGFR1
P4,GO_Biological_Process_2026,gs_ind_0,Peptidyl-tyrosine Phosphorylation (GO:0018108),1/50,0.16795977255684102,0.22271858729393978,8.259022384650525,14.734350124773231,FGFR1
P4,GO_Biological_Process_2026,gs_ind_0,Phagocytosis (GO:0006909),2/91,0.044160597880144266,0.1330686454395045,7.6790119955761,23.95792105993816,ELMO1;VAV3
P4,GO_Biological_Process_2026,gs_ind_0,"Phagocytosis, Engulfment (GO:0006911)",1/27,0.09448390777737954,0.17027248966109299,15.440314781454441,36.428732206490906,ELMO1
P4,GO_Biological_Process_2026,gs_ind_0,Phosphatidylinositol Metabolic Process (GO:0046488),1/70,0.2270331041296496,0.2674273057734964,5.877987057590109,8.715052993038883,PLCB1
P4,GO_Biological_Process_2026,gs_ind_0,Phosphatidylinositol-mediated Signaling (GO:0048015),2/24,0.003486817880202735,0.05287226206307886,30.62098138747885,173.27696042731014,FGFR1;PLCB1
P4,GO_Biological_Process_2026,gs_ind_0,Phospholipase C-activating G Protein-Coupled Receptor Signaling Pathway (GO:0007200),1/119,0.35478894091682145,0.3768074583273502,3.4411933083137205,3.565875308851531,ESR1
P4,GO_Biological_Process_2026,gs_ind_0,Phospholipid Efflux (GO:0033700),1/10,0.036080852581350895,0.12210945257942263,43.0973287490082,143.16902243022955,ABCA1
P4,GO_Biological_Process_2026,gs_ind_0,Phospholipid Homeostasis (GO:0055091),1/15,0.05363491085988955,0.14100540333310094,28.2309824987004,82.591294852792,ABCA1
P4,GO_Biological_Process_2026,gs_ind_0,Phospholipid Translocation (GO:0045332),3/33,0.0002410656251351643,0.015153159702300181,31.939890710382514,266.0733865462001,ABCA1;P2RX7;ANO6
P4,GO_Biological_Process_2026,gs_ind_0,Phospholipid Transport (GO:0015914),1/64,0.20976111348061466,0.25468986603335675,6.434811854548332,10.049798749352027,ABCA1
P4,GO_Biological_Process_2026,gs_ind_0,Phosphorylation (GO:0016310),2/253,0.23754460724665472,0.27657632705098306,2.716341544640785,3.9044689373922585,FGFR1;KALRN
P4,GO_Biological_Process_2026,gs_ind_0,Plasma Membrane Bounded Cell Projection Assembly (GO:0120031),3/245,0.06146088716093654,0.14625099150852952,3.985799629923341,11.117807287298675,P2RX7;CDH13;ANO6
P4,GO_Biological_Process_2026,gs_ind_0,Plasma Membrane Bounded Cell Projection Organization (GO:0120036),1/147,0.41815900965645764,0.43444469846323835,2.780609532303154,2.424395413169346,PTPRK
P4,GO_Biological_Process_2026,gs_ind_0,Plasma Membrane Invagination (GO:0099024),1/27,0.09448390777737954,0.17027248966109299,15.440314781454441,36.428732206490906,ELMO1
P4,GO_Biological_Process_2026,gs_ind_0,Plasma Membrane Organization (GO:0007009),3/70,0.0021925280244677017,0.042311125918983096,14.412421652421653,88.24293479828248,P2RX7;ANK3;ANO6
P4,GO_Biological_Process_2026,gs_ind_0,Plasma Membrane Phospholipid Scrambling (GO:0017121),2/11,0.0007167572143387991,0.028958609561656145,72.5581084691424,525.3768208799154,P2RX7;ANO6
P4,GO_Biological_Process_2026,gs_ind_0,Platelet Dense Granule Organization (GO:0060155),1/24,0.08443833551787916,0.16364438101435128,17.41334331230621,43.0411486823959,ABCA1
P4,GO_Biological_Process_2026,gs_ind_0,Pore Complex Assembly (GO:0046931),3/19,4.444011973378606e-05,0.0067178647664239925,59.07086247086247,591.9708449268339,P2RX7;PLEKHA7;ANO6
P4,GO_Biological_Process_2026,gs_ind_0,Pos Reg Insulin Secretion Involved in Cellular Response to Glucose Stimulus (GO:0035774),1/15,0.05363491085988955,0.14100540333310094,28.2309824987004,82.591294852792,EFNA5
P4,GO_Biological_Process_2026,gs_ind_0,"Pos Reg Nuclear-Transcribed mRNA Catabolic Process, Deadenylation-Dependent Decay (GO:1900153)",1/13,0.04665159224326654,0.13475475848612342,32.75035175879397,100.38140738175221,TNRC6C
P4,GO_Biological_Process_2026,gs_ind_0,Pos Reg Phosphatidylinositol 3-Kinase/Protein Kinase B Signal Transduction (GO:0051897),4/160,0.0028925546339937792,0.050452827942929955,8.048585475674155,47.04893368297405,VAV3;FGFR1;SEMA5A;EFNA5
P4,GO_Biological_Process_2026,gs_ind_0,Pos Reg Transmembrane Rec Protein Serine/Threonine Kinase Signaling Pathway (GO:0090100),1/79,0.2522426969822118,0.2903351854858707,5.20234932624908,7.165526449104015,TGFBR3
P4,GO_Biological_Process_2026,gs_ind_0,Positive Chemotaxis (GO:0050918),1/17,0.060567584183063565,0.14571564682768876,24.80721790772042,69.5593259790493,SEMA5A
P4,GO_Biological_Process_2026,gs_ind_0,Positive Regulation of ATP Metabolic Process (GO:1903580),1/31,0.10770844937287086,0.17633856242092757,13.413378367246066,29.88939646374393,P2RX7
P4,GO_Biological_Process_2026,gs_ind_0,Positive Regulation of Acrosome Reaction (GO:2000344),1/6,0.021805834468432178,0.11173950205010161,74.4518044769301,284.8211635890129,PLCB1
P4,GO_Biological_Process_2026,gs_ind_0,Positive Regulation of Actin Filament Bundle Assembly (GO:0032233),1/52,0.17406277381902974,0.22457316622170692,7.937698199736547,13.877789521683125,FHOD3
P4,GO_Biological_Process_2026,gs_ind_0,Positive Regulation of Actin Filament Depolymerization (GO:0030836),1/9,0.032531551648223855,0.11802446937975614,48.16937629323086,165.00635843822025,SEMA5A
P4,GO_Biological_Process_2026,gs_ind_0,Positive Regulation of Activated T Cell Proliferation (GO:0042104),1/16,0.0571075553965845,0.14387931317972816,26.40865618414654,75.60319879037347,IGFBP2
P4,GO_Biological_Process_2026,gs_ind_0,Positive Regulation of Alpha-Beta T Cell Activation (GO:0046635),1/14,0.05014960504049533,0.13909997483709255,30.32328308207705,90.74984291620152,GLI3
P4,GO_Biological_Process_2026,gs_ind_0,Positive Regulation of Alpha-Beta T Cell Differentiation (GO:0046638),1/13,0.04665159224326654,0.13475475848612342,32.75035175879397,100.38140738175221,GLI3
P4,GO_Biological_Process_2026,gs_ind_0,Positive Regulation of Angiogenesis (GO:0045766),1/120,0.35716558398107345,0.3788879352875247,3.4122705578099706,3.5131228895667435,SEMA5A
P4,GO_Biological_Process_2026,gs_ind_0,Positive Regulation of Antigen Receptor-Mediated Signaling Pathway (GO:0050857),1/20,0.07087242893827944,0.15378299772014223,20.98840355624275,55.55365534242182,FOXP1
P4,GO_Biological_Process_2026,gs_ind_0,Positive Regulation of Apoptotic Process (GO:0043065),2/280,0.27418826154768594,0.3089301282282623,2.4505372326367687,3.170848937314587,ANO6;DLC1
P4,GO_Biological_Process_2026,gs_ind_0,Positive Regulation of Autophagy (GO:0010508),1/91,0.28459342977031415,0.31788945911536326,4.510536105944085,5.668362215187675,DEPTOR
P4,GO_Biological_Process_2026,gs_ind_0,Positive Regulation of Axon Extension (GO:0045773),1/22,0.07768007418553498,0.15868429568982034,19.03459156246348,48.636360355386536,SEMA5A
P4,GO_Biological_Process_2026,gs_ind_0,Positive Regulation of Axon Extension Involved in Axon Guidance (GO:0048842),1/5,0.018204501114733745,0.10862817441489149,91.0,364.55386253468845,SEMA5A
P4,GO_Biological_Process_2026,gs_ind_0,Positive Regulation of B Cell Activation (GO:0050871),1/51,0.1710168333182885,0.22318311916501823,8.09517886462013,14.296031530903484,VAV3
P4,GO_Biological_Process_2026,gs_ind_0,Positive Regulation of B Cell Proliferation (GO:0030890),1/29,0.10112025539501886,0.1714319096136114,14.355725998413119,32.89535401837941,VAV3
P4,GO_Biological_Process_2026,gs_ind_0,Positive Regulation of Biomineral Tissue Development (GO:0070169),2/43,0.010903872514168692,0.09242815299393461,16.590116812427375,74.96472024703068,P2RX7;ANO6
P4,GO_Biological_Process_2026,gs_ind_0,Positive Regulation of Biosynthetic Process (GO:0009891),1/87,0.2739668544992329,0.3089301282282623,4.71981293751997,6.110969063971938,ESR1
P4,GO_Biological_Process_2026,gs_ind_0,Positive Regulation of Blood Coagulation (GO:0030194),1/21,0.07428244681570347,0.15704936890872503,19.96384360828533,51.90360975057245,ANO6
P4,GO_Biological_Process_2026,gs_ind_0,Positive Regulation of Blood Vessel Endothelial Cell Migration (GO:0043536),2/51,0.015106734484467503,0.10788825336544902,13.904783879403169,58.297400489932905,FGFR1;TGFBR3
P4,GO_Biological_Process_2026,gs_ind_0,Positive Regulation of Bone Mineralization (GO:0030501),2/38,0.008590198795084398,0.08288627986320797,18.86621236353522,89.74908897806998,P2RX7;ANO6
P4,GO_Biological_Process_2026,gs_ind_0,Positive Regulation of Calcium Ion Transmembrane Transport (GO:1904427),1/40,0.1367686379517141,0.19526296593513326,10.353730678710006,20.598380195399425,P2RX7
P4,GO_Biological_Process_2026,gs_ind_0,Positive Regulation of Calcium Ion Transport Into Cytosol (GO:0010524),1/9,0.032531551648223855,0.11802446937975614,48.16937629323086,165.00635843822025,P2RX7
P4,GO_Biological_Process_2026,gs_ind_0,Positive Regulation of Calcium-Mediated Signaling (GO:0050850),1/29,0.10112025539501886,0.1714319096136114,14.355725998413119,32.89535401837941,CDH13
P4,GO_Biological_Process_2026,gs_ind_0,Positive Regulation of Canonical NF-kappaB Signal Transduction (GO:0043123),1/203,0.526990514544804,0.5358524626593466,2.0074818537130095,1.2859381305931272,ROR1
P4,GO_Biological_Process_2026,gs_ind_0,Positive Regulation of Canonical Wnt Signaling Pathway (GO:0090263),2/96,0.048603725480302264,0.13909997483709255,7.271372169849327,21.989030058167174,LGR4;SEMA5A
P4,GO_Biological_Process_2026,gs_ind_0,Positive Regulation of Carbohydrate Metabolic Process (GO:0045913),1/35,0.12074175755375664,0.18561487135806318,11.856456194013546,25.06574885089274,P2RX7
P4,GO_Biological_Process_2026,gs_ind_0,Positive Regulation of Cardiac Muscle Cell Proliferation (GO:0060045),1/15,0.05363491085988955,0.14100540333310094,28.2309824987004,82.591294852792,TGFBR3
P4,GO_Biological_Process_2026,gs_ind_0,Positive Regulation of Cardiac Muscle Tissue Growth (GO:0055023),1/18,0.06401504258973123,0.14625099150852952,23.388801148600145,64.28732849758696,TGFBR3
P4,GO_Biological_Process_2026,gs_ind_0,Positive Regulation of Catabolic Process (GO:0009896),1/154,0.43301354309987516,0.4483370817255557,2.6531190152717987,2.2206241993411293,DEPTOR
P4,GO_Biological_Process_2026,gs_ind_0,Positive Regulation of Cell Adhesion (GO:0045785),1/83,0.2631840348188177,0.2991327313040948,4.949383280036546,6.606940349250194,MAGI1
P4,GO_Biological_Process_2026,gs_ind_0,Positive Regulation of Cell Communication (GO:0010647),1/29,0.10112025539501886,0.1714319096136114,14.355725998413119,32.89535401837941,ANK3
P4,GO_Biological_Process_2026,gs_ind_0,Positive Regulation of Cell Cycle G1/S Phase Transition (GO:1902808),1/38,0.13039289018139794,0.18952940928610243,10.906733668341708,22.219232230345032,PLCB1
P4,GO_Biological_Process_2026,gs_ind_0,Positive Regulation of Cell Differentiation (GO:0045597),4/278,0.019338582909705495,0.11173950205010161,4.568674084770237,18.02640290167191,ARID1B;FGFR1;BOC;PLCB1
P4,GO_Biological_Process_2026,gs_ind_0,Positive Regulation of Cell Growth (GO:0030307),1/99,0.30538678109558665,0.3333162580670242,4.142973752008775,4.914296741872068,ACSL4
P4,GO_Biological_Process_2026,gs_ind_0,Positive Regulation of Cell Migration (GO:0030335),3/318,0.11190524058161189,0.17897011036276725,3.05526433418668,6.691343070929068,FOXP1;SEMA5A;CDH13
P4,GO_Biological_Process_2026,gs_ind_0,Positive Regulation of Cell Migration Involved in Sprouting Angiogenesis (GO:0090050),1/20,0.07087242893827944,0.15378299772014223,20.98840355624275,55.55365534242182,TGFBR3
P4,GO_Biological_Process_2026,gs_ind_0,Positive Regulation of Cell Motility (GO:2000147),2/230,0.20657157848385582,0.2525018823527594,2.992313587843917,4.719202594400058,SEMA5A;CDH13
P4,GO_Biological_Process_2026,gs_ind_0,Positive Regulation of Cell Population Proliferation (GO:0008284),6/443,0.005875747835660214,0.0674595352777698,4.202527588813303,21.588056157101406,FOXP1;CDH13;CDK6;TGFBR3;FGFR1;HDAC4
P4,GO_Biological_Process_2026,gs_ind_0,Positive Regulation of Cell-Cell Adhesion (GO:0022409),2/47,0.012930045847825955,0.10085889623681607,15.129413733474648,65.7857401005744,MAGI1;ANK3
P4,GO_Biological_Process_2026,gs_ind_0,Positive Regulation of Cell-Matrix Adhesion (GO:0001954),2/45,0.011897844885328674,0.09810313919084643,15.826185891825661,70.13212846654835,CDH13;CDK6
P4,GO_Biological_Process_2026,gs_ind_0,Positive Regulation of Cell-Substrate Adhesion (GO:0010811),2/70,0.027359022238275892,0.11626179960646253,10.04094260624699,36.13442976017837,CDH13;CDK6
P4,GO_Biological_Process_2026,gs_ind_0,Positive Regulation of Cellular Process (GO:0048522),5/587,0.06504409338976495,0.14822862488572064,2.6285014493404937,7.182879308143637,ACSL4;ANK3;FGFR1;ARID1B;HDAC4
P4,GO_Biological_Process_2026,gs_ind_0,Positive Regulation of Chemotaxis (GO:0050921),3/43,0.0005309674613583954,0.022932737497717362,24.04463437796771,181.31601495500345,FGFR1;SEMA5A;CDH13
P4,GO_Biological_Process_2026,gs_ind_0,Positive Regulation of Cytokine Production (GO:0001819),2/304,0.3067254317260975,0.33437495982640675,2.254100767714058,2.663901450913429,FOXP1;PLCB1
P4,GO_Biological_Process_2026,gs_ind_0,Positive Regulation of Cytoskeleton Organization (GO:0051495),2/71,0.028085857334324914,0.11626179960646253,9.896103421831063,35.35372187465476,P2RX7;SEMA5A
P4,GO_Biological_Process_2026,gs_ind_0,"Positive Regulation of DNA Damage Response, Signal Transduction by P53 Class Mediator (GO:0043517)",1/15,0.05363491085988955,0.14100540333310094,28.2309824987004,82.591294852792,SPRED2
P4,GO_Biological_Process_2026,gs_ind_0,Positive Regulation of DNA Repair (GO:0045739),1/76,0.24393127980932583,0.2822011106977787,5.409664215115312,7.632326099746303,ARID1B
P4,GO_Biological_Process_2026,gs_ind_0,Positive Regulation of DNA-templated Transcription (GO:0045893),10/1205,0.013005233172286659,0.10085889623681607,2.5206055858641174,10.945486394183387,ESR1;NFIB;APBB2;CDH13;NFIA;NFIX;PLCB1;ARID1B;HDAC4;GLI3
P4,GO_Biological_Process_2026,gs_ind_0,Positive Regulation of Developmental Growth (GO:0048639),1/54,0.18012145406991348,0.22880974627648673,7.640398252946978,13.096589333388202,PLCB1
P4,GO_Biological_Process_2026,gs_ind_0,Positive Regulation of Developmental Process (GO:0051094),3/235,0.055619605717633254,0.14387931317972816,4.158775847808106,12.015616354886507,ARID1B;FGFR1;PLCB1
P4,GO_Biological_Process_2026,gs_ind_0,Positive Regulation of Double-Strand Break Repair (GO:2000781),1/94,0.29246217540983005,0.3242826321475744,4.365329320398786,5.3668228915658895,ARID1B
P4,GO_Biological_Process_2026,gs_ind_0,Positive Regulation of Embryonic Development (GO:0040019),1/22,0.07768007418553498,0.15868429568982034,19.03459156246348,48.636360355386536,PLCB1
P4,GO_Biological_Process_2026,gs_ind_0,Positive Regulation of Endothelial Cell Chemotaxis (GO:2001028),2/15,0.00135532356897635,0.039654144421340305,51.05188945290468,337.1321310615674,FGFR1;SEMA5A
P4,GO_Biological_Process_2026,gs_ind_0,Positive Regulation of Endothelial Cell Migration (GO:0010595),3/82,0.0034364385575965817,0.05287226206307886,12.231543299467829,69.39345491299221,FGFR1;SEMA5A;FOXP1
P4,GO_Biological_Process_2026,gs_ind_0,Positive Regulation of Endothelial Cell Proliferation (GO:0001938),3/68,0.0020179677941317177,0.042311125918983096,14.853591700919946,92.17640398994021,FGFR1;SEMA5A;CDH13
P4,GO_Biological_Process_2026,gs_ind_0,Positive Regulation of Epithelial Cell Proliferation (GO:0050679),2/109,0.06086419544224539,0.14604186578337716,6.388974147090072,17.88344270862272,SEMA5A;CDH13
P4,GO_Biological_Process_2026,gs_ind_0,Positive Regulation of Establishment of Protein Localization (GO:1904951),1/29,0.10112025539501886,0.1714319096136114,14.355725998413119,32.89535401837941,ANK3
P4,GO_Biological_Process_2026,gs_ind_0,Positive Regulation of Execution Phase of Apoptosis (GO:1900119),1/12,0.043140826609840886,0.13086531683988523,35.59951933580948,111.89945212016866,DLC1
P4,GO_Biological_Process_2026,gs_ind_0,Positive Regulation of Ferroptosis (GO:0160020),1/9,0.032531551648223855,0.11802446937975614,48.16937629323086,165.00635843822025,ACSL4
P4,GO_Biological_Process_2026,gs_ind_0,Positive Regulation of Fibroblast Proliferation (GO:0048146),1/28,0.09780812250653742,0.17027248966109299,14.878300593878484,34.58829438886499,CDK6
P4,GO_Biological_Process_2026,gs_ind_0,Positive Regulation of Filopodium Assembly (GO:0051491),1/24,0.08443833551787916,0.16364438101435128,17.41334331230621,43.0411486823959,TENM2
P4,GO_Biological_Process_2026,gs_ind_0,Positive Regulation of G1/S Transition of Mitotic Cell Cycle (GO:1900087),1/33,0.11424883561195394,0.17897011036276725,12.587011982991882,27.305967256473732,PLCB1
P4,GO_Biological_Process_2026,gs_ind_0,Positive Regulation of GTPase Activity (GO:0043547),1/77,0.24671186426811992,0.2850543450843118,5.3387525864617205,7.471766641728897,RGS7
P4,GO_Biological_Process_2026,gs_ind_0,Positive Regulation of Gene Expression (GO:0010628),4/388,0.05470509987722141,0.14340325314635785,3.2483003968548076,9.43890590201861,P2RX7;ANK3;TGFBR3;RBMS3
P4,GO_Biological_Process_2026,gs_ind_0,"Positive Regulation of Gene Expression, Epigenetic (GO:0141137)",1/43,0.1462455860603604,0.20313131172549292,9.621814957138634,18.49763110790661,ARID1B
P4,GO_Biological_Process_2026,gs_ind_0,Positive Regulation of Glycolytic Process (GO:0045821),1/22,0.07768007418553498,0.15868429568982034,19.03459156246348,48.636360355386536,P2RX7
P4,GO_Biological_Process_2026,gs_ind_0,Positive Regulation of Glycoprotein Biosynthetic Process (GO:0010560),1/11,0.03961726211805212,0.12787493502161307,38.99138549892319,125.88331156809635,PLCB1
P4,GO_Biological_Process_2026,gs_ind_0,Positive Regulation of Glycoprotein Metabolic Process (GO:1903020),1/8,0.02896931280161029,0.11626179960646253,54.59396984924623,193.34553720447744,PLCB1
P4,GO_Biological_Process_2026,gs_ind_0,Positive Regulation of Growth (GO:0045927),2/70,0.027359022238275892,0.11626179960646253,10.04094260624699,36.13442976017837,ACSL4;PLCB1
P4,GO_Biological_Process_2026,gs_ind_0,Positive Regulation of Hippo Signaling (GO:0035332),1/13,0.04665159224326654,0.13475475848612342,32.75035175879397,100.38140738175221,PTPN14
P4,GO_Biological_Process_2026,gs_ind_0,Positive Regulation of Homotypic Cell-Cell Adhesion (GO:0034112),1/16,0.0571075553965845,0.14387931317972816,26.40865618414654,75.60319879037347,ANK3
P4,GO_Biological_Process_2026,gs_ind_0,Positive Regulation of Hydrolase Activity (GO:0051345),1/66,0.21556048026879066,0.2589580868924412,6.237868732977867,9.572095390817173,RGS7
P4,GO_Biological_Process_2026,gs_ind_0,Positive Regulation of Inflammasome-Mediated Signaling Pathway (GO:0141087),1/29,0.10112025539501886,0.1714319096136114,14.355725998413119,32.89535401837941,P2RX7
P4,GO_Biological_Process_2026,gs_ind_0,Positive Regulation of Insulin Secretion (GO:0032024),2/47,0.012930045847825955,0.10085889623681607,15.129413733474648,65.7857401005744,ACSL4;EFNA5
P4,GO_Biological_Process_2026,gs_ind_0,Positive Regulation of Interleukin-1 Beta Production (GO:0032731),1/45,0.15250625325948727,0.20769245000954198,9.18869629044097,17.27979985753456,P2RX7
P4,GO_Biological_Process_2026,gs_ind_0,Positive Regulation of Interleukin-1 Production (GO:0032732),1/52,0.17406277381902974,0.22457316622170692,7.937698199736547,13.877789521683125,P2RX7
P4,GO_Biological_Process_2026,gs_ind_0,Positive Regulation of Interleukin-12 Production (GO:0032735),1/30,0.10442034991225575,0.17409789957797053,13.868580189080998,31.333708986565636,PLCB1
P4,GO_Biological_Process_2026,gs_ind_0,Positive Regulation of Intracellular Signal Transduction (GO:1902533),8/650,0.002720033861915134,0.04928840774246848,3.7937406667367757,22.41004703211335,PTPN14;CDH13;TGFBR3;EFNA5;SEMA5A;FGFR1;ROR1;VAV3
P4,GO_Biological_Process_2026,gs_ind_0,Positive Regulation of JNK Cascade (GO:0046330),2/81,0.03576854112490912,0.12210945257942263,8.648117996360503,28.80416995965575,SH3RF3;PLCB1
P4,GO_Biological_Process_2026,gs_ind_0,Positive Regulation of Leukocyte Chemotaxis (GO:0002690),1/52,0.17406277381902974,0.22457316622170692,7.937698199736547,13.877789521683125,ANO6
P4,GO_Biological_Process_2026,gs_ind_0,Positive Regulation of Lipase Activity (GO:0060193),1/8,0.02896931280161029,0.11626179960646253,54.59396984924623,193.34553720447744,FGFR1
P4,GO_Biological_Process_2026,gs_ind_0,Positive Regulation of Lymphocyte Differentiation (GO:0045621),1/41,0.1399391354800803,0.19708819236092054,10.097710776102735,19.85762987649694,ARID1B
P4,GO_Biological_Process_2026,gs_ind_0,Positive Regulation of Lymphocyte Proliferation (GO:0050671),1/66,0.21556048026879066,0.2589580868924412,6.237868732977867,9.572095390817173,VAV3
P4,GO_Biological_Process_2026,gs_ind_0,Positive Regulation of MAP Kinase Activity (GO:0043406),1/28,0.09780812250653742,0.17027248966109299,14.878300593878484,34.58829438886499,FGFR1
P4,GO_Biological_Process_2026,gs_ind_0,Positive Regulation of MAPK Cascade (GO:0043410),3/355,0.14197032270047594,0.1996388878904367,2.7308019639934535,5.330900204308343,FGFR1;SH3RF3;PLCB1
P4,GO_Biological_Process_2026,gs_ind_0,Positive Regulation of Macromolecule Biosynthetic Process (GO:0010557),5/314,0.006063010286622695,0.06789074481440474,4.997817794280591,25.516602918444324,P2RX7;TGFBR3;ANK3;PLCB1;RBMS3
P4,GO_Biological_Process_2026,gs_ind_0,Positive Regulation of Membrane Depolarization (GO:1904181),1/9,0.032531551648223855,0.11802446937975614,48.16937629323086,165.00635843822025,ANK3
P4,GO_Biological_Process_2026,gs_ind_0,Positive Regulation of Membrane Invagination (GO:1905155),1/9,0.032531551648223855,0.11802446937975614,48.16937629323086,165.00635843822025,ANO6
P4,GO_Biological_Process_2026,gs_ind_0,Positive Regulation of Membrane Potential (GO:0045838),1/5,0.018204501114733745,0.10862817441489149,91.0,364.55386253468845,ANK3
P4,GO_Biological_Process_2026,gs_ind_0,Positive Regulation of Mitotic Cell Cycle Phase Transition (GO:1901992),1/62,0.20391930381764029,0.2496016309886636,6.644564284838828,10.565062748652936,PLCB1
P4,GO_Biological_Process_2026,gs_ind_0,Positive Regulation of Monoatomic Ion Transport (GO:0043270),3/39,0.00039740327288258085,0.019250430116086615,26.683596768528275,208.94747861848276,P2RX7;ANK3;ANO6
P4,GO_Biological_Process_2026,gs_ind_0,Positive Regulation of Monocyte Chemotaxis (GO:0090026),1/18,0.06401504258973123,0.14625099150852952,23.388801148600145,64.28732849758696,ANO6
P4,GO_Biological_Process_2026,gs_ind_0,Positive Regulation of Mononuclear Cell Migration (GO:0071677),1/33,0.11424883561195394,0.17897011036276725,12.587011982991882,27.305967256473732,ANO6
P4,GO_Biological_Process_2026,gs_ind_0,Positive Regulation of Multicellular Organismal Process (GO:0051240),3/398,0.179845882384705,0.22880974627648673,2.4299977308826866,4.169037766265116,ABCA1;AVPR1A;PLCB1
P4,GO_Biological_Process_2026,gs_ind_0,Positive Regulation of Myoblast Differentiation (GO:0045663),3/42,0.0004952368775650302,0.022458992397574123,24.654268094774423,187.63067542972752,ARID1B;BOC;PLCB1
P4,GO_Biological_Process_2026,gs_ind_0,Positive Regulation of NLRP3 Inflammasome Complex Assembly (GO:1900227),1/28,0.09780812250653742,0.17027248966109299,14.878300593878484,34.58829438886499,P2RX7
P4,GO_Biological_Process_2026,gs_ind_0,Positive Regulation of Neuron Differentiation (GO:0045666),1/37,0.12718755619754754,0.18666523215400585,11.205961313416397,23.107728348226125,FGFR1
P4,GO_Biological_Process_2026,gs_ind_0,Positive Regulation of Nitric Oxide Biosynthetic Process (GO:0045429),1/27,0.09448390777737954,0.17027248966109299,15.440314781454441,36.428732206490906,ESR1
P4,GO_Biological_Process_2026,gs_ind_0,Positive Regulation of Nuclear-Transcribed mRNA poly(A) Tail Shortening (GO:0060213),1/13,0.04665159224326654,0.13475475848612342,32.75035175879397,100.38140738175221,TNRC6C
P4,GO_Biological_Process_2026,gs_ind_0,Positive Regulation of Organelle Organization (GO:0010638),1/74,0.23833959157565857,0.2767913054534217,5.557276176802379,7.969460621659022,P2RX7
P4,GO_Biological_Process_2026,gs_ind_0,Positive Regulation of Ossification (GO:0045778),2/42,0.010421411814037997,0.09242815299393461,17.000376010528296,77.58789300948246,P2RX7;ANO6
P4,GO_Biological_Process_2026,gs_ind_0,Positive Regulation of Oxidoreductase Activity (GO:0051353),1/4,0.014590042112100507,0.10586534556540127,117.0043072505384,494.6258840598229,ESR1
P4,GO_Biological_Process_2026,gs_ind_0,Positive Regulation of Peptide Hormone Secretion (GO:0090277),1/56,0.18613613194826314,0.23383029318154386,7.36452532934945,12.381806910580362,ACSL4
P4,GO_Biological_Process_2026,gs_ind_0,Positive Regulation of Phagocytosis (GO:0050766),1/55,0.18313427347949734,0.23101917391641738,7.499930846895025,12.731400062627513,ANO6
P4,GO_Biological_Process_2026,gs_ind_0,"Positive Regulation of Phagocytosis, Engulfment (GO:0060100)",1/10,0.036080852581350895,0.12210945257942263,43.0973287490082,143.16902243022955,ANO6
P4,GO_Biological_Process_2026,gs_ind_0,Positive Regulation of Plasma Membrane Bounded Cell Projection Assembly (GO:0120034),2/92,0.045036475505884827,0.13475475848612342,7.5938805844574695,23.54317546844409,TENM2;P2RX7
P4,GO_Biological_Process_2026,gs_ind_0,Positive Regulation of Positive Chemotaxis (GO:0050927),1/15,0.05363491085988955,0.14100540333310094,28.2309824987004,82.591294852792,CDH13
P4,GO_Biological_Process_2026,gs_ind_0,Positive Regulation of Programmed Cell Death (GO:0043068),2/234,0.21192946684206224,0.25650018267938063,2.9403962665793353,4.562029992232196,ACSL4;ANO6
P4,GO_Biological_Process_2026,gs_ind_0,Positive Regulation of Protein Depolymerization (GO:1901881),1/12,0.043140826609840886,0.13086531683988523,35.59951933580948,111.89945212016866,SEMA5A
P4,GO_Biological_Process_2026,gs_ind_0,Positive Regulation of Protein Modification by Small Protein Conjugation or Removal (GO:1903322),1/78,0.24948232449515884,0.28788863653576213,5.26967093532177,7.316238334127009,HDAC4
P4,GO_Biological_Process_2026,gs_ind_0,Positive Regulation of Protein Secretion (GO:0050714),2/80,0.03496732939943555,0.12210945257942263,8.758608425749296,29.37060160546953,ACSL4;FRMD4A
P4,GO_Biological_Process_2026,gs_ind_0,Positive Regulation of Protein Serine/Threonine Kinase Activity (GO:0071902),1/37,0.12718755619754754,0.18666523215400585,11.205961313416397,23.107728348226125,FGFR1
P4,GO_Biological_Process_2026,gs_ind_0,Positive Regulation of Protein Sumoylation (GO:0033235),1/11,0.03961726211805212,0.12787493502161307,38.99138549892319,125.88331156809635,HDAC4
P4,GO_Biological_Process_2026,gs_ind_0,Positive Regulation of Protein Targeting to Membrane (GO:0090314),1/20,0.07087242893827944,0.15378299772014223,20.98840355624275,55.55365534242182,ANK3
P4,GO_Biological_Process_2026,gs_ind_0,Positive Regulation of Protein Transport (GO:0051222),1/72,0.23270696523856207,0.2719912596280616,5.71314615033208,8.329625840241883,FRMD4A
P4,GO_Biological_Process_2026,gs_ind_0,Positive Regulation of Protein-Containing Complex Assembly (GO:0031334),2/97,0.0495111858247973,0.13909997483709255,7.194966380524623,21.62487911394833,ABCA1;P2RX7
P4,GO_Biological_Process_2026,gs_ind_0,Positive Regulation of Purine Nucleotide Catabolic Process (GO:0033123),1/22,0.07768007418553498,0.15868429568982034,19.03459156246348,48.636360355386536,P2RX7
P4,GO_Biological_Process_2026,gs_ind_0,Positive Regulation of RNA Biosynthetic Process (GO:1902680),6/526,0.013010464012907915,0.10085889623681607,3.5214156107527868,15.289991234482939,ESR1;NFIB;PLCB1;ARID1B;HDAC4;GLI3
P4,GO_Biological_Process_2026,gs_ind_0,Positive Regulation of Rac Protein Signal Transduction (GO:0035022),1/18,0.06401504258973123,0.14625099150852952,23.388801148600145,64.28732849758696,TNS3
P4,GO_Biological_Process_2026,gs_ind_0,Positive Regulation of Reproductive Process (GO:2000243),1/31,0.10770844937287086,0.17633856242092757,13.413378367246066,29.88939646374393,PLCB1
P4,GO_Biological_Process_2026,gs_ind_0,Positive Regulation of SMAD Protein Signal Transduction (GO:0060391),1/37,0.12718755619754754,0.18666523215400585,11.205961313416397,23.107728348226125,TGFBR3
P4,GO_Biological_Process_2026,gs_ind_0,Positive Regulation of Secretion by Cell (GO:1903532),1/74,0.23833959157565857,0.2767913054534217,5.557276176802379,7.969460621659022,FRMD4A
P4,GO_Biological_Process_2026,gs_ind_0,Positive Regulation of Signal Transduction (GO:0009967),1/265,0.6240917741497924,0.6289458212820686,1.5333852627979216,0.7229265153394302,BOC
P4,GO_Biological_Process_2026,gs_ind_0,Positive Regulation of Signal Transduction by P53 Class Mediator (GO:1901798),1/32,0.11098459693722368,0.17879756558092694,12.987078248384782,28.550323385514286,SPRED2
P4,GO_Biological_Process_2026,gs_ind_0,Positive Regulation of Small GTPase Mediated Signal Transduction (GO:0051057),1/71,0.2298752076552973,0.2697242087236153,5.794397519512456,8.519031546226,TNS3
P4,GO_Biological_Process_2026,gs_ind_0,Positive Regulation of Smooth Muscle Cell Proliferation (GO:0048661),2/48,0.013460293849554557,0.10317582316265721,14.80350417553627,63.773660657724555,FOXP1;CDH13
P4,GO_Biological_Process_2026,gs_ind_0,Positive Regulation of Smoothened Signaling Pathway (GO:0045880),1/36,0.12397052607037776,0.18666523215400585,11.52204685398825,24.054708967199332,BOC
P4,GO_Biological_Process_2026,gs_ind_0,Positive Regulation of Sodium Ion Transport (GO:0010765),1/13,0.04665159224326654,0.13475475848612342,32.75035175879397,100.38140738175221,ANK3
P4,GO_Biological_Process_2026,gs_ind_0,Positive Regulation of Stress Fiber Assembly (GO:0051496),1/44,0.14938162196228383,0.20559807453686105,9.400277248310518,17.872286764451427,FHOD3
P4,GO_Biological_Process_2026,gs_ind_0,Positive Regulation of Supramolecular Fiber Organization (GO:1902905),1/89,0.27929953184328316,0.31352063784883394,4.612809811770718,5.883502754967439,SEMA5A
P4,GO_Biological_Process_2026,gs_ind_0,Positive Regulation of T Cell Activation (GO:0050870),1/93,0.2898488274575872,0.3225679589006523,4.412685046855901,5.464650525257103,ARID1B
P4,GO_Biological_Process_2026,gs_ind_0,Positive Regulation of T Cell Differentiation (GO:0045582),2/60,0.02053026038097425,0.11173950205010161,11.761681634778082,45.70419368287942,ARID1B;GLI3
P4,GO_Biological_Process_2026,gs_ind_0,Positive Regulation of T Cell Proliferation (GO:0042102),1/55,0.18313427347949734,0.23101917391641738,7.499930846895025,12.731400062627513,IGFBP2
P4,GO_Biological_Process_2026,gs_ind_0,Positive Regulation of Transcription by RNA Polymerase II (GO:0045944),8/944,0.022803861514095553,0.11619720445665543,2.5739051384539904,9.731485905891025,ESR1;NFIB;APBB2;CDH13;NFIA;NFIX;HDAC4;GLI3
P4,GO_Biological_Process_2026,gs_ind_0,Positive Regulation of Transmembrane Transport (GO:0034764),2/16,0.0015452428094651371,0.04163113445095201,47.529319096796776,307.6370456108159,P2RX7;ANO6
P4,GO_Biological_Process_2026,gs_ind_0,Positive Regulation of Vascular Endothelial Cell Proliferation (GO:1905564),1/12,0.043140826609840886,0.13086531683988523,35.59951933580948,111.89945212016866,FGFR1
P4,GO_Biological_Process_2026,gs_ind_0,Positive Regulation of Vasculature Development (GO:1904018),1/104,0.3180776109586692,0.34303970646791077,3.9421018134149004,4.515519416376505,SEMA5A
P4,GO_Biological_Process_2026,gs_ind_0,Positive Regulation of Vasoconstriction (GO:0045907),1/15,0.05363491085988955,0.14100540333310094,28.2309824987004,82.591294852792,AVPR1A
P4,GO_Biological_Process_2026,gs_ind_0,Positive Regulation of Wnt Signaling Pathway (GO:0030177),2/118,0.0699031361207183,0.15378299772014223,5.893444587263894,15.680362488510136,LGR4;SEMA5A
P4,GO_Biological_Process_2026,gs_ind_0,Positive Regulation of mRNA Catabolic Process (GO:0061014),1/50,0.16795977255684102,0.22271858729393978,8.259022384650525,14.734350124773231,TNRC6C
P4,GO_Biological_Process_2026,gs_ind_0,Post-Golgi Vesicle-Mediated Transport (GO:0006892),1/44,0.14938162196228383,0.20559807453686105,9.400277248310518,17.872286764451427,RABEP1
P4,GO_Biological_Process_2026,gs_ind_0,Post-translational Protein Modification (GO:0043687),1/53,0.17709763410262688,0.22719597472571793,7.7862167982771,13.478362460655353,PARP8
P4,GO_Biological_Process_2026,gs_ind_0,Potassium Ion Transmembrane Transport (GO:0071805),1/143,0.4094983938692628,0.4269138428039326,2.859084898175086,2.552654748599491,SLC1A3
P4,GO_Biological_Process_2026,gs_ind_0,Potassium Ion Transport (GO:0006813),1/136,0.3940341510222922,0.4126893475487518,3.0075655027907064,2.8009989737828342,SLC1A3
P4,GO_Biological_Process_2026,gs_ind_0,Primary Neural Tube Formation (GO:0014020),1/29,0.10112025539501886,0.1714319096136114,14.355725998413119,32.89535401837941,DLC1
P4,GO_Biological_Process_2026,gs_ind_0,Protein Autophosphorylation (GO:0046777),1/100,0.3079435140862534,0.3352998406677453,4.101184313527436,4.830534456023747,FGFR1
P4,GO_Biological_Process_2026,gs_ind_0,Protein Autoubiquitination (GO:0051865),1/59,0.19507633576312508,0.2417134378922875,6.986084267491303,11.41780694412366,SH3RF3
P4,GO_Biological_Process_2026,gs_ind_0,Protein Complex Oligomerization (GO:0051259),1/112,0.3379071067322184,0.36227156714671643,3.658178786308223,3.9690663793599787,PXDN
P4,GO_Biological_Process_2026,gs_ind_0,Protein Dephosphorylation (GO:0006470),4/80,0.00021750656806150792,0.015153159702300181,16.51417250838159,139.26866566635792,PTPN14;PTPRS;PTPRK;PTPRE
P4,GO_Biological_Process_2026,gs_ind_0,Protein Homooligomerization (GO:0051260),2/136,0.08916823114596724,0.1684908034362339,5.101334138471119,12.331100245264658,PXDN;P2RX7
P4,GO_Biological_Process_2026,gs_ind_0,Protein Homotrimerization (GO:0070207),2/15,0.00135532356897635,0.039654144421340305,51.05188945290468,337.1321310615674,PXDN;P2RX7
P4,GO_Biological_Process_2026,gs_ind_0,Protein Localization to Axon (GO:0099612),1/6,0.021805834468432178,0.11173950205010161,74.4518044769301,284.8211635890129,ANK3
P4,GO_Biological_Process_2026,gs_ind_0,Protein Localization to Cell Junction (GO:1902414),1/32,0.11098459693722368,0.17879756558092694,12.987078248384782,28.550323385514286,HEG1
P4,GO_Biological_Process_2026,gs_ind_0,Protein Localization to Cell Periphery (GO:1990778),2/130,0.08258285929196632,0.16364438101435128,5.340713820142606,13.31948997282336,ANK3;RABEP1
P4,GO_Biological_Process_2026,gs_ind_0,Protein Localization to Cell Surface (GO:0034394),1/24,0.08443833551787916,0.16364438101435128,17.41334331230621,43.0411486823959,PTPRK
P4,GO_Biological_Process_2026,gs_ind_0,Protein Localization to Chromatin (GO:0071168),1/31,0.10770844937287086,0.17633856242092757,13.413378367246066,29.88939646374393,ESR1
P4,GO_Biological_Process_2026,gs_ind_0,Protein Localization to Chromosome (GO:0034502),1/58,0.19210712382525622,0.23967147360317384,7.107843565654359,11.725824641202973,ESR1
P4,GO_Biological_Process_2026,gs_ind_0,Protein Localization to Ciliary Membrane (GO:1903441),1/7,0.025394089358317242,0.11626179960646253,62.9953614224971,231.39700796830692,RABEP1
P4,GO_Biological_Process_2026,gs_ind_0,Protein Localization to Cilium (GO:0061512),1/61,0.20098238691296091,0.24801499990483747,6.754640973462353,10.838078132200403,RABEP1
P4,GO_Biological_Process_2026,gs_ind_0,Protein Localization to Membrane (GO:0072657),2/188,0.15157872792495217,0.20769245000954198,3.6719015800002723,6.9275936033045795,ANK3;RABEP1
P4,GO_Biological_Process_2026,gs_ind_0,Protein Localization to Plasma Membrane (GO:0072659),1/151,0.42669385591583603,0.4428047223291342,2.7063056144509927,2.304929336740743,ANK3
P4,GO_Biological_Process_2026,gs_ind_0,Protein Modification Process (GO:0036211),6/425,0.004820499575111001,0.06072490436980108,4.385801943608857,23.39771702944209,PTPN14;PTPRE;FGFR1;PTPRK;PTPRS;KALRN
P4,GO_Biological_Process_2026,gs_ind_0,Protein Modification by Small Protein Conjugation (GO:0032446),1/296,0.664956107396631,0.6686421168611356,1.3709409994133102,0.5593908748392936,HDAC4
P4,GO_Biological_Process_2026,gs_ind_0,Protein O-linked Glycosylation (GO:0006493),1/82,0.26046365097100105,0.2967845872244949,5.010296883188951,6.740312129922902,GALNT18
P4,GO_Biological_Process_2026,gs_ind_0,Protein O-linked Glycosylation via N-acetyl-galactosamine (GO:0016266),1/33,0.11424883561195394,0.17897011036276725,12.587011982991882,27.305967256473732,GALNT18
P4,GO_Biological_Process_2026,gs_ind_0,Protein Phosphorylation (GO:0006468),2/299,0.2999620143835658,0.33008778497208435,2.2924113807959734,2.7602912393815524,FGFR1;KALRN
P4,GO_Biological_Process_2026,gs_ind_0,Protein Polymerization (GO:0051258),1/59,0.19507633576312508,0.2417134378922875,6.986084267491303,11.41780694412366,DIAPH3
P4,GO_Biological_Process_2026,gs_ind_0,Protein Secretion (GO:0009306),2/56,0.018032057697388037,0.10862817441489149,12.626787128021236,50.70417843849184,LTBP2;ABCA1
P4,GO_Biological_Process_2026,gs_ind_0,Protein Sumoylation (GO:0016925),1/42,0.14309810434998382,0.20029318000838786,9.854029182054852,19.15844830527978,HDAC4
P4,GO_Biological_Process_2026,gs_ind_0,Protein Targeting (GO:0006605),1/97,0.3002452288886103,0.33008778497208435,4.2291509360272865,5.0883270912582725,LTBP2
P4,GO_Biological_Process_2026,gs_ind_0,Protein Transport (GO:0015031),3/294,0.09390711337298212,0.17027248966109299,3.3097682192021813,7.829088390578467,LTBP2;ABCA1;ANK3
P4,GO_Biological_Process_2026,gs_ind_0,Protein Trimerization (GO:0070206),2/16,0.0015452428094651371,0.04163113445095201,47.529319096796776,307.6370456108159,PXDN;P2RX7
P4,GO_Biological_Process_2026,gs_ind_0,Protein Ubiquitination (GO:0016567),1/348,0.7238565796935414,0.7254562627425879,1.163537110010484,0.3760109802033447,SH3RF3
P4,GO_Biological_Process_2026,gs_ind_0,Protein auto-ADP-ribosylation (GO:0070213),1/12,0.043140826609840886,0.13086531683988523,35.59951933580948,111.89945212016866,PARP8
P4,GO_Biological_Process_2026,gs_ind_0,Protein-containing Complex Assembly (GO:0065003),4/306,0.026344091426436955,0.11626179960646253,4.141472187727487,15.060510257852473,MAGI1;P2RX7;PLEKHA7;ANO6
P4,GO_Biological_Process_2026,gs_ind_0,Protein-containing Complex Organization (GO:0043933),1/118,0.35240359928096315,0.3755934953558562,3.4706083609537046,3.6197687617748397,MAGI1
P4,GO_Biological_Process_2026,gs_ind_0,Purine Nucleobase Metabolic Process (GO:0006144),1/7,0.025394089358317242,0.11626179960646253,62.9953614224971,231.39700796830692,ADK
P4,GO_Biological_Process_2026,gs_ind_0,Purinergic Nucleotide Receptor Signaling Pathway (GO:0035590),2/6,0.00019783434624159155,0.014952979336760295,153.20642978003383,1306.5567682102458,P2RX7;ANO6
P4,GO_Biological_Process_2026,gs_ind_0,Pyruvate Transmembrane Transport (GO:1901475),1/4,0.014590042112100507,0.10586534556540127,117.0043072505384,494.6258840598229,SLC16A7
P4,GO_Biological_Process_2026,gs_ind_0,RNA Metabolic Process (GO:0016070),1/72,0.23270696523856207,0.2719912596280616,5.71314615033208,8.329625840241883,RBFOX2
P4,GO_Biological_Process_2026,gs_ind_0,RNA Polymerase II Preinitiation Complex Assembly (GO:0051123),1/49,0.16489155134789077,0.21993623098902487,8.429622338496607,15.194118496222861,ESR1
P4,GO_Biological_Process_2026,gs_ind_0,Rac Protein Signal Transduction (GO:0016601),2/19,0.0021862443461816107,0.042311125918983096,39.37708484408992,241.20709424369562,ELMO1;CDH13
P4,GO_Biological_Process_2026,gs_ind_0,Recombinational Repair (GO:0000725),1/103,0.31555794502221696,0.34154063977941623,3.980708420149528,4.5914006536709016,RBBP8
P4,GO_Biological_Process_2026,gs_ind_0,Regulation of Acrosome Reaction (GO:0060046),1/10,0.036080852581350895,0.12210945257942263,43.0973287490082,143.16902243022955,PLCB1
P4,GO_Biological_Process_2026,gs_ind_0,Regulation of Actin Cytoskeleton Organization (GO:0032956),1/103,0.31555794502221696,0.34154063977941623,3.980708420149528,4.5914006536709016,EFNA5
P4,GO_Biological_Process_2026,gs_ind_0,Regulation of Actin Filament Depolymerization (GO:0030834),1/13,0.04665159224326654,0.13475475848612342,32.75035175879397,100.38140738175221,SEMA5A
P4,GO_Biological_Process_2026,gs_ind_0,Regulation of Actin Filament Polymerization (GO:0030833),1/70,0.2270331041296496,0.2674273057734964,5.877987057590109,8.715052993038883,KANK4
P4,GO_Biological_Process_2026,gs_ind_0,Regulation of Actin Filament-Based Process (GO:0032970),1/95,0.2950660020928981,0.3259742556617035,4.318975831538646,5.271552779622928,EFNA5
P4,GO_Biological_Process_2026,gs_ind_0,Regulation of Activated T Cell Proliferation (GO:0046006),1/28,0.09780812250653742,0.17027248966109299,14.878300593878484,34.58829438886499,IGFBP2
P4,GO_Biological_Process_2026,gs_ind_0,Regulation of Alpha-Beta T Cell Differentiation (GO:0046637),1/7,0.025394089358317242,0.11626179960646253,62.9953614224971,231.39700796830692,GLI3
P4,GO_Biological_Process_2026,gs_ind_0,"Regulation of Alternative mRNA Splicing, via Spliceosome (GO:0000381)",1/65,0.21266608310352175,0.25650018267938063,6.334813602898212,9.80649435082848,RBFOX2
P4,GO_Biological_Process_2026,gs_ind_0,Regulation of Anatomical Structure Morphogenesis (GO:0022603),2/107,0.05891461336750041,0.14571564682768876,6.51057329131282,18.43576977423768,TANC2;EFNA5
P4,GO_Biological_Process_2026,gs_ind_0,Regulation of Androgen Receptor Signaling Pathway (GO:0060765),1/28,0.09780812250653742,0.17027248966109299,14.878300593878484,34.58829438886499,FOXP1
P4,GO_Biological_Process_2026,gs_ind_0,Regulation of Angiogenesis (GO:0045765),1/200,0.5217086883560843,0.5310771945442968,2.037896248158084,1.3259488693858328,SEMA5A
P4,GO_Biological_Process_2026,gs_ind_0,Regulation of Apoptotic Process (GO:0042981),2/661,0.7010885629184811,0.7034151842556,1.0201737202849412,0.36228517492653955,SH3RF3;ANO6
P4,GO_Biological_Process_2026,gs_ind_0,Regulation of Apoptotic Signaling Pathway (GO:2001233),1/42,0.14309810434998382,0.20029318000838786,9.854029182054852,19.15844830527978,DEPTOR
P4,GO_Biological_Process_2026,gs_ind_0,Regulation of Autophagy (GO:0010506),1/224,0.5623808145965697,0.5699211160213282,1.8174429192944588,1.0460766211607468,DEPTOR
P4,GO_Biological_Process_2026,gs_ind_0,Regulation of Axon Extension (GO:0030516),1/41,0.1399391354800803,0.19708819236092054,10.097710776102735,19.85762987649694,PTPRS
P4,GO_Biological_Process_2026,gs_ind_0,Regulation of Axon Extension Involved in Axon Guidance (GO:0048841),1/6,0.021805834468432178,0.11173950205010161,74.4518044769301,284.8211635890129,SEMA5A
P4,GO_Biological_Process_2026,gs_ind_0,Regulation of Axon Regeneration (GO:0048679),1/12,0.043140826609840886,0.13086531683988523,35.59951933580948,111.89945212016866,PTPRS
P4,GO_Biological_Process_2026,gs_ind_0,Regulation of B Cell Apoptotic Process (GO:0002902),1/10,0.036080852581350895,0.12210945257942263,43.0973287490082,143.16902243022955,FOXP1
P4,GO_Biological_Process_2026,gs_ind_0,Regulation of B Cell Proliferation (GO:0030888),1/49,0.16489155134789077,0.21993623098902487,8.429622338496607,15.194118496222861,VAV3
P4,GO_Biological_Process_2026,gs_ind_0,Regulation of B Cell Receptor Signaling Pathway (GO:0050855),1/17,0.060567584183063565,0.14571564682768876,24.80721790772042,69.5593259790493,FOXP1
P4,GO_Biological_Process_2026,gs_ind_0,Regulation of Blood Vessel Endothelial Cell Migration (GO:0043535),1/56,0.18613613194826314,0.23383029318154386,7.36452532934945,12.381806910580362,FGFR1
P4,GO_Biological_Process_2026,gs_ind_0,Regulation of Bone Mineralization (GO:0030500),2/58,0.01926394116891126,0.11173950205010161,12.178922779749337,48.10090230987296,P2RX7;ANO6
P4,GO_Biological_Process_2026,gs_ind_0,Regulation of Bone Resorption (GO:0045124),1/32,0.11098459693722368,0.17879756558092694,12.987078248384782,28.550323385514286,P2RX7
P4,GO_Biological_Process_2026,gs_ind_0,Regulation of Calcium-Mediated Signaling (GO:0050848),1/45,0.15250625325948727,0.20769245000954198,9.18869629044097,17.27979985753456,CDH13
P4,GO_Biological_Process_2026,gs_ind_0,Regulation of Canonical NF-kappaB Signal Transduction (GO:0043122),3/279,0.08333130313844068,0.16364438101435128,3.491269068484258,8.675562780991363,ROR1;ESR1;TGFBR3
P4,GO_Biological_Process_2026,gs_ind_0,Regulation of Canonical Wnt Signaling Pathway (GO:0060828),7/219,1.6652850950014682e-05,0.003776033952915829,10.175086505190311,111.95575568753827,IGFBP4;CTNND2;LGR4;SEMA5A;RBMS3;IGFBP2;GLI3
P4,GO_Biological_Process_2026,gs_ind_0,Regulation of Cardiac Muscle Cell Proliferation (GO:0060043),1/21,0.07428244681570347,0.15704936890872503,19.96384360828533,51.90360975057245,TGFBR3
P4,GO_Biological_Process_2026,gs_ind_0,Regulation of Cdc42 Protein Signal Transduction (GO:0032489),1/11,0.03961726211805212,0.12787493502161307,38.99138549892319,125.88331156809635,ABCA1
P4,GO_Biological_Process_2026,gs_ind_0,Regulation of Cell Adhesion (GO:0030155),3/135,0.013536850007007946,0.10317582316265721,7.324567005321723,31.512775280931276,SEMA5A;CDH13;EFNA5
P4,GO_Biological_Process_2026,gs_ind_0,Regulation of Cell Communication by Electrical Coupling (GO:0010649),1/14,0.05014960504049533,0.13909997483709255,30.32328308207705,90.74984291620152,ANK3
P4,GO_Biological_Process_2026,gs_ind_0,Regulation of Cell Cycle (GO:0051726),2/300,0.3013155447567073,0.33086343716021005,2.284646583169655,2.7406557398582776,PTPRK;CDK6
P4,GO_Biological_Process_2026,gs_ind_0,Regulation of Cell Cycle G1/S Phase Transition (GO:1902806),1/86,0.2712858857554616,0.306803364563845,4.775191748214758,6.229629607934631,ARID1B
P4,GO_Biological_Process_2026,gs_ind_0,Regulation of Cell Cycle Phase Transition (GO:1901987),1/37,0.12718755619754754,0.18666523215400585,11.205961313416397,23.107728348226125,APBB2
P4,GO_Biological_Process_2026,gs_ind_0,Regulation of Cell Cycle Process (GO:0010564),1/153,0.43091468155808205,0.4466738470550633,2.6706153719416754,2.2482446333578854,ARID1B
P4,GO_Biological_Process_2026,gs_ind_0,Regulation of Cell Differentiation (GO:0045595),4/189,0.005226686963441275,0.0640622307546113,6.78302585087217,35.637866351608494,ARID1B;ELMO1;FGFR1;CDK6
P4,GO_Biological_Process_2026,gs_ind_0,Regulation of Cell Growth (GO:0001558),2/203,0.17089585277063443,0.22318311916501823,3.3966696476930633,6.000899514303566,ACSL4;SLIT3
P4,GO_Biological_Process_2026,gs_ind_0,Regulation of Cell Migration (GO:0030334),6/445,0.0060026289401800955,0.06789074481440474,4.183090452715026,21.398840780237993,CDH13;TGFBR3;SEMA5A;DACH1;PTPRK;DLC1
P4,GO_Biological_Process_2026,gs_ind_0,Regulation of Cell Migration Involved in Sprouting Angiogenesis (GO:0090049),2/35,0.0073225319405974265,0.07813572317790429,20.557996817940754,101.07954060774392,TGFBR3;STARD13
P4,GO_Biological_Process_2026,gs_ind_0,Regulation of Cell Morphogenesis (GO:0022604),1/15,0.05363491085988955,0.14100540333310094,28.2309824987004,82.591294852792,EFNA5
P4,GO_Biological_Process_2026,gs_ind_0,Regulation of Cell Motility (GO:2000145),1/114,0.3427746150393318,0.36705616982370004,3.593451840701304,3.8474447312642526,CDK6
P4,GO_Biological_Process_2026,gs_ind_0,Regulation of Cell Population Proliferation (GO:0042127),8/706,0.0044749797902476586,0.058876011558239974,3.482222523167405,18.836224174167636,PTPN14;CDK6;CDH13;FGFR1;PTPRK;DLC1;HDAC4;RBFOX2
P4,GO_Biological_Process_2026,gs_ind_0,Regulation of Cell Size (GO:0008361),1/19,0.06744997582548398,0.15105463721904686,22.123726741817194,59.65373216204687,DEPTOR
P4,GO_Biological_Process_2026,gs_ind_0,Regulation of Cell-Cell Adhesion (GO:0022407),2/43,0.010903872514168692,0.09242815299393461,16.590116812427375,74.96472024703068,MAGI1;EFNA5
P4,GO_Biological_Process_2026,gs_ind_0,Regulation of Cell-Matrix Adhesion (GO:0001952),3/67,0.0019340499414297197,0.042311125918983096,15.084436493738819,94.24965684579281,CDH13;CDK6;EFNA5
P4,GO_Biological_Process_2026,gs_ind_0,Regulation of Cell-Substrate Junction Assembly (GO:0090109),1/22,0.07768007418553498,0.15868429568982034,19.03459156246348,48.636360355386536,EFNA5
P4,GO_Biological_Process_2026,gs_ind_0,Regulation of Cellular Component Organization (GO:0051128),1/161,0.4474925332274017,0.4606988962965418,2.536749166392711,2.0397884039694127,CDH13
P4,GO_Biological_Process_2026,gs_ind_0,Regulation of Cellular Response to Transforming Growth Factor Beta Stimulus (GO:1903844),1/21,0.07428244681570347,0.15704936890872503,19.96384360828533,51.90360975057245,TGFBR3
P4,GO_Biological_Process_2026,gs_ind_0,Regulation of Cellular Senescence (GO:2000772),1/31,0.10770844937287086,0.17633856242092757,13.413378367246066,29.88939646374393,CDK6
P4,GO_Biological_Process_2026,gs_ind_0,Regulation of Chemokine (C-X-C Motif) Ligand 2 Production (GO:2000341),1/12,0.043140826609840886,0.13086531683988523,35.59951933580948,111.89945212016866,FOXP1
P4,GO_Biological_Process_2026,gs_ind_0,Regulation of Chemokine Production (GO:0032642),1/36,0.12397052607037776,0.18666523215400585,11.52204685398825,24.054708967199332,FOXP1
P4,GO_Biological_Process_2026,gs_ind_0,Regulation of Chemokine-Mediated Signaling Pathway (GO:0070099),1/7,0.025394089358317242,0.11626179960646253,62.9953614224971,231.39700796830692,SLIT3
P4,GO_Biological_Process_2026,gs_ind_0,Regulation of Cholesterol Storage (GO:0010885),1/15,0.05363491085988955,0.14100540333310094,28.2309824987004,82.591294852792,ABCA1
P4,GO_Biological_Process_2026,gs_ind_0,Regulation of Cold-Induced Thermogenesis (GO:0120161),2/142,0.09590398721931202,0.17027248966109299,4.882399696515346,11.446335546071932,LGR4;LAMA4
P4,GO_Biological_Process_2026,gs_ind_0,Regulation of Collateral Sprouting (GO:0048670),1/8,0.02896931280161029,0.11626179960646253,54.59396984924623,193.34553720447744,PTPRS
P4,GO_Biological_Process_2026,gs_ind_0,Regulation of Cytokine Production (GO:0001817),2/149,0.10393974201927837,0.17409789957797053,4.649488083971436,10.526180424909823,LGR4;FOXP1
P4,GO_Biological_Process_2026,gs_ind_0,Regulation of Cytoskeleton Organization (GO:0051493),2/133,0.08585613809033389,0.16603735020881202,5.218293412595781,12.81133925257108,P2RX7;EFNA5
P4,GO_Biological_Process_2026,gs_ind_0,Regulation of DNA Binding (GO:0051101),1/24,0.08443833551787916,0.16364438101435128,17.41334331230621,43.0411486823959,NFIB
P4,GO_Biological_Process_2026,gs_ind_0,Regulation of DNA Biosynthetic Process (GO:2000278),1/25,0.08779905814197392,0.16624999109555394,16.70197928417598,40.630980258906256,DACH1
P4,GO_Biological_Process_2026,gs_ind_0,"Regulation of DNA Damage Response, Signal Transduction by P53 Class Mediator (GO:0043516)",1/32,0.11098459693722368,0.17879756558092694,12.987078248384782,28.550323385514286,SPRED2
P4,GO_Biological_Process_2026,gs_ind_0,Regulation of DNA Repair (GO:0006282),1/124,0.36658579687388354,0.38736758490838574,3.301263402030395,3.312892720260555,ARID1B
P4,GO_Biological_Process_2026,gs_ind_0,Regulation of Defense Response (GO:0031347),1/95,0.2950660020928981,0.3259742556617035,4.318975831538646,5.271552779622928,FOXP1
P4,GO_Biological_Process_2026,gs_ind_0,Regulation of Defense Response to Bacterium (GO:1900424),1/9,0.032531551648223855,0.11802446937975614,48.16937629323086,165.00635843822025,FOXP1
P4,GO_Biological_Process_2026,gs_ind_0,Regulation of Delayed Rectifier Potassium Channel Activity (GO:1902259),1/7,0.025394089358317242,0.11626179960646253,62.9953614224971,231.39700796830692,ANK3
P4,GO_Biological_Process_2026,gs_ind_0,Regulation of Dendritic Spine Development (GO:0060998),2/19,0.0021862443461816107,0.042311125918983096,39.37708484408992,241.20709424369562,PTPRS;TANC2
P4,GO_Biological_Process_2026,gs_ind_0,Regulation of Dendritic Spine Morphogenesis (GO:0061001),1/33,0.11424883561195394,0.17897011036276725,12.587011982991882,27.305967256473732,TANC2
P4,GO_Biological_Process_2026,gs_ind_0,Regulation of Developmental Growth (GO:0048638),1/35,0.12074175755375664,0.18561487135806318,11.856456194013546,25.06574885089274,PLCB1
P4,GO_Biological_Process_2026,gs_ind_0,Regulation of Double-Strand Break Repair (GO:2000779),1/88,0.2766380581250635,0.3109178670624939,4.665699928212491,5.995635654658517,ARID1B
P4,GO_Biological_Process_2026,gs_ind_0,Regulation of ERBB Signaling Pathway (GO:1901184),1/13,0.04665159224326654,0.13475475848612342,32.75035175879397,100.38140738175221,CDH13
P4,GO_Biological_Process_2026,gs_ind_0,Regulation of ERK1 and ERK2 Cascade (GO:0070372),2/215,0.18663124405970102,0.2341279922021422,3.2043295807130376,5.37885353408868,SPRED2;TGFBR3
P4,GO_Biological_Process_2026,gs_ind_0,Regulation of Embryonic Development (GO:0045995),1/51,0.1710168333182885,0.22318311916501823,8.09517886462013,14.296031530903484,PLCB1
P4,GO_Biological_Process_2026,gs_ind_0,Regulation of Endocytosis (GO:0030100),1/70,0.2270331041296496,0.2674273057734964,5.877987057590109,8.715052993038883,CDH13
P4,GO_Biological_Process_2026,gs_ind_0,Regulation of Endothelial Cell Apoptotic Process (GO:2000351),1/45,0.15250625325948727,0.20769245000954198,9.18869629044097,17.27979985753456,SEMA5A
P4,GO_Biological_Process_2026,gs_ind_0,Regulation of Endothelial Cell Chemotaxis (GO:2001026),2/18,0.0019607912697134173,0.042311125918983096,41.765113059529305,260.38072065544543,FGFR1;SEMA5A
P4,GO_Biological_Process_2026,gs_ind_0,Regulation of Endothelial Cell Migration (GO:0010594),1/84,0.265894511441762,0.3014579023470977,4.889928685342882,6.4774715260949085,FOXP1
P4,GO_Biological_Process_2026,gs_ind_0,Regulation of Endothelial Cell Proliferation (GO:0001936),2/82,0.03657684368909193,0.12332787072864823,8.540372670807454,28.254455880318755,SEMA5A;CDH13
P4,GO_Biological_Process_2026,gs_ind_0,Regulation of Endothelial Tube Morphogenesis (GO:1901509),1/5,0.018204501114733745,0.10862817441489149,91.0,364.55386253468845,FOXP1
P4,GO_Biological_Process_2026,gs_ind_0,Regulation of Epidermal Growth Factor Receptor Signaling Pathway (GO:0042058),1/57,0.1891270689518711,0.23660448488185803,7.233912927469205,12.046896829454685,CDH13
P4,GO_Biological_Process_2026,gs_ind_0,Regulation of Epithelial Cell Proliferation (GO:0050678),2/90,0.043291210164176225,0.1308837587296928,7.766067280392326,24.38394202698019,CDK6;TGFBR3
P4,GO_Biological_Process_2026,gs_ind_0,Regulation of Epithelial to Mesenchymal Transition (GO:0010717),1/82,0.26046365097100105,0.2967845872244949,5.010296883188951,6.740312129922902,SPRED2
P4,GO_Biological_Process_2026,gs_ind_0,Regulation of Erythrocyte Differentiation (GO:0045646),1/36,0.12397052607037776,0.18666523215400585,11.52204685398825,24.054708967199332,CDK6
P4,GO_Biological_Process_2026,gs_ind_0,Regulation of Execution Phase of Apoptosis (GO:1900117),1/16,0.0571075553965845,0.14387931317972816,26.40865618414654,75.60319879037347,DLC1
P4,GO_Biological_Process_2026,gs_ind_0,Regulation of Extracellular Matrix Assembly (GO:1901201),1/11,0.03961726211805212,0.12787493502161307,38.99138549892319,125.88331156809635,TGFBR3
P4,GO_Biological_Process_2026,gs_ind_0,Regulation of Extrinsic Apoptotic Signaling Pathway (GO:2001236),1/64,0.20976111348061466,0.25468986603335675,6.434811854548332,10.049798749352027,DEPTOR
P4,GO_Biological_Process_2026,gs_ind_0,Regulation of Ferroptosis (GO:0110075),1/30,0.10442034991225575,0.17409789957797053,13.868580189080998,31.333708986565636,ACSL4
P4,GO_Biological_Process_2026,gs_ind_0,Regulation of Fertilization (GO:0080154),1/6,0.021805834468432178,0.11173950205010161,74.4518044769301,284.8211635890129,PLCB1
P4,GO_Biological_Process_2026,gs_ind_0,Regulation of Fibroblast Proliferation (GO:0048145),1/45,0.15250625325948727,0.20769245000954198,9.18869629044097,17.27979985753456,CDK6
P4,GO_Biological_Process_2026,gs_ind_0,Regulation of Filopodium Assembly (GO:0051489),1/37,0.12718755619754754,0.18666523215400585,11.205961313416397,23.107728348226125,TENM2
P4,GO_Biological_Process_2026,gs_ind_0,Regulation of Focal Adhesion Assembly (GO:0051893),2/58,0.01926394116891126,0.11173950205010161,12.178922779749337,48.10090230987296,DLC1;EFNA5
P4,GO_Biological_Process_2026,gs_ind_0,Regulation of G Protein-Coupled Receptor Signaling Pathway (GO:0008277),2/78,0.03338642678612387,0.12064338284866274,8.988255200557381,30.556524918365778,PLCB1;RGS7
P4,GO_Biological_Process_2026,gs_ind_0,Regulation of G0 to G1 Transition (GO:0070316),1/32,0.11098459693722368,0.17879756558092694,12.987078248384782,28.550323385514286,ARID1B
P4,GO_Biological_Process_2026,gs_ind_0,Regulation of G1/S Transition of Mitotic Cell Cycle (GO:2000045),2/121,0.0730084766680327,0.15704936890872503,5.74485483083066,15.035317591114293,ARID1B;PLCB1
P4,GO_Biological_Process_2026,gs_ind_0,Regulation of GTPase Activity (GO:0043087),1/94,0.29246217540983005,0.3242826321475744,4.365329320398786,5.3668228915658895,RGS7
P4,GO_Biological_Process_2026,gs_ind_0,Regulation of Gene Expression (GO:0010468),12/934,0.00016050381070626632,0.013234268755507596,4.0184189977493,35.10970182769376,P2RX7;ESR1;FOXP1;APBB2;CDK6;TGFBR3;NFIA;ANK3;BNC2;RBMS3;HDAC4;GLI3
P4,GO_Biological_Process_2026,gs_ind_0,Regulation of Glycolytic Process (GO:0006110),2/46,0.012409204536678386,0.10049239745327943,15.469970911994524,67.90260291624776,P2RX7;HDAC4
P4,GO_Biological_Process_2026,gs_ind_0,Regulation of Glycoprotein Biosynthetic Process (GO:0010559),1/15,0.05363491085988955,0.14100540333310094,28.2309824987004,82.591294852792,PLCB1
P4,GO_Biological_Process_2026,gs_ind_0,Regulation of Hippo Signaling (GO:0035330),1/41,0.1399391354800803,0.19708819236092054,10.097710776102735,19.85762987649694,PTPN14
P4,GO_Biological_Process_2026,gs_ind_0,Regulation of Homotypic Cell-Cell Adhesion (GO:0034110),1/12,0.043140826609840886,0.13086531683988523,35.59951933580948,111.89945212016866,ANK3
P4,GO_Biological_Process_2026,gs_ind_0,Regulation of Inflammatory Response (GO:0050727),1/252,0.6055207807099179,0.6115894745032244,1.6134249777715617,0.8094010948808954,FOXP1
P4,GO_Biological_Process_2026,gs_ind_0,Regulation of Insulin Receptor Signaling Pathway (GO:0046626),1/51,0.1710168333182885,0.22318311916501823,8.09517886462013,14.296031530903484,PTPRE
P4,GO_Biological_Process_2026,gs_ind_0,Regulation of Insulin Secretion (GO:0050796),1/90,0.2819513107385542,0.31610610487004775,4.561101597372336,5.774449857647963,ACSL4
P4,GO_Biological_Process_2026,gs_ind_0,Regulation of Insulin Secretion Involved in Cellular Response to Glucose Stimulus (GO:0061178),1/30,0.10442034991225575,0.17409789957797053,13.868580189080998,31.333708986565636,EFNA5
P4,GO_Biological_Process_2026,gs_ind_0,Regulation of Insulin-Like Growth Factor Receptor Signaling Pathway (GO:0043567),2/17,0.0017470948129191322,0.041700394613622446,44.4612739479286,282.3202407734291,IGFBP4;IGFBP2
P4,GO_Biological_Process_2026,gs_ind_0,Regulation of Interferon-Alpha Production (GO:0032647),1/26,0.09114756758275655,0.16906103026085928,16.046408513154006,38.435568598252985,PTPRS
P4,GO_Biological_Process_2026,gs_ind_0,Regulation of Interferon-Beta Production (GO:0032648),1/49,0.16489155134789077,0.21993623098902487,8.429622338496607,15.194118496222861,PTPRS
P4,GO_Biological_Process_2026,gs_ind_0,Regulation of Interleukin-1 Beta Production (GO:0032651),2/67,0.025225535589331237,0.11626179960646253,10.50199558259387,38.64627758646783,FOXP1;P2RX7
P4,GO_Biological_Process_2026,gs_ind_0,Regulation of Interleukin-1 Production (GO:0032652),1/17,0.060567584183063565,0.14571564682768876,24.80721790772042,69.5593259790493,FOXP1
P4,GO_Biological_Process_2026,gs_ind_0,Regulation of Interleukin-12 Production (GO:0032655),2/43,0.010903872514168692,0.09242815299393461,16.590116812427375,74.96472024703068,FOXP1;PLCB1
P4,GO_Biological_Process_2026,gs_ind_0,Regulation of Intracellular Protein Transport (GO:0033157),1/35,0.12074175755375664,0.18561487135806318,11.856456194013546,25.06574885089274,PTPN14
P4,GO_Biological_Process_2026,gs_ind_0,Regulation of Intracellular Signal Transduction (GO:1902531),5/321,0.0066404797977718906,0.07256524309131451,4.886007791369941,24.501233266624908,SPRED2;DLC1;VAV3;KALRN;STARD13
P4,GO_Biological_Process_2026,gs_ind_0,Regulation of JNK Cascade (GO:0046328),3/116,0.008993169555887585,0.08432349533847075,8.556715237772506,40.31316631665328,SH3RF3;PLCB1;TGFBR3
P4,GO_Biological_Process_2026,gs_ind_0,Regulation of Keratinocyte Proliferation (GO:0010837),1/29,0.10112025539501886,0.1714319096136114,14.355725998413119,32.89535401837941,PTPRK
P4,GO_Biological_Process_2026,gs_ind_0,Regulation of Lens Fiber Cell Differentiation (GO:1902746),1/6,0.021805834468432178,0.11173950205010161,74.4518044769301,284.8211635890129,SPRED2
P4,GO_Biological_Process_2026,gs_ind_0,Regulation of MAP Kinase Activity (GO:0043405),1/46,0.15561952100888302,0.21098192160696097,8.986415594455796,16.717799339197803,FGFR1
P4,GO_Biological_Process_2026,gs_ind_0,Regulation of MAPK Cascade (GO:0043408),4/266,0.016736154157455822,0.10862817441489149,4.779659511472983,19.549686763743527,P2RX7;FGFR1;SPRED2;TGFBR3
P4,GO_Biological_Process_2026,gs_ind_0,Regulation of Macromolecule Biosynthetic Process (GO:0010556),2/138,0.0913972515060394,0.16917817778770966,5.02621743738495,12.025425624406154,FOXP1;CDK6
P4,GO_Biological_Process_2026,gs_ind_0,Regulation of Macrophage Derived Foam Cell Differentiation (GO:0010743),1/28,0.09780812250653742,0.17027248966109299,14.878300593878484,34.58829438886499,ABCA1
P4,GO_Biological_Process_2026,gs_ind_0,Regulation of Metal Ion Transport (GO:0010959),2/37,0.00815744149226313,0.0813054882800292,19.398369914921,93.2833604212486,P2RX7;ANK3
P4,GO_Biological_Process_2026,gs_ind_0,Regulation of Metaphase/Anaphase Transition of Cell Cycle (GO:1902099),1/33,0.11424883561195394,0.17897011036276725,12.587011982991882,27.305967256473732,ARID1B
P4,GO_Biological_Process_2026,gs_ind_0,Regulation of Microtubule Cytoskeleton Organization (GO:0070507),1/37,0.12718755619754754,0.18666523215400585,11.205961313416397,23.107728348226125,EFNA5
P4,GO_Biological_Process_2026,gs_ind_0,Regulation of Microtubule-Based Process (GO:0032886),1/44,0.14938162196228383,0.20559807453686105,9.400277248310518,17.872286764451427,EFNA5
P4,GO_Biological_Process_2026,gs_ind_0,Regulation of Mitotic Cell Cycle Phase Transition (GO:1901990),1/98,0.3028206973137532,0.33131287390057196,4.185620409741013,5.000202442333122,ARID1B
P4,GO_Biological_Process_2026,gs_ind_0,Regulation of Mitotic Metaphase/Anaphase Transition (GO:0030071),1/51,0.1710168333182885,0.22318311916501823,8.09517886462013,14.296031530903484,ARID1B
P4,GO_Biological_Process_2026,gs_ind_0,Regulation of Monoatomic Ion Transmembrane Transport (GO:0034765),2/17,0.0017470948129191322,0.041700394613622446,44.4612739479286,282.3202407734291,P2RX7;ANO6
P4,GO_Biological_Process_2026,gs_ind_0,Regulation of Monocyte Chemotaxis (GO:0090025),1/26,0.09114756758275655,0.16906103026085928,16.046408513154006,38.435568598252985,ANO6
P4,GO_Biological_Process_2026,gs_ind_0,Regulation of Monocyte Differentiation (GO:0045655),2/14,0.001177425879292313,0.039654144421340305,55.13807106598985,371.87456739203236,FOXP1;CDK6
P4,GO_Biological_Process_2026,gs_ind_0,Regulation of Monocyte Extravasation (GO:2000437),1/5,0.018204501114733745,0.10862817441489149,91.0,364.55386253468845,PLCB1
P4,GO_Biological_Process_2026,gs_ind_0,Regulation of Morphogenesis of an Epithelium (GO:1905330),1/9,0.032531551648223855,0.11802446937975614,48.16937629323086,165.00635843822025,FOXP1
P4,GO_Biological_Process_2026,gs_ind_0,Regulation of Muscle Adaptation (GO:0043502),1/10,0.036080852581350895,0.12210945257942263,43.0973287490082,143.16902243022955,HDAC4
P4,GO_Biological_Process_2026,gs_ind_0,Regulation of Myeloid Cell Differentiation (GO:0045637),1/26,0.09114756758275655,0.16906103026085928,16.046408513154006,38.435568598252985,CDK6
P4,GO_Biological_Process_2026,gs_ind_0,Regulation of Myeloid Leukocyte Differentiation (GO:0002761),1/8,0.02896931280161029,0.11626179960646253,54.59396984924623,193.34553720447744,FOXP1
P4,GO_Biological_Process_2026,gs_ind_0,Regulation of Myoblast Differentiation (GO:0045661),3/59,0.001340568760337721,0.039654144421340305,17.22536873156342,113.93998004849082,ARID1B;BOC;PLCB1
P4,GO_Biological_Process_2026,gs_ind_0,Regulation of Myotube Differentiation (GO:0010830),1/24,0.08443833551787916,0.16364438101435128,17.41334331230621,43.0411486823959,HDAC4
P4,GO_Biological_Process_2026,gs_ind_0,Regulation of NLRP3 Inflammasome Complex Assembly (GO:1900225),1/44,0.14938162196228383,0.20559807453686105,9.400277248310518,17.872286764451427,P2RX7
P4,GO_Biological_Process_2026,gs_ind_0,Regulation of Neuron Differentiation (GO:0045664),1/67,0.21844434306696422,0.26172921950031247,6.1438394982430955,9.346156217905994,FGFR1
P4,GO_Biological_Process_2026,gs_ind_0,Regulation of Neuron Projection Development (GO:0010975),2/176,0.1364723542255761,0.19526296593513326,3.9261559495585647,7.819462608250782,PTPRS;TANC2
P4,GO_Biological_Process_2026,gs_ind_0,Regulation of Nitric Oxide Biosynthetic Process (GO:0045428),1/43,0.1462455860603604,0.20313131172549292,9.621814957138634,18.49763110790661,ESR1
P4,GO_Biological_Process_2026,gs_ind_0,Regulation of Nitric-Oxide Synthase Activity (GO:0050999),1/6,0.021805834468432178,0.11173950205010161,74.4518044769301,284.8211635890129,ESR1
P4,GO_Biological_Process_2026,gs_ind_0,"Regulation of Nuclear-Transcribed mRNA Catabolic Process, Deadenylation-Dependent Decay (GO:1900151)",1/22,0.07768007418553498,0.15868429568982034,19.03459156246348,48.636360355386536,TNRC6C
P4,GO_Biological_Process_2026,gs_ind_0,Regulation of Nuclear-Transcribed mRNA poly(A) Tail Shortening (GO:0060211),1/15,0.05363491085988955,0.14100540333310094,28.2309824987004,82.591294852792,TNRC6C
P4,GO_Biological_Process_2026,gs_ind_0,Regulation of Nucleocytoplasmic Transport (GO:0046822),1/16,0.0571075553965845,0.14387931317972816,26.40865618414654,75.60319879037347,PTPN14
P4,GO_Biological_Process_2026,gs_ind_0,Regulation of Nucleotide-Excision Repair (GO:2000819),1/29,0.10112025539501886,0.1714319096136114,14.355725998413119,32.89535401837941,ARID1B
P4,GO_Biological_Process_2026,gs_ind_0,Regulation of Osteoblast Differentiation (GO:0045667),1/95,0.2950660020928981,0.3259742556617035,4.318975831538646,5.271552779622928,CDK6
P4,GO_Biological_Process_2026,gs_ind_0,"Regulation of Phagocytosis, Engulfment (GO:0060099)",1/11,0.03961726211805212,0.12787493502161307,38.99138549892319,125.88331156809635,ANO6
P4,GO_Biological_Process_2026,gs_ind_0,Regulation of Phosphatidylinositol 3-Kinase/Protein Kinase B Signal Transduction (GO:0051896),4/214,0.008046667843060238,0.0813054882800292,5.97190257590489,28.799483485518515,VAV3;FGFR1;SEMA5A;EFNA5
P4,GO_Biological_Process_2026,gs_ind_0,Regulation of Positive Chemotaxis (GO:0050926),1/8,0.02896931280161029,0.11626179960646253,54.59396984924623,193.34553720447744,CDH13
P4,GO_Biological_Process_2026,gs_ind_0,Regulation of Postsynapse Organization (GO:0099175),1/36,0.12397052607037776,0.18666523215400585,11.52204685398825,24.054708967199332,TANC2
P4,GO_Biological_Process_2026,gs_ind_0,Regulation of Potassium Ion Transport (GO:0043266),1/35,0.12074175755375664,0.18561487135806318,11.856456194013546,25.06574885089274,ANK3
P4,GO_Biological_Process_2026,gs_ind_0,Regulation of Presynapse Assembly (GO:1905606),1/17,0.060567584183063565,0.14571564682768876,24.80721790772042,69.5593259790493,GPC4
P4,GO_Biological_Process_2026,gs_ind_0,Regulation of Presynapse Organization (GO:0099174),1/17,0.060567584183063565,0.14571564682768876,24.80721790772042,69.5593259790493,GPC4
P4,GO_Biological_Process_2026,gs_ind_0,Regulation of Protein Export From Nucleus (GO:0046825),1/25,0.08779905814197392,0.16624999109555394,16.70197928417598,40.630980258906256,PTPN14
P4,GO_Biological_Process_2026,gs_ind_0,Regulation of Protein Kinase Activity (GO:0045859),1/51,0.1710168333182885,0.22318311916501823,8.09517886462013,14.296031530903484,DEPTOR
P4,GO_Biological_Process_2026,gs_ind_0,Regulation of Protein Secretion (GO:0050708),1/92,0.2872259237732201,0.3200416619930106,4.461075871159074,5.565130506335436,FRMD4A
P4,GO_Biological_Process_2026,gs_ind_0,Regulation of Protein Sumoylation (GO:0033233),1/17,0.060567584183063565,0.14571564682768876,24.80721790772042,69.5593259790493,HDAC4
P4,GO_Biological_Process_2026,gs_ind_0,Regulation of Protein Targeting to Membrane (GO:0090313),1/24,0.08443833551787916,0.16364438101435128,17.41334331230621,43.0411486823959,ANK3
P4,GO_Biological_Process_2026,gs_ind_0,Regulation of Protein-Containing Complex Assembly (GO:0043254),1/116,0.3476066941244921,0.3713536767619721,3.5309665209162695,3.7311145124347598,ABCA1
P4,GO_Biological_Process_2026,gs_ind_0,Regulation of RNA Biosynthetic Process (GO:2001141),5/373,0.012185875506986743,0.09957287463817097,4.188403532077831,18.460295347494664,ESR1;APBB2;NFIA;BNC2;GLI3
P4,GO_Biological_Process_2026,gs_ind_0,Regulation of Rab Protein Signal Transduction (GO:0032483),1/7,0.025394089358317242,0.11626179960646253,62.9953614224971,231.39700796830692,DENND1A
P4,GO_Biological_Process_2026,gs_ind_0,Regulation of Rac Protein Signal Transduction (GO:0035020),2/29,0.00506840162905688,0.06297315448704918,25.04891555145362,132.37674976169106,ARHGAP24;TNS3
P4,GO_Biological_Process_2026,gs_ind_0,Regulation of Response to Biotic Stimulus (GO:0002831),1/36,0.12397052607037776,0.18666523215400585,11.52204685398825,24.054708967199332,FOXP1
P4,GO_Biological_Process_2026,gs_ind_0,Regulation of Response to External Stimulus (GO:0032101),1/124,0.36658579687388354,0.38736758490838574,3.301263402030395,3.312892720260555,FOXP1
P4,GO_Biological_Process_2026,gs_ind_0,Regulation of Rho Protein Signal Transduction (GO:0035023),4/83,0.000250603523191293,0.015153159702300181,15.889236484504838,131.74780428057647,HEG1;ABCA1;DLC1;STARD13
P4,GO_Biological_Process_2026,gs_ind_0,Regulation of Ruffle Assembly (GO:1900027),1/24,0.08443833551787916,0.16364438101435128,17.41334331230621,43.0411486823959,ARHGAP24
P4,GO_Biological_Process_2026,gs_ind_0,Regulation of SMAD Protein Signal Transduction (GO:0060390),1/59,0.19507633576312508,0.2417134378922875,6.986084267491303,11.41780694412366,TGFBR3
P4,GO_Biological_Process_2026,gs_ind_0,Regulation of Signal Transduction (GO:0009966),4/222,0.009124692847945442,0.08444996339884199,5.751544326009888,27.01368682901108,IGFBP4;IGFBP2;SEMA5A;PLCB1
P4,GO_Biological_Process_2026,gs_ind_0,Regulation of Small GTPase Mediated Signal Transduction (GO:0051056),5/161,0.00032315355386662147,0.017241192550413276,9.940166937089138,79.89292824778971,DENND1A;DLC1;VAV3;KALRN;STARD13
P4,GO_Biological_Process_2026,gs_ind_0,Regulation of Smooth Muscle Cell Apoptotic Process (GO:0034391),1/16,0.0571075553965845,0.14387931317972816,26.40865618414654,75.60319879037347,ESR1
P4,GO_Biological_Process_2026,gs_ind_0,Regulation of Smooth Muscle Cell Proliferation (GO:0048660),2/51,0.015106734484467503,0.10788825336544902,13.904783879403169,58.297400489932905,FOXP1;CDH13
P4,GO_Biological_Process_2026,gs_ind_0,Regulation of Smoothened Signaling Pathway (GO:0008589),2/75,0.031069815444296947,0.11802446937975614,9.356158707137677,32.4800779995198,BOC;GLI3
P4,GO_Biological_Process_2026,gs_ind_0,Regulation of Sodium Ion Transport (GO:0002028),2/40,0.009485924585703225,0.08690639999225076,17.884830905135473,83.3065801812143,P2RX7;ANK3
P4,GO_Biological_Process_2026,gs_ind_0,Regulation of Stress Fiber Assembly (GO:0051492),2/74,0.030312462973749777,0.11802446937975614,9.485559250831438,33.163377457541245,FHOD3;DLC1
P4,GO_Biological_Process_2026,gs_ind_0,Regulation of Substrate Adhesion-Dependent Cell Spreading (GO:1900024),1/49,0.16489155134789077,0.21993623098902487,8.429622338496607,15.194118496222861,EFNA5
P4,GO_Biological_Process_2026,gs_ind_0,Regulation of Synapse Assembly (GO:0051963),1/84,0.265894511441762,0.3014579023470977,4.889928685342882,6.4774715260949085,GPC4
P4,GO_Biological_Process_2026,gs_ind_0,Regulation of Systemic Arterial Blood Pressure by Hormone (GO:0001990),1/14,0.05014960504049533,0.13909997483709255,30.32328308207705,90.74984291620152,AVPR1A
P4,GO_Biological_Process_2026,gs_ind_0,Regulation of T Cell Differentiation (GO:0045580),1/45,0.15250625325948727,0.20769245000954198,9.18869629044097,17.27979985753456,ARID1B
P4,GO_Biological_Process_2026,gs_ind_0,Regulation of TOR Signaling (GO:0032006),1/82,0.26046365097100105,0.2967845872244949,5.010296883188951,6.740312129922902,DEPTOR
P4,GO_Biological_Process_2026,gs_ind_0,Regulation of TORC1 Signaling (GO:1903432),1/105,0.32058809356015355,0.34492692865843333,3.9042340891058163,4.441449584249801,DEPTOR
P4,GO_Biological_Process_2026,gs_ind_0,Regulation of TORC2 Signaling (GO:1903939),1/12,0.043140826609840886,0.13086531683988523,35.59951933580948,111.89945212016866,DEPTOR
P4,GO_Biological_Process_2026,gs_ind_0,Regulation of Toll-Like Receptor 9 Signaling Pathway (GO:0034163),1/15,0.05363491085988955,0.14100540333310094,28.2309824987004,82.591294852792,PTPRS
P4,GO_Biological_Process_2026,gs_ind_0,Regulation of Toll-Like Receptor Signaling Pathway (GO:0034121),1/25,0.08779905814197392,0.16624999109555394,16.70197928417598,40.630980258906256,LGR4
P4,GO_Biological_Process_2026,gs_ind_0,Regulation of Trans-Synaptic Signaling (GO:0099177),1/49,0.16489155134789077,0.21993623098902487,8.429622338496607,15.194118496222861,GRIK4
P4,GO_Biological_Process_2026,gs_ind_0,Regulation of Transforming Growth Factor Beta Receptor Signaling Pathway (GO:0017015),2/120,0.07196841627081314,0.15541750847054173,5.793548801644927,15.245885422267497,SPRED2;TGFBR3
P4,GO_Biological_Process_2026,gs_ind_0,Regulation of Transmembrane Receptor Protein Serine/Threonine Kinase Signaling Pathway (GO:0090092),1/32,0.11098459693722368,0.17879756558092694,12.987078248384782,28.550323385514286,TGFBR3
P4,GO_Biological_Process_2026,gs_ind_0,Regulation of Tumor Necrosis Factor Production (GO:0032680),1/127,0.3735611490745638,0.3930626011724238,3.2226150515422964,3.173223863460096,FOXP1
P4,GO_Biological_Process_2026,gs_ind_0,Regulation of Tumor Necrosis Factor Superfamily Cytokine Production (GO:1903555),1/9,0.032531551648223855,0.11802446937975614,48.16937629323086,165.00635843822025,FOXP1
P4,GO_Biological_Process_2026,gs_ind_0,Regulation of Vascular Endothelial Cell Proliferation (GO:1905562),1/18,0.06401504258973123,0.14625099150852952,23.388801148600145,64.28732849758696,FGFR1
P4,GO_Biological_Process_2026,gs_ind_0,Regulation of Vasculogenesis (GO:2001212),1/18,0.06401504258973123,0.14625099150852952,23.388801148600145,64.28732849758696,ELMO1
P4,GO_Biological_Process_2026,gs_ind_0,Regulation of Vasoconstriction (GO:0019229),1/31,0.10770844937287086,0.17633856242092757,13.413378367246066,29.88939646374393,AVPR1A
P4,GO_Biological_Process_2026,gs_ind_0,Regulation of Vesicle-Mediated Transport (GO:0060627),1/83,0.2631840348188177,0.2991327313040948,4.949383280036546,6.606940349250194,CDH13
P4,GO_Biological_Process_2026,gs_ind_0,Regulation of Wnt Signaling Pathway (GO:0030111),1/105,0.32058809356015355,0.34492692865843333,3.9042340891058163,4.441449584249801,CTNND2
P4,GO_Biological_Process_2026,gs_ind_0,"Regulation of mRNA Splicing, via Spliceosome (GO:0048024)",1/104,0.3180776109586692,0.34303970646791077,3.9421018134149004,4.515519416376505,RBFOX2
P4,GO_Biological_Process_2026,gs_ind_0,Regulation of miRNA Transcription (GO:1902893),2/64,0.02316397380661601,0.11626179960646253,11.00730964467005,41.44424962462814,ESR1;NFIB
P4,GO_Biological_Process_2026,gs_ind_0,Regulatory ncRNA Processing (GO:0070918),1/39,0.1335865701175638,0.1920174629106662,10.623050316517654,21.38425920263491,TNRC6C
P4,GO_Biological_Process_2026,gs_ind_0,Regulatory ncRNA-mediated Post-Transcriptional Gene Silencing (GO:0035194),1/24,0.08443833551787916,0.16364438101435128,17.41334331230621,43.0411486823959,TNRC6C
P4,GO_Biological_Process_2026,gs_ind_0,Replication Fork Processing (GO:0031297),1/55,0.18313427347949734,0.23101917391641738,7.499930846895025,12.731400062627513,RBBP8
P4,GO_Biological_Process_2026,gs_ind_0,Response to ATP (GO:0033198),1/20,0.07087242893827944,0.15378299772014223,20.98840355624275,55.55365534242182,P2RX7
P4,GO_Biological_Process_2026,gs_ind_0,Response to Alcohol (GO:0097305),2/30,0.005417514395149481,0.06472108785459713,24.169115682607533,126.11730163340725,SLIT3;TGFBR3
P4,GO_Biological_Process_2026,gs_ind_0,Response to Cytokine (GO:0034097),1/133,0.3872845095642038,0.40608907534651195,3.0760026547833506,2.917882858364609,HDAC4
P4,GO_Biological_Process_2026,gs_ind_0,Response to Denervation Involved in Regulation of Muscle Adaptation (GO:0014894),1/5,0.018204501114733745,0.10862817441489149,91.0,364.55386253468845,HDAC4
P4,GO_Biological_Process_2026,gs_ind_0,Response to Endoplasmic Reticulum Stress (GO:0034976),1/126,0.3712445230218088,0.39107872518092984,3.248413381649282,3.2188344396298083,PARP8
P4,GO_Biological_Process_2026,gs_ind_0,Response to Estradiol (GO:0032355),1/29,0.10112025539501886,0.1714319096136114,14.355725998413119,32.89535401837941,ESR1
P4,GO_Biological_Process_2026,gs_ind_0,Response to Estrogen (GO:0043627),1/32,0.11098459693722368,0.17879756558092694,12.987078248384782,28.550323385514286,ESR1
P4,GO_Biological_Process_2026,gs_ind_0,Response to Fibroblast Growth Factor (GO:0071774),1/18,0.06401504258973123,0.14625099150852952,23.388801148600145,64.28732849758696,FGFR1
P4,GO_Biological_Process_2026,gs_ind_0,Response to Glucocorticoid (GO:0051384),1/28,0.09780812250653742,0.17027248966109299,14.878300593878484,34.58829438886499,SLIT3
P4,GO_Biological_Process_2026,gs_ind_0,Response to Gonadotropin (GO:0034698),1/6,0.021805834468432178,0.11173950205010161,74.4518044769301,284.8211635890129,TGFBR3
P4,GO_Biological_Process_2026,gs_ind_0,Response to Interleukin-1 (GO:0070555),1/54,0.18012145406991348,0.22880974627648673,7.640398252946978,13.096589333388202,HDAC4
P4,GO_Biological_Process_2026,gs_ind_0,Response to Ketone (GO:1901654),2/24,0.003486817880202735,0.05287226206307886,30.62098138747885,173.27696042731014,SLIT3;TGFBR3
P4,GO_Biological_Process_2026,gs_ind_0,Response to Laminar Fluid Shear Stress (GO:0034616),1/11,0.03961726211805212,0.12787493502161307,38.99138549892319,125.88331156809635,ABCA1
P4,GO_Biological_Process_2026,gs_ind_0,Response to Lipopolysaccharide (GO:0032496),1/144,0.4116754385755403,0.42869072650747997,2.839055906711257,2.5197189282324737,FOXP1
P4,GO_Biological_Process_2026,gs_ind_0,Response to Magnesium Ion (GO:0032026),1/9,0.032531551648223855,0.11802446937975614,48.16937629323086,165.00635843822025,ANK3
P4,GO_Biological_Process_2026,gs_ind_0,Response to Molecule of Bacterial Origin (GO:0002237),1/62,0.20391930381764029,0.2496016309886636,6.644564284838828,10.565062748652936,FOXP1
P4,GO_Biological_Process_2026,gs_ind_0,Response to Peptide Hormone (GO:0043434),1/50,0.16795977255684102,0.22271858729393978,8.259022384650525,14.734350124773231,TGFBR3
P4,GO_Biological_Process_2026,gs_ind_0,Response to Prostaglandin (GO:0034694),1/6,0.021805834468432178,0.11173950205010161,74.4518044769301,284.8211635890129,TGFBR3
P4,GO_Biological_Process_2026,gs_ind_0,Response to Prostaglandin E (GO:0034695),1/14,0.05014960504049533,0.13909997483709255,30.32328308207705,90.74984291620152,TGFBR3
P4,GO_Biological_Process_2026,gs_ind_0,Response to Purine-Containing Compound (GO:0014074),1/25,0.08779905814197392,0.16624999109555394,16.70197928417598,40.630980258906256,P2RX7
P4,GO_Biological_Process_2026,gs_ind_0,Response to Reactive Oxygen Species (GO:0000302),1/55,0.18313427347949734,0.23101917391641738,7.499930846895025,12.731400062627513,PTPRK
P4,GO_Biological_Process_2026,gs_ind_0,Response to UV (GO:0009411),1/94,0.29246217540983005,0.3242826321475744,4.365329320398786,5.3668228915658895,PTPRK
P4,GO_Biological_Process_2026,gs_ind_0,Reverse Cholesterol Transport (GO:0043691),1/13,0.04665159224326654,0.13475475848612342,32.75035175879397,100.38140738175221,ABCA1
P4,GO_Biological_Process_2026,gs_ind_0,Rho Protein Signal Transduction (GO:0007266),2/56,0.018032057697388037,0.10862817441489149,12.626787128021236,50.70417843849184,CTNNAL1;CDH13
P4,GO_Biological_Process_2026,gs_ind_0,Ribonucleoside Monophosphate Biosynthetic Process (GO:0009156),1/5,0.018204501114733745,0.10862817441489149,91.0,364.55386253468845,ADK
P4,GO_Biological_Process_2026,gs_ind_0,Roundabout Signaling Pathway (GO:0035385),1/5,0.018204501114733745,0.10862817441489149,91.0,364.55386253468845,SLIT3
P4,GO_Biological_Process_2026,gs_ind_0,Sarcomere Organization (GO:0045214),1/36,0.12397052607037776,0.18666523215400585,11.52204685398825,24.054708967199332,FHOD3
P4,GO_Biological_Process_2026,gs_ind_0,Secondary Alcohol Metabolic Process (GO:1902652),1/43,0.1462455860603604,0.20313131172549292,9.621814957138634,18.49763110790661,ABCA1
P4,GO_Biological_Process_2026,gs_ind_0,Secondary Palate Development (GO:0062009),1/14,0.05014960504049533,0.13909997483709255,30.32328308207705,90.74984291620152,TGFBR3
P4,GO_Biological_Process_2026,gs_ind_0,Secretory Granule Organization (GO:0033363),1/27,0.09448390777737954,0.17027248966109299,15.440314781454441,36.428732206490906,ABCA1
P4,GO_Biological_Process_2026,gs_ind_0,Semaphorin-plexin Signaling Pathway (GO:0071526),1/41,0.1399391354800803,0.19708819236092054,10.097710776102735,19.85762987649694,SEMA5A
P4,GO_Biological_Process_2026,gs_ind_0,Sensory Organ Morphogenesis (GO:0090596),1/9,0.032531551648223855,0.11802446937975614,48.16937629323086,165.00635843822025,GLI3
P4,GO_Biological_Process_2026,gs_ind_0,Sensory Perception (GO:0007600),1/59,0.19507633576312508,0.2417134378922875,6.986084267491303,11.41780694412366,P2RX7
P4,GO_Biological_Process_2026,gs_ind_0,Sensory Perception of Mechanical Stimulus (GO:0050954),1/96,0.29766034184671536,0.3280412272842902,4.273593096371912,5.178749665642031,ROR1
P4,GO_Biological_Process_2026,gs_ind_0,Sensory Perception of Pain (GO:0019233),1/37,0.12718755619754754,0.18666523215400585,11.205961313416397,23.107728348226125,P2RX7
P4,GO_Biological_Process_2026,gs_ind_0,Sensory Perception of Sound (GO:0007605),1/101,0.3104909300170286,0.3376681936755934,4.060226505662642,4.748843312214204,ROR1
P4,GO_Biological_Process_2026,gs_ind_0,Signal Release (GO:0023061),1/11,0.03961726211805212,0.12787493502161307,38.99138549892319,125.88331156809635,ABCA1
P4,GO_Biological_Process_2026,gs_ind_0,Skeletal System Development (GO:0001501),1/158,0.4413326282741778,0.45487351573259005,2.5853553481694185,2.114708027562443,FGFR1
P4,GO_Biological_Process_2026,gs_ind_0,Skeletal System Morphogenesis (GO:0048705),1/48,0.16181212936089961,0.21839821626538086,8.607405448294102,15.67683376936233,FGFR1
P4,GO_Biological_Process_2026,gs_ind_0,Small GTPase-mediated Signal Transduction (GO:0007264),4/199,0.006258409946359933,0.06922411977254218,6.433682731934855,32.643406847615886,ELMO1;CTNNAL1;VAV3;CDH13
P4,GO_Biological_Process_2026,gs_ind_0,Smooth Muscle Contraction (GO:0006939),1/14,0.05014960504049533,0.13909997483709255,30.32328308207705,90.74984291620152,APBB2
P4,GO_Biological_Process_2026,gs_ind_0,Smoothened Signaling Pathway (GO:0007224),1/33,0.11424883561195394,0.17897011036276725,12.587011982991882,27.305967256473732,GLI3
P4,GO_Biological_Process_2026,gs_ind_0,Sodium Ion Transmembrane Transport (GO:0035725),1/96,0.29766034184671536,0.3280412272842902,4.273593096371912,5.178749665642031,ANO6
P4,GO_Biological_Process_2026,gs_ind_0,Sodium Ion Transport (GO:0006814),1/103,0.31555794502221696,0.34154063977941623,3.980708420149528,4.5914006536709016,ANO6
P4,GO_Biological_Process_2026,gs_ind_0,Spindle Assembly (GO:0051225),1/72,0.23270696523856207,0.2719912596280616,5.71314615033208,8.329625840241883,STAG1
P4,GO_Biological_Process_2026,gs_ind_0,Sprouting Angiogenesis (GO:0002040),2/58,0.01926394116891126,0.11173950205010161,12.178922779749337,48.10090230987296,SEMA5A;CDH13
P4,GO_Biological_Process_2026,gs_ind_0,Steroid Hormone Receptor Signaling Pathway (GO:0043401),1/10,0.036080852581350895,0.12210945257942263,43.0973287490082,143.16902243022955,ESR1
P4,GO_Biological_Process_2026,gs_ind_0,Sterol Homeostasis (GO:0055092),1/82,0.26046365097100105,0.2967845872244949,5.010296883188951,6.740312129922902,ABCA1
P4,GO_Biological_Process_2026,gs_ind_0,Sterol Metabolic Process (GO:0016125),1/53,0.17709763410262688,0.22719597472571793,7.7862167982771,13.478362460655353,ABCA1
P4,GO_Biological_Process_2026,gs_ind_0,Striated Muscle Cell Proliferation (GO:0014855),1/5,0.018204501114733745,0.10862817441489149,91.0,364.55386253468845,TGFBR3
P4,GO_Biological_Process_2026,gs_ind_0,Supramolecular Fiber Organization (GO:0097435),3/298,0.09681716975990855,0.17027248966109299,3.2644800208251983,7.622335360792454,LTBP2;ELMO1;FHOD3
P4,GO_Biological_Process_2026,gs_ind_0,Synapse Organization (GO:0050808),6/161,2.9105476457823065e-05,0.005279733429449105,11.948570067541128,124.79784622446479,APBB2;CTNND2;ANK3;PTPRS;GPC4;TENM2
P4,GO_Biological_Process_2026,gs_ind_0,Synaptic Membrane Adhesion (GO:0099560),3/23,8.03601270291267e-05,0.010412376459345417,47.537836147592245,448.2338975197366,TENM2;GPC4;PTPRS
P4,GO_Biological_Process_2026,gs_ind_0,Synaptic Signaling (GO:0099536),1/17,0.060567584183063565,0.14571564682768876,24.80721790772042,69.5593259790493,DTNB
P4,GO_Biological_Process_2026,gs_ind_0,"Synaptic Transmission, Glutamatergic (GO:0035249)",1/28,0.09780812250653742,0.17027248966109299,14.878300593878484,34.58829438886499,GRIK4
P4,GO_Biological_Process_2026,gs_ind_0,T Cell Apoptotic Process (GO:0070231),1/7,0.025394089358317242,0.11626179960646253,62.9953614224971,231.39700796830692,GLI3
P4,GO_Biological_Process_2026,gs_ind_0,T Cell Differentiation (GO:0030217),1/49,0.16489155134789077,0.21993623098902487,8.429622338496607,15.194118496222861,GLI3
P4,GO_Biological_Process_2026,gs_ind_0,T Cell Differentiation in Thymus (GO:0033077),1/14,0.05014960504049533,0.13909997483709255,30.32328308207705,90.74984291620152,GLI3
P4,GO_Biological_Process_2026,gs_ind_0,T Follicular Helper Cell Differentiation (GO:0061470),1/7,0.025394089358317242,0.11626179960646253,62.9953614224971,231.39700796830692,FOXP1
P4,GO_Biological_Process_2026,gs_ind_0,T-helper Cell Differentiation (GO:0042093),1/41,0.1399391354800803,0.19708819236092054,10.097710776102735,19.85762987649694,FOXP1
P4,GO_Biological_Process_2026,gs_ind_0,Trans-synaptic Signaling by Trans-Synaptic Complex (GO:0099545),1/8,0.02896931280161029,0.11626179960646253,54.59396984924623,193.34553720447744,TENM2
P4,GO_Biological_Process_2026,gs_ind_0,Transcription Initiation at RNA Polymerase II Promoter (GO:0006367),2/140,0.09364262118026315,0.17027248966109299,4.953270171709212,11.730679389414144,ARID1B;ESR1
P4,GO_Biological_Process_2026,gs_ind_0,Transcription Initiation-Coupled Chromatin Remodeling (GO:0045815),1/48,0.16181212936089961,0.21839821626538086,8.607405448294102,15.67683376936233,ARID1B
P4,GO_Biological_Process_2026,gs_ind_0,Transcription Preinitiation Complex Assembly (GO:0070897),1/52,0.17406277381902974,0.22457316622170692,7.937698199736547,13.877789521683125,ESR1
P4,GO_Biological_Process_2026,gs_ind_0,Transcription by RNA Polymerase II (GO:0006366),1/192,0.5073366533805407,0.5181918295226919,2.1236600758360997,1.4410742845247158,NFIX
P4,GO_Biological_Process_2026,gs_ind_0,Transepithelial Transport (GO:0070633),1/23,0.08106535561630931,0.1626687556283021,18.187939698492464,45.697191038775365,SLC1A3
P4,GO_Biological_Process_2026,gs_ind_0,Transforming Growth Factor Beta Receptor Signaling Pathway (GO:0007179),3/76,0.002771454018595251,0.04928840774246848,13.232967032967032,77.92078049898612,LTBP2;PTPRK;TGFBR3
P4,GO_Biological_Process_2026,gs_ind_0,Transforming Growth Factor Beta Receptor Superfamily Signaling Pathway (GO:0141091),3/115,0.008783614971862046,0.0838604082050408,8.633094017094017,40.87655393837975,LTBP2;PTPRK;TGFBR3
P4,GO_Biological_Process_2026,gs_ind_0,Transport Across Blood-Brain Barrier (GO:0150104),3/85,0.003802400315822975,0.054742493435737116,11.785454545454545,65.66999938717031,SLC16A7;AVPR1A;SLC1A3
P4,GO_Biological_Process_2026,gs_ind_0,Tube Closure (GO:0060606),1/30,0.10442034991225575,0.17409789957797053,13.868580189080998,31.333708986565636,DLC1
P4,GO_Biological_Process_2026,gs_ind_0,Type B Pancreatic Cell Development (GO:0003323),1/7,0.025394089358317242,0.11626179960646253,62.9953614224971,231.39700796830692,CDK6
P4,GO_Biological_Process_2026,gs_ind_0,Type B Pancreatic Cell Differentiation (GO:0003309),1/9,0.032531551648223855,0.11802446937975614,48.16937629323086,165.00635843822025,CDK6
P4,GO_Biological_Process_2026,gs_ind_0,Type I Interferon-Mediated Signaling Pathway (GO:0060337),1/28,0.09780812250653742,0.17027248966109299,14.878300593878484,34.58829438886499,HDAC4
P4,GO_Biological_Process_2026,gs_ind_0,Vascular Transport (GO:0010232),3/83,0.0035559073713867808,0.05287226206307886,12.079152731326644,68.11609385243901,SLC16A7;AVPR1A;SLC1A3
P4,GO_Biological_Process_2026,gs_ind_0,Vasculogenesis (GO:0001570),1/33,0.11424883561195394,0.17897011036276725,12.587011982991882,27.305967256473732,TGFBR3
P4,GO_Biological_Process_2026,gs_ind_0,Ventricular Cardiac Muscle Tissue Development (GO:0003229),1/25,0.08779905814197392,0.16624999109555394,16.70197928417598,40.630980258906256,TGFBR3
P4,GO_Biological_Process_2026,gs_ind_0,Ventricular Cardiac Muscle Tissue Morphogenesis (GO:0055010),1/33,0.11424883561195394,0.17897011036276725,12.587011982991882,27.305967256473732,TGFBR3
P4,GO_Biological_Process_2026,gs_ind_0,Ventricular Compact Myocardium Morphogenesis (GO:0003223),1/6,0.021805834468432178,0.11173950205010161,74.4518044769301,284.8211635890129,TGFBR3
P4,GO_Biological_Process_2026,gs_ind_0,Ventricular Septum Development (GO:0003281),2/37,0.00815744149226313,0.0813054882800292,19.398369914921,93.2833604212486,SLIT3;TGFBR3
P4,GO_Biological_Process_2026,gs_ind_0,Ventricular Septum Morphogenesis (GO:0060412),2/28,0.004730110090115446,0.060425490869502954,25.995115410401304,139.17282569994805,SLIT3;TGFBR3
P4,GO_Biological_Process_2026,gs_ind_0,Vesicle Cytoskeletal Trafficking (GO:0099518),1/24,0.08443833551787916,0.16364438101435128,17.41334331230621,43.0411486823959,TANC2
P4,GO_Biological_Process_2026,gs_ind_0,Wnt Signaling Pathway (GO:0016055),1/85,0.2685951165573057,0.30413953897312895,4.83188129999108,6.351750414065389,GPC4
P4,GO_Biological_Process_2026,gs_ind_0,"Wound Healing, Spreading of Cells (GO:0044319)",1/28,0.09780812250653742,0.17027248966109299,14.878300593878484,34.58829438886499,ARHGAP24
P4,GO_Biological_Process_2026,gs_ind_0,"Wound Healing, Spreading of Epidermal Cells (GO:0035313)",1/13,0.04665159224326654,0.13475475848612342,32.75035175879397,100.38140738175221,ARHGAP24
