Program,Library,Gene_set,Term,Overlap,P-value,Adjusted P-value,Odds Ratio,Combined Score,Genes
P5,GO_Biological_Process_2026,gs_ind_0,AV Node Cell Action Potential (GO:0086016),1/7,0.025394089358317242,0.14573662827845768,62.9953614224971,231.39700796830692,CACNA1C
P5,GO_Biological_Process_2026,gs_ind_0,Actin Filament Bundle Assembly (GO:0051017),1/37,0.12718755619754754,0.2044622652821095,11.205961313416397,23.107728348226125,MYO1B
P5,GO_Biological_Process_2026,gs_ind_0,Actin Filament Bundle Organization (GO:0061572),1/38,0.13039289018139794,0.20524806787812638,10.906733668341708,22.219232230345032,MYO1B
P5,GO_Biological_Process_2026,gs_ind_0,Actin Filament Network Formation (GO:0051639),1/12,0.043140826609840886,0.14891249794259798,35.59951933580948,111.89945212016866,ACTN1
P5,GO_Biological_Process_2026,gs_ind_0,Actin Filament Organization (GO:0007015),6/168,3.6952890835957554e-05,0.0066010171226920595,11.43089947089947,116.66223600052079,MYO5B;ACTN1;NEBL;MYO1B;SH3KBP1;DSG3
P5,GO_Biological_Process_2026,gs_ind_0,Adenylate Cyclase-Activating G Protein-Coupled Receptor Signaling Pathway (GO:0007189),1/143,0.4094983938692628,0.43577293870281486,2.859084898175086,2.552654748599491,ADGRL3
P5,GO_Biological_Process_2026,gs_ind_0,Adenylate Cyclase-Modulating G Protein-Coupled Receptor Signaling Pathway (GO:0007188),1/211,0.5407947414030133,0.5614357620672504,1.9306150706024183,1.1867789660321344,ADGRL3
P5,GO_Biological_Process_2026,gs_ind_0,Adherens Junction Assembly (GO:0034333),1/11,0.03961726211805212,0.14794684282763623,38.99138549892319,125.88331156809635,DSG3
P5,GO_Biological_Process_2026,gs_ind_0,Adherens Junction Maintenance (GO:0034334),1/8,0.02896931280161029,0.14573662827845768,54.59396984924623,193.34553720447744,AFDN
P5,GO_Biological_Process_2026,gs_ind_0,Adherens Junction Organization (GO:0034332),2/39,0.009033052607095308,0.12832418872674722,18.36243654822335,86.42950837860433,DSG3;AFDN
P5,GO_Biological_Process_2026,gs_ind_0,Adrenergic Receptor Signaling Pathway (GO:0071875),1/16,0.0571075553965845,0.15409975265745024,26.40865618414654,75.60319879037347,AKAP13
P5,GO_Biological_Process_2026,gs_ind_0,Adult Locomotory Behavior (GO:0008344),1/11,0.03961726211805212,0.14794684282763623,38.99138549892319,125.88331156809635,BTBD9
P5,GO_Biological_Process_2026,gs_ind_0,Amino Acid Transport (GO:0006865),1/51,0.1710168333182885,0.23879147157379094,8.09517886462013,14.296031530903484,SLC43A2
P5,GO_Biological_Process_2026,gs_ind_0,Anoikis (GO:0043276),1/9,0.032531551648223855,0.14573662827845768,48.16937629323086,165.00635843822025,DAPK2
P5,GO_Biological_Process_2026,gs_ind_0,Antibacterial Humoral Response (GO:0019731),1/30,0.10442034991225575,0.18985518165864682,13.868580189080998,31.333708986565636,DEFB1
P5,GO_Biological_Process_2026,gs_ind_0,Antifungal Innate Immune Response (GO:0061760),1/8,0.02896931280161029,0.14573662827845768,54.59396984924623,193.34553720447744,PLCG2
P5,GO_Biological_Process_2026,gs_ind_0,Antigen Processing and Presentation of Endogenous Peptide Antigen (GO:0002483),1/9,0.032531551648223855,0.14573662827845768,48.16937629323086,165.00635843822025,IDE
P5,GO_Biological_Process_2026,gs_ind_0,Antigen Processing and Presentation of Endogenous Peptide Antigen via MHC Class I (GO:0019885),1/5,0.018204501114733745,0.14573662827845768,91.0,364.55386253468845,IDE
P5,GO_Biological_Process_2026,gs_ind_0,Antigen Processing and Presentation of Exogenous Peptide Antigen (GO:0002478),1/13,0.04665159224326654,0.1495689974891966,32.75035175879397,100.38140738175221,CTSD
P5,GO_Biological_Process_2026,gs_ind_0,Antigen Processing and Presentation of Exogenous Peptide Antigen via MHC Class II (GO:0019886),1/11,0.03961726211805212,0.14794684282763623,38.99138549892319,125.88331156809635,CTSD
P5,GO_Biological_Process_2026,gs_ind_0,Antigen Processing and Presentation of Peptide Antigen via MHC Class I (GO:0002474),1/16,0.0571075553965845,0.15409975265745024,26.40865618414654,75.60319879037347,IDE
P5,GO_Biological_Process_2026,gs_ind_0,Antigen Processing and Presentation of Peptide Antigen via MHC Class II (GO:0002495),1/11,0.03961726211805212,0.14794684282763623,38.99138549892319,125.88331156809635,CTSD
P5,GO_Biological_Process_2026,gs_ind_0,Antigen Receptor-Mediated Signaling Pathway (GO:0050851),3/98,0.005658106228211407,0.10125032197851991,10.176265270506109,52.65877422190065,NFATC2;PLCG2;TEC
P5,GO_Biological_Process_2026,gs_ind_0,Antimicrobial Humoral Immune Response Mediated by Antimicrobial Peptide (GO:0061844),2/70,0.027359022238275892,0.14573662827845768,10.04094260624699,36.13442976017837,DEFB1;PGLYRP4
P5,GO_Biological_Process_2026,gs_ind_0,Antimicrobial Humoral Response (GO:0019730),2/85,0.039043681736093294,0.14794684282763623,8.23262105231162,26.699001057599013,DEFB1;PGLYRP4
P5,GO_Biological_Process_2026,gs_ind_0,Apical Junction Assembly (GO:0043297),2/37,0.00815744149226313,0.12606955033497563,19.398369914921,93.2833604212486,MPP7;AFDN
P5,GO_Biological_Process_2026,gs_ind_0,Apoptotic Process (GO:0006915),2/242,0.22268562860313323,0.28198552597789683,2.8417425625547454,4.268280958650389,SEMA6A;DAPK2
P5,GO_Biological_Process_2026,gs_ind_0,Atrial Cardiac Muscle Cell Action Potential (GO:0086014),1/12,0.043140826609840886,0.14891249794259798,35.59951933580948,111.89945212016866,CACNA1C
P5,GO_Biological_Process_2026,gs_ind_0,Atrioventricular Node Development (GO:0003162),1/4,0.014590042112100507,0.14573662827845768,117.0043072505384,494.6258840598229,GATA6
P5,GO_Biological_Process_2026,gs_ind_0,Axon Development (GO:0061564),1/107,0.32558164117311317,0.3623494533514189,3.830632033406469,4.298513210159991,PAK3
P5,GO_Biological_Process_2026,gs_ind_0,Axon Guidance (GO:0007411),2/152,0.10743870118538656,0.19324998832071816,4.55630133059008,10.1643556385713,SEMA6A;EPHA4
P5,GO_Biological_Process_2026,gs_ind_0,Axonal Fasciculation (GO:0007413),1/15,0.05363491085988955,0.1513350181938792,28.2309824987004,82.591294852792,EPHA4
P5,GO_Biological_Process_2026,gs_ind_0,Axonogenesis (GO:0007409),3/205,0.03981510623155504,0.14794684282763623,4.780208926875593,15.409045948643989,SEMA6A;PAK3;EPHA4
P5,GO_Biological_Process_2026,gs_ind_0,B Cell Activation (GO:0042113),1/82,0.26046365097100105,0.3107285660706679,5.010296883188951,6.740312129922902,PLCG2
P5,GO_Biological_Process_2026,gs_ind_0,B Cell Differentiation (GO:0030183),1/52,0.17406277381902974,0.23911653777159642,7.937698199736547,13.877789521683125,PLCG2
P5,GO_Biological_Process_2026,gs_ind_0,B Cell Receptor Signaling Pathway (GO:0050853),3/31,0.00019966476469069082,0.027154407997933953,34.18380566801619,291.2074230602443,NFATC2;PLCG2;TEC
P5,GO_Biological_Process_2026,gs_ind_0,Bicellular Tight Junction Assembly (GO:0070830),2/28,0.004730110090115446,0.09640999150222002,25.995115410401304,139.17282569994805,MPP7;AFDN
P5,GO_Biological_Process_2026,gs_ind_0,Blood Vessel Morphogenesis (GO:0048514),1/51,0.1710168333182885,0.23879147157379094,8.09517886462013,14.296031530903484,FLT1
P5,GO_Biological_Process_2026,gs_ind_0,Bone Development (GO:0060348),1/44,0.14938162196228383,0.2203459933500065,9.400277248310518,17.872286764451427,AKAP13
P5,GO_Biological_Process_2026,gs_ind_0,Bradykinin Catabolic Process (GO:0010815),1/6,0.021805834468432178,0.14573662827845768,74.4518044769301,284.8211635890129,IDE
P5,GO_Biological_Process_2026,gs_ind_0,Brain Development (GO:0007420),1/155,0.43510474089023493,0.45942736615739094,2.635849148655901,2.193470614396082,EGR2
P5,GO_Biological_Process_2026,gs_ind_0,Branched-chain Amino Acid Transport (GO:0015803),1/11,0.03961726211805212,0.14794684282763623,38.99138549892319,125.88331156809635,SLC43A2
P5,GO_Biological_Process_2026,gs_ind_0,Bundle of His Cell to Purkinje Myocyte Communication (GO:0086069),1/9,0.032531551648223855,0.14573662827845768,48.16937629323086,165.00635843822025,DSP
P5,GO_Biological_Process_2026,gs_ind_0,Bundle of His cell-Purkinje Myocyte Adhesion Involved in Cell Communication (GO:0086073),1/6,0.021805834468432178,0.14573662827845768,74.4518044769301,284.8211635890129,DSP
P5,GO_Biological_Process_2026,gs_ind_0,Calcineurin-NFAT Signaling Cascade (GO:0033173),1/13,0.04665159224326654,0.1495689974891966,32.75035175879397,100.38140738175221,NFATC2
P5,GO_Biological_Process_2026,gs_ind_0,Calcineurin-mediated Signaling (GO:0097720),1/17,0.060567584183063565,0.15840752786339704,24.80721790772042,69.5593259790493,NFATC2
P5,GO_Biological_Process_2026,gs_ind_0,Calcium Ion Import (GO:0070509),1/31,0.10770844937287086,0.19324998832071816,13.413378367246066,29.88939646374393,CACNA1C
P5,GO_Biological_Process_2026,gs_ind_0,Calcium Ion Import Across Plasma Membrane (GO:0098703),1/23,0.08106535561630931,0.17611642753702983,18.187939698492464,45.697191038775365,CACNA1C
P5,GO_Biological_Process_2026,gs_ind_0,Calcium Ion Import Into Cytosol (GO:1902656),1/24,0.08443833551787916,0.17943146297549323,17.41334331230621,43.0411486823959,CACNA1C
P5,GO_Biological_Process_2026,gs_ind_0,Calcium Ion Transmembrane Import Into Cytosol (GO:0097553),1/36,0.12397052607037776,0.2044622652821095,11.52204685398825,24.054708967199332,CACNA1C
P5,GO_Biological_Process_2026,gs_ind_0,Calcium Ion Transmembrane Transport (GO:0070588),1/92,0.2872259237732201,0.335014799598267,4.461075871159074,5.565130506335436,CACNA1C
P5,GO_Biological_Process_2026,gs_ind_0,Calcium Ion Transport (GO:0006816),1/143,0.4094983938692628,0.43577293870281486,2.859084898175086,2.552654748599491,CACNA1C
P5,GO_Biological_Process_2026,gs_ind_0,Calcium Ion Transport Into Cytosol (GO:0060402),1/9,0.032531551648223855,0.14573662827845768,48.16937629323086,165.00635843822025,CACNA1C
P5,GO_Biological_Process_2026,gs_ind_0,Calcium-mediated Signaling (GO:0019722),2/91,0.044160597880144266,0.1495689974891966,7.6790119955761,23.95792105993816,DEFB1;PLCG2
P5,GO_Biological_Process_2026,gs_ind_0,Camera-type Eye Development (GO:0043010),1/37,0.12718755619754754,0.2044622652821095,11.205961313416397,23.107728348226125,CACNA1C
P5,GO_Biological_Process_2026,gs_ind_0,Carboxylic Acid Catabolic Process (GO:0046395),1/29,0.10112025539501886,0.18787369854812247,14.355725998413119,32.89535401837941,PON2
P5,GO_Biological_Process_2026,gs_ind_0,Carboxylic Acid Metabolic Process (GO:0019752),1/37,0.12718755619754754,0.2044622652821095,11.205961313416397,23.107728348226125,PON2
P5,GO_Biological_Process_2026,gs_ind_0,Carboxylic Acid Transport (GO:0046942),1/40,0.1367686379517141,0.2106475215583831,10.353730678710006,20.598380195399425,SLC43A2
P5,GO_Biological_Process_2026,gs_ind_0,Cardiac Conduction (GO:0061337),2/46,0.012409204536678386,0.14548722560243624,15.469970911994524,67.90260291624776,CACNA1C;DSP
P5,GO_Biological_Process_2026,gs_ind_0,Cardiac Conduction System Development (GO:0003161),1/25,0.08779905814197392,0.18312163645623988,16.70197928417598,40.630980258906256,GATA6
P5,GO_Biological_Process_2026,gs_ind_0,Cardiac Left Ventricle Morphogenesis (GO:0003214),1/13,0.04665159224326654,0.1495689974891966,32.75035175879397,100.38140738175221,CPE
P5,GO_Biological_Process_2026,gs_ind_0,Cardiac Muscle Cell Action Potential (GO:0086001),1/38,0.13039289018139794,0.20524806787812638,10.906733668341708,22.219232230345032,CACNA1C
P5,GO_Biological_Process_2026,gs_ind_0,Cardiac Muscle Cell Action Potential Involved in Contraction (GO:0086002),1/37,0.12718755619754754,0.2044622652821095,11.205961313416397,23.107728348226125,CACNA1C
P5,GO_Biological_Process_2026,gs_ind_0,Cardiac Muscle Cell Contraction (GO:0086003),1/29,0.10112025539501886,0.18787369854812247,14.355725998413119,32.89535401837941,CACNA1C
P5,GO_Biological_Process_2026,gs_ind_0,Cardiac Muscle Cell Differentiation (GO:0055007),1/27,0.09448390777737954,0.18786274060999442,15.440314781454441,36.428732206490906,AKAP13
P5,GO_Biological_Process_2026,gs_ind_0,Cardiac Muscle Cell-Cardiac Muscle Cell Adhesion (GO:0086042),1/7,0.025394089358317242,0.14573662827845768,62.9953614224971,231.39700796830692,DSP
P5,GO_Biological_Process_2026,gs_ind_0,Cardiac Muscle Tissue Development (GO:0048738),2/51,0.015106734484467503,0.14573662827845768,13.904783879403169,58.297400489932905,GATA6;AKAP13
P5,GO_Biological_Process_2026,gs_ind_0,Cardiac Myofibril Assembly (GO:0055003),1/15,0.05363491085988955,0.1513350181938792,28.2309824987004,82.591294852792,NEBL
P5,GO_Biological_Process_2026,gs_ind_0,Cardiac Vascular Smooth Muscle Cell Differentiation (GO:0060947),1/5,0.018204501114733745,0.14573662827845768,91.0,364.55386253468845,GATA6
P5,GO_Biological_Process_2026,gs_ind_0,Cardiac Ventricle Morphogenesis (GO:0003208),1/42,0.14309810434998382,0.21671873264585523,9.854029182054852,19.15844830527978,CPE
P5,GO_Biological_Process_2026,gs_ind_0,Cardiocyte Differentiation (GO:0035051),2/13,0.001011639008733172,0.0606062756093238,59.93489295961157,413.3220188529541,GATA6;AKAP13
P5,GO_Biological_Process_2026,gs_ind_0,Cartilage Development (GO:0051216),1/60,0.19803474382044972,0.2569916522860798,6.868417718846333,11.122116658096216,NFATC2
P5,GO_Biological_Process_2026,gs_ind_0,Cell Communication by Electrical Coupling Involved in Cardiac Conduction (GO:0086064),1/15,0.05363491085988955,0.1513350181938792,28.2309824987004,82.591294852792,CACNA1C
P5,GO_Biological_Process_2026,gs_ind_0,Cell Junction Assembly (GO:0034329),1/105,0.32058809356015355,0.3579637169472979,3.9042340891058163,4.441449584249801,ADGRL3
P5,GO_Biological_Process_2026,gs_ind_0,Cell Junction Organization (GO:0034330),1/76,0.24393127980932583,0.2972639252156659,5.409664215115312,7.632326099746303,PAK3
P5,GO_Biological_Process_2026,gs_ind_0,Cell Morphogenesis Involved in Neuron Differentiation (GO:0048667),1/87,0.2739668544992329,0.32146209974556283,4.71981293751997,6.110969063971938,PAK3
P5,GO_Biological_Process_2026,gs_ind_0,Cell Surface Receptor Protein Tyrosine Kinase Signaling Pathway (GO:0007169),4/283,0.020492809189096843,0.14573662827845768,4.486110467433519,17.44056744037031,FLT1;IDE;PAK3;EPHA4
P5,GO_Biological_Process_2026,gs_ind_0,Cell-cell Adhesion Mediated by Cadherin (GO:0044331),1/37,0.12718755619754754,0.2044622652821095,11.205961313416397,23.107728348226125,AFDN
P5,GO_Biological_Process_2026,gs_ind_0,Cell-cell Junction Assembly (GO:0007043),1/72,0.23270696523856207,0.2871882692599314,5.71314615033208,8.329625840241883,DSG3
P5,GO_Biological_Process_2026,gs_ind_0,Cell-cell Junction Maintenance (GO:0045217),2/16,0.0015452428094651371,0.0606062756093238,47.529319096796776,307.6370456108159,DSP;AFDN
P5,GO_Biological_Process_2026,gs_ind_0,Cell-cell Junction Organization (GO:0045216),1/70,0.2270331041296496,0.2832706620333243,5.877987057590109,8.715052993038883,DSP
P5,GO_Biological_Process_2026,gs_ind_0,Cell-matrix Adhesion (GO:0007160),1/114,0.3427746150393318,0.3783875620564053,3.593451840701304,3.8474447312642526,ACTN1
P5,GO_Biological_Process_2026,gs_ind_0,Cell-substrate Junction Assembly (GO:0007044),1/31,0.10770844937287086,0.19324998832071816,13.413378367246066,29.88939646374393,ACTN1
P5,GO_Biological_Process_2026,gs_ind_0,Cellular Component Assembly (GO:0022607),3/349,0.13692088901294902,0.2106475215583831,2.778710178710179,5.525053864577795,QSOX1;MYO1B;MITF
P5,GO_Biological_Process_2026,gs_ind_0,Cellular Response to Alcohol (GO:0097306),1/55,0.18313427347949734,0.2456238776450852,7.499930846895025,12.731400062627513,GPR155
P5,GO_Biological_Process_2026,gs_ind_0,Cellular Response to Amino Acid Starvation (GO:0034198),1/45,0.15250625325948727,0.2239832661262448,9.18869629044097,17.27979985753456,GPR155
P5,GO_Biological_Process_2026,gs_ind_0,Cellular Response to Amyloid-Beta (GO:1904646),1/37,0.12718755619754754,0.2044622652821095,11.205961313416397,23.107728348226125,EPHA4
P5,GO_Biological_Process_2026,gs_ind_0,Cellular Response to Calcium Ion (GO:0071277),1/58,0.19210712382525622,0.25218695791732476,7.107843565654359,11.725824641202973,PLCG2
P5,GO_Biological_Process_2026,gs_ind_0,Cellular Response to Cholesterol (GO:0071397),1/9,0.032531551648223855,0.14573662827845768,48.16937629323086,165.00635843822025,GPR155
P5,GO_Biological_Process_2026,gs_ind_0,Cellular Response to Decreased Oxygen Levels (GO:0036294),1/79,0.2522426969822118,0.303047763158841,5.20234932624908,7.165526449104015,GATA6
P5,GO_Biological_Process_2026,gs_ind_0,Cellular Response to Epidermal Growth Factor Stimulus (GO:0071364),1/27,0.09448390777737954,0.18786274060999442,15.440314781454441,36.428732206490906,GAREM1
P5,GO_Biological_Process_2026,gs_ind_0,Cellular Response to Growth Factor Stimulus (GO:0071363),3/147,0.01696851303907159,0.14573662827845768,6.713317363144353,27.366138881049338,GAREM1;SEMA6A;FLT1
P5,GO_Biological_Process_2026,gs_ind_0,Cellular Response to Hypoxia (GO:0071456),1/78,0.24948232449515884,0.30079429194451773,5.26967093532177,7.316238334127009,GATA6
P5,GO_Biological_Process_2026,gs_ind_0,Cellular Response to Insulin Stimulus (GO:0032869),1/106,0.32308942595997636,0.36016526172587526,3.867084236347615,4.3691328307529815,IDE
P5,GO_Biological_Process_2026,gs_ind_0,Cellular Response to Lectin (GO:1990858),2/18,0.0019607912697134173,0.0606062756093238,41.765113059529305,260.38072065544543,PAK3;PLCG2
P5,GO_Biological_Process_2026,gs_ind_0,Cellular Response to Lipid (GO:0071396),1/206,0.5322145898123586,0.5533729680006175,1.97795547078458,1.2475133412206187,PLCG2
P5,GO_Biological_Process_2026,gs_ind_0,Cellular Response to Lipopolysaccharide (GO:0071222),1/109,0.3305388515100955,0.36666626268656594,3.7597434175485724,4.162152789215556,PLCG2
P5,GO_Biological_Process_2026,gs_ind_0,Cellular Response to Macrophage Colony-Stimulating Factor Stimulus (GO:0036006),1/6,0.021805834468432178,0.14573662827845768,74.4518044769301,284.8211635890129,IL34
P5,GO_Biological_Process_2026,gs_ind_0,Cellular Response to Metal Ion (GO:0071248),1/98,0.3028206973137532,0.3455001244519332,4.185620409741013,5.000202442333122,PLCG2
P5,GO_Biological_Process_2026,gs_ind_0,Cellular Response to Nitrogen Compound (GO:1901699),1/158,0.4413326282741778,0.4645606613412398,2.5853553481694185,2.114708027562443,EPHA4
P5,GO_Biological_Process_2026,gs_ind_0,Cellular Response to Oxygen-Containing Compound (GO:1901701),1/344,0.7197152512391842,0.729368659974136,1.1772618551271643,0.3872009880777984,EPHA4
P5,GO_Biological_Process_2026,gs_ind_0,Cellular Response to Starvation (GO:0009267),2/139,0.09251791483708809,0.18786274060999442,4.989478541762805,11.876720112046812,PAK3;GPR155
P5,GO_Biological_Process_2026,gs_ind_0,Cellular Response to Sterol (GO:0036315),1/14,0.05014960504049533,0.1495689974891966,30.32328308207705,90.74984291620152,GPR155
P5,GO_Biological_Process_2026,gs_ind_0,Cellular Response to Vascular Endothelial Growth Factor Stimulus (GO:0035924),2/36,0.007734859472020119,0.12606955033497563,19.96137717943059,97.05257441117668,SEMA6A;FLT1
P5,GO_Biological_Process_2026,gs_ind_0,Central Nervous System Development (GO:0007417),1/272,0.6337302756842421,0.6490008847368745,1.4934617840584137,0.6812154830942747,EGR2
P5,GO_Biological_Process_2026,gs_ind_0,Central Nervous System Projection Neuron Axonogenesis (GO:0021952),1/10,0.036080852581350895,0.1478010828633651,43.0973287490082,143.16902243022955,EPHA4
P5,GO_Biological_Process_2026,gs_ind_0,Chemical Synaptic Transmission (GO:0007268),1/257,0.6127685752972308,0.6294299564986662,1.5816803314819712,0.7746563214699725,GABRP
P5,GO_Biological_Process_2026,gs_ind_0,Chloride Transmembrane Transport (GO:1902476),3/66,0.0018523457276112725,0.0606062756093238,15.322551988693721,96.39880936017578,ANO9;SLC26A9;GABRP
P5,GO_Biological_Process_2026,gs_ind_0,Chloride Transport (GO:0006821),3/87,0.0040590739397523825,0.09200567596772066,11.505659232286451,63.359369150753324,ANO9;SLC26A9;GABRP
P5,GO_Biological_Process_2026,gs_ind_0,Circulatory System Development (GO:0072359),3/133,0.013007603573013763,0.14573662827845768,7.437371058060713,32.294710297463446,CACNA1C;AKAP13;PDLIM3
P5,GO_Biological_Process_2026,gs_ind_0,Cognition (GO:0050890),1/47,0.15872146612108,0.22915201053574186,8.792835143459232,16.18413103887907,GPR155
P5,GO_Biological_Process_2026,gs_ind_0,Columnar/cuboidal Epithelial Cell Differentiation (GO:0002065),1/16,0.0571075553965845,0.15409975265745024,26.40865618414654,75.60319879037347,GATA6
P5,GO_Biological_Process_2026,gs_ind_0,Connective Tissue Development (GO:0061448),1/43,0.1462455860603604,0.21952979805970216,9.621814957138634,18.49763110790661,NFATC2
P5,GO_Biological_Process_2026,gs_ind_0,Coronary Vasculature Development (GO:0060976),1/8,0.02896931280161029,0.14573662827845768,54.59396984924623,193.34553720447744,GATA6
P5,GO_Biological_Process_2026,gs_ind_0,Cytokine-mediated Signaling Pathway (GO:0019221),1/245,0.5951477362656312,0.6122548572778052,1.6600487098067023,0.8614749870404408,IL34
P5,GO_Biological_Process_2026,gs_ind_0,Cytoskeleton Organization (GO:0007010),1/104,0.3180776109586692,0.35633076680707587,3.9421018134149004,4.515519416376505,SEMA6A
P5,GO_Biological_Process_2026,gs_ind_0,DNA Damage Response (GO:0006974),1/433,0.7988451985698368,0.8012016740818423,0.9319022859964563,0.20929416002741572,NFATC2
P5,GO_Biological_Process_2026,gs_ind_0,DNA Metabolic Process (GO:0006259),1/319,0.6924027316952353,0.7048411041208982,1.270851904735609,0.4671492877893918,DSP
P5,GO_Biological_Process_2026,gs_ind_0,Defense Response to Bacterium (GO:0042742),3/156,0.01983282943182778,0.14573662827845768,6.317597928672847,24.767616184775715,GSDMA;DEFB1;PGLYRP4
P5,GO_Biological_Process_2026,gs_ind_0,Defense Response to Fungus (GO:0050832),1/29,0.10112025539501886,0.18787369854812247,14.355725998413119,32.89535401837941,PLCG2
P5,GO_Biological_Process_2026,gs_ind_0,Defense Response to Gram-negative Bacterium (GO:0050829),1/53,0.17709763410262688,0.24279514352779494,7.7862167982771,13.478362460655353,DEFB1
P5,GO_Biological_Process_2026,gs_ind_0,Defense Response to Gram-positive Bacterium (GO:0050830),2/63,0.02249308377240486,0.14573662827845768,11.186702983781107,42.44847477669753,DEFB1;PGLYRP4
P5,GO_Biological_Process_2026,gs_ind_0,Dendrite Morphogenesis (GO:0048813),1/34,0.11750120825052357,0.20025268574024066,12.21083027075677,26.147132213032688,PAK3
P5,GO_Biological_Process_2026,gs_ind_0,Dendritic Spine Morphogenesis (GO:0060997),1/15,0.05363491085988955,0.1513350181938792,28.2309824987004,82.591294852792,PAK3
P5,GO_Biological_Process_2026,gs_ind_0,Dendritic Spine Organization (GO:0097061),1/26,0.09114756758275655,0.18725180047212828,16.046408513154006,38.435568598252985,PAK3
P5,GO_Biological_Process_2026,gs_ind_0,Dephosphorylation (GO:0016311),1/94,0.29246217540983005,0.3382215633991232,4.365329320398786,5.3668228915658895,PPP2R3A
P5,GO_Biological_Process_2026,gs_ind_0,Desmosome Assembly (GO:0002159),1/8,0.02896931280161029,0.14573662827845768,54.59396984924623,193.34553720447744,DSG3
P5,GO_Biological_Process_2026,gs_ind_0,Desmosome Organization (GO:0002934),2/11,0.0007167572143387991,0.0606062756093238,72.5581084691424,525.3768208799154,DSP;DSG3
P5,GO_Biological_Process_2026,gs_ind_0,Detection of Bacterium (GO:0016045),1/8,0.02896931280161029,0.14573662827845768,54.59396984924623,193.34553720447744,PGLYRP4
P5,GO_Biological_Process_2026,gs_ind_0,Development of Primary Male Sexual Characteristics (GO:0046546),1/40,0.1367686379517141,0.2106475215583831,10.353730678710006,20.598380195399425,GATA6
P5,GO_Biological_Process_2026,gs_ind_0,Digestive Tract Development (GO:0048565),1/38,0.13039289018139794,0.20524806787812638,10.906733668341708,22.219232230345032,GATA6
P5,GO_Biological_Process_2026,gs_ind_0,ERBB Signaling Pathway (GO:0038127),1/59,0.19507633576312508,0.2541224297297415,6.986084267491303,11.41780694412366,GAREM1
P5,GO_Biological_Process_2026,gs_ind_0,Embryonic Forelimb Morphogenesis (GO:0035115),1/9,0.032531551648223855,0.14573662827845768,48.16937629323086,165.00635843822025,CACNA1C
P5,GO_Biological_Process_2026,gs_ind_0,Embryonic Limb Morphogenesis (GO:0030326),1/34,0.11750120825052357,0.20025268574024066,12.21083027075677,26.147132213032688,CACNA1C
P5,GO_Biological_Process_2026,gs_ind_0,Endothelial Cell Development (GO:0001885),1/26,0.09114756758275655,0.18725180047212828,16.046408513154006,38.435568598252985,DSP
P5,GO_Biological_Process_2026,gs_ind_0,Enzyme-linked Receptor Protein Signaling Pathway (GO:0007167),1/133,0.3872845095642038,0.4180213754026326,3.0760026547833506,2.917882858364609,FLT1
P5,GO_Biological_Process_2026,gs_ind_0,Ephrin Receptor Signaling Pathway (GO:0048013),2/44,0.011396042277652138,0.13838051337149024,16.199163929531203,72.48298328202453,PAK3;EPHA4
P5,GO_Biological_Process_2026,gs_ind_0,Epidermal Cell Differentiation (GO:0009913),3/53,0.0009814998475745605,0.0606062756093238,19.276212236608277,133.51530965418783,SPRR1A;GATA6;DSP
P5,GO_Biological_Process_2026,gs_ind_0,Epidermal Growth Factor Receptor Signaling Pathway (GO:0007173),1/50,0.16795977255684102,0.23596114321140133,8.259022384650525,14.734350124773231,GAREM1
P5,GO_Biological_Process_2026,gs_ind_0,Epidermis Development (GO:0008544),3/75,0.0026690977987783616,0.07259946012677143,13.415985853227232,79.50333027675184,SPRR1A;GATA6;DSP
P5,GO_Biological_Process_2026,gs_ind_0,Epithelial Cell Differentiation (GO:0030855),3/119,0.00963935357283225,0.12832418872674722,8.33544624188401,38.69231815753417,GATA6;KRT17;EHF
P5,GO_Biological_Process_2026,gs_ind_0,Epithelial Cell-Cell Adhesion (GO:0090136),1/15,0.05363491085988955,0.1513350181938792,28.2309824987004,82.591294852792,DSP
P5,GO_Biological_Process_2026,gs_ind_0,Epithelium Development (GO:0060429),4/150,0.0022916183185571863,0.06775219376603855,8.60116005588074,52.2821257826385,GATA6;PPP2R3A;KRT17;EHF
P5,GO_Biological_Process_2026,gs_ind_0,Establishment of Endothelial Barrier (GO:0061028),2/30,0.005417514395149481,0.09956512942436883,24.169115682607533,126.11730163340725,DSP;AFDN
P5,GO_Biological_Process_2026,gs_ind_0,Establishment of Endothelial Intestinal Barrier (GO:0090557),1/11,0.03961726211805212,0.14794684282763623,38.99138549892319,125.88331156809635,AFDN
P5,GO_Biological_Process_2026,gs_ind_0,Establishment of Protein Localization to Membrane (GO:0090150),1/72,0.23270696523856207,0.2871882692599314,5.71314615033208,8.329625840241883,AFDN
P5,GO_Biological_Process_2026,gs_ind_0,Establishment of Protein Localization to Plasma Membrane (GO:0061951),2/41,0.009948736817063085,0.12832418872674722,17.431407826254578,80.36418839306899,MACF1;AFDN
P5,GO_Biological_Process_2026,gs_ind_0,Estrogen Receptor Signaling Pathway (GO:0030520),1/17,0.060567584183063565,0.15840752786339704,24.80721790772042,69.5593259790493,PPARGC1B
P5,GO_Biological_Process_2026,gs_ind_0,Excitatory Synapse Assembly (GO:1904861),2/13,0.001011639008733172,0.0606062756093238,59.93489295961157,413.3220188529541,ADGRL3;ADGRL2
P5,GO_Biological_Process_2026,gs_ind_0,Extracellular Matrix Assembly (GO:0085029),1/21,0.07428244681570347,0.17007428900565102,19.96384360828533,51.90360975057245,QSOX1
P5,GO_Biological_Process_2026,gs_ind_0,Extracellular Matrix Organization (GO:0030198),1/183,0.49065659780559856,0.5148865532527886,2.229131961175742,1.5871660072389608,QSOX1
P5,GO_Biological_Process_2026,gs_ind_0,Eye Development (GO:0001654),1/66,0.21556048026879066,0.2750114945267873,6.237868732977867,9.572095390817173,CACNA1C
P5,GO_Biological_Process_2026,gs_ind_0,Eye Morphogenesis (GO:0048592),1/23,0.08106535561630931,0.17611642753702983,18.187939698492464,45.697191038775365,PPP2R3A
P5,GO_Biological_Process_2026,gs_ind_0,Eye Photoreceptor Cell Differentiation (GO:0001754),1/17,0.060567584183063565,0.15840752786339704,24.80721790772042,69.5593259790493,PPP2R3A
P5,GO_Biological_Process_2026,gs_ind_0,Facial Nerve Morphogenesis (GO:0021610),1/7,0.025394089358317242,0.14573662827845768,62.9953614224971,231.39700796830692,EGR2
P5,GO_Biological_Process_2026,gs_ind_0,Facial Nerve Structural Organization (GO:0021612),1/7,0.025394089358317242,0.14573662827845768,62.9953614224971,231.39700796830692,EGR2
P5,GO_Biological_Process_2026,gs_ind_0,Fat Cell Differentiation (GO:0045444),1/68,0.2213177094527477,0.28077619855945607,6.0525963149078725,9.12825951138168,EGR2
P5,GO_Biological_Process_2026,gs_ind_0,Fc Receptor Signaling Pathway (GO:0038093),1/27,0.09448390777737954,0.18786274060999442,15.440314781454441,36.428732206490906,PLCG2
P5,GO_Biological_Process_2026,gs_ind_0,Fc-epsilon Receptor Signaling Pathway (GO:0038095),1/22,0.07768007418553498,0.17318836211856978,19.03459156246348,48.636360355386536,PLCG2
P5,GO_Biological_Process_2026,gs_ind_0,Focal Adhesion Assembly (GO:0048041),1/24,0.08443833551787916,0.17943146297549323,17.41334331230621,43.0411486823959,ACTN1
P5,GO_Biological_Process_2026,gs_ind_0,Forelimb Morphogenesis (GO:0035136),1/10,0.036080852581350895,0.1478010828633651,43.0973287490082,143.16902243022955,CACNA1C
P5,GO_Biological_Process_2026,gs_ind_0,Formin-nucleated Actin Cable Assembly (GO:0070649),1/5,0.018204501114733745,0.14573662827845768,91.0,364.55386253468845,FMN1
P5,GO_Biological_Process_2026,gs_ind_0,Formin-nucleated Actin Cable Organization (GO:0110009),1/5,0.018204501114733745,0.14573662827845768,91.0,364.55386253468845,FMN1
P5,GO_Biological_Process_2026,gs_ind_0,Gene Expression (GO:0010467),1/268,0.6282529282970822,0.6443619777405972,1.5160193490818579,0.7046646550555272,GALNT2
P5,GO_Biological_Process_2026,gs_ind_0,Generation of Neurons (GO:0048699),1/191,0.5055103509390387,0.5280292452205013,2.1348870335931625,1.4563916771577758,ADGRL3
P5,GO_Biological_Process_2026,gs_ind_0,Glial Cell Differentiation (GO:0010001),1/29,0.10112025539501886,0.18787369854812247,14.355725998413119,32.89535401837941,EGR2
P5,GO_Biological_Process_2026,gs_ind_0,Glycerolipid Catabolic Process (GO:0046503),1/19,0.06744997582548398,0.16207061329091557,22.123726741817194,59.65373216204687,GDPD1
P5,GO_Biological_Process_2026,gs_ind_0,Glycerophospholipid Biosynthetic Process (GO:0046474),1/128,0.3758693246490863,0.4076413728251653,3.1972214011232634,3.1285250606714254,LIPH
P5,GO_Biological_Process_2026,gs_ind_0,Glycerophospholipid Catabolic Process (GO:0046475),1/31,0.10770844937287086,0.19324998832071816,13.413378367246066,29.88939646374393,GDPD1
P5,GO_Biological_Process_2026,gs_ind_0,Glycerophospholipid Metabolic Process (GO:0006650),1/59,0.19507633576312508,0.2541224297297415,6.986084267491303,11.41780694412366,GDPD1
P5,GO_Biological_Process_2026,gs_ind_0,Glycoprotein Biosynthetic Process (GO:0009101),3/164,0.022589294000681933,0.14573662827845768,6.0028737000873225,22.752567336035735,MGAT5B;GALNT2;MGAT5
P5,GO_Biological_Process_2026,gs_ind_0,Golgi to Plasma Membrane Protein Transport (GO:0043001),1/30,0.10442034991225575,0.18985518165864682,13.868580189080998,31.333708986565636,MACF1
P5,GO_Biological_Process_2026,gs_ind_0,Golgi to Plasma Membrane Transport (GO:0006893),1/56,0.18613613194826314,0.2486690957265598,7.36452532934945,12.381806910580362,MACF1
P5,GO_Biological_Process_2026,gs_ind_0,Gonad Development (GO:0008406),1/47,0.15872146612108,0.22915201053574186,8.792835143459232,16.18413103887907,GATA6
P5,GO_Biological_Process_2026,gs_ind_0,Heart Development (GO:0007507),3/170,0.024786819256081383,0.14573662827845768,5.7865595101416,21.39547539401571,CACNA1C;AKAP13;PDLIM3
P5,GO_Biological_Process_2026,gs_ind_0,Heme Catabolic Process (GO:0042167),1/12,0.043140826609840886,0.14891249794259798,35.59951933580948,111.89945212016866,SLCO2B1
P5,GO_Biological_Process_2026,gs_ind_0,Heme Metabolic Process (GO:0042168),1/36,0.12397052607037776,0.2044622652821095,11.52204685398825,24.054708967199332,SLCO2B1
P5,GO_Biological_Process_2026,gs_ind_0,Heterotypic Cell-Cell Adhesion (GO:0034113),1/29,0.10112025539501886,0.18787369854812247,14.355725998413119,32.89535401837941,DSP
P5,GO_Biological_Process_2026,gs_ind_0,Homotypic Cell-Cell Adhesion (GO:0034109),1/44,0.14938162196228383,0.2203459933500065,9.400277248310518,17.872286764451427,ACTN1
P5,GO_Biological_Process_2026,gs_ind_0,Hormone Catabolic Process (GO:0042447),1/13,0.04665159224326654,0.1495689974891966,32.75035175879397,100.38140738175221,IDE
P5,GO_Biological_Process_2026,gs_ind_0,Inflammatory Response (GO:0006954),2/253,0.23754460724665472,0.2914944645169925,2.716341544640785,3.9044689373922585,AFAP1L2;GSDMA
P5,GO_Biological_Process_2026,gs_ind_0,Innate Immune Response Activating Cell Surface Receptor Signaling Pathway (GO:0002220),2/25,0.003780992539606251,0.0886577561011121,29.316880872664434,163.52278131066697,PAK3;PLCG2
P5,GO_Biological_Process_2026,gs_ind_0,Innate Immune Response in Mucosa (GO:0002227),1/9,0.032531551648223855,0.14573662827845768,48.16937629323086,165.00635843822025,DEFB1
P5,GO_Biological_Process_2026,gs_ind_0,Inorganic Anion Transport (GO:0015698),1/55,0.18313427347949734,0.2456238776450852,7.499930846895025,12.731400062627513,SLC26A9
P5,GO_Biological_Process_2026,gs_ind_0,Inorganic Cation Import Across Plasma Membrane (GO:0098659),1/99,0.30538678109558665,0.34552913668053065,4.142973752008775,4.914296741872068,CACNA1C
P5,GO_Biological_Process_2026,gs_ind_0,Insulin Metabolic Process (GO:1901142),1/8,0.02896931280161029,0.14573662827845768,54.59396984924623,193.34553720447744,IDE
P5,GO_Biological_Process_2026,gs_ind_0,Insulin Receptor Signaling Pathway (GO:0008286),1/52,0.17406277381902974,0.23911653777159642,7.937698199736547,13.877789521683125,IDE
P5,GO_Biological_Process_2026,gs_ind_0,Integrin-mediated Signaling Pathway (GO:0007229),1/84,0.265894511441762,0.3149969821958156,4.889928685342882,6.4774715260949085,TEC
P5,GO_Biological_Process_2026,gs_ind_0,Intermediate Filament Organization (GO:0045109),3/66,0.0018523457276112725,0.0606062756093238,15.322551988693721,96.39880936017578,KRT79;DSP;KRT17
P5,GO_Biological_Process_2026,gs_ind_0,Intestinal Epithelial Cell Differentiation (GO:0060575),1/7,0.025394089358317242,0.14573662827845768,62.9953614224971,231.39700796830692,GATA6
P5,GO_Biological_Process_2026,gs_ind_0,Intracellular Protein Transport (GO:0006886),1/281,0.6457638990520655,0.6593385155486555,1.4450595222099805,0.6319553425690217,EGR2
P5,GO_Biological_Process_2026,gs_ind_0,Intracellular Signaling Cassette (GO:0141124),4/349,0.03973880608268735,0.14794684282763623,3.6202319983803606,11.676794343454803,DEFB1;AKAP13;PLCG2;RAPGEF5
P5,GO_Biological_Process_2026,gs_ind_0,Keratinocyte Differentiation (GO:0030216),2/39,0.009033052607095308,0.12832418872674722,18.36243654822335,86.42950837860433,SPRR1A;DSP
P5,GO_Biological_Process_2026,gs_ind_0,L-amino Acid Transport (GO:0015807),1/38,0.13039289018139794,0.20524806787812638,10.906733668341708,22.219232230345032,SLC43A2
P5,GO_Biological_Process_2026,gs_ind_0,L-leucine Transport (GO:0015820),1/10,0.036080852581350895,0.1478010828633651,43.0973287490082,143.16902243022955,SLC43A2
P5,GO_Biological_Process_2026,gs_ind_0,Lipid Catabolic Process (GO:0016042),1/54,0.18012145406991348,0.24496517753508232,7.640398252946978,13.096589333388202,LIPH
P5,GO_Biological_Process_2026,gs_ind_0,Lipid Metabolic Process (GO:0006629),1/227,0.5672177669611209,0.5852929917049503,1.7931711537821557,1.016749526878736,LIPH
P5,GO_Biological_Process_2026,gs_ind_0,Lipopolysaccharide-mediated Signaling Pathway (GO:0031663),1/19,0.06744997582548398,0.16207061329091557,22.123726741817194,59.65373216204687,PLCG2
P5,GO_Biological_Process_2026,gs_ind_0,Lipoprotein Catabolic Process (GO:0042159),1/9,0.032531551648223855,0.14573662827845768,48.16937629323086,165.00635843822025,CTSD
P5,GO_Biological_Process_2026,gs_ind_0,Lipoprotein Metabolic Process (GO:0042157),1/7,0.025394089358317242,0.14573662827845768,62.9953614224971,231.39700796830692,CTSD
P5,GO_Biological_Process_2026,gs_ind_0,Lymphocyte Differentiation (GO:0030098),1/75,0.24114053449635292,0.2943905986670018,5.482479511652221,7.7981439048024175,PLCG2
P5,GO_Biological_Process_2026,gs_ind_0,Macromolecule Catabolic Process (GO:0009057),1/70,0.2270331041296496,0.2832706620333243,5.877987057590109,8.715052993038883,IDE
P5,GO_Biological_Process_2026,gs_ind_0,Macromolecule Modification (GO:0043412),1/71,0.2298752076552973,0.28524660803942,5.794397519512456,8.519031546226,CPE
P5,GO_Biological_Process_2026,gs_ind_0,Macrophage Activation (GO:0042116),1/33,0.11424883561195394,0.19816860546079398,12.587011982991882,27.305967256473732,PLCG2
P5,GO_Biological_Process_2026,gs_ind_0,Macrophage Activation Involved in Immune Response (GO:0002281),1/14,0.05014960504049533,0.1495689974891966,30.32328308207705,90.74984291620152,PLCG2
P5,GO_Biological_Process_2026,gs_ind_0,Magnesium Ion Transport (GO:0015693),1/14,0.05014960504049533,0.1495689974891966,30.32328308207705,90.74984291620152,NIPAL2
P5,GO_Biological_Process_2026,gs_ind_0,Maintenance of Synapse Structure (GO:0099558),1/12,0.043140826609840886,0.14891249794259798,35.59951933580948,111.89945212016866,ERC1
P5,GO_Biological_Process_2026,gs_ind_0,Male Gonad Development (GO:0008584),1/39,0.1335865701175638,0.20882498317228368,10.623050316517654,21.38425920263491,GATA6
P5,GO_Biological_Process_2026,gs_ind_0,Melanocyte Differentiation (GO:0030318),1/10,0.036080852581350895,0.1478010828633651,43.0973287490082,143.16902243022955,MITF
P5,GO_Biological_Process_2026,gs_ind_0,Membrane Depolarization During AV Node Cell Action Potential (GO:0086045),1/5,0.018204501114733745,0.14573662827845768,91.0,364.55386253468845,CACNA1C
P5,GO_Biological_Process_2026,gs_ind_0,Membrane Depolarization During Action Potential (GO:0086010),1/20,0.07087242893827944,0.16561254872175266,20.98840355624275,55.55365534242182,CACNA1C
P5,GO_Biological_Process_2026,gs_ind_0,Membrane Depolarization During Cardiac Muscle Cell Action Potential (GO:0086012),1/17,0.060567584183063565,0.15840752786339704,24.80721790772042,69.5593259790493,CACNA1C
P5,GO_Biological_Process_2026,gs_ind_0,Mesenchymal Cell Migration (GO:0090497),1/34,0.11750120825052357,0.20025268574024066,12.21083027075677,26.147132213032688,SEMA6A
P5,GO_Biological_Process_2026,gs_ind_0,Metal Ion Transport (GO:0030001),1/192,0.5073366533805407,0.5291241170226497,2.1236600758360997,1.4410742845247158,NIPAL2
P5,GO_Biological_Process_2026,gs_ind_0,Metaphase Chromosome Alignment (GO:0051310),1/54,0.18012145406991348,0.24496517753508232,7.640398252946978,13.096589333388202,EML4
P5,GO_Biological_Process_2026,gs_ind_0,Mitotic Metaphase Chromosome Alignment (GO:0007080),1/56,0.18613613194826314,0.2486690957265598,7.36452532934945,12.381806910580362,EML4
P5,GO_Biological_Process_2026,gs_ind_0,Mitotic Sister Chromatid Segregation (GO:0000070),1/119,0.35478894091682145,0.3884967468976467,3.4411933083137205,3.565875308851531,EML4
P5,GO_Biological_Process_2026,gs_ind_0,Modulation of Chemical Synaptic Transmission (GO:0050804),1/137,0.3962676324604176,0.42636390834348725,2.985421613562317,2.763501660637285,BTBD9
P5,GO_Biological_Process_2026,gs_ind_0,Monoatomic Anion Transmembrane Transport (GO:0098656),3/73,0.002471485031335476,0.07002540922117183,13.79759956355701,82.82610826155405,ANO9;SLC26A9;GABRP
P5,GO_Biological_Process_2026,gs_ind_0,Monoatomic Anion Transport (GO:0006820),1/52,0.17406277381902974,0.23911653777159642,7.937698199736547,13.877789521683125,SLC26A9
P5,GO_Biological_Process_2026,gs_ind_0,Monoatomic Cation Transmembrane Transport (GO:0098655),1/320,0.6935441791804093,0.7049477456542278,1.2668270932125416,0.46358313290189374,CACNA1C
P5,GO_Biological_Process_2026,gs_ind_0,Monoatomic Ion Transport (GO:0006811),1/49,0.16489155134789077,0.2355593590684154,8.429622338496607,15.194118496222861,SLC26A9
P5,GO_Biological_Process_2026,gs_ind_0,Monocyte Chemotaxis (GO:0002548),1/21,0.07428244681570347,0.17007428900565102,19.96384360828533,51.90360975057245,FLT1
P5,GO_Biological_Process_2026,gs_ind_0,Monocyte Differentiation (GO:0030224),1/16,0.0571075553965845,0.15409975265745024,26.40865618414654,75.60319879037347,IL34
P5,GO_Biological_Process_2026,gs_ind_0,Mononuclear Cell Differentiation (GO:1903131),1/50,0.16795977255684102,0.23596114321140133,8.259022384650525,14.734350124773231,IL34
P5,GO_Biological_Process_2026,gs_ind_0,Morphogenesis of an Epithelium (GO:0002009),1/50,0.16795977255684102,0.23596114321140133,8.259022384650525,14.734350124773231,KRT17
P5,GO_Biological_Process_2026,gs_ind_0,Motor Neuron Axon Guidance (GO:0008045),1/13,0.04665159224326654,0.1495689974891966,32.75035175879397,100.38140738175221,EPHA4
P5,GO_Biological_Process_2026,gs_ind_0,Mucosal Immune Response (GO:0002385),1/15,0.05363491085988955,0.1513350181938792,28.2309824987004,82.591294852792,DEFB1
P5,GO_Biological_Process_2026,gs_ind_0,Multicellular Organismal-Level Water Homeostasis (GO:0050891),1/28,0.09780812250653742,0.18787369854812247,14.878300593878484,34.58829438886499,MYO5B
P5,GO_Biological_Process_2026,gs_ind_0,Muscle Cell Development (GO:0055001),1/19,0.06744997582548398,0.16207061329091557,22.123726741817194,59.65373216204687,ACTN1
P5,GO_Biological_Process_2026,gs_ind_0,Muscle Cell Differentiation (GO:0042692),2/37,0.00815744149226313,0.12606955033497563,19.398369914921,93.2833604212486,GATA6;ACTN1
P5,GO_Biological_Process_2026,gs_ind_0,Muscle Contraction (GO:0006936),1/143,0.4094983938692628,0.43577293870281486,2.859084898175086,2.552654748599491,SMTN
P5,GO_Biological_Process_2026,gs_ind_0,Muscle Organ Development (GO:0007517),2/58,0.01926394116891126,0.14573662827845768,12.178922779749337,48.10090230987296,SMTN;TCF12
P5,GO_Biological_Process_2026,gs_ind_0,Myeloid Cell Activation Involved in Immune Response (GO:0002275),1/14,0.05014960504049533,0.1495689974891966,30.32328308207705,90.74984291620152,PLCG2
P5,GO_Biological_Process_2026,gs_ind_0,Myeloid Leukocyte Differentiation (GO:0002573),1/79,0.2522426969822118,0.303047763158841,5.20234932624908,7.165526449104015,IL34
P5,GO_Biological_Process_2026,gs_ind_0,N-acylethanolamine Metabolic Process (GO:0070291),1/5,0.018204501114733745,0.14573662827845768,91.0,364.55386253468845,GDPD1
P5,GO_Biological_Process_2026,gs_ind_0,Neg Reg Transmembrane Rec Protein Serine/Threonine Kinase Signaling Pathway (GO:0090101),1/124,0.36658579687388354,0.39948452223436026,3.301263402030395,3.312892720260555,GPR155
P5,GO_Biological_Process_2026,gs_ind_0,Negative Regulation of Actin Filament Bundle Assembly (GO:0032232),1/27,0.09448390777737954,0.18786274060999442,15.440314781454441,36.428732206490906,ARHGAP28
P5,GO_Biological_Process_2026,gs_ind_0,Negative Regulation of Angiogenesis (GO:0016525),1/88,0.2766380581250635,0.3237760404906079,4.665699928212491,5.995635654658517,SEMA6A
P5,GO_Biological_Process_2026,gs_ind_0,Negative Regulation of Apoptotic Process (GO:0043066),1/470,0.824815533880394,0.8260302842984799,0.8572735883892305,0.16510704649011324,GATA6
P5,GO_Biological_Process_2026,gs_ind_0,Negative Regulation of Autophagy (GO:0010507),1/65,0.21266608310352175,0.27234074672390735,6.334813602898212,9.80649435082848,QSOX1
P5,GO_Biological_Process_2026,gs_ind_0,Negative Regulation of Axon Regeneration (GO:0048681),1/7,0.025394089358317242,0.14573662827845768,62.9953614224971,231.39700796830692,EPHA4
P5,GO_Biological_Process_2026,gs_ind_0,Negative Regulation of BMP Signaling Pathway (GO:0030514),1/44,0.14938162196228383,0.2203459933500065,9.400277248310518,17.872286764451427,GPR155
P5,GO_Biological_Process_2026,gs_ind_0,Negative Regulation of Blood Vessel Morphogenesis (GO:2000181),1/78,0.24948232449515884,0.30079429194451773,5.26967093532177,7.316238334127009,SEMA6A
P5,GO_Biological_Process_2026,gs_ind_0,Negative Regulation of Canonical Wnt Signaling Pathway (GO:0090090),1/117,0.3500095275592664,0.3851237520069598,3.5005283930381523,3.6748368657678374,PPP2R3A
P5,GO_Biological_Process_2026,gs_ind_0,Negative Regulation of Cell Adhesion (GO:0007162),2/69,0.02663997954645277,0.14573662827845768,10.190073322053017,36.94250284659983,SEMA6A;EPHA4
P5,GO_Biological_Process_2026,gs_ind_0,Negative Regulation of Cell Cycle (GO:0045786),1/68,0.2213177094527477,0.28077619855945607,6.0525963149078725,9.12825951138168,DSP
P5,GO_Biological_Process_2026,gs_ind_0,Negative Regulation of Cell Differentiation (GO:0045596),2/211,0.1813619055386209,0.2456238776450852,3.265994693674812,5.575904602142578,DSP;EPHA4
P5,GO_Biological_Process_2026,gs_ind_0,Negative Regulation of Cell Migration (GO:0030336),4/179,0.004315716083694092,0.09466732054554784,7.1721801514547625,39.05604975225152,EPHA4;DSG3;MITF;AFDN
P5,GO_Biological_Process_2026,gs_ind_0,Negative Regulation of Cell Motility (GO:2000146),4/135,0.0015605937941922474,0.0606062756093238,9.587600228530901,61.96167750593578,EPHA4;DSG3;MITF;AFDN
P5,GO_Biological_Process_2026,gs_ind_0,Negative Regulation of Cell Population Proliferation (GO:0008285),1/359,0.7349354637287236,0.742579666174639,1.1273732680137087,0.34720006307681217,ZBTB7C
P5,GO_Biological_Process_2026,gs_ind_0,Negative Regulation of Cell Projection Organization (GO:0031345),1/52,0.17406277381902974,0.23911653777159642,7.937698199736547,13.877789521683125,EPHA4
P5,GO_Biological_Process_2026,gs_ind_0,Negative Regulation of Cellular Process (GO:0048523),3/510,0.2878790945508013,0.33520168543586454,1.8858001768346595,2.348226096891259,ZBTB7C;DSP;EPHA4
P5,GO_Biological_Process_2026,gs_ind_0,Negative Regulation of Cellular Response to Growth Factor Stimulus (GO:0090288),1/74,0.23833959157565857,0.2914944645169925,5.557276176802379,7.969460621659022,GPR155
P5,GO_Biological_Process_2026,gs_ind_0,Negative Regulation of Cellular Response to Hypoxia (GO:1900038),1/7,0.025394089358317242,0.14573662827845768,62.9953614224971,231.39700796830692,EPHA4
P5,GO_Biological_Process_2026,gs_ind_0,Negative Regulation of Cellular Response to Vascular Endothelial Growth Factor Stimulus (GO:1902548),1/14,0.05014960504049533,0.1495689974891966,30.32328308207705,90.74984291620152,SEMA6A
P5,GO_Biological_Process_2026,gs_ind_0,Negative Regulation of DNA-templated Transcription (GO:0045892),2/909,0.8506238329255412,0.8506238329255412,0.734446448798087,0.11882262259913837,GATA6;MITF
P5,GO_Biological_Process_2026,gs_ind_0,Negative Regulation of Developmental Process (GO:0051093),1/113,0.3403453055658322,0.3769296543725829,3.6255276381909547,3.9075740096001996,DSP
P5,GO_Biological_Process_2026,gs_ind_0,Negative Regulation of ERK1 and ERK2 Cascade (GO:0070373),2/46,0.012409204536678386,0.14548722560243624,15.469970911994524,67.90260291624776,SEMA6A;EPHA4
P5,GO_Biological_Process_2026,gs_ind_0,Negative Regulation of Endothelial Cell Proliferation (GO:0001937),1/37,0.12718755619754754,0.2044622652821095,11.205961313416397,23.107728348226125,FLT1
P5,GO_Biological_Process_2026,gs_ind_0,Negative Regulation of Epithelial Cell Proliferation (GO:0050680),1/71,0.2298752076552973,0.28524660803942,5.794397519512456,8.519031546226,GATA6
P5,GO_Biological_Process_2026,gs_ind_0,Negative Regulation of Epithelial to Mesenchymal Transition (GO:0010719),1/36,0.12397052607037776,0.2044622652821095,11.52204685398825,24.054708967199332,EPHA4
P5,GO_Biological_Process_2026,gs_ind_0,Negative Regulation of G Protein-Coupled Receptor Signaling Pathway (GO:0045744),1/50,0.16795977255684102,0.23596114321140133,8.259022384650525,14.734350124773231,RGS20
P5,GO_Biological_Process_2026,gs_ind_0,Negative Regulation of Gene Expression (GO:0010629),1/346,0.7217935441828838,0.7303863244707752,1.1703597582703678,0.38155616011254573,EPHA4
P5,GO_Biological_Process_2026,gs_ind_0,Negative Regulation of Long-Term Synaptic Potentiation (GO:1900272),1/9,0.032531551648223855,0.14573662827845768,48.16937629323086,165.00635843822025,EPHA4
P5,GO_Biological_Process_2026,gs_ind_0,Negative Regulation of MAPK Cascade (GO:0043409),3/118,0.009421030749657765,0.12832418872674722,8.407925407925408,39.221381038055874,EPHA4;SEMA6A;DSG3
P5,GO_Biological_Process_2026,gs_ind_0,Negative Regulation of Macroautophagy (GO:0016242),1/29,0.10112025539501886,0.18787369854812247,14.355725998413119,32.89535401837941,QSOX1
P5,GO_Biological_Process_2026,gs_ind_0,Negative Regulation of Multicellular Organismal Process (GO:0051241),1/236,0.581413310952584,0.5990318961329653,1.7240661908267452,0.9349497103524501,EPHA4
P5,GO_Biological_Process_2026,gs_ind_0,Negative Regulation of Neuron Projection Development (GO:0010977),1/52,0.17406277381902974,0.23911653777159642,7.937698199736547,13.877789521683125,EPHA4
P5,GO_Biological_Process_2026,gs_ind_0,Negative Regulation of Neuron Projection Regeneration (GO:0070571),1/8,0.02896931280161029,0.14573662827845768,54.59396984924623,193.34553720447744,EPHA4
P5,GO_Biological_Process_2026,gs_ind_0,Negative Regulation of Organic Acid Transport (GO:0032891),1/5,0.018204501114733745,0.14573662827845768,91.0,364.55386253468845,SLC43A2
P5,GO_Biological_Process_2026,gs_ind_0,Negative Regulation of Programmed Cell Death (GO:0043069),1/388,0.7620783056775863,0.7677233301640869,1.0418738855568164,0.2830833497115497,GATA6
P5,GO_Biological_Process_2026,gs_ind_0,Negative Regulation of Proteasomal Ubiquitin-Dependent Protein Catabolic Process (GO:0032435),1/38,0.13039289018139794,0.20524806787812638,10.906733668341708,22.219232230345032,FBXO32
P5,GO_Biological_Process_2026,gs_ind_0,Negative Regulation of Protein Metabolic Process (GO:0051248),1/142,0.40731337405009255,0.43577293870281486,2.879396984924623,2.5861949839942633,EPHA4
P5,GO_Biological_Process_2026,gs_ind_0,Negative Regulation of RNA Biosynthetic Process (GO:1902679),1/423,0.7911945683296279,0.7947006003901728,0.9543159584906783,0.2235116421354561,GATA6
P5,GO_Biological_Process_2026,gs_ind_0,Negative Regulation of Response to External Stimulus (GO:0032102),1/156,0.4371883026308286,0.46091169889761774,2.618801402510947,2.166773439848593,EPHA4
P5,GO_Biological_Process_2026,gs_ind_0,Negative Regulation of Response to Stimulus (GO:0048585),1/60,0.19803474382044972,0.2569916522860798,6.868417718846333,11.122116658096216,EPHA4
P5,GO_Biological_Process_2026,gs_ind_0,Negative Regulation of Response to Wounding (GO:1903035),1/22,0.07768007418553498,0.17318836211856978,19.03459156246348,48.636360355386536,EPHA4
P5,GO_Biological_Process_2026,gs_ind_0,Negative Regulation of Signal Transduction (GO:0009968),2/292,0.2904771577876738,0.3370724697877443,2.3482617926382834,2.9029924660117103,SEMA6A;RGS20
P5,GO_Biological_Process_2026,gs_ind_0,Negative Regulation of Smooth Muscle Cell Differentiation (GO:0051151),1/13,0.04665159224326654,0.1495689974891966,32.75035175879397,100.38140738175221,NFATC2
P5,GO_Biological_Process_2026,gs_ind_0,Negative Regulation of Sprouting Angiogenesis (GO:1903671),1/11,0.03961726211805212,0.14794684282763623,38.99138549892319,125.88331156809635,SEMA6A
P5,GO_Biological_Process_2026,gs_ind_0,Negative Regulation of Stress Fiber Assembly (GO:0051497),1/23,0.08106535561630931,0.17611642753702983,18.187939698492464,45.697191038775365,ARHGAP28
P5,GO_Biological_Process_2026,gs_ind_0,Negative Regulation of Transcription by RNA Polymerase II (GO:0000122),2/675,0.7120463701787463,0.7226739279426081,0.998439849411552,0.3390823967944517,GATA6;MITF
P5,GO_Biological_Process_2026,gs_ind_0,Negative Regulation of Transforming Growth Factor Beta Production (GO:0071635),1/8,0.02896931280161029,0.14573662827845768,54.59396984924623,193.34553720447744,GATA6
P5,GO_Biological_Process_2026,gs_ind_0,Negative Regulation of Transforming Growth Factor Beta1 Production (GO:0032911),1/5,0.018204501114733745,0.14573662827845768,91.0,364.55386253468845,GATA6
P5,GO_Biological_Process_2026,gs_ind_0,Negative Regulation of Translation (GO:0017148),1/99,0.30538678109558665,0.34552913668053065,4.142973752008775,4.914296741872068,EPHA4
P5,GO_Biological_Process_2026,gs_ind_0,Negative Regulation of Transmembrane Transport (GO:0034763),1/16,0.0571075553965845,0.15409975265745024,26.40865618414654,75.60319879037347,SLC43A2
P5,GO_Biological_Process_2026,gs_ind_0,Negative Regulation of Vascular Associated Smooth Muscle Cell Differentiation (GO:1905064),1/8,0.02896931280161029,0.14573662827845768,54.59396984924623,193.34553720447744,NFATC2
P5,GO_Biological_Process_2026,gs_ind_0,Negative Regulation of Vascular Endothelial Cell Proliferation (GO:1905563),1/5,0.018204501114733745,0.14573662827845768,91.0,364.55386253468845,FLT1
P5,GO_Biological_Process_2026,gs_ind_0,Negative Regulation of Vascular Endothelial Growth Factor Signaling Pathway (GO:1900747),1/12,0.043140826609840886,0.14891249794259798,35.59951933580948,111.89945212016866,SEMA6A
P5,GO_Biological_Process_2026,gs_ind_0,Negative Regulation of Wnt Signaling Pathway (GO:0030178),1/143,0.4094983938692628,0.43577293870281486,2.859084898175086,2.552654748599491,PPP2R3A
P5,GO_Biological_Process_2026,gs_ind_0,Negative Regulation of p38MAPK Cascade (GO:1903753),1/8,0.02896931280161029,0.14573662827845768,54.59396984924623,193.34553720447744,DSG3
P5,GO_Biological_Process_2026,gs_ind_0,Nervous System Development (GO:0007399),5/493,0.035246872424758026,0.1478010828633651,3.145375039521561,10.52246996622508,EGR2;RAPGEF5;TCF12;SEMA6A;ADGRL3
P5,GO_Biological_Process_2026,gs_ind_0,Neural Crest Cell Development (GO:0014032),1/46,0.15561952100888302,0.22611383394453088,8.986415594455796,16.717799339197803,SEMA6A
P5,GO_Biological_Process_2026,gs_ind_0,Neural Crest Cell Migration (GO:0001755),1/37,0.12718755619754754,0.2044622652821095,11.205961313416397,23.107728348226125,SEMA6A
P5,GO_Biological_Process_2026,gs_ind_0,Neural Tube Development (GO:0021915),1/18,0.06401504258973123,0.16182241249448787,23.388801148600145,64.28732849758696,DSP
P5,GO_Biological_Process_2026,gs_ind_0,Neuromuscular Junction Development (GO:0007528),1/20,0.07087242893827944,0.16561254872175266,20.98840355624275,55.55365534242182,PDZRN3
P5,GO_Biological_Process_2026,gs_ind_0,Neuron Migration (GO:0001764),1/59,0.19507633576312508,0.2541224297297415,6.986084267491303,11.41780694412366,ADGRL3
P5,GO_Biological_Process_2026,gs_ind_0,Neuron Projection Development (GO:0031175),2/204,0.17219844556976402,0.23911653777159642,3.37977063357774,5.945380592799993,PAK3;EPHA4
P5,GO_Biological_Process_2026,gs_ind_0,Neuron Projection Fasciculation (GO:0106030),1/13,0.04665159224326654,0.1495689974891966,32.75035175879397,100.38140738175221,EPHA4
P5,GO_Biological_Process_2026,gs_ind_0,Neuron Projection Guidance (GO:0097485),2/133,0.08585613809033389,0.1818759311570936,5.218293412595781,12.81133925257108,SEMA6A;EPHA4
P5,GO_Biological_Process_2026,gs_ind_0,Neuron Projection Morphogenesis (GO:0048812),2/157,0.1133395888630196,0.19816860546079398,4.408980364633489,9.599967272544788,PAK3;EPHA4
P5,GO_Biological_Process_2026,gs_ind_0,Neuropeptide Signaling Pathway (GO:0007218),2/72,0.0288204192434945,0.14573662827845768,9.755373150448213,34.599100427774125,SORCS2;CPE
P5,GO_Biological_Process_2026,gs_ind_0,Neutral Amino Acid Transport (GO:0015804),1/36,0.12397052607037776,0.2044622652821095,11.52204685398825,24.054708967199332,SLC43A2
P5,GO_Biological_Process_2026,gs_ind_0,Nitrogen Compound Transport (GO:0071705),1/132,0.38501813083131775,0.41689861300206377,3.0995089516021173,2.958372355041229,SLC43A2
P5,GO_Biological_Process_2026,gs_ind_0,Nuclear Receptor-Mediated Steroid Hormone Signaling Pathway (GO:0030518),1/43,0.1462455860603604,0.21952979805970216,9.621814957138634,18.49763110790661,PPARGC1B
P5,GO_Biological_Process_2026,gs_ind_0,Organelle Organization (GO:0006996),1/399,0.7716376770117626,0.7762035804260333,1.012698372666343,0.2625320977043589,SEMA6A
P5,GO_Biological_Process_2026,gs_ind_0,Organic Anion Transport (GO:0015711),1/97,0.3002452288886103,0.34371507684218017,4.2291509360272865,5.0883270912582725,SLCO2B1
P5,GO_Biological_Process_2026,gs_ind_0,Organic Cation Transport (GO:0015695),1/69,0.22418061724548724,0.28282526851007667,5.964017166122583,8.918014102728504,SLC43A2
P5,GO_Biological_Process_2026,gs_ind_0,Outflow Tract Septum Morphogenesis (GO:0003148),1/24,0.08443833551787916,0.17943146297549323,17.41334331230621,43.0411486823959,GATA6
P5,GO_Biological_Process_2026,gs_ind_0,Parallel Actin Filament Bundle Assembly (GO:0030046),1/9,0.032531551648223855,0.14573662827845768,48.16937629323086,165.00635843822025,FMN1
P5,GO_Biological_Process_2026,gs_ind_0,Pattern Recognition Receptor Signaling Pathway (GO:0002221),1/62,0.20391930381764029,0.2631216823453423,6.644564284838828,10.565062748652936,PLCG2
P5,GO_Biological_Process_2026,gs_ind_0,Peptide Catabolic Process (GO:0043171),1/16,0.0571075553965845,0.15409975265745024,26.40865618414654,75.60319879037347,IDE
P5,GO_Biological_Process_2026,gs_ind_0,Peptide Cross-Linking (GO:0018149),2/16,0.0015452428094651371,0.0606062756093238,47.529319096796776,307.6370456108159,SPRR1A;DSP
P5,GO_Biological_Process_2026,gs_ind_0,Peptidyl-lysine Modification (GO:0018205),1/70,0.2270331041296496,0.2832706620333243,5.877987057590109,8.715052993038883,EGR2
P5,GO_Biological_Process_2026,gs_ind_0,Peptidyl-tyrosine Modification (GO:0018212),1/39,0.1335865701175638,0.20882498317228368,10.623050316517654,21.38425920263491,FLT1
P5,GO_Biological_Process_2026,gs_ind_0,Peptidyl-tyrosine Phosphorylation (GO:0018108),1/50,0.16795977255684102,0.23596114321140133,8.259022384650525,14.734350124773231,FLT1
P5,GO_Biological_Process_2026,gs_ind_0,Peripheral Nervous System Development (GO:0007422),1/18,0.06401504258973123,0.16182241249448787,23.388801148600145,64.28732849758696,EGR2
P5,GO_Biological_Process_2026,gs_ind_0,Phosphatidic Acid Biosynthetic Process (GO:0006654),1/32,0.11098459693722368,0.19653522374300025,12.987078248384782,28.550323385514286,LIPH
P5,GO_Biological_Process_2026,gs_ind_0,Phosphatidic Acid Metabolic Process (GO:0046473),1/36,0.12397052607037776,0.2044622652821095,11.52204685398825,24.054708967199332,LIPH
P5,GO_Biological_Process_2026,gs_ind_0,Phosphatidylinositol Biosynthetic Process (GO:0006661),1/49,0.16489155134789077,0.2355593590684154,8.429622338496607,15.194118496222861,PLCG2
P5,GO_Biological_Process_2026,gs_ind_0,Phosphatidylinositol Metabolic Process (GO:0046488),1/70,0.2270331041296496,0.2832706620333243,5.877987057590109,8.715052993038883,PLCG2
P5,GO_Biological_Process_2026,gs_ind_0,Phosphatidylinositol-mediated Signaling (GO:0048015),1/24,0.08443833551787916,0.17943146297549323,17.41334331230621,43.0411486823959,PLCG2
P5,GO_Biological_Process_2026,gs_ind_0,Phospholipid Catabolic Process (GO:0009395),1/27,0.09448390777737954,0.18786274060999442,15.440314781454441,36.428732206490906,GDPD1
P5,GO_Biological_Process_2026,gs_ind_0,Phosphorylation (GO:0016310),2/253,0.23754460724665472,0.2914944645169925,2.716341544640785,3.9044689373922585,TEC;DAPK2
P5,GO_Biological_Process_2026,gs_ind_0,Photoreceptor Cell Differentiation (GO:0046530),1/8,0.02896931280161029,0.14573662827845768,54.59396984924623,193.34553720447744,PPP2R3A
P5,GO_Biological_Process_2026,gs_ind_0,Pigment Catabolic Process (GO:0046149),1/12,0.043140826609840886,0.14891249794259798,35.59951933580948,111.89945212016866,SLCO2B1
P5,GO_Biological_Process_2026,gs_ind_0,Platelet Aggregation (GO:0070527),1/35,0.12074175755375664,0.20373299041328663,11.856456194013546,25.06574885089274,ACTN1
P5,GO_Biological_Process_2026,gs_ind_0,Pore Complex Assembly (GO:0046931),1/19,0.06744997582548398,0.16207061329091557,22.123726741817194,59.65373216204687,AFDN
P5,GO_Biological_Process_2026,gs_ind_0,Porphyrin-containing Compound Catabolic Process (GO:0006787),1/13,0.04665159224326654,0.1495689974891966,32.75035175879397,100.38140738175221,SLCO2B1
P5,GO_Biological_Process_2026,gs_ind_0,Pos Reg Myeloid Leukocyte Cytokine Production Involved in Imm Response (GO:0061081),1/13,0.04665159224326654,0.1495689974891966,32.75035175879397,100.38140738175221,PLCG2
P5,GO_Biological_Process_2026,gs_ind_0,Pos Reg Phosphatidylinositol 3-Kinase/Protein Kinase B Signal Transduction (GO:0051897),1/160,0.4454467396673149,0.46816658883118106,2.5527480663505617,2.0643501568057894,FLT1
P5,GO_Biological_Process_2026,gs_ind_0,Positive Regulation of Adenylate Cyclase Activity (GO:0045762),1/18,0.06401504258973123,0.16182241249448787,23.388801148600145,64.28732849758696,CACNA1C
P5,GO_Biological_Process_2026,gs_ind_0,Positive Regulation of Amyloid Precursor Protein Catabolic Process (GO:1902993),1/24,0.08443833551787916,0.17943146297549323,17.41334331230621,43.0411486823959,EPHA4
P5,GO_Biological_Process_2026,gs_ind_0,Positive Regulation of Amyloid-Beta Formation (GO:1902004),1/19,0.06744997582548398,0.16207061329091557,22.123726741817194,59.65373216204687,EPHA4
P5,GO_Biological_Process_2026,gs_ind_0,Positive Regulation of Angiogenesis (GO:0045766),2/120,0.07196841627081314,0.16759768172655118,5.793548801644927,15.245885422267497,GATA6;FLT1
P5,GO_Biological_Process_2026,gs_ind_0,Positive Regulation of Apoptotic Process (GO:0043065),2/280,0.27418826154768594,0.32146209974556283,2.4505372326367687,3.170848937314587,DAPK2;CTSD
P5,GO_Biological_Process_2026,gs_ind_0,Positive Regulation of Axon Extension (GO:0045773),1/22,0.07768007418553498,0.17318836211856978,19.03459156246348,48.636360355386536,MACF1
P5,GO_Biological_Process_2026,gs_ind_0,Positive Regulation of Axonogenesis (GO:0050772),1/37,0.12718755619754754,0.2044622652821095,11.205961313416397,23.107728348226125,MACF1
P5,GO_Biological_Process_2026,gs_ind_0,Positive Regulation of B Cell Activation (GO:0050871),2/51,0.015106734484467503,0.14573662827845768,13.904783879403169,58.297400489932905,NFATC2;SH3KBP1
P5,GO_Biological_Process_2026,gs_ind_0,Positive Regulation of B Cell Proliferation (GO:0030890),1/29,0.10112025539501886,0.18787369854812247,14.355725998413119,32.89535401837941,NFATC2
P5,GO_Biological_Process_2026,gs_ind_0,Positive Regulation of Bicellular Tight Junction Assembly (GO:1903348),1/8,0.02896931280161029,0.14573662827845768,54.59396984924623,193.34553720447744,DSG3
P5,GO_Biological_Process_2026,gs_ind_0,Positive Regulation of Binding (GO:0051099),1/27,0.09448390777737954,0.18786274060999442,15.440314781454441,36.428732206490906,IDE
P5,GO_Biological_Process_2026,gs_ind_0,Positive Regulation of Biosynthetic Process (GO:0009891),1/87,0.2739668544992329,0.32146209974556283,4.71981293751997,6.110969063971938,PLCG2
P5,GO_Biological_Process_2026,gs_ind_0,Positive Regulation of Calcium-Mediated Signaling (GO:0050850),1/29,0.10112025539501886,0.18787369854812247,14.355725998413119,32.89535401837941,PLCG2
P5,GO_Biological_Process_2026,gs_ind_0,Positive Regulation of Canonical NF-kappaB Signal Transduction (GO:0043123),3/203,0.03885585710646783,0.14794684282763623,4.828249888100262,15.681655678326342,ERC1;AKAP13;PLCG2
P5,GO_Biological_Process_2026,gs_ind_0,Positive Regulation of Canonical Wnt Signaling Pathway (GO:0090263),1/96,0.29766034184671536,0.3413305774970766,4.273593096371912,5.178749665642031,PPP2R3A
P5,GO_Biological_Process_2026,gs_ind_0,Positive Regulation of Catabolic Process (GO:0009896),2/154,0.10978886566366064,0.19646428592444534,4.4962136972622115,9.9330180375071,IDE;PPP2R3A
P5,GO_Biological_Process_2026,gs_ind_0,Positive Regulation of Cell Adhesion (GO:0045785),2/83,0.03739217545002293,0.14794684282763623,8.435271402323192,27.720780186823443,EPHA4;AFDN
P5,GO_Biological_Process_2026,gs_ind_0,Positive Regulation of Cell Cycle G1/S Phase Transition (GO:1902808),1/38,0.13039289018139794,0.20524806787812638,10.906733668341708,22.219232230345032,PLCG2
P5,GO_Biological_Process_2026,gs_ind_0,Positive Regulation of Cell Cycle Phase Transition (GO:1901989),1/13,0.04665159224326654,0.1495689974891966,32.75035175879397,100.38140738175221,PLCG2
P5,GO_Biological_Process_2026,gs_ind_0,Positive Regulation of Cell Differentiation (GO:0045597),1/278,0.6417968298940104,0.6562734501171836,1.4608447643623523,0.647860534034414,DSP
P5,GO_Biological_Process_2026,gs_ind_0,Positive Regulation of Cell Growth (GO:0030307),1/99,0.30538678109558665,0.34552913668053065,4.142973752008775,4.914296741872068,MACF1
P5,GO_Biological_Process_2026,gs_ind_0,Positive Regulation of Cell Junction Assembly (GO:1901890),1/72,0.23270696523856207,0.2871882692599314,5.71314615033208,8.329625840241883,DSG3
P5,GO_Biological_Process_2026,gs_ind_0,Positive Regulation of Cell Migration (GO:0030335),6/318,0.0011421940212719077,0.0606062756093238,5.911051851851852,40.046219421545764,PLCG2;EPHA4;TCAF2;SEMA6A;MGAT5;FLT1
P5,GO_Biological_Process_2026,gs_ind_0,Positive Regulation of Cell Motility (GO:2000147),4/230,0.010292964747167094,0.12884654606446977,5.5467522218028344,25.383572525146143,TCAF2;FLT1;MGAT5;EPHA4
P5,GO_Biological_Process_2026,gs_ind_0,Positive Regulation of Cell Population Proliferation (GO:0008284),4/443,0.0803013936118287,0.17611642753702983,2.8359652690586925,7.152214517297222,GAREM1;IL34;FLT1;EPHA4
P5,GO_Biological_Process_2026,gs_ind_0,Positive Regulation of Cell-Cell Adhesion (GO:0022409),1/47,0.15872146612108,0.22915201053574186,8.792835143459232,16.18413103887907,AFDN
P5,GO_Biological_Process_2026,gs_ind_0,Positive Regulation of Cell-Cell Adhesion Mediated by Cadherin (GO:2000049),1/9,0.032531551648223855,0.14573662827845768,48.16937629323086,165.00635843822025,AFDN
P5,GO_Biological_Process_2026,gs_ind_0,Positive Regulation of Cellular Component Biogenesis (GO:0044089),1/83,0.2631840348188177,0.3123300936767819,4.949383280036546,6.606940349250194,MPP7
P5,GO_Biological_Process_2026,gs_ind_0,Positive Regulation of Cellular Component Organization (GO:0051130),1/99,0.30538678109558665,0.34552913668053065,4.142973752008775,4.914296741872068,MPP7
P5,GO_Biological_Process_2026,gs_ind_0,Positive Regulation of Cellular Process (GO:0048522),7/587,0.00591162716727621,0.1030745249678929,3.6738796998714918,18.85006746767673,IL34;EGR2;EPHA4;TCAF2;GAREM1;DSG3;FLT1
P5,GO_Biological_Process_2026,gs_ind_0,Positive Regulation of Cold-Induced Thermogenesis (GO:0120162),1/99,0.30538678109558665,0.34552913668053065,4.142973752008775,4.914296741872068,PPARGC1B
P5,GO_Biological_Process_2026,gs_ind_0,Positive Regulation of Cyclase Activity (GO:0031281),1/8,0.02896931280161029,0.14573662827845768,54.59396984924623,193.34553720447744,CACNA1C
P5,GO_Biological_Process_2026,gs_ind_0,Positive Regulation of Cytokine Production (GO:0001819),2/304,0.3067254317260975,0.3464672650726683,2.254100767714058,2.663901450913429,AFAP1L2;PLCG2
P5,GO_Biological_Process_2026,gs_ind_0,Positive Regulation of Cytokine Production Involved in Immune Response (GO:0002720),1/27,0.09448390777737954,0.18786274060999442,15.440314781454441,36.428732206490906,PLCG2
P5,GO_Biological_Process_2026,gs_ind_0,Positive Regulation of DNA-templated Transcription (GO:0045893),8/1205,0.07512542793335525,0.17142715098886432,1.992883823280483,5.1587714717749495,AFAP1L2;GATA6;EGR2;MITF;NFATC2;EHF;TCF12;PPARGC1B
P5,GO_Biological_Process_2026,gs_ind_0,Positive Regulation of DNA-templated Transcription Initiation (GO:2000144),1/62,0.20391930381764029,0.2631216823453423,6.644564284838828,10.565062748652936,MITF
P5,GO_Biological_Process_2026,gs_ind_0,Positive Regulation of Dendritic Cell Cytokine Production (GO:0002732),1/6,0.021805834468432178,0.14573662827845768,74.4518044769301,284.8211635890129,PLCG2
P5,GO_Biological_Process_2026,gs_ind_0,Positive Regulation of Developmental Growth (GO:0048639),1/54,0.18012145406991348,0.24496517753508232,7.640398252946978,13.096589333388202,MACF1
P5,GO_Biological_Process_2026,gs_ind_0,Positive Regulation of ERBB Signaling Pathway (GO:1901186),1/29,0.10112025539501886,0.18787369854812247,14.355725998413119,32.89535401837941,AFAP1L2
P5,GO_Biological_Process_2026,gs_ind_0,Positive Regulation of ERK1 and ERK2 Cascade (GO:0070374),1/149,0.42244204035446653,0.4474463978832356,2.7429572102938935,2.363614523329295,GAREM1
P5,GO_Biological_Process_2026,gs_ind_0,Positive Regulation of Epidermal Cell Differentiation (GO:0045606),1/19,0.06744997582548398,0.16207061329091557,22.123726741817194,59.65373216204687,DSP
P5,GO_Biological_Process_2026,gs_ind_0,Positive Regulation of Epidermal Growth Factor Receptor Signaling Pathway (GO:0045742),1/27,0.09448390777737954,0.18786274060999442,15.440314781454441,36.428732206490906,AFAP1L2
P5,GO_Biological_Process_2026,gs_ind_0,Positive Regulation of Epithelial Cell Migration (GO:0010634),1/35,0.12074175755375664,0.20373299041328663,11.856456194013546,25.06574885089274,PLCG2
P5,GO_Biological_Process_2026,gs_ind_0,Positive Regulation of Establishment of Protein Localization (GO:1904951),1/29,0.10112025539501886,0.18787369854812247,14.355725998413119,32.89535401837941,TCAF2
P5,GO_Biological_Process_2026,gs_ind_0,Positive Regulation of Gene Expression (GO:0010628),4/388,0.05470509987722141,0.15371680957235767,3.2483003968548076,9.43890590201861,SLC26A9;PLCG2;MITF;AFDN
P5,GO_Biological_Process_2026,gs_ind_0,Positive Regulation of Glial Cell Differentiation (GO:0045687),2/17,0.0017470948129191322,0.0606062756093238,44.4612739479286,282.3202407734291,IL34;EGR2
P5,GO_Biological_Process_2026,gs_ind_0,Positive Regulation of Granulocyte Chemotaxis (GO:0071624),1/19,0.06744997582548398,0.16207061329091557,22.123726741817194,59.65373216204687,DAPK2
P5,GO_Biological_Process_2026,gs_ind_0,Positive Regulation of Immunoglobulin Production (GO:0002639),1/31,0.10770844937287086,0.19324998832071816,13.413378367246066,29.88939646374393,GALNT2
P5,GO_Biological_Process_2026,gs_ind_0,Positive Regulation of Inflammasome-Mediated Signaling Pathway (GO:0141087),1/29,0.10112025539501886,0.18787369854812247,14.355725998413119,32.89535401837941,PLCG2
P5,GO_Biological_Process_2026,gs_ind_0,Positive Regulation of Inflammatory Response (GO:0050729),1/118,0.35240359928096315,0.38650717340492735,3.4706083609537046,3.6197687617748397,PLCG2
P5,GO_Biological_Process_2026,gs_ind_0,Positive Regulation of Interleukin-10 Production (GO:0032733),1/33,0.11424883561195394,0.19816860546079398,12.587011982991882,27.305967256473732,PLCG2
P5,GO_Biological_Process_2026,gs_ind_0,Positive Regulation of Interleukin-12 Production (GO:0032735),1/30,0.10442034991225575,0.18985518165864682,13.868580189080998,31.333708986565636,PLCG2
P5,GO_Biological_Process_2026,gs_ind_0,Positive Regulation of Interleukin-2 Production (GO:0032743),1/38,0.13039289018139794,0.20524806787812638,10.906733668341708,22.219232230345032,PLCG2
P5,GO_Biological_Process_2026,gs_ind_0,Positive Regulation of Interleukin-23 Production (GO:0032747),1/4,0.014590042112100507,0.14573662827845768,117.0043072505384,494.6258840598229,PLCG2
P5,GO_Biological_Process_2026,gs_ind_0,Positive Regulation of Interleukin-6 Production (GO:0032755),1/69,0.22418061724548724,0.28282526851007667,5.964017166122583,8.918014102728504,PLCG2
P5,GO_Biological_Process_2026,gs_ind_0,Positive Regulation of Interleukin-8 Production (GO:0032757),1/55,0.18313427347949734,0.2456238776450852,7.499930846895025,12.731400062627513,AFAP1L2
P5,GO_Biological_Process_2026,gs_ind_0,Positive Regulation of Intracellular Signal Transduction (GO:1902533),6/650,0.03257642279165525,0.14573662827845768,2.830671411742009,9.692690162606427,IL34;PLCG2;EPHA4;ERC1;AKAP13;FLT1
P5,GO_Biological_Process_2026,gs_ind_0,Positive Regulation of Keratinocyte Differentiation (GO:0045618),1/14,0.05014960504049533,0.1495689974891966,30.32328308207705,90.74984291620152,DSP
P5,GO_Biological_Process_2026,gs_ind_0,Positive Regulation of Leukocyte Adhesion to Vascular Endothelial Cell (GO:1904996),1/20,0.07087242893827944,0.16561254872175266,20.98840355624275,55.55365534242182,EPHA4
P5,GO_Biological_Process_2026,gs_ind_0,Positive Regulation of Leukocyte Chemotaxis (GO:0002690),1/52,0.17406277381902974,0.23911653777159642,7.937698199736547,13.877789521683125,IL34
P5,GO_Biological_Process_2026,gs_ind_0,Positive Regulation of Leukocyte Mediated Immunity (GO:0002705),1/4,0.014590042112100507,0.14573662827845768,117.0043072505384,494.6258840598229,PLCG2
P5,GO_Biological_Process_2026,gs_ind_0,Positive Regulation of Leukocyte Proliferation (GO:0070665),1/21,0.07428244681570347,0.17007428900565102,19.96384360828533,51.90360975057245,IL34
P5,GO_Biological_Process_2026,gs_ind_0,Positive Regulation of Lyase Activity (GO:0051349),1/6,0.021805834468432178,0.14573662827845768,74.4518044769301,284.8211635890129,CACNA1C
P5,GO_Biological_Process_2026,gs_ind_0,Positive Regulation of Lymphocyte Activation (GO:0051251),1/32,0.11098459693722368,0.19653522374300025,12.987078248384782,28.550323385514286,SH3KBP1
P5,GO_Biological_Process_2026,gs_ind_0,Positive Regulation of Lymphocyte Proliferation (GO:0050671),1/66,0.21556048026879066,0.2750114945267873,6.237868732977867,9.572095390817173,NFATC2
P5,GO_Biological_Process_2026,gs_ind_0,Positive Regulation of MAP Kinase Activity (GO:0043406),1/28,0.09780812250653742,0.18787369854812247,14.878300593878484,34.58829438886499,FLT1
P5,GO_Biological_Process_2026,gs_ind_0,Positive Regulation of MAPK Cascade (GO:0043410),5/355,0.010001738238996475,0.12832418872674722,4.4064574915416275,20.291720784808856,IL34;PLCG2;GAREM1;AKAP13;FLT1
P5,GO_Biological_Process_2026,gs_ind_0,Positive Regulation of Macromolecule Biosynthetic Process (GO:0010557),4/314,0.02859151330188582,0.14573662827845768,4.033566118495156,14.33789701833952,SLC26A9;PLCG2;MITF;AFDN
P5,GO_Biological_Process_2026,gs_ind_0,Positive Regulation of Macrophage Chemotaxis (GO:0010759),1/15,0.05363491085988955,0.1513350181938792,28.2309824987004,82.591294852792,IL34
P5,GO_Biological_Process_2026,gs_ind_0,Positive Regulation of Macrophage Cytokine Production (GO:0060907),1/7,0.025394089358317242,0.14573662827845768,62.9953614224971,231.39700796830692,PLCG2
P5,GO_Biological_Process_2026,gs_ind_0,Positive Regulation of Macrophage Differentiation (GO:0045651),1/12,0.043140826609840886,0.14891249794259798,35.59951933580948,111.89945212016866,IL34
P5,GO_Biological_Process_2026,gs_ind_0,Positive Regulation of Macrophage Migration (GO:1905523),1/21,0.07428244681570347,0.17007428900565102,19.96384360828533,51.90360975057245,IL34
P5,GO_Biological_Process_2026,gs_ind_0,Positive Regulation of Macrophage Proliferation (GO:0120041),1/5,0.018204501114733745,0.14573662827845768,91.0,364.55386253468845,IL34
P5,GO_Biological_Process_2026,gs_ind_0,Positive Regulation of Membrane Invagination (GO:1905155),1/9,0.032531551648223855,0.14573662827845768,48.16937629323086,165.00635843822025,PLCG2
P5,GO_Biological_Process_2026,gs_ind_0,Positive Regulation of Monocyte Differentiation (GO:0045657),1/9,0.032531551648223855,0.14573662827845768,48.16937629323086,165.00635843822025,IL34
P5,GO_Biological_Process_2026,gs_ind_0,Positive Regulation of Multicellular Organismal Process (GO:0051240),3/398,0.179845882384705,0.24496517753508232,2.4299977308826866,4.169037766265116,CACNA1C;PPARGC1B;DSP
P5,GO_Biological_Process_2026,gs_ind_0,Positive Regulation of Muscle Contraction (GO:0045933),1/23,0.08106535561630931,0.17611642753702983,18.187939698492464,45.697191038775365,CACNA1C
P5,GO_Biological_Process_2026,gs_ind_0,Positive Regulation of Myelination (GO:0031643),1/13,0.04665159224326654,0.1495689974891966,32.75035175879397,100.38140738175221,EGR2
P5,GO_Biological_Process_2026,gs_ind_0,Positive Regulation of Myeloid Leukocyte Differentiation (GO:0002763),1/41,0.1399391354800803,0.21383957781225754,10.097710776102735,19.85762987649694,IL34
P5,GO_Biological_Process_2026,gs_ind_0,Positive Regulation of Myoblast Proliferation (GO:2000288),1/5,0.018204501114733745,0.14573662827845768,91.0,364.55386253468845,GATA6
P5,GO_Biological_Process_2026,gs_ind_0,Positive Regulation of NLRP3 Inflammasome Complex Assembly (GO:1900227),1/28,0.09780812250653742,0.18787369854812247,14.878300593878484,34.58829438886499,PLCG2
P5,GO_Biological_Process_2026,gs_ind_0,Positive Regulation of Nervous System Process (GO:0031646),1/22,0.07768007418553498,0.17318836211856978,19.03459156246348,48.636360355386536,EGR2
P5,GO_Biological_Process_2026,gs_ind_0,Positive Regulation of Neuroinflammatory Response (GO:0150078),1/18,0.06401504258973123,0.16182241249448787,23.388801148600145,64.28732849758696,PLCG2
P5,GO_Biological_Process_2026,gs_ind_0,Positive Regulation of Neuron Migration (GO:2001224),1/10,0.036080852581350895,0.1478010828633651,43.0973287490082,143.16902243022955,SEMA6A
P5,GO_Biological_Process_2026,gs_ind_0,Positive Regulation of Neutrophil Chemotaxis (GO:0090023),1/18,0.06401504258973123,0.16182241249448787,23.388801148600145,64.28732849758696,DAPK2
P5,GO_Biological_Process_2026,gs_ind_0,Positive Regulation of Neutrophil Migration (GO:1902624),1/23,0.08106535561630931,0.17611642753702983,18.187939698492464,45.697191038775365,DAPK2
P5,GO_Biological_Process_2026,gs_ind_0,Positive Regulation of Oligodendrocyte Differentiation (GO:0048714),1/7,0.025394089358317242,0.14573662827845768,62.9953614224971,231.39700796830692,IL34
P5,GO_Biological_Process_2026,gs_ind_0,Positive Regulation of Phagocytosis (GO:0050766),1/55,0.18313427347949734,0.2456238776450852,7.499930846895025,12.731400062627513,PLCG2
P5,GO_Biological_Process_2026,gs_ind_0,"Positive Regulation of Phagocytosis, Engulfment (GO:0060100)",1/10,0.036080852581350895,0.1478010828633651,43.0973287490082,143.16902243022955,PLCG2
P5,GO_Biological_Process_2026,gs_ind_0,Positive Regulation of Phosphorylation (GO:0042327),1/64,0.20976111348061466,0.2696362139259319,6.434811854548332,10.049798749352027,IL34
P5,GO_Biological_Process_2026,gs_ind_0,Positive Regulation of Production of Molecular Mediator of Immune Response (GO:0002702),1/34,0.11750120825052357,0.20025268574024066,12.21083027075677,26.147132213032688,GALNT2
P5,GO_Biological_Process_2026,gs_ind_0,Positive Regulation of Programmed Cell Death (GO:0043068),2/234,0.21192946684206224,0.27190950462755153,2.9403962665793353,4.562029992232196,DAPK2;CTSD
P5,GO_Biological_Process_2026,gs_ind_0,Positive Regulation of Protein Binding (GO:0032092),1/9,0.032531551648223855,0.14573662827845768,48.16937629323086,165.00635843822025,IDE
P5,GO_Biological_Process_2026,gs_ind_0,Positive Regulation of Protein Catabolic Process (GO:0045732),2/114,0.06583333506034157,0.16207061329091557,6.1038917089678515,16.606424534274257,IDE;PPP2R3A
P5,GO_Biological_Process_2026,gs_ind_0,Positive Regulation of Protein Localization (GO:1903829),2/135,0.08805996341351535,0.18312163645623988,5.139736496891576,12.488209448482333,DSP;DSG3
P5,GO_Biological_Process_2026,gs_ind_0,Positive Regulation of Protein Localization to Membrane (GO:1905477),1/57,0.1891270689518711,0.2506947502675874,7.233912927469205,12.046896829454685,DSG3
P5,GO_Biological_Process_2026,gs_ind_0,Positive Regulation of Protein Metabolic Process (GO:0051247),3/184,0.03034753182293108,0.14573662827845768,5.33744437380801,18.65458205699801,EPHA4;IDE;PPP2R3A
P5,GO_Biological_Process_2026,gs_ind_0,Positive Regulation of Protein Modification Process (GO:0031401),1/59,0.19507633576312508,0.2541224297297415,6.986084267491303,11.41780694412366,IL34
P5,GO_Biological_Process_2026,gs_ind_0,Positive Regulation of Protein Phosphorylation (GO:0001934),1/109,0.3305388515100955,0.36666626268656594,3.7597434175485724,4.162152789215556,IL34
P5,GO_Biological_Process_2026,gs_ind_0,Positive Regulation of Protein Serine/Threonine Kinase Activity (GO:0071902),1/37,0.12718755619754754,0.2044622652821095,11.205961313416397,23.107728348226125,FLT1
P5,GO_Biological_Process_2026,gs_ind_0,Positive Regulation of Protein Targeting to Membrane (GO:0090314),1/20,0.07087242893827944,0.16561254872175266,20.98840355624275,55.55365534242182,TCAF2
P5,GO_Biological_Process_2026,gs_ind_0,Positive Regulation of Protein-Containing Complex Assembly (GO:0031334),2/97,0.0495111858247973,0.1495689974891966,7.194966380524623,21.62487911394833,MPP7;PLCG2
P5,GO_Biological_Process_2026,gs_ind_0,Positive Regulation of RNA Biosynthetic Process (GO:1902680),5/526,0.0444769572301228,0.1495689974891966,2.9426945028687888,9.159972480112017,AFAP1L2;EGR2;MITF;NFATC2;GATA6
P5,GO_Biological_Process_2026,gs_ind_0,Positive Regulation of Reactive Oxygen Species Biosynthetic Process (GO:1903428),1/12,0.043140826609840886,0.14891249794259798,35.59951933580948,111.89945212016866,PLCG2
P5,GO_Biological_Process_2026,gs_ind_0,Positive Regulation of Reactive Oxygen Species Metabolic Process (GO:2000379),1/48,0.16181212936089961,0.2331191694182452,8.607405448294102,15.67683376936233,PLCG2
P5,GO_Biological_Process_2026,gs_ind_0,Positive Regulation of Receptor Signaling Pathway via STAT (GO:1904894),1/40,0.1367686379517141,0.2106475215583831,10.353730678710006,20.598380195399425,MGAT5
P5,GO_Biological_Process_2026,gs_ind_0,Positive Regulation of Rho Protein Signal Transduction (GO:0035025),1/30,0.10442034991225575,0.18985518165864682,13.868580189080998,31.333708986565636,AKAP13
P5,GO_Biological_Process_2026,gs_ind_0,Positive Regulation of Signal Transduction (GO:0009967),5/265,0.002968249223112782,0.07325699868722592,5.9487393353498605,34.62037197886396,PLCG2;EPHA4;MGAT5;ATP6V1C2;MACF1
P5,GO_Biological_Process_2026,gs_ind_0,Positive Regulation of Small GTPase Mediated Signal Transduction (GO:0051057),1/71,0.2298752076552973,0.28524660803942,5.794397519512456,8.519031546226,AKAP13
P5,GO_Biological_Process_2026,gs_ind_0,Positive Regulation of TOR Signaling (GO:0032008),1/82,0.26046365097100105,0.3107285660706679,5.010296883188951,6.740312129922902,GPR155
P5,GO_Biological_Process_2026,gs_ind_0,Positive Regulation of TORC1 Signaling (GO:1904263),1/58,0.19210712382525622,0.25218695791732476,7.107843565654359,11.725824641202973,GPR155
P5,GO_Biological_Process_2026,gs_ind_0,Positive Regulation of Transcription by RNA Polymerase II (GO:0045944),7/944,0.05871039543698743,0.15710563564666777,2.244320855614973,6.3629604046337125,GATA6;EGR2;MITF;NFATC2;EHF;TCF12;PPARGC1B
P5,GO_Biological_Process_2026,gs_ind_0,Positive Regulation of Tumor Necrosis Factor Production (GO:0032760),1/85,0.2685951165573057,0.31709145704681924,4.83188129999108,6.351750414065389,PLCG2
P5,GO_Biological_Process_2026,gs_ind_0,Positive Regulation of Tumor Necrosis Factor Superfamily Cytokine Production (GO:1903557),1/89,0.27929953184328316,0.3263293499199872,4.612809811770718,5.883502754967439,PLCG2
P5,GO_Biological_Process_2026,gs_ind_0,Positive Regulation of Vasculature Development (GO:1904018),2/104,0.056032353567675816,0.15409975265745024,6.701869506004705,19.313621876767836,GATA6;FLT1
P5,GO_Biological_Process_2026,gs_ind_0,Positive Regulation of Vasculogenesis (GO:2001214),1/11,0.03961726211805212,0.14794684282763623,38.99138549892319,125.88331156809635,DSP
P5,GO_Biological_Process_2026,gs_ind_0,Positive Regulation of Wnt Signaling Pathway (GO:0030177),3/118,0.009421030749657765,0.12832418872674722,8.407925407925408,39.221381038055874,ATP6V1C2;PPP2R3A;MACF1
P5,GO_Biological_Process_2026,gs_ind_0,Post-Golgi Vesicle-Mediated Transport (GO:0006892),1/44,0.14938162196228383,0.2203459933500065,9.400277248310518,17.872286764451427,MYO1B
P5,GO_Biological_Process_2026,gs_ind_0,Presynaptic Active Zone Organization (GO:1990709),1/6,0.021805834468432178,0.14573662827845768,74.4518044769301,284.8211635890129,ERC1
P5,GO_Biological_Process_2026,gs_ind_0,Primary Alcohol Metabolic Process (GO:0034308),1/33,0.11424883561195394,0.19816860546079398,12.587011982991882,27.305967256473732,GDPD1
P5,GO_Biological_Process_2026,gs_ind_0,Proteasome-mediated Ubiquitin-Dependent Protein Catabolic Process (GO:0043161),1/383,0.7576031904922855,0.7643474325441456,1.0556902157848065,0.2930548805370074,FBXO32
P5,GO_Biological_Process_2026,gs_ind_0,Protein Autophosphorylation (GO:0046777),2/100,0.052270215019552466,0.1513350181938792,6.975057332062151,20.585685999872638,FLT1;DAPK2
P5,GO_Biological_Process_2026,gs_ind_0,Protein Catabolic Process (GO:0030163),2/169,0.1278281343155179,0.2050073852230004,4.091294795060231,8.416074129711932,IDE;CTSD
P5,GO_Biological_Process_2026,gs_ind_0,Protein Dephosphorylation (GO:0006470),1/80,0.25499301809085445,0.3058117324546403,5.136721342561866,7.01942789910666,PPP2R3A
P5,GO_Biological_Process_2026,gs_ind_0,Protein Export From Nucleus (GO:0006611),1/25,0.08779905814197392,0.18312163645623988,16.70197928417598,40.630980258906256,EGR2
P5,GO_Biological_Process_2026,gs_ind_0,Protein Localization to Cell Junction (GO:1902414),1/32,0.11098459693722368,0.19653522374300025,12.987078248384782,28.550323385514286,DSP
P5,GO_Biological_Process_2026,gs_ind_0,Protein Localization to Cell-Cell Junction (GO:0150105),2/17,0.0017470948129191322,0.0606062756093238,44.4612739479286,282.3202407734291,MPP7;DSP
P5,GO_Biological_Process_2026,gs_ind_0,Protein Localization to Membrane (GO:0072657),1/188,0.49999113323318467,0.5238736064692844,2.169286432160804,1.5036732437342044,CPE
P5,GO_Biological_Process_2026,gs_ind_0,Protein Localization to Plasma Membrane (GO:0072659),1/151,0.42669385591583603,0.45124700159061976,2.7063056144509927,2.304929336740743,MACF1
P5,GO_Biological_Process_2026,gs_ind_0,Protein Maturation (GO:0051604),2/201,0.16829581537872007,0.23596114321140133,3.430975916949735,6.1141090198644505,GALNT2;CPE
P5,GO_Biological_Process_2026,gs_ind_0,Protein Metabolic Process (GO:0019538),4/603,0.180850613171818,0.24546590210945354,2.0666315193576685,3.534113350671793,IDE;GALNT2;CPE;CTSD
P5,GO_Biological_Process_2026,gs_ind_0,Protein Modification Process (GO:0036211),6/425,0.004820499575111001,0.09640999150222002,4.385801943608857,23.39771702944209,TEC;DAPK2;SPRR1A;PPP2R3A;DSP;CPE
P5,GO_Biological_Process_2026,gs_ind_0,Protein Modification by Small Protein Conjugation (GO:0032446),3/296,0.09535751929305321,0.18787369854812247,3.2869698161009917,7.724780374404002,FBXO32;EGR2;PDZRN3
P5,GO_Biological_Process_2026,gs_ind_0,Protein N-linked Glycosylation (GO:0006487),2/75,0.031069815444296947,0.14573662827845768,9.356158707137677,32.4800779995198,MGAT5B;MGAT5
P5,GO_Biological_Process_2026,gs_ind_0,Protein O-linked Glycosylation (GO:0006493),2/82,0.03657684368909193,0.14794684282763623,8.540372670807454,28.254455880318755,MGAT5B;GALNT2
P5,GO_Biological_Process_2026,gs_ind_0,Protein O-linked Glycosylation via N-acetyl-galactosamine (GO:0016266),1/33,0.11424883561195394,0.19816860546079398,12.587011982991882,27.305967256473732,GALNT2
P5,GO_Biological_Process_2026,gs_ind_0,Protein Phosphorylation (GO:0006468),3/299,0.09755043796642307,0.18787369854812247,3.253348899554633,7.571797778360802,FLT1;DAPK2;TEC
P5,GO_Biological_Process_2026,gs_ind_0,Protein Processing (GO:0016485),1/146,0.41600571780810425,0.4420060751711108,2.799823861575921,2.4556030841261274,CPE
P5,GO_Biological_Process_2026,gs_ind_0,Protein Stabilization (GO:0050821),2/204,0.17219844556976402,0.23911653777159642,3.37977063357774,5.945380592799993,DSP;EPHA4
P5,GO_Biological_Process_2026,gs_ind_0,Protein Sumoylation (GO:0016925),1/42,0.14309810434998382,0.21671873264585523,9.854029182054852,19.15844830527978,EGR2
P5,GO_Biological_Process_2026,gs_ind_0,Protein Transport (GO:0015031),1/294,0.6624578858825588,0.6753693589207497,1.3803857447373151,0.5684404914614676,MACF1
P5,GO_Biological_Process_2026,gs_ind_0,Protein Ubiquitination (GO:0016567),2/348,0.3655496808618946,0.39948452223436026,1.964642802206254,1.9771243415414395,FBXO32;PDZRN3
P5,GO_Biological_Process_2026,gs_ind_0,Protein-containing Complex Assembly (GO:0065003),2/306,0.3094276260176203,0.3489399431044475,2.2391288039808956,2.626567625063893,MITF;AFDN
P5,GO_Biological_Process_2026,gs_ind_0,Protein-containing Complex Organization (GO:0043933),1/118,0.35240359928096315,0.38650717340492735,3.4706083609537046,3.6197687617748397,MITF
P5,GO_Biological_Process_2026,gs_ind_0,Proteolysis (GO:0006508),3/322,0.11502605965308597,0.1985221334114174,3.0165643433249065,6.52361170390207,IDE;CPE;CTSD
P5,GO_Biological_Process_2026,gs_ind_0,Pyroptotic Inflammatory Response (GO:0070269),1/25,0.08779905814197392,0.18312163645623988,16.70197928417598,40.630980258906256,GSDMA
P5,GO_Biological_Process_2026,gs_ind_0,Rap Protein Signal Transduction (GO:0032486),1/14,0.05014960504049533,0.1495689974891966,30.32328308207705,90.74984291620152,RAPGEF5
P5,GO_Biological_Process_2026,gs_ind_0,Ras Protein Signal Transduction (GO:0007265),1/64,0.20976111348061466,0.2696362139259319,6.434811854548332,10.049798749352027,RAPGEF5
P5,GO_Biological_Process_2026,gs_ind_0,Reg of Cardiac Muscle Contraction by Regulation of the Release of Sequestered Calcium Ion (GO:0010881),1/19,0.06744997582548398,0.16207061329091557,22.123726741817194,59.65373216204687,CACNA1C
P5,GO_Biological_Process_2026,gs_ind_0,Regulation of Actin Cytoskeleton Organization (GO:0032956),1/103,0.31555794502221696,0.35467669853736783,3.980708420149528,4.5914006536709016,PAK3
P5,GO_Biological_Process_2026,gs_ind_0,Regulation of Actin Filament Polymerization (GO:0030833),2/70,0.027359022238275892,0.14573662827845768,10.04094260624699,36.13442976017837,PAK3;ARHGAP28
P5,GO_Biological_Process_2026,gs_ind_0,Regulation of Actin Filament-Based Process (GO:0032970),1/95,0.2950660020928981,0.34007607020876396,4.318975831538646,5.271552779622928,PAK3
P5,GO_Biological_Process_2026,gs_ind_0,Regulation of Actin Polymerization or Depolymerization (GO:0008064),2/28,0.004730110090115446,0.09640999150222002,25.995115410401304,139.17282569994805,PAK3;ARHGAP28
P5,GO_Biological_Process_2026,gs_ind_0,Regulation of Actomyosin Structure Organization (GO:0110020),1/14,0.05014960504049533,0.1495689974891966,30.32328308207705,90.74984291620152,AKAP13
P5,GO_Biological_Process_2026,gs_ind_0,Regulation of Adenylate Cyclase Activity (GO:0045761),1/14,0.05014960504049533,0.1495689974891966,30.32328308207705,90.74984291620152,CACNA1C
P5,GO_Biological_Process_2026,gs_ind_0,Regulation of Aerobic Respiration (GO:1903715),1/14,0.05014960504049533,0.1495689974891966,30.32328308207705,90.74984291620152,IDE
P5,GO_Biological_Process_2026,gs_ind_0,Regulation of Amyloid Precursor Protein Biosynthetic Process (GO:0042984),1/14,0.05014960504049533,0.1495689974891966,30.32328308207705,90.74984291620152,NECAB1
P5,GO_Biological_Process_2026,gs_ind_0,Regulation of Amyloid Precursor Protein Catabolic Process (GO:1902991),1/20,0.07087242893827944,0.16561254872175266,20.98840355624275,55.55365534242182,EPHA4
P5,GO_Biological_Process_2026,gs_ind_0,Regulation of Amyloid-Beta Formation (GO:1902003),1/38,0.13039289018139794,0.20524806787812638,10.906733668341708,22.219232230345032,EPHA4
P5,GO_Biological_Process_2026,gs_ind_0,Regulation of Anatomical Structure Morphogenesis (GO:0022603),2/107,0.05891461336750041,0.15710563564666777,6.51057329131282,18.43576977423768,PAK3;EPHA4
P5,GO_Biological_Process_2026,gs_ind_0,Regulation of Angiogenesis (GO:0045765),3/200,0.03743955202222453,0.14794684282763623,4.902135670236936,16.103650939704348,SEMA6A;GATA6;FLT1
P5,GO_Biological_Process_2026,gs_ind_0,Regulation of Apoptotic Process (GO:0042981),4/661,0.224603979394808,0.28283464071938785,1.8802143462243148,2.8079431641706605,GATA6;DAPK2;ACTN1;CTSD
P5,GO_Biological_Process_2026,gs_ind_0,Regulation of Apoptotic Signaling Pathway (GO:2001233),1/42,0.14309810434998382,0.21671873264585523,9.854029182054852,19.15844830527978,DAPK2
P5,GO_Biological_Process_2026,gs_ind_0,Regulation of Astrocyte Differentiation (GO:0048710),1/12,0.043140826609840886,0.14891249794259798,35.59951933580948,111.89945212016866,EPHA4
P5,GO_Biological_Process_2026,gs_ind_0,Regulation of Autophagy (GO:0010506),2/224,0.19856438967685344,0.25718816186716253,3.073689613870986,4.969055264344319,ATP6V1C2;DAPK2
P5,GO_Biological_Process_2026,gs_ind_0,Regulation of Axon Extension (GO:0030516),1/41,0.1399391354800803,0.21383957781225754,10.097710776102735,19.85762987649694,MACF1
P5,GO_Biological_Process_2026,gs_ind_0,Regulation of Axon Regeneration (GO:0048679),1/12,0.043140826609840886,0.14891249794259798,35.59951933580948,111.89945212016866,EPHA4
P5,GO_Biological_Process_2026,gs_ind_0,Regulation of Axonogenesis (GO:0050770),2/38,0.008590198795084398,0.12832418872674722,18.86621236353522,89.74908897806998,PAK3;EPHA4
P5,GO_Biological_Process_2026,gs_ind_0,Regulation of B Cell Activation (GO:0050864),1/30,0.10442034991225575,0.18985518165864682,13.868580189080998,31.333708986565636,SH3KBP1
P5,GO_Biological_Process_2026,gs_ind_0,Regulation of B Cell Proliferation (GO:0030888),1/49,0.16489155134789077,0.2355593590684154,8.429622338496607,15.194118496222861,NFATC2
P5,GO_Biological_Process_2026,gs_ind_0,Regulation of BMP Signaling Pathway (GO:0030510),1/77,0.24671186426811992,0.29904468396135747,5.3387525864617205,7.471766641728897,GPR155
P5,GO_Biological_Process_2026,gs_ind_0,Regulation of Bicellular Tight Junction Assembly (GO:2000810),1/19,0.06744997582548398,0.16207061329091557,22.123726741817194,59.65373216204687,DSG3
P5,GO_Biological_Process_2026,gs_ind_0,Regulation of Calcium-Mediated Signaling (GO:0050848),1/45,0.15250625325948727,0.2239832661262448,9.18869629044097,17.27979985753456,PLCG2
P5,GO_Biological_Process_2026,gs_ind_0,Regulation of Canonical NF-kappaB Signal Transduction (GO:0043122),3/279,0.08333130313844068,0.17943146297549323,3.491269068484258,8.675562780991363,ERC1;AKAP13;PLCG2
P5,GO_Biological_Process_2026,gs_ind_0,Regulation of Canonical Wnt Signaling Pathway (GO:0060828),1/219,0.554200019988361,0.5736012383441179,1.859376976415257,1.097459348536597,PPP2R3A
P5,GO_Biological_Process_2026,gs_ind_0,Regulation of Cardiac Muscle Cell Action Potential (GO:0098901),2/29,0.00506840162905688,0.09847180307881938,25.04891555145362,132.37674976169106,CACNA1C;DSP
P5,GO_Biological_Process_2026,gs_ind_0,Regulation of Cardiac Muscle Cell Contraction (GO:0086004),2/30,0.005417514395149481,0.09956512942436883,24.169115682607533,126.11730163340725,CACNA1C;DSP
P5,GO_Biological_Process_2026,gs_ind_0,Regulation of Cardiac Muscle Contraction by Calcium Ion Signaling (GO:0010882),1/28,0.09780812250653742,0.18787369854812247,14.878300593878484,34.58829438886499,CACNA1C
P5,GO_Biological_Process_2026,gs_ind_0,Regulation of Catabolic Process (GO:0009894),1/77,0.24671186426811992,0.29904468396135747,5.3387525864617205,7.471766641728897,DAPK2
P5,GO_Biological_Process_2026,gs_ind_0,Regulation of Cell Activation (GO:0050865),1/9,0.032531551648223855,0.14573662827845768,48.16937629323086,165.00635843822025,TEC
P5,GO_Biological_Process_2026,gs_ind_0,Regulation of Cell Adhesion (GO:0030155),1/135,0.391792489846731,0.4222169462690603,3.030038669182343,2.839215748138981,EPHA4
P5,GO_Biological_Process_2026,gs_ind_0,Regulation of Cell Cycle (GO:0051726),2/300,0.3013155447567073,0.34436062257909406,2.284646583169655,2.7406557398582776,AFAP1L2;DSP
P5,GO_Biological_Process_2026,gs_ind_0,Regulation of Cell Cycle G1/S Phase Transition (GO:1902806),1/86,0.2712858857554616,0.3197130022768005,4.775191748214758,6.229629607934631,PLCG2
P5,GO_Biological_Process_2026,gs_ind_0,Regulation of Cell Differentiation (GO:0045595),1/189,0.5018376152552932,0.5249993513439991,2.157698305852872,1.487686995308176,DSP
P5,GO_Biological_Process_2026,gs_ind_0,Regulation of Cell Migration (GO:0030334),9/445,3.882951248642388e-05,0.0066010171226920595,6.358308452105985,64.57707868665356,MITF;MACF1;PPP2R3A;EPHA4;TCAF2;MGAT5;DSG3;FLT1;AFDN
P5,GO_Biological_Process_2026,gs_ind_0,Regulation of Cell Morphogenesis (GO:0022604),1/15,0.05363491085988955,0.1513350181938792,28.2309824987004,82.591294852792,MACF1
P5,GO_Biological_Process_2026,gs_ind_0,Regulation of Cell Motility (GO:2000145),1/114,0.3427746150393318,0.3783875620564053,3.593451840701304,3.8474447312642526,MACF1
P5,GO_Biological_Process_2026,gs_ind_0,Regulation of Cell Population Proliferation (GO:0042127),5/706,0.11806417437226456,0.20070909643284976,2.1728420400562745,4.642335580447889,ZBTB7C;IL34;EPHA4;GAREM1;FLT1
P5,GO_Biological_Process_2026,gs_ind_0,Regulation of Cell Projection Organization (GO:0031344),1/15,0.05363491085988955,0.1513350181938792,28.2309824987004,82.591294852792,MACF1
P5,GO_Biological_Process_2026,gs_ind_0,Regulation of Cell-Cell Adhesion (GO:0022407),1/43,0.1462455860603604,0.21952979805970216,9.621814957138634,18.49763110790661,AFDN
P5,GO_Biological_Process_2026,gs_ind_0,Regulation of Cell-Cell Adhesion Mediated by Cadherin (GO:2000047),1/20,0.07087242893827944,0.16561254872175266,20.98840355624275,55.55365534242182,AFDN
P5,GO_Biological_Process_2026,gs_ind_0,Regulation of Cell-Matrix Adhesion (GO:0001952),1/67,0.21844434306696422,0.27816882637740764,6.1438394982430955,9.346156217905994,MACF1
P5,GO_Biological_Process_2026,gs_ind_0,Regulation of Cell-Substrate Junction Assembly (GO:0090109),1/22,0.07768007418553498,0.17318836211856978,19.03459156246348,48.636360355386536,MACF1
P5,GO_Biological_Process_2026,gs_ind_0,Regulation of Cellular Respiration (GO:0043457),1/19,0.06744997582548398,0.16207061329091557,22.123726741817194,59.65373216204687,IDE
P5,GO_Biological_Process_2026,gs_ind_0,Regulation of Cellular Response to Hypoxia (GO:1900037),1/7,0.025394089358317242,0.14573662827845768,62.9953614224971,231.39700796830692,EPHA4
P5,GO_Biological_Process_2026,gs_ind_0,Regulation of Cholesterol Metabolic Process (GO:0090181),1/25,0.08779905814197392,0.18312163645623988,16.70197928417598,40.630980258906256,FMO5
P5,GO_Biological_Process_2026,gs_ind_0,Regulation of Cold-Induced Thermogenesis (GO:0120161),1/142,0.40731337405009255,0.43577293870281486,2.879396984924623,2.5861949839942633,PPARGC1B
P5,GO_Biological_Process_2026,gs_ind_0,Regulation of Cytokine Production (GO:0001817),1/149,0.42244204035446653,0.4474463978832356,2.7429572102938935,2.363614523329295,AFAP1L2
P5,GO_Biological_Process_2026,gs_ind_0,Regulation of Cytoskeleton Organization (GO:0051493),1/133,0.3872845095642038,0.4180213754026326,3.0760026547833506,2.917882858364609,PAK3
P5,GO_Biological_Process_2026,gs_ind_0,Regulation of DNA-templated Transcription Initiation (GO:2000142),1/13,0.04665159224326654,0.1495689974891966,32.75035175879397,100.38140738175221,MITF
P5,GO_Biological_Process_2026,gs_ind_0,Regulation of Defense Response (GO:0031347),1/95,0.2950660020928981,0.34007607020876396,4.318975831538646,5.271552779622928,GATA6
P5,GO_Biological_Process_2026,gs_ind_0,Regulation of Dendritic Cell Cytokine Production (GO:0002730),1/4,0.014590042112100507,0.14573662827845768,117.0043072505384,494.6258840598229,PLCG2
P5,GO_Biological_Process_2026,gs_ind_0,Regulation of Dendritic Spine Morphogenesis (GO:0061001),1/33,0.11424883561195394,0.19816860546079398,12.587011982991882,27.305967256473732,EPHA4
P5,GO_Biological_Process_2026,gs_ind_0,Regulation of ERK1 and ERK2 Cascade (GO:0070372),3/215,0.04479049304796929,0.1495689974891966,4.55356862745098,14.142288435429512,GAREM1;SEMA6A;EPHA4
P5,GO_Biological_Process_2026,gs_ind_0,Regulation of Epidermal Growth Factor Receptor Signaling Pathway (GO:0042058),1/57,0.1891270689518711,0.2506947502675874,7.233912927469205,12.046896829454685,AFAP1L2
P5,GO_Biological_Process_2026,gs_ind_0,Regulation of Epithelial Cell Migration (GO:0010632),2/42,0.010421411814037997,0.12884654606446977,17.000376010528296,77.58789300948246,PLCG2;MACF1
P5,GO_Biological_Process_2026,gs_ind_0,Regulation of Epithelial to Mesenchymal Transition (GO:0010717),1/82,0.26046365097100105,0.3107285660706679,5.010296883188951,6.740312129922902,EPHA4
P5,GO_Biological_Process_2026,gs_ind_0,Regulation of Establishment of Protein Localization (GO:0070201),1/12,0.043140826609840886,0.14891249794259798,35.59951933580948,111.89945212016866,CTSD
P5,GO_Biological_Process_2026,gs_ind_0,Regulation of Focal Adhesion Assembly (GO:0051893),1/58,0.19210712382525622,0.25218695791732476,7.107843565654359,11.725824641202973,MACF1
P5,GO_Biological_Process_2026,gs_ind_0,Regulation of G Protein-Coupled Receptor Signaling Pathway (GO:0008277),1/78,0.24948232449515884,0.30079429194451773,5.26967093532177,7.316238334127009,RGS20
P5,GO_Biological_Process_2026,gs_ind_0,Regulation of GTPase Activity (GO:0043087),1/94,0.29246217540983005,0.3382215633991232,4.365329320398786,5.3668228915658895,EPHA4
P5,GO_Biological_Process_2026,gs_ind_0,Regulation of Gene Expression (GO:0010468),7/934,0.056081821240589746,0.15409975265745024,2.2693832249881085,6.537964989524649,SLC26A9;PLCG2;MITF;NFATC2;ERC1;PPARGC1B;AFDN
P5,GO_Biological_Process_2026,gs_ind_0,Regulation of Glial Cell Differentiation (GO:0045685),1/7,0.025394089358317242,0.14573662827845768,62.9953614224971,231.39700796830692,EPHA4
P5,GO_Biological_Process_2026,gs_ind_0,Regulation of Glycoprotein Biosynthetic Process (GO:0010559),1/15,0.05363491085988955,0.1513350181938792,28.2309824987004,82.591294852792,NECAB1
P5,GO_Biological_Process_2026,gs_ind_0,Regulation of Granulocyte Chemotaxis (GO:0071622),1/20,0.07087242893827944,0.16561254872175266,20.98840355624275,55.55365534242182,IL34
P5,GO_Biological_Process_2026,gs_ind_0,Regulation of Heart Contraction (GO:0008016),1/70,0.2270331041296496,0.2832706620333243,5.877987057590109,8.715052993038883,CACNA1C
P5,GO_Biological_Process_2026,gs_ind_0,Regulation of Heart Rate by Cardiac Conduction (GO:0086091),2/41,0.009948736817063085,0.12832418872674722,17.431407826254578,80.36418839306899,CACNA1C;DSP
P5,GO_Biological_Process_2026,gs_ind_0,Regulation of Humoral Immune Response (GO:0002920),1/14,0.05014960504049533,0.1495689974891966,30.32328308207705,90.74984291620152,GATA6
P5,GO_Biological_Process_2026,gs_ind_0,Regulation of Hydrolase Activity (GO:0051336),1/28,0.09780812250653742,0.18787369854812247,14.878300593878484,34.58829438886499,EPHA4
P5,GO_Biological_Process_2026,gs_ind_0,Regulation of Immunoglobulin Production (GO:0002637),1/23,0.08106535561630931,0.17611642753702983,18.187939698492464,45.697191038775365,GALNT2
P5,GO_Biological_Process_2026,gs_ind_0,Regulation of Interleukin-10 Production (GO:0032653),1/46,0.15561952100888302,0.22611383394453088,8.986415594455796,16.717799339197803,PLCG2
P5,GO_Biological_Process_2026,gs_ind_0,Regulation of Interleukin-12 Production (GO:0032655),1/43,0.1462455860603604,0.21952979805970216,9.621814957138634,18.49763110790661,PLCG2
P5,GO_Biological_Process_2026,gs_ind_0,Regulation of Interleukin-2 Production (GO:0032663),1/57,0.1891270689518711,0.2506947502675874,7.233912927469205,12.046896829454685,PLCG2
P5,GO_Biological_Process_2026,gs_ind_0,Regulation of Interleukin-23 Production (GO:0032667),1/6,0.021805834468432178,0.14573662827845768,74.4518044769301,284.8211635890129,PLCG2
P5,GO_Biological_Process_2026,gs_ind_0,Regulation of Interleukin-6 Production (GO:0032675),2/101,0.05320192100871592,0.1513350181938792,6.904701170828763,20.25605098174317,AFAP1L2;PLCG2
P5,GO_Biological_Process_2026,gs_ind_0,Regulation of Interleukin-8 Production (GO:0032677),1/74,0.23833959157565857,0.2914944645169925,5.557276176802379,7.969460621659022,AFAP1L2
P5,GO_Biological_Process_2026,gs_ind_0,Regulation of Intracellular Signal Transduction (GO:1902531),8/321,2.4601270691370114e-05,0.0066010171226920595,7.871485839906892,83.53781586951966,PAK3;PLCG2;DAPK2;PLEKHG1;EPHA4;ARHGAP28;AKAP13;ARHGAP20
P5,GO_Biological_Process_2026,gs_ind_0,Regulation of Intrinsic Apoptotic Signaling Pathway (GO:2001242),1/40,0.1367686379517141,0.2106475215583831,10.353730678710006,20.598380195399425,DAPK2
P5,GO_Biological_Process_2026,gs_ind_0,Regulation of Keratinocyte Differentiation (GO:0045616),1/29,0.10112025539501886,0.18787369854812247,14.355725998413119,32.89535401837941,DSP
P5,GO_Biological_Process_2026,gs_ind_0,Regulation of Leukocyte Adhesion to Arterial Endothelial Cell (GO:1904997),1/6,0.021805834468432178,0.14573662827845768,74.4518044769301,284.8211635890129,EPHA4
P5,GO_Biological_Process_2026,gs_ind_0,Regulation of Lipid Metabolic Process (GO:0019216),1/55,0.18313427347949734,0.2456238776450852,7.499930846895025,12.731400062627513,PLCG2
P5,GO_Biological_Process_2026,gs_ind_0,Regulation of Long-Term Synaptic Potentiation (GO:1900271),1/27,0.09448390777737954,0.18786274060999442,15.440314781454441,36.428732206490906,EPHA4
P5,GO_Biological_Process_2026,gs_ind_0,Regulation of MAP Kinase Activity (GO:0043405),1/46,0.15561952100888302,0.22611383394453088,8.986415594455796,16.717799339197803,FLT1
P5,GO_Biological_Process_2026,gs_ind_0,Regulation of MAPK Cascade (GO:0043408),5/266,0.0030164646518269496,0.07325699868722592,5.925770574514731,34.39121559719699,PAK3;IL34;PLCG2;AKAP13;FLT1
P5,GO_Biological_Process_2026,gs_ind_0,Regulation of Macroautophagy (GO:0016241),2/106,0.05794819157876876,0.15575008013265912,6.573118305685765,18.721594446543822,ATP6V1C2;QSOX1
P5,GO_Biological_Process_2026,gs_ind_0,Regulation of Macromolecule Biosynthetic Process (GO:0010556),1/138,0.39849296370825943,0.4280809088809106,2.963599817268159,2.726705763488906,MITF
P5,GO_Biological_Process_2026,gs_ind_0,Regulation of Macrophage Chemotaxis (GO:0010758),1/21,0.07428244681570347,0.17007428900565102,19.96384360828533,51.90360975057245,IL34
P5,GO_Biological_Process_2026,gs_ind_0,Regulation of Macrophage Cytokine Production (GO:0010935),1/12,0.043140826609840886,0.14891249794259798,35.59951933580948,111.89945212016866,PLCG2
P5,GO_Biological_Process_2026,gs_ind_0,Regulation of Macrophage Differentiation (GO:0045649),1/16,0.0571075553965845,0.15409975265745024,26.40865618414654,75.60319879037347,IL34
P5,GO_Biological_Process_2026,gs_ind_0,Regulation of Macrophage Proliferation (GO:0120040),1/6,0.021805834468432178,0.14573662827845768,74.4518044769301,284.8211635890129,IL34
P5,GO_Biological_Process_2026,gs_ind_0,Regulation of Microtubule-Based Process (GO:0032886),1/44,0.14938162196228383,0.2203459933500065,9.400277248310518,17.872286764451427,MACF1
P5,GO_Biological_Process_2026,gs_ind_0,Regulation of Mitotic Cell Cycle (GO:0007346),1/125,0.3689194158663535,0.40138432446259265,3.2746261427620027,3.265382017169746,AFAP1L2
P5,GO_Biological_Process_2026,gs_ind_0,Regulation of Monocyte Differentiation (GO:0045655),1/14,0.05014960504049533,0.1495689974891966,30.32328308207705,90.74984291620152,IL34
P5,GO_Biological_Process_2026,gs_ind_0,Regulation of Muscle Adaptation (GO:0043502),1/10,0.036080852581350895,0.1478010828633651,43.0973287490082,143.16902243022955,FBXO32
P5,GO_Biological_Process_2026,gs_ind_0,Regulation of Muscle Contraction (GO:0006937),1/36,0.12397052607037776,0.2044622652821095,11.52204685398825,24.054708967199332,CACNA1C
P5,GO_Biological_Process_2026,gs_ind_0,Regulation of Myelination (GO:0031641),1/26,0.09114756758275655,0.18725180047212828,16.046408513154006,38.435568598252985,EGR2
P5,GO_Biological_Process_2026,gs_ind_0,Regulation of NLRP3 Inflammasome Complex Assembly (GO:1900225),1/44,0.14938162196228383,0.2203459933500065,9.400277248310518,17.872286764451427,PLCG2
P5,GO_Biological_Process_2026,gs_ind_0,Regulation of Neuroinflammatory Response (GO:0150077),1/27,0.09448390777737954,0.18786274060999442,15.440314781454441,36.428732206490906,PLCG2
P5,GO_Biological_Process_2026,gs_ind_0,Regulation of Neuron Migration (GO:2001222),1/32,0.11098459693722368,0.19653522374300025,12.987078248384782,28.550323385514286,SEMA6A
P5,GO_Biological_Process_2026,gs_ind_0,Regulation of Neuron Projection Arborization (GO:0150011),1/15,0.05363491085988955,0.1513350181938792,28.2309824987004,82.591294852792,MACF1
P5,GO_Biological_Process_2026,gs_ind_0,Regulation of Neuron Projection Development (GO:0010975),2/176,0.1364723542255761,0.2106475215583831,3.9261559495585647,7.819462608250782,PAK3;EPHA4
P5,GO_Biological_Process_2026,gs_ind_0,Regulation of Neutrophil Chemotaxis (GO:0090022),1/25,0.08779905814197392,0.18312163645623988,16.70197928417598,40.630980258906256,DAPK2
P5,GO_Biological_Process_2026,gs_ind_0,Regulation of Oligodendrocyte Differentiation (GO:0048713),1/18,0.06401504258973123,0.16182241249448787,23.388801148600145,64.28732849758696,IL34
P5,GO_Biological_Process_2026,gs_ind_0,"Regulation of Phagocytosis, Engulfment (GO:0060099)",1/11,0.03961726211805212,0.14794684282763623,38.99138549892319,125.88331156809635,PLCG2
P5,GO_Biological_Process_2026,gs_ind_0,Regulation of Phosphatidylinositol 3-Kinase/Protein Kinase B Signal Transduction (GO:0051896),1/214,0.5458678522598623,0.5658386273425402,1.903275157991362,1.1522015963601528,FLT1
P5,GO_Biological_Process_2026,gs_ind_0,Regulation of Platelet Activation (GO:0010543),1/29,0.10112025539501886,0.18787369854812247,14.355725998413119,32.89535401837941,TEC
P5,GO_Biological_Process_2026,gs_ind_0,Regulation of Postsynapse Organization (GO:0099175),1/36,0.12397052607037776,0.2044622652821095,11.52204685398825,24.054708967199332,EPHA4
P5,GO_Biological_Process_2026,gs_ind_0,Regulation of Primary Metabolic Process (GO:0080090),1/104,0.3180776109586692,0.35633076680707587,3.9421018134149004,4.515519416376505,PLCG2
P5,GO_Biological_Process_2026,gs_ind_0,Regulation of Programmed Cell Death (GO:0043067),2/175,0.13522943935733636,0.2106475215583831,3.9489313769949823,7.900952367693121,DAPK2;ACTN1
P5,GO_Biological_Process_2026,gs_ind_0,Regulation of Protein Binding (GO:0043393),1/29,0.10112025539501886,0.18787369854812247,14.355725998413119,32.89535401837941,IDE
P5,GO_Biological_Process_2026,gs_ind_0,Regulation of Protein Catabolic Process (GO:0042176),2/158,0.1145297969795471,0.19816860546079398,4.380645789072509,9.492510086878614,IDE;PPP2R3A
P5,GO_Biological_Process_2026,gs_ind_0,Regulation of Protein Localization (GO:0032880),2/104,0.056032353567675816,0.15409975265745024,6.701869506004705,19.313621876767836,DSP;CTSD
P5,GO_Biological_Process_2026,gs_ind_0,Regulation of Protein Localization to Membrane (GO:1905475),1/34,0.11750120825052357,0.20025268574024066,12.21083027075677,26.147132213032688,DSG3
P5,GO_Biological_Process_2026,gs_ind_0,Regulation of Protein Phosphorylation (GO:0001932),1/93,0.2898488274575872,0.3369182951643749,4.412685046855901,5.464650525257103,IL34
P5,GO_Biological_Process_2026,gs_ind_0,Regulation of Protein Polymerization (GO:0032271),2/37,0.00815744149226313,0.12606955033497563,19.398369914921,93.2833604212486,PAK3;ARHGAP28
P5,GO_Biological_Process_2026,gs_ind_0,Regulation of Protein Targeting to Membrane (GO:0090313),1/24,0.08443833551787916,0.17943146297549323,17.41334331230621,43.0411486823959,TCAF2
P5,GO_Biological_Process_2026,gs_ind_0,Regulation of Protein-Containing Complex Assembly (GO:0043254),1/116,0.3476066941244921,0.3830997601372036,3.5309665209162695,3.7311145124347598,MPP7
P5,GO_Biological_Process_2026,gs_ind_0,Regulation of RNA Biosynthetic Process (GO:2001141),4/373,0.04863146386909561,0.1495689974891966,3.382059497851038,10.225604648531027,NFATC2;ERC1;PPARGC1B;MITF
P5,GO_Biological_Process_2026,gs_ind_0,Regulation of RNA Metabolic Process (GO:0051252),1/18,0.06401504258973123,0.16182241249448787,23.388801148600145,64.28732849758696,MITF
P5,GO_Biological_Process_2026,gs_ind_0,Regulation of Reactive Oxygen Species Biosynthetic Process (GO:1903426),1/26,0.09114756758275655,0.18725180047212828,16.046408513154006,38.435568598252985,PLCG2
P5,GO_Biological_Process_2026,gs_ind_0,Regulation of Receptor Signaling Pathway via STAT (GO:1904892),1/19,0.06744997582548398,0.16207061329091557,22.123726741817194,59.65373216204687,MGAT5
P5,GO_Biological_Process_2026,gs_ind_0,Regulation of Release of Sequestered Calcium Ion Into Cytosol by Sarcoplasmic Reticulum (GO:0010880),1/29,0.10112025539501886,0.18787369854812247,14.355725998413119,32.89535401837941,CACNA1C
P5,GO_Biological_Process_2026,gs_ind_0,Regulation of Response to Biotic Stimulus (GO:0002831),1/36,0.12397052607037776,0.2044622652821095,11.52204685398825,24.054708967199332,GATA6
P5,GO_Biological_Process_2026,gs_ind_0,Regulation of Response to External Stimulus (GO:0032101),1/124,0.36658579687388354,0.39948452223436026,3.301263402030395,3.312892720260555,GATA6
P5,GO_Biological_Process_2026,gs_ind_0,Regulation of Rho Protein Signal Transduction (GO:0035023),1/83,0.2631840348188177,0.3123300936767819,4.949383280036546,6.606940349250194,AKAP13
P5,GO_Biological_Process_2026,gs_ind_0,Regulation of Sarcomere Organization (GO:0060297),1/6,0.021805834468432178,0.14573662827845768,74.4518044769301,284.8211635890129,AKAP13
P5,GO_Biological_Process_2026,gs_ind_0,Regulation of Signal Transduction (GO:0009966),1/222,0.5591264861754149,0.5778206848013406,1.833989359892011,1.0662439256219776,RGS20
P5,GO_Biological_Process_2026,gs_ind_0,Regulation of Small GTPase Mediated Signal Transduction (GO:0051056),4/161,0.002958017081895107,0.07325699868722592,7.997187268689859,46.56950992056531,ARHGAP20;ARHGAP28;PLEKHG1;AKAP13
P5,GO_Biological_Process_2026,gs_ind_0,Regulation of Small Molecule Metabolic Process (GO:0062012),1/35,0.12074175755375664,0.20373299041328663,11.856456194013546,25.06574885089274,FMO5
P5,GO_Biological_Process_2026,gs_ind_0,Regulation of Sprouting Angiogenesis (GO:1903670),1/39,0.1335865701175638,0.20882498317228368,10.623050316517654,21.38425920263491,SEMA6A
P5,GO_Biological_Process_2026,gs_ind_0,Regulation of Steroid Metabolic Process (GO:0019218),1/20,0.07087242893827944,0.16561254872175266,20.98840355624275,55.55365534242182,FMO5
P5,GO_Biological_Process_2026,gs_ind_0,Regulation of Stress Fiber Assembly (GO:0051492),1/74,0.23833959157565857,0.2914944645169925,5.557276176802379,7.969460621659022,ARHGAP28
P5,GO_Biological_Process_2026,gs_ind_0,Regulation of Supramolecular Fiber Organization (GO:1902903),1/29,0.10112025539501886,0.18787369854812247,14.355725998413119,32.89535401837941,AKAP13
P5,GO_Biological_Process_2026,gs_ind_0,Regulation of Synapse Organization (GO:0050807),1/50,0.16795977255684102,0.23596114321140133,8.259022384650525,14.734350124773231,EPHA4
P5,GO_Biological_Process_2026,gs_ind_0,Regulation of TORC1 Signaling (GO:1903432),1/105,0.32058809356015355,0.3579637169472979,3.9042340891058163,4.441449584249801,GPR155
P5,GO_Biological_Process_2026,gs_ind_0,Regulation of Trans-Synaptic Signaling (GO:0099177),1/49,0.16489155134789077,0.2355593590684154,8.429622338496607,15.194118496222861,BTBD9
P5,GO_Biological_Process_2026,gs_ind_0,Regulation of Transforming Growth Factor Beta1 Production (GO:0032908),1/10,0.036080852581350895,0.1478010828633651,43.0973287490082,143.16902243022955,GATA6
P5,GO_Biological_Process_2026,gs_ind_0,Regulation of Transforming Growth Factor Beta2 Production (GO:0032909),1/6,0.021805834468432178,0.14573662827845768,74.4518044769301,284.8211635890129,GATA6
P5,GO_Biological_Process_2026,gs_ind_0,Regulation of Translation (GO:0006417),1/193,0.5091562779294585,0.5302086814579353,2.112549761795993,1.425971681200526,EPHA4
P5,GO_Biological_Process_2026,gs_ind_0,Regulation of Tumor Necrosis Factor Production (GO:0032680),1/127,0.3735611490745638,0.40578527375511725,3.2226150515422964,3.173223863460096,PLCG2
P5,GO_Biological_Process_2026,gs_ind_0,Regulation of Vascular Associated Smooth Muscle Cell Differentiation (GO:1905063),1/10,0.036080852581350895,0.1478010828633651,43.0973287490082,143.16902243022955,NFATC2
P5,GO_Biological_Process_2026,gs_ind_0,Regulation of Vascular Endothelial Cell Proliferation (GO:1905562),1/18,0.06401504258973123,0.16182241249448787,23.388801148600145,64.28732849758696,FLT1
P5,GO_Biological_Process_2026,gs_ind_0,Regulation of Vascular Endothelial Growth Factor Signaling Pathway (GO:1900746),1/28,0.09780812250653742,0.18787369854812247,14.878300593878484,34.58829438886499,SEMA6A
P5,GO_Biological_Process_2026,gs_ind_0,Regulation of Vasculogenesis (GO:2001212),1/18,0.06401504258973123,0.16182241249448787,23.388801148600145,64.28732849758696,DSP
P5,GO_Biological_Process_2026,gs_ind_0,Regulation of Ventricular Cardiac Muscle Cell Action Potential (GO:0098911),2/12,0.000858052708375621,0.0606062756093238,65.64539521392314,463.51196245261565,CACNA1C;DSP
P5,GO_Biological_Process_2026,gs_ind_0,Regulation of Wnt Signaling Pathway (GO:0030111),3/105,0.006846411484401594,0.1163889952348271,9.4788492808005,47.242875198792724,ATP6V1C2;PPP2R3A;MACF1
P5,GO_Biological_Process_2026,gs_ind_0,Regulation of calcineurin-NFAT Signaling Cascade (GO:0070884),1/30,0.10442034991225575,0.18985518165864682,13.868580189080998,31.333708986565636,PLCG2
P5,GO_Biological_Process_2026,gs_ind_0,Regulation of p38MAPK Cascade (GO:1900744),1/36,0.12397052607037776,0.2044622652821095,11.52204685398825,24.054708967199332,DSG3
P5,GO_Biological_Process_2026,gs_ind_0,Renal Water Homeostasis (GO:0003091),1/22,0.07768007418553498,0.17318836211856978,19.03459156246348,48.636360355386536,MYO5B
P5,GO_Biological_Process_2026,gs_ind_0,Response to Amino Acid Starvation (GO:1990928),1/42,0.14309810434998382,0.21671873264585523,9.854029182054852,19.15844830527978,GPR155
P5,GO_Biological_Process_2026,gs_ind_0,Response to Amyloid-Beta (GO:1904645),1/46,0.15561952100888302,0.22611383394453088,8.986415594455796,16.717799339197803,EPHA4
P5,GO_Biological_Process_2026,gs_ind_0,Response to Axon Injury (GO:0048678),1/19,0.06744997582548398,0.16207061329091557,22.123726741817194,59.65373216204687,PLCG2
P5,GO_Biological_Process_2026,gs_ind_0,Response to Calcium Ion (GO:0051592),1/96,0.29766034184671536,0.3413305774970766,4.273593096371912,5.178749665642031,PLCG2
P5,GO_Biological_Process_2026,gs_ind_0,Response to Cholesterol (GO:0070723),1/17,0.060567584183063565,0.15840752786339704,24.80721790772042,69.5593259790493,GPR155
P5,GO_Biological_Process_2026,gs_ind_0,Response to Denervation Involved in Regulation of Muscle Adaptation (GO:0014894),1/5,0.018204501114733745,0.14573662827845768,91.0,364.55386253468845,FBXO32
P5,GO_Biological_Process_2026,gs_ind_0,Response to Epidermal Growth Factor (GO:0070849),1/30,0.10442034991225575,0.18985518165864682,13.868580189080998,31.333708986565636,GAREM1
P5,GO_Biological_Process_2026,gs_ind_0,Response to Peptide Hormone (GO:0043434),1/50,0.16795977255684102,0.23596114321140133,8.259022384650525,14.734350124773231,TCF12
P5,GO_Biological_Process_2026,gs_ind_0,Response to Retinoic Acid (GO:0032526),1/57,0.1891270689518711,0.2506947502675874,7.233912927469205,12.046896829454685,GATA6
P5,GO_Biological_Process_2026,gs_ind_0,Response to Unfolded Protein (GO:0006986),1/44,0.14938162196228383,0.2203459933500065,9.400277248310518,17.872286764451427,HSPA4L
P5,GO_Biological_Process_2026,gs_ind_0,Response to Yeast (GO:0001878),1/9,0.032531551648223855,0.14573662827845768,48.16937629323086,165.00635843822025,PLCG2
P5,GO_Biological_Process_2026,gs_ind_0,Rho-activating G Protein-Coupled Receptor Signaling Pathway (GO:0160221),1/6,0.021805834468432178,0.14573662827845768,74.4518044769301,284.8211635890129,ADGRL3
P5,GO_Biological_Process_2026,gs_ind_0,SCF-dependent Proteasomal Ubiquitin-Dependent Protein Catabolic Process (GO:0031146),1/77,0.24671186426811992,0.29904468396135747,5.3387525864617205,7.471766641728897,FBXO32
P5,GO_Biological_Process_2026,gs_ind_0,Schwann Cell Differentiation (GO:0014037),1/5,0.018204501114733745,0.14573662827845768,91.0,364.55386253468845,EGR2
P5,GO_Biological_Process_2026,gs_ind_0,Semaphorin-plexin Signaling Pathway (GO:0071526),1/41,0.1399391354800803,0.21383957781225754,10.097710776102735,19.85762987649694,SEMA6A
P5,GO_Biological_Process_2026,gs_ind_0,Sensory Perception of Mechanical Stimulus (GO:0050954),1/96,0.29766034184671536,0.3413305774970766,4.273593096371912,5.178749665642031,LRIG1
P5,GO_Biological_Process_2026,gs_ind_0,Sensory Perception of Sound (GO:0007605),1/101,0.3104909300170286,0.3495593251847342,4.060226505662642,4.748843312214204,LRIG1
P5,GO_Biological_Process_2026,gs_ind_0,Skeletal Muscle Cell Differentiation (GO:0035914),1/12,0.043140826609840886,0.14891249794259798,35.59951933580948,111.89945212016866,EGR2
P5,GO_Biological_Process_2026,gs_ind_0,Skeletal Muscle Tissue Development (GO:0007519),1/44,0.14938162196228383,0.2203459933500065,9.400277248310518,17.872286764451427,EGR2
P5,GO_Biological_Process_2026,gs_ind_0,Skeletal System Development (GO:0001501),2/158,0.1145297969795471,0.19816860546079398,4.380645789072509,9.492510086878614,NFATC2;AKAP13
P5,GO_Biological_Process_2026,gs_ind_0,Skin Development (GO:0043588),3/67,0.0019340499414297197,0.0606062756093238,15.084436493738819,94.24965684579281,SPRR1A;GATA6;DSP
P5,GO_Biological_Process_2026,gs_ind_0,Skin Epidermis Development (GO:0098773),1/22,0.07768007418553498,0.17318836211856978,19.03459156246348,48.636360355386536,GATA6
P5,GO_Biological_Process_2026,gs_ind_0,Small GTPase-mediated Signal Transduction (GO:0007264),2/199,0.1657028417513658,0.23596114321140133,3.465976996722997,6.230298853802392,AKAP13;RAPGEF5
P5,GO_Biological_Process_2026,gs_ind_0,Smooth Muscle Cell Differentiation (GO:0051145),1/10,0.036080852581350895,0.1478010828633651,43.0973287490082,143.16902243022955,GATA6
P5,GO_Biological_Process_2026,gs_ind_0,Smooth Muscle Contraction (GO:0006939),1/14,0.05014960504049533,0.1495689974891966,30.32328308207705,90.74984291620152,SMTN
P5,GO_Biological_Process_2026,gs_ind_0,Sodium-independent Organic Anion Transport (GO:0043252),1/8,0.02896931280161029,0.14573662827845768,54.59396984924623,193.34553720447744,SLCO2B1
P5,GO_Biological_Process_2026,gs_ind_0,Somite Development (GO:0061053),1/10,0.036080852581350895,0.1478010828633651,43.0973287490082,143.16902243022955,PPP2R3A
P5,GO_Biological_Process_2026,gs_ind_0,Sprouting Angiogenesis (GO:0002040),1/58,0.19210712382525622,0.25218695791732476,7.107843565654359,11.725824641202973,FLT1
P5,GO_Biological_Process_2026,gs_ind_0,Stimulatory C-type Lectin Receptor Signaling Pathway (GO:0002223),2/18,0.0019607912697134173,0.0606062756093238,41.765113059529305,260.38072065544543,PAK3;PLCG2
P5,GO_Biological_Process_2026,gs_ind_0,Striated Muscle Cell Differentiation (GO:0051146),1/19,0.06744997582548398,0.16207061329091557,22.123726741817194,59.65373216204687,AKAP13
P5,GO_Biological_Process_2026,gs_ind_0,Sulfur Amino Acid Transport (GO:0000101),1/9,0.032531551648223855,0.14573662827845768,48.16937629323086,165.00635843822025,SLC43A2
P5,GO_Biological_Process_2026,gs_ind_0,Supramolecular Fiber Organization (GO:0097435),8/298,1.4441501544145524e-05,0.0066010171226920595,8.50197702004931,94.75797246930445,MYO5B;DSP;ACTN1;KRT79;MYO1B;SH3KBP1;DSG3;KRT17
P5,GO_Biological_Process_2026,gs_ind_0,Synapse Assembly (GO:0007416),2/89,0.04242837092172888,0.14891249794259798,7.855112400290065,24.821668285746313,ADGRL3;ADGRL2
P5,GO_Biological_Process_2026,gs_ind_0,Synapse Organization (GO:0050808),3/161,0.021532378008960067,0.14573662827845768,6.117172207393027,23.478915212680533,PAK3;PDZRN3;ADGRL3
P5,GO_Biological_Process_2026,gs_ind_0,"Synaptic Transmission, GABAergic (GO:0051932)",1/23,0.08106535561630931,0.17611642753702983,18.187939698492464,45.697191038775365,GABRP
P5,GO_Biological_Process_2026,gs_ind_0,T Cell Receptor Signaling Pathway (GO:0050852),2/75,0.031069815444296947,0.14573662827845768,9.356158707137677,32.4800779995198,PLCG2;TEC
P5,GO_Biological_Process_2026,gs_ind_0,Telomere Maintenance (GO:0000723),1/58,0.19210712382525622,0.25218695791732476,7.107843565654359,11.725824641202973,DSP
P5,GO_Biological_Process_2026,gs_ind_0,Telomere Organization (GO:0032200),1/46,0.15561952100888302,0.22611383394453088,8.986415594455796,16.717799339197803,DSP
P5,GO_Biological_Process_2026,gs_ind_0,Tight Junction Assembly (GO:0120192),3/38,0.0003678100414802819,0.04168513803443195,27.436258577103647,216.9643948799692,MPP7;DSG3;AFDN
P5,GO_Biological_Process_2026,gs_ind_0,Tight Junction Organization (GO:0120193),1/10,0.036080852581350895,0.1478010828633651,43.0973287490082,143.16902243022955,DSG3
P5,GO_Biological_Process_2026,gs_ind_0,Toll-like Receptor Signaling Pathway (GO:0002224),1/37,0.12718755619754754,0.2044622652821095,11.205961313416397,23.107728348226125,PLCG2
P5,GO_Biological_Process_2026,gs_ind_0,Transport Across Blood-Brain Barrier (GO:0150104),1/85,0.2685951165573057,0.31709145704681924,4.83188129999108,6.351750414065389,SLCO2B1
P5,GO_Biological_Process_2026,gs_ind_0,Vascular Associated Smooth Muscle Cell Differentiation (GO:0035886),1/9,0.032531551648223855,0.14573662827845768,48.16937629323086,165.00635843822025,GATA6
P5,GO_Biological_Process_2026,gs_ind_0,Vascular Endothelial Growth Factor Receptor Signaling Pathway (GO:0048010),1/30,0.10442034991225575,0.18985518165864682,13.868580189080998,31.333708986565636,FLT1
P5,GO_Biological_Process_2026,gs_ind_0,Vascular Transport (GO:0010232),1/83,0.2631840348188177,0.3123300936767819,4.949383280036546,6.606940349250194,SLCO2B1
P5,GO_Biological_Process_2026,gs_ind_0,Ventricular Cardiac Muscle Tissue Morphogenesis (GO:0055010),1/33,0.11424883561195394,0.19816860546079398,12.587011982991882,27.305967256473732,DSP
P5,GO_Biological_Process_2026,gs_ind_0,Ventricular Compact Myocardium Morphogenesis (GO:0003223),1/6,0.021805834468432178,0.14573662827845768,74.4518044769301,284.8211635890129,DSP
P5,GO_Biological_Process_2026,gs_ind_0,Wnt Signaling Pathway (GO:0016055),2/85,0.039043681736093294,0.14794684282763623,8.23262105231162,26.699001057599013,PLCG2;CPE
P5,GO_Biological_Process_2026,gs_ind_0,Wound Healing (GO:0042060),2/78,0.03338642678612387,0.1478010828633651,8.988255200557381,30.556524918365778,DSP;MACF1
