Program,Library,Gene_set,Term,Overlap,P-value,Adjusted P-value,Odds Ratio,Combined Score,Genes
P6,GO_Biological_Process_2026,gs_ind_0,3'-UTR-mediated mRNA Destabilization (GO:0061158),1/22,0.07768007418553498,0.1692013252259471,19.03459156246348,48.636360355386536,PLEKHN1
P6,GO_Biological_Process_2026,gs_ind_0,Actin Filament Network Formation (GO:0051639),1/12,0.043140826609840886,0.1468258814732653,35.59951933580948,111.89945212016866,COBL
P6,GO_Biological_Process_2026,gs_ind_0,Actin Filament Organization (GO:0007015),2/168,0.12660428441173513,0.20758949907992091,4.116019572872364,8.506532077574791,POF1B;COBL
P6,GO_Biological_Process_2026,gs_ind_0,Actin Filament Polymerization (GO:0030041),1/28,0.09780812250653742,0.1914609979784834,14.878300593878484,34.58829438886499,COBL
P6,GO_Biological_Process_2026,gs_ind_0,Actin Polymerization or Depolymerization (GO:0008154),1/51,0.1710168333182885,0.2439025789467972,8.09517886462013,14.296031530903484,COBL
P6,GO_Biological_Process_2026,gs_ind_0,Ameboidal-type Cell Migration (GO:0001667),1/22,0.07768007418553498,0.1692013252259471,19.03459156246348,48.636360355386536,SRGAP2
P6,GO_Biological_Process_2026,gs_ind_0,Amino Acid Transport (GO:0006865),1/51,0.1710168333182885,0.2439025789467972,8.09517886462013,14.296031530903484,SLCO3A1
P6,GO_Biological_Process_2026,gs_ind_0,Aminoglycan Catabolic Process (GO:0006026),1/9,0.032531551648223855,0.1375458429834413,48.16937629323086,165.00635843822025,CHIT1
P6,GO_Biological_Process_2026,gs_ind_0,Amyloid Fibril Formation (GO:1990000),1/24,0.08443833551787916,0.1768481222909427,17.41334331230621,43.0411486823959,CDSN
P6,GO_Biological_Process_2026,gs_ind_0,Anterograde Axonal Protein Transport (GO:0099641),1/8,0.02896931280161029,0.13556733100128565,54.59396984924623,193.34553720447744,DLG2
P6,GO_Biological_Process_2026,gs_ind_0,Anterograde Axonal Transport (GO:0008089),1/36,0.12397052607037776,0.20627318087821186,11.52204685398825,24.054708967199332,DLG2
P6,GO_Biological_Process_2026,gs_ind_0,Anterograde Trans-Synaptic Signaling (GO:0098916),1/168,0.461605380801754,0.49730507751843644,2.430105752643816,1.8785808755688251,DLG2
P6,GO_Biological_Process_2026,gs_ind_0,Antigen Receptor-Mediated Signaling Pathway (GO:0050851),1/98,0.3028206973137532,0.35636463200577245,4.185620409741013,5.000202442333122,SPPL3
P6,GO_Biological_Process_2026,gs_ind_0,Apical Junction Assembly (GO:0043297),1/37,0.12718755619754754,0.20758949907992091,11.205961313416397,23.107728348226125,POF1B
P6,GO_Biological_Process_2026,gs_ind_0,Apoptotic DNA Fragmentation (GO:0006309),1/9,0.032531551648223855,0.1375458429834413,48.16937629323086,165.00635843822025,DNASE1L3
P6,GO_Biological_Process_2026,gs_ind_0,Apoptotic Mitochondrial Changes (GO:0008637),1/34,0.11750120825052357,0.19930889210763036,12.21083027075677,26.147132213032688,GGCT
P6,GO_Biological_Process_2026,gs_ind_0,Apoptotic Nuclear Changes (GO:0030262),1/17,0.060567584183063565,0.15912273213006614,24.80721790772042,69.5593259790493,DNASE1L3
P6,GO_Biological_Process_2026,gs_ind_0,Arachidonate Metabolic Process (GO:0019369),2/29,0.00506840162905688,0.0640214620628367,25.04891555145362,132.37674976169106,ALOX12B;PTGS1
P6,GO_Biological_Process_2026,gs_ind_0,Aromatic Amino Acid Family Catabolic Process (GO:0009074),1/21,0.07428244681570347,0.1691832153711269,19.96384360828533,51.90360975057245,HAL
P6,GO_Biological_Process_2026,gs_ind_0,Aromatic Amino Acid Transport (GO:0015801),1/9,0.032531551648223855,0.1375458429834413,48.16937629323086,165.00635843822025,SLCO3A1
P6,GO_Biological_Process_2026,gs_ind_0,Axo-dendritic Protein Transport (GO:0099640),1/8,0.02896931280161029,0.13556733100128565,54.59396984924623,193.34553720447744,DLG2
P6,GO_Biological_Process_2026,gs_ind_0,Bicellular Tight Junction Assembly (GO:0070830),1/28,0.09780812250653742,0.1914609979784834,14.878300593878484,34.58829438886499,POF1B
P6,GO_Biological_Process_2026,gs_ind_0,Bundle of His Cell to Purkinje Myocyte Communication (GO:0086069),2/9,0.00047140202870182124,0.014118490759619547,91.91370558375634,704.0405343731263,DSP;JUP
P6,GO_Biological_Process_2026,gs_ind_0,Bundle of His cell-Purkinje Myocyte Adhesion Involved in Cell Communication (GO:0086073),2/6,0.00019783434624159155,0.007900184893247555,153.20642978003383,1306.5567682102458,DSP;JUP
P6,GO_Biological_Process_2026,gs_ind_0,Calcium Ion Import (GO:0070509),1/31,0.10770844937287086,0.1949553476991114,13.413378367246066,29.88939646374393,MICU1
P6,GO_Biological_Process_2026,gs_ind_0,Calcium Ion Transmembrane Transport (GO:0070588),1/92,0.2872259237732201,0.34204439033828793,4.461075871159074,5.565130506335436,MICU1
P6,GO_Biological_Process_2026,gs_ind_0,Calcium Ion Transport (GO:0006816),1/143,0.4094983938692628,0.446793329558631,2.859084898175086,2.552654748599491,MICU1
P6,GO_Biological_Process_2026,gs_ind_0,Canonical Wnt Signaling Pathway (GO:0060070),1/65,0.21266608310352175,0.2849820666197081,6.334813602898212,9.80649435082848,JUP
P6,GO_Biological_Process_2026,gs_ind_0,Carbohydrate Biosynthetic Process (GO:0016051),1/27,0.09448390777737954,0.18740351244586206,15.440314781454441,36.428732206490906,FUT2
P6,GO_Biological_Process_2026,gs_ind_0,Carbohydrate Derivative Biosynthetic Process (GO:1901137),1/73,0.23552841416211917,0.3001734469853391,5.634136198232542,8.146531160523915,FUT2
P6,GO_Biological_Process_2026,gs_ind_0,Carbohydrate Metabolic Process (GO:0005975),1/80,0.25499301809085445,0.3168896635610411,5.136721342561866,7.01942789910666,FUT2
P6,GO_Biological_Process_2026,gs_ind_0,Carboxylic Acid Transport (GO:0046942),1/40,0.1367686379517141,0.21502470901070012,10.353730678710006,20.598380195399425,SLCO3A1
P6,GO_Biological_Process_2026,gs_ind_0,Cardiac Conduction (GO:0061337),2/46,0.012409204536678386,0.10931049290397578,15.469970911994524,67.90260291624776,DSP;JUP
P6,GO_Biological_Process_2026,gs_ind_0,Cardiac Muscle Cell-Cardiac Muscle Cell Adhesion (GO:0086042),2/7,0.0002763051291217819,0.009735692490820434,125.3461005999077,1027.0865452902929,DSP;JUP
P6,GO_Biological_Process_2026,gs_ind_0,Cell Morphogenesis Involved in Neuron Differentiation (GO:0048667),1/87,0.2739668544992329,0.3315275673637182,4.71981293751997,6.110969063971938,MAP2
P6,GO_Biological_Process_2026,gs_ind_0,Cell-cell Junction Assembly (GO:0007043),1/72,0.23270696523856207,0.2984828098027809,5.71314615033208,8.329625840241883,JUP
P6,GO_Biological_Process_2026,gs_ind_0,Cell-cell Junction Maintenance (GO:0045217),2/16,0.0015452428094651371,0.02571112341304492,47.529319096796776,307.6370456108159,DSP;DSC1
P6,GO_Biological_Process_2026,gs_ind_0,Cell-cell Junction Organization (GO:0045216),1/70,0.2270331041296496,0.29499529148299375,5.877987057590109,8.715052993038883,DSP
P6,GO_Biological_Process_2026,gs_ind_0,Cellular Component Assembly (GO:0022607),1/349,0.724882410594788,0.7346946936485245,1.160155151654975,0.37327508169345913,CSNK2A2
P6,GO_Biological_Process_2026,gs_ind_0,Cellular Component Disassembly (GO:0022411),1/41,0.1399391354800803,0.21715943562841478,10.097710776102735,19.85762987649694,KLK5
P6,GO_Biological_Process_2026,gs_ind_0,Cellular Response to Alcohol (GO:0097306),1/55,0.18313427347949734,0.2563024061079881,7.499930846895025,12.731400062627513,JUP
P6,GO_Biological_Process_2026,gs_ind_0,Cellular Response to Calcium Ion (GO:0071277),2/58,0.01926394116891126,0.13328260047541707,12.178922779749337,48.10090230987296,ACER1;MICU1
P6,GO_Biological_Process_2026,gs_ind_0,Cellular Response to Fluid Shear Stress (GO:0071498),1/13,0.04665159224326654,0.14945081303112787,32.75035175879397,100.38140738175221,KLF4
P6,GO_Biological_Process_2026,gs_ind_0,Cellular Response to Growth Factor Stimulus (GO:0071363),2/147,0.10162510794852447,0.1926374672821714,4.713747448846093,10.777816905584954,KLF4;ACAP2
P6,GO_Biological_Process_2026,gs_ind_0,Cellular Response to Indole-3-Methanol (GO:0071681),1/5,0.018204501114733745,0.13142392248989768,91.0,364.55386253468845,JUP
P6,GO_Biological_Process_2026,gs_ind_0,Cellular Response to Laminar Fluid Shear Stress (GO:0071499),1/29,0.10112025539501886,0.1926374672821714,14.355725998413119,32.89535401837941,KLF4
P6,GO_Biological_Process_2026,gs_ind_0,Cellular Response to Leptin Stimulus (GO:0044320),1/7,0.025394089358317242,0.13461114624453122,62.9953614224971,231.39700796830692,UGCG
P6,GO_Biological_Process_2026,gs_ind_0,Cellular Response to Lipid (GO:0071396),1/206,0.5322145898123586,0.5672536286434213,1.97795547078458,1.2475133412206187,TESC
P6,GO_Biological_Process_2026,gs_ind_0,Cellular Response to Metal Ion (GO:0071248),3/98,0.005658106228211407,0.06645501236663985,10.176265270506109,52.65877422190065,DLG2;ACER1;MICU1
P6,GO_Biological_Process_2026,gs_ind_0,Cellular Response to Nerve Growth Factor Stimulus (GO:1990090),1/22,0.07768007418553498,0.1692013252259471,19.03459156246348,48.636360355386536,ACAP2
P6,GO_Biological_Process_2026,gs_ind_0,Cellular Response to Nitrogen Compound (GO:1901699),1/158,0.4413326282741778,0.47890986292795745,2.5853553481694185,2.114708027562443,JUP
P6,GO_Biological_Process_2026,gs_ind_0,Cellular Response to Oxygen-Containing Compound (GO:1901701),1/344,0.7197152512391842,0.7344283398505475,1.1772618551271643,0.3872009880777984,TESC
P6,GO_Biological_Process_2026,gs_ind_0,Cellular Response to Potassium Ion (GO:0035865),1/6,0.021805834468432178,0.13328260047541707,74.4518044769301,284.8211635890129,DLG2
P6,GO_Biological_Process_2026,gs_ind_0,Cellular Response to Retinoic Acid (GO:0071300),1/41,0.1399391354800803,0.21715943562841478,10.097710776102735,19.85762987649694,TESC
P6,GO_Biological_Process_2026,gs_ind_0,Cellular Response to Starvation (GO:0009267),1/139,0.40071017420732635,0.4404135676150247,2.9420931371659744,2.6905938087514123,MICU1
P6,GO_Biological_Process_2026,gs_ind_0,Central Nervous System Neuron Development (GO:0021954),1/16,0.0571075553965845,0.15548829855706417,26.40865618414654,75.60319879037347,MAP2
P6,GO_Biological_Process_2026,gs_ind_0,Central Nervous System Neuron Differentiation (GO:0021953),1/45,0.15250625325948727,0.22555863136403181,9.18869629044097,17.27979985753456,MAP2
P6,GO_Biological_Process_2026,gs_ind_0,Ceramide Biosynthetic Process (GO:0046513),3/47,0.0006902750358578446,0.0187943066581295,21.880092192451745,159.2525101792033,ALOX12B;SPTLC3;UGCG
P6,GO_Biological_Process_2026,gs_ind_0,Ceramide Catabolic Process (GO:0046514),1/16,0.0571075553965845,0.15548829855706417,26.40865618414654,75.60319879037347,ACER1
P6,GO_Biological_Process_2026,gs_ind_0,Ceramide Metabolic Process (GO:0006672),4/50,3.445316650766007e-05,0.0018761315216443983,27.19856259401638,279.4899717902497,ALOX12B;SPTLC3;ACER1;ABCA12
P6,GO_Biological_Process_2026,gs_ind_0,Ceramide Transport (GO:0035627),2/13,0.001011639008733172,0.022173336942954057,59.93489295961157,413.3220188529541,GLTP;ABCA12
P6,GO_Biological_Process_2026,gs_ind_0,Chemical Synaptic Transmission (GO:0007268),1/257,0.6127685752972308,0.6405730830768609,1.5816803314819712,0.7746563214699725,DLG2
P6,GO_Biological_Process_2026,gs_ind_0,Chitin Catabolic Process (GO:0006032),1/3,0.01096241010691755,0.10102282544682481,163.81206030150753,739.3302068357349,CHIT1
P6,GO_Biological_Process_2026,gs_ind_0,Chitin Metabolic Process (GO:0006030),1/3,0.01096241010691755,0.10102282544682481,163.81206030150753,739.3302068357349,CHIT1
P6,GO_Biological_Process_2026,gs_ind_0,Cilium Assembly (GO:0060271),1/224,0.5623808145965697,0.5920318241535066,1.8174429192944588,1.0460766211607468,ABLIM1
P6,GO_Biological_Process_2026,gs_ind_0,Cilium Organization (GO:0044782),1/213,0.5441830108717924,0.5759109956046001,1.9123026899201891,1.1635781898464166,ABLIM1
P6,GO_Biological_Process_2026,gs_ind_0,"Complement Activation, Lectin Pathway (GO:0001867)",1/8,0.02896931280161029,0.13556733100128565,54.59396984924623,193.34553720447744,KRT1
P6,GO_Biological_Process_2026,gs_ind_0,Cytokine-mediated Signaling Pathway (GO:0019221),1/245,0.5951477362656312,0.6243318634380265,1.6600487098067023,0.8614749870404408,UGCG
P6,GO_Biological_Process_2026,gs_ind_0,Cytoplasmic Microtubule Organization (GO:0031122),1/59,0.19507633576312508,0.26739296366616,6.986084267491303,11.41780694412366,CLIP4
P6,GO_Biological_Process_2026,gs_ind_0,Cytoskeleton Organization (GO:0007010),1/104,0.3180776109586692,0.3678156157610866,3.9421018134149004,4.515519416376505,TNIK
P6,GO_Biological_Process_2026,gs_ind_0,Cytoskeleton-dependent Cytokinesis (GO:0061640),1/68,0.2213177094527477,0.2913611164004305,6.0525963149078725,9.12825951138168,EXOC6B
P6,GO_Biological_Process_2026,gs_ind_0,DNA Catabolic Process (GO:0006308),1/22,0.07768007418553498,0.1692013252259471,19.03459156246348,48.636360355386536,DNASE1L3
P6,GO_Biological_Process_2026,gs_ind_0,DNA Damage Response (GO:0006974),1/433,0.7988451985698368,0.8028662314485441,0.9319022859964563,0.20929416002741572,CSNK2A2
P6,GO_Biological_Process_2026,gs_ind_0,DNA Metabolic Process (GO:0006259),2/319,0.3269383621126808,0.37516490211780806,2.146408729365682,2.3996498032317573,DNASE1L3;DSP
P6,GO_Biological_Process_2026,gs_ind_0,DNA Repair (GO:0006281),1/306,0.6771752617396771,0.6981548739794605,1.3255722145917805,0.5167414001192301,CSNK2A2
P6,GO_Biological_Process_2026,gs_ind_0,Defense Response to Tumor Cell (GO:0002357),1/12,0.043140826609840886,0.1468258814732653,35.59951933580948,111.89945212016866,KLF4
P6,GO_Biological_Process_2026,gs_ind_0,Delamination (GO:0060232),2/7,0.0002763051291217819,0.009735692490820434,125.3461005999077,1027.0865452902929,CDSN;ABCA12
P6,GO_Biological_Process_2026,gs_ind_0,Dendrite Morphogenesis (GO:0048813),1/34,0.11750120825052357,0.19930889210763036,12.21083027075677,26.147132213032688,MAP2
P6,GO_Biological_Process_2026,gs_ind_0,Desmosome Assembly (GO:0002159),1/8,0.02896931280161029,0.13556733100128565,54.59396984924623,193.34553720447744,JUP
P6,GO_Biological_Process_2026,gs_ind_0,Desmosome Organization (GO:0002934),3/11,7.730410916673022e-06,0.0005788145173858925,114.70075414781297,1350.0678539012906,DSP;JUP;DSC1
P6,GO_Biological_Process_2026,gs_ind_0,Detection of Mechanical Stimulus (GO:0050982),1/20,0.07087242893827944,0.16648072523148777,20.98840355624275,55.55365534242182,JUP
P6,GO_Biological_Process_2026,gs_ind_0,Digestive System Development (GO:0055123),1/14,0.05014960504049533,0.14945081303112787,30.32328308207705,90.74984291620152,COBL
P6,GO_Biological_Process_2026,gs_ind_0,Digestive Tract Development (GO:0048565),1/38,0.13039289018139794,0.20828090991641962,10.906733668341708,22.219232230345032,COBL
P6,GO_Biological_Process_2026,gs_ind_0,Diol Biosynthetic Process (GO:0034312),2/19,0.0021862443461816107,0.03357847085545602,39.37708484408992,241.20709424369562,SPTLC3;ACER1
P6,GO_Biological_Process_2026,gs_ind_0,Double-strand Break Repair (GO:0006302),1/176,0.4772977615997654,0.5132878980220098,2.3186445045741526,1.7149036632884813,CSNK2A2
P6,GO_Biological_Process_2026,gs_ind_0,Embryo Development Ending in Birth or Egg Hatching (GO:0009792),1/18,0.06401504258973123,0.16179329329640932,23.388801148600145,64.28732849758696,SCEL
P6,GO_Biological_Process_2026,gs_ind_0,Embryonic Axis Specification (GO:0000578),1/15,0.05363491085988955,0.15371919428264996,28.2309824987004,82.591294852792,COBL
P6,GO_Biological_Process_2026,gs_ind_0,Embryonic Organ Development (GO:0048568),1/68,0.2213177094527477,0.2913611164004305,6.0525963149078725,9.12825951138168,COBL
P6,GO_Biological_Process_2026,gs_ind_0,Endocytic Recycling (GO:0032456),1/80,0.25499301809085445,0.3168896635610411,5.136721342561866,7.01942789910666,ACAP2
P6,GO_Biological_Process_2026,gs_ind_0,Endothelial Cell Development (GO:0001885),1/26,0.09114756758275655,0.1850759084138006,16.046408513154006,38.435568598252985,DSP
P6,GO_Biological_Process_2026,gs_ind_0,Endothelial Cell-Cell Adhesion (GO:0071603),1/5,0.018204501114733745,0.13142392248989768,91.0,364.55386253468845,JUP
P6,GO_Biological_Process_2026,gs_ind_0,Epidermal Cell Differentiation (GO:0009913),9/53,3.220480345412656e-13,9.645338634510903e-11,63.283170626880334,1820.281909491891,SCEL;POU2F3;CDSN;FLG;ACER1;DSP;KRT10;SPINK5;UGCG
P6,GO_Biological_Process_2026,gs_ind_0,Epidermis Development (GO:0008544),11/75,3.697093282359065e-15,2.21455887613308e-12,53.99337404183448,1794.2662033655163,GRHL1;SCEL;POU2F3;CDSN;ACER1;DSP;SPINK5;UGCG;KLK5;KRTDAP;CASP14
P6,GO_Biological_Process_2026,gs_ind_0,Epithelial Cell Development (GO:0002064),1/28,0.09780812250653742,0.1914609979784834,14.878300593878484,34.58829438886499,POF1B
P6,GO_Biological_Process_2026,gs_ind_0,Epithelial Cell Differentiation (GO:0030855),1/119,0.35478894091682145,0.40097844454561515,3.4411933083137205,3.565875308851531,SPINK5
P6,GO_Biological_Process_2026,gs_ind_0,Epithelial Cell Morphogenesis (GO:0003382),1/19,0.06744997582548398,0.16357301829742876,22.123726741817194,59.65373216204687,POF1B
P6,GO_Biological_Process_2026,gs_ind_0,Epithelial Cell-Cell Adhesion (GO:0090136),2/15,0.00135532356897635,0.024601176297479807,51.05188945290468,337.1321310615674,DSP;JUP
P6,GO_Biological_Process_2026,gs_ind_0,Epithelial Tube Morphogenesis (GO:0060562),1/34,0.11750120825052357,0.19930889210763036,12.21083027075677,26.147132213032688,PERP
P6,GO_Biological_Process_2026,gs_ind_0,Epithelium Development (GO:0060429),2/150,0.10510250208768977,0.19491145124001913,4.618007486027791,10.403535905556724,SPINK5;KRT10
P6,GO_Biological_Process_2026,gs_ind_0,Establishment of Endothelial Barrier (GO:0061028),1/30,0.10442034991225575,0.19424779378087328,13.868580189080998,31.333708986565636,DSP
P6,GO_Biological_Process_2026,gs_ind_0,Establishment of Skin Barrier (GO:0061436),6/19,5.4552687827164736e-11,6.535412001694336e-09,138.3533215755438,3269.5455141700368,ALOX12B;DSC1;FLG;UGCG;HRNR;ABCA12
P6,GO_Biological_Process_2026,gs_ind_0,Establishment or Maintenance of Apical/Basal Cell Polarity (GO:0035088),1/23,0.08106535561630931,0.17219201423464284,18.187939698492464,45.697191038775365,DLG2
P6,GO_Biological_Process_2026,gs_ind_0,Establishment or Maintenance of Epithelial Cell Apical/Basal Polarity (GO:0045197),1/31,0.10770844937287086,0.1949553476991114,13.413378367246066,29.88939646374393,DLG2
P6,GO_Biological_Process_2026,gs_ind_0,Excitatory Synapse Assembly (GO:1904861),1/13,0.04665159224326654,0.14945081303112787,32.75035175879397,100.38140738175221,SRGAP2
P6,GO_Biological_Process_2026,gs_ind_0,External Encapsulating Structure Organization (GO:0045229),2/107,0.05891461336750041,0.15896330363573308,6.51057329131282,18.43576977423768,HRNR;SPINK5
P6,GO_Biological_Process_2026,gs_ind_0,Extracellular Matrix Disassembly (GO:0022617),1/37,0.12718755619754754,0.20758949907992091,11.205961313416397,23.107728348226125,KLK5
P6,GO_Biological_Process_2026,gs_ind_0,Extracellular Matrix Organization (GO:0030198),2/183,0.14524306213179547,0.22160829438331264,3.773755086630029,7.280881732062297,KLK5;SPINK5
P6,GO_Biological_Process_2026,gs_ind_0,Extracellular Structure Organization (GO:0043062),1/107,0.32558164117311317,0.37432514983242765,3.830632033406469,4.298513210159991,SPINK5
P6,GO_Biological_Process_2026,gs_ind_0,Fat Cell Differentiation (GO:0045444),1/68,0.2213177094527477,0.2913611164004305,6.0525963149078725,9.12825951138168,KLF4
P6,GO_Biological_Process_2026,gs_ind_0,Fatty Acid Metabolic Process (GO:0006631),2/118,0.0699031361207183,0.16648072523148777,5.893444587263894,15.680362488510136,ALOX12B;ACSL1
P6,GO_Biological_Process_2026,gs_ind_0,Fatty Acid Transport (GO:0015908),2/37,0.00815744149226313,0.08281877040450195,19.398369914921,93.2833604212486,ACSL1;SLCO3A1
P6,GO_Biological_Process_2026,gs_ind_0,Fatty-acyl-CoA Biosynthetic Process (GO:0046949),1/26,0.09114756758275655,0.1850759084138006,16.046408513154006,38.435568598252985,ACSL1
P6,GO_Biological_Process_2026,gs_ind_0,Fibrinolysis (GO:0042730),1/13,0.04665159224326654,0.14945081303112787,32.75035175879397,100.38140738175221,KRT1
P6,GO_Biological_Process_2026,gs_ind_0,Filopodium Assembly (GO:0046847),1/19,0.06744997582548398,0.16357301829742876,22.123726741817194,59.65373216204687,SRGAP2
P6,GO_Biological_Process_2026,gs_ind_0,G Protein-Coupled Glutamate Receptor Signaling Pathway (GO:0007216),1/14,0.05014960504049533,0.14945081303112787,30.32328308207705,90.74984291620152,HOMER2
P6,GO_Biological_Process_2026,gs_ind_0,Gene Expression (GO:0010467),4/268,0.017153614409920664,0.13142392248989768,4.743165812903415,19.283560575774,KLK8;KLK11;KLK5;TESC
P6,GO_Biological_Process_2026,gs_ind_0,Gland Development (GO:0048732),1/62,0.20391930381764029,0.27824069017486686,6.644564284838828,10.565062748652936,COBL
P6,GO_Biological_Process_2026,gs_ind_0,Glucosamine-containing Compound Catabolic Process (GO:1901072),1/7,0.025394089358317242,0.13461114624453122,62.9953614224971,231.39700796830692,CHIT1
P6,GO_Biological_Process_2026,gs_ind_0,Glucosylceramide Metabolic Process (GO:0006678),1/6,0.021805834468432178,0.13328260047541707,74.4518044769301,284.8211635890129,UGCG
P6,GO_Biological_Process_2026,gs_ind_0,Glutamate Receptor Signaling Pathway (GO:0007215),1/38,0.13039289018139794,0.20828090991641962,10.906733668341708,22.219232230345032,HOMER2
P6,GO_Biological_Process_2026,gs_ind_0,Glycerolipid Catabolic Process (GO:0046503),1/19,0.06744997582548398,0.16357301829742876,22.123726741817194,59.65373216204687,PLA2G4E
P6,GO_Biological_Process_2026,gs_ind_0,Glycerophospholipid Biosynthetic Process (GO:0046474),1/128,0.3758693246490863,0.4200479952701543,3.1972214011232634,3.1285250606714254,AGPAT4
P6,GO_Biological_Process_2026,gs_ind_0,Glycerophospholipid Catabolic Process (GO:0046475),1/31,0.10770844937287086,0.1949553476991114,13.413378367246066,29.88939646374393,PLA2G4E
P6,GO_Biological_Process_2026,gs_ind_0,Glycerophospholipid Metabolic Process (GO:0006650),2/59,0.019892831428861207,0.13328260047541707,11.966674023394393,46.87819906008499,PLA2G2F;PLA2G4E
P6,GO_Biological_Process_2026,gs_ind_0,Glycolipid Biosynthetic Process (GO:0009247),2/61,0.021176158269771574,0.13328260047541707,11.56357974661946,44.576204662481985,UGCG;FUT2
P6,GO_Biological_Process_2026,gs_ind_0,Glycoprotein Biosynthetic Process (GO:0009101),1/164,0.45358519041843365,0.4904287528170429,2.4899266977087273,1.968466767714488,FUT2
P6,GO_Biological_Process_2026,gs_ind_0,Glycoprotein Metabolic Process (GO:0009100),2/77,0.032606860940982745,0.1375458429834413,9.107641106666218,31.177573530499068,FUT2;PCSK6
P6,GO_Biological_Process_2026,gs_ind_0,Glycosphingolipid Biosynthetic Process (GO:0006688),2/40,0.009485924585703225,0.09470114711393719,17.884830905135473,83.3065801812143,UGCG;FUT2
P6,GO_Biological_Process_2026,gs_ind_0,Glycosphingolipid Metabolic Process (GO:0006687),2/44,0.011396042277652138,0.103427717035055,16.199163929531203,72.48298328202453,UGCG;FUT2
P6,GO_Biological_Process_2026,gs_ind_0,Golgi to Plasma Membrane Transport (GO:0006893),1/56,0.18613613194826314,0.25869035507426824,7.36452532934945,12.381806910580362,EXOC6B
P6,GO_Biological_Process_2026,gs_ind_0,Hair Cell Differentiation (GO:0035315),1/8,0.02896931280161029,0.13556733100128565,54.59396984924623,193.34553720447744,SPINK5
P6,GO_Biological_Process_2026,gs_ind_0,Hepaticobiliary System Development (GO:0061008),1/22,0.07768007418553498,0.1692013252259471,19.03459156246348,48.636360355386536,COBL
P6,GO_Biological_Process_2026,gs_ind_0,Hepoxilin Biosynthetic Process (GO:0051122),1/7,0.025394089358317242,0.13461114624453122,62.9953614224971,231.39700796830692,ALOX12B
P6,GO_Biological_Process_2026,gs_ind_0,Heterochromatin Formation (GO:0031507),1/95,0.2950660020928981,0.34929750050127667,4.318975831538646,5.271552779622928,CSNK2A2
P6,GO_Biological_Process_2026,gs_ind_0,Heterochromatin Organization (GO:0070828),1/89,0.27929953184328316,0.33662056252339356,4.612809811770718,5.883502754967439,CSNK2A2
P6,GO_Biological_Process_2026,gs_ind_0,Heterotypic Cell-Cell Adhesion (GO:0034113),2/29,0.00506840162905688,0.0640214620628367,25.04891555145362,132.37674976169106,DSP;JUP
P6,GO_Biological_Process_2026,gs_ind_0,Hexose Catabolic Process (GO:0019320),1/15,0.05363491085988955,0.15371919428264996,28.2309824987004,82.591294852792,FUT2
P6,GO_Biological_Process_2026,gs_ind_0,Homocysteine Metabolic Process (GO:0050667),1/11,0.03961726211805212,0.14382266671947405,38.99138549892319,125.88331156809635,BLMH
P6,GO_Biological_Process_2026,gs_ind_0,Host-mediated Perturbation of Viral Transcription (GO:0043921),1/27,0.09448390777737954,0.18740351244586206,15.440314781454441,36.428732206490906,POU2F3
P6,GO_Biological_Process_2026,gs_ind_0,Host-mediated Suppression of Viral Proces (GO:0044793),1/14,0.05014960504049533,0.14945081303112787,30.32328308207705,90.74984291620152,POU2F3
P6,GO_Biological_Process_2026,gs_ind_0,Host-mediated Suppression of Viral Transcription (GO:0043922),1/12,0.043140826609840886,0.1468258814732653,35.59951933580948,111.89945212016866,POU2F3
P6,GO_Biological_Process_2026,gs_ind_0,Icosanoid Metabolic Process (GO:0006690),1/39,0.1335865701175638,0.21168877116513418,10.623050316517654,21.38425920263491,ALOX12B
P6,GO_Biological_Process_2026,gs_ind_0,Icosanoid Transport (GO:0071715),1/13,0.04665159224326654,0.14945081303112787,32.75035175879397,100.38140738175221,SLCO3A1
P6,GO_Biological_Process_2026,gs_ind_0,Imidazole-containing Compound Catabolic Process (GO:0052805),1/7,0.025394089358317242,0.13461114624453122,62.9953614224971,231.39700796830692,HAL
P6,GO_Biological_Process_2026,gs_ind_0,Import Into Cell (GO:0098657),1/20,0.07087242893827944,0.16648072523148777,20.98840355624275,55.55365534242182,ACSL1
P6,GO_Biological_Process_2026,gs_ind_0,Inhibitory Synapse Assembly (GO:1904862),1/22,0.07768007418553498,0.1692013252259471,19.03459156246348,48.636360355386536,SRGAP2
P6,GO_Biological_Process_2026,gs_ind_0,Intermediate Filament Organization (GO:0045109),5/66,4.488954092096976e-06,0.00038412621445229836,25.38385902183629,312.5740687113659,KRT1;DSP;KRT77;KRT10;KRT78
P6,GO_Biological_Process_2026,gs_ind_0,Intermembrane Lipid Transfer (GO:0120009),1/14,0.05014960504049533,0.14945081303112787,30.32328308207705,90.74984291620152,GLTP
P6,GO_Biological_Process_2026,gs_ind_0,Intestinal Absorption (GO:0050892),1/14,0.05014960504049533,0.14945081303112787,30.32328308207705,90.74984291620152,UGCG
P6,GO_Biological_Process_2026,gs_ind_0,Intestinal Lipid Absorption (GO:0098856),1/11,0.03961726211805212,0.14382266671947405,38.99138549892319,125.88331156809635,UGCG
P6,GO_Biological_Process_2026,gs_ind_0,Intracellular Calcium Ion Homeostasis (GO:0006874),1/137,0.3962676324604176,0.43713501260366505,2.985421613562317,2.763501660637285,MICU1
P6,GO_Biological_Process_2026,gs_ind_0,Intracellular Monoatomic Cation Homeostasis (GO:0030003),1/211,0.5407947414030133,0.5743546987595832,1.9306150706024183,1.1867789660321344,TESC
P6,GO_Biological_Process_2026,gs_ind_0,Intracellular Protein Transport (GO:0006886),1/281,0.6457638990520655,0.6715496102989362,1.4450595222099805,0.6319553425690217,ABCA12
P6,GO_Biological_Process_2026,gs_ind_0,Intracellular Signaling Cassette (GO:0141124),1/349,0.724882410594788,0.7346946936485245,1.160155151654975,0.37327508169345913,TNIK
P6,GO_Biological_Process_2026,gs_ind_0,Intracellular Sodium Ion Homeostasis (GO:0006883),1/27,0.09448390777737954,0.18740351244586206,15.440314781454441,36.428732206490906,TESC
P6,GO_Biological_Process_2026,gs_ind_0,Keratinocyte Differentiation (GO:0030216),8/39,1.3777836618662802e-12,2.7509747115263396e-10,79.16267696267697,2161.9758475478375,SCEL;POU2F3;CDSN;FLG;ACER1;DSP;KRT10;UGCG
P6,GO_Biological_Process_2026,gs_ind_0,Keratinocyte Proliferation (GO:0043616),1/8,0.02896931280161029,0.13556733100128565,54.59396984924623,193.34553720447744,KLK8
P6,GO_Biological_Process_2026,gs_ind_0,L-amino Acid Catabolic Process (GO:0170035),2/81,0.03576854112490912,0.14034045906642326,8.648117996360503,28.80416995965575,HAL;BLMH
P6,GO_Biological_Process_2026,gs_ind_0,L-amino Acid Transport (GO:0015807),1/38,0.13039289018139794,0.20828090991641962,10.906733668341708,22.219232230345032,SLCO3A1
P6,GO_Biological_Process_2026,gs_ind_0,L-fucose Catabolic Process (GO:0042355),1/7,0.025394089358317242,0.13461114624453122,62.9953614224971,231.39700796830692,FUT2
P6,GO_Biological_Process_2026,gs_ind_0,L-fucose Metabolic Process (GO:0042354),1/7,0.025394089358317242,0.13461114624453122,62.9953614224971,231.39700796830692,FUT2
P6,GO_Biological_Process_2026,gs_ind_0,L-histidine Catabolic Process (GO:0006548),1/7,0.025394089358317242,0.13461114624453122,62.9953614224971,231.39700796830692,HAL
P6,GO_Biological_Process_2026,gs_ind_0,Lamellipodium Assembly (GO:0030032),2/26,0.004086322122406134,0.056923417472587765,28.11923754273283,154.65889819684898,SRGAP2;ABLIM1
P6,GO_Biological_Process_2026,gs_ind_0,Lamellipodium Organization (GO:0097581),1/31,0.10770844937287086,0.1949553476991114,13.413378367246066,29.88939646374393,ABLIM1
P6,GO_Biological_Process_2026,gs_ind_0,Leptin-mediated Signaling Pathway (GO:0033210),1/8,0.02896931280161029,0.13556733100128565,54.59396984924623,193.34553720447744,UGCG
P6,GO_Biological_Process_2026,gs_ind_0,Linoleic Acid Metabolic Process (GO:0043651),1/15,0.05363491085988955,0.15371919428264996,28.2309824987004,82.591294852792,ALOX12B
P6,GO_Biological_Process_2026,gs_ind_0,Lipid Biosynthetic Process (GO:0008610),4/126,0.0012104037106736854,0.02338812331269476,10.295421380987628,69.15230002303764,ACSL1;SPTLC3;ACER1;AGPAT4
P6,GO_Biological_Process_2026,gs_ind_0,Lipid Catabolic Process (GO:0016042),1/54,0.18012145406991348,0.2526762318217287,7.640398252946978,13.096589333388202,ACER1
P6,GO_Biological_Process_2026,gs_ind_0,Lipid Import Into Cell (GO:0140354),1/12,0.043140826609840886,0.1468258814732653,35.59951933580948,111.89945212016866,ACSL1
P6,GO_Biological_Process_2026,gs_ind_0,Lipid Metabolic Process (GO:0006629),5/227,0.0015168053761456823,0.02571112341304492,6.974539678804636,45.27277543902525,ALOX12B;MBOAT2;FAM135A;ACER1;ACSL1
P6,GO_Biological_Process_2026,gs_ind_0,Lipid Modification (GO:0030258),2/36,0.007734859472020119,0.08175045573504337,19.96137717943059,97.05257441117668,ALOX12B;MBOAT2
P6,GO_Biological_Process_2026,gs_ind_0,Lipid Oxidation (GO:0034440),1/13,0.04665159224326654,0.14945081303112787,32.75035175879397,100.38140738175221,ALOX12B
P6,GO_Biological_Process_2026,gs_ind_0,Lipid Translocation (GO:0034204),1/23,0.08106535561630931,0.17219201423464284,18.187939698492464,45.697191038775365,ATP10B
P6,GO_Biological_Process_2026,gs_ind_0,Lipid Transport (GO:0006869),3/110,0.007779258726039185,0.08175045573504337,9.036302921884317,43.88294569273433,ACSL1;GLTP;ABCA12
P6,GO_Biological_Process_2026,gs_ind_0,Lipoprotein Biosynthetic Process (GO:0042158),2/5,0.0001322061015675598,0.006091650372228333,196.9869470630892,1759.3196723588437,ALOX12B;UGCG
P6,GO_Biological_Process_2026,gs_ind_0,Lipoxygenase Pathway (GO:0019372),1/9,0.032531551648223855,0.1375458429834413,48.16937629323086,165.00635843822025,ALOX12B
P6,GO_Biological_Process_2026,gs_ind_0,Liver Development (GO:0001889),1/33,0.11424883561195394,0.19665244980333452,12.587011982991882,27.305967256473732,COBL
P6,GO_Biological_Process_2026,gs_ind_0,Long-chain Fatty Acid Biosynthetic Process (GO:0042759),1/21,0.07428244681570347,0.1691832153711269,19.96384360828533,51.90360975057245,ALOX12B
P6,GO_Biological_Process_2026,gs_ind_0,Long-chain Fatty Acid Import Into Cell (GO:0044539),1/11,0.03961726211805212,0.14382266671947405,38.99138549892319,125.88331156809635,ACSL1
P6,GO_Biological_Process_2026,gs_ind_0,Long-chain Fatty Acid Metabolic Process (GO:0001676),2/69,0.02663997954645277,0.13556733100128565,10.190073322053017,36.94250284659983,ALOX12B;ACSL1
P6,GO_Biological_Process_2026,gs_ind_0,Long-chain Fatty Acid Transport (GO:0015909),1/21,0.07428244681570347,0.1691832153711269,19.96384360828533,51.90360975057245,ACSL1
P6,GO_Biological_Process_2026,gs_ind_0,Long-chain fatty-acyl-CoA Biosynthetic Process (GO:0035338),1/18,0.06401504258973123,0.16179329329640932,23.388801148600145,64.28732849758696,ACSL1
P6,GO_Biological_Process_2026,gs_ind_0,Long-chain fatty-acyl-CoA Metabolic Process (GO:0035336),1/24,0.08443833551787916,0.1768481222909427,17.41334331230621,43.0411486823959,ACSL1
P6,GO_Biological_Process_2026,gs_ind_0,Lysosomal Membrane Organization (GO:0097212),1/18,0.06401504258973123,0.16179329329640932,23.388801148600145,64.28732849758696,ATP10B
P6,GO_Biological_Process_2026,gs_ind_0,Lysosome Organization (GO:0007040),1/49,0.16489155134789077,0.23973310499365671,8.429622338496607,15.194118496222861,ATP10B
P6,GO_Biological_Process_2026,gs_ind_0,MAPK Cascade (GO:0000165),1/119,0.35478894091682145,0.40097844454561515,3.4411933083137205,3.565875308851531,TNIK
P6,GO_Biological_Process_2026,gs_ind_0,MRNA Destabilization (GO:0061157),1/65,0.21266608310352175,0.2849820666197081,6.334813602898212,9.80649435082848,PLEKHN1
P6,GO_Biological_Process_2026,gs_ind_0,Macromolecule Biosynthetic Process (GO:0009059),1/224,0.5623808145965697,0.5920318241535066,1.8174429192944588,1.0460766211607468,FUT2
P6,GO_Biological_Process_2026,gs_ind_0,Mammary Gland Epithelium Development (GO:0061180),1/15,0.05363491085988955,0.15371919428264996,28.2309824987004,82.591294852792,PERP
P6,GO_Biological_Process_2026,gs_ind_0,Membrane Assembly (GO:0071709),2/37,0.00815744149226313,0.08281877040450195,19.398369914921,93.2833604212486,UGCG;DMKN
P6,GO_Biological_Process_2026,gs_ind_0,Membrane Fission (GO:0090148),1/43,0.1462455860603604,0.22160829438331264,9.621814957138634,18.49763110790661,EXOC6B
P6,GO_Biological_Process_2026,gs_ind_0,Membrane Organization (GO:0061024),3/177,0.027491508506373632,0.13556733100128565,5.552993901991036,19.956783193672603,ATP10B;GLTP;EXOC6B
P6,GO_Biological_Process_2026,gs_ind_0,Membrane Protein Ectodomain Proteolysis (GO:0006509),1/22,0.07768007418553498,0.1692013252259471,19.03459156246348,48.636360355386536,SPPL3
P6,GO_Biological_Process_2026,gs_ind_0,Membrane Protein Proteolysis (GO:0033619),1/33,0.11424883561195394,0.19665244980333452,12.587011982991882,27.305967256473732,SPPL3
P6,GO_Biological_Process_2026,gs_ind_0,Memory (GO:0007613),1/57,0.1891270689518711,0.2610302172861078,7.233912927469205,12.046896829454685,KLK8
P6,GO_Biological_Process_2026,gs_ind_0,Mesodermal Cell Fate Commitment (GO:0001710),1/5,0.018204501114733745,0.13142392248989768,91.0,364.55386253468845,KLF4
P6,GO_Biological_Process_2026,gs_ind_0,Mitochondrial Calcium Ion Homeostasis (GO:0051560),1/19,0.06744997582548398,0.16357301829742876,22.123726741817194,59.65373216204687,MICU1
P6,GO_Biological_Process_2026,gs_ind_0,Mitochondrial Calcium Ion Transmembrane Transport (GO:0006851),1/14,0.05014960504049533,0.14945081303112787,30.32328308207705,90.74984291620152,MICU1
P6,GO_Biological_Process_2026,gs_ind_0,Mitotic Cytokinesis (GO:0000281),1/60,0.19803474382044972,0.2708283368686059,6.868417718846333,11.122116658096216,EXOC6B
P6,GO_Biological_Process_2026,gs_ind_0,Modulation of Chemical Synaptic Transmission (GO:0050804),1/137,0.3962676324604176,0.43713501260366505,2.985421613562317,2.763501660637285,HOMER2
P6,GO_Biological_Process_2026,gs_ind_0,Monocarboxylic Acid Transport (GO:0015718),1/73,0.23552841416211917,0.3001734469853391,5.634136198232542,8.146531160523915,ACSL1
P6,GO_Biological_Process_2026,gs_ind_0,Morphogenesis of an Epithelium (GO:0002009),1/50,0.16795977255684102,0.2436026725461205,8.259022384650525,14.734350124773231,KRT10
P6,GO_Biological_Process_2026,gs_ind_0,Myeloid Cell Activation Involved in Immune Response (GO:0002275),1/14,0.05014960504049533,0.14945081303112787,30.32328308207705,90.74984291620152,DNASE1L3
P6,GO_Biological_Process_2026,gs_ind_0,N-acylphosphatidylethanolamine Metabolic Process (GO:0070292),1/7,0.025394089358317242,0.13461114624453122,62.9953614224971,231.39700796830692,PLA2G4E
P6,GO_Biological_Process_2026,gs_ind_0,Negative Regulation of Angiogenesis (GO:0016525),2/88,0.041572139051967806,0.1468258814732653,7.946216366890643,25.271551126563015,KLF4;SPINK5
P6,GO_Biological_Process_2026,gs_ind_0,Negative Regulation of Apoptotic Process (GO:0043066),1/470,0.824815533880394,0.8261948240708294,0.8572735883892305,0.16510704649011324,CSNK2A2
P6,GO_Biological_Process_2026,gs_ind_0,Negative Regulation of Apoptotic Signaling Pathway (GO:2001234),1/71,0.2298752076552973,0.29611881588284533,5.794397519512456,8.519031546226,CSNK2A2
P6,GO_Biological_Process_2026,gs_ind_0,Negative Regulation of Axon Extension (GO:0030517),1/15,0.05363491085988955,0.15371919428264996,28.2309824987004,82.591294852792,MAP2
P6,GO_Biological_Process_2026,gs_ind_0,Negative Regulation of Axonogenesis (GO:0050771),1/25,0.08779905814197392,0.18126432331510547,16.70197928417598,40.630980258906256,MAP2
P6,GO_Biological_Process_2026,gs_ind_0,Negative Regulation of Blood Coagulation (GO:0030195),1/32,0.11098459693722368,0.1949553476991114,12.987078248384782,28.550323385514286,KRT1
P6,GO_Biological_Process_2026,gs_ind_0,Negative Regulation of Blood Vessel Endothelial Cell Migration (GO:0043537),2/35,0.0073225319405974265,0.0797490296803247,20.557996817940754,101.07954060774392,KLF4;JUP
P6,GO_Biological_Process_2026,gs_ind_0,Negative Regulation of Blood Vessel Morphogenesis (GO:2000181),2/78,0.03338642678612387,0.13887826142283471,8.988255200557381,30.556524918365778,KLF4;SPINK5
P6,GO_Biological_Process_2026,gs_ind_0,Negative Regulation of Calcineurin-Mediated Signaling (GO:0106057),1/12,0.043140826609840886,0.1468258814732653,35.59951933580948,111.89945212016866,HOMER2
P6,GO_Biological_Process_2026,gs_ind_0,Negative Regulation of Canonical NF-kappaB Signal Transduction (GO:0043124),1/74,0.23833959157565857,0.30119285939624363,5.557276176802379,7.969460621659022,KLF4
P6,GO_Biological_Process_2026,gs_ind_0,Negative Regulation of Canonical Wnt Signaling Pathway (GO:0090090),1/117,0.3500095275592664,0.39707520266666774,3.5005283930381523,3.6748368657678374,DKKL1
P6,GO_Biological_Process_2026,gs_ind_0,Negative Regulation of Catabolic Process (GO:0009895),1/102,0.31302906249874485,0.3633806365053259,4.020075748199123,4.669154128547146,SERPINB12
P6,GO_Biological_Process_2026,gs_ind_0,Negative Regulation of Cell Cycle (GO:0045786),1/68,0.2213177094527477,0.2913611164004305,6.0525963149078725,9.12825951138168,DSP
P6,GO_Biological_Process_2026,gs_ind_0,Negative Regulation of Cell Cycle G1/S Phase Transition (GO:1902807),2/35,0.0073225319405974265,0.0797490296803247,20.557996817940754,101.07954060774392,SUSD2;KLF4
P6,GO_Biological_Process_2026,gs_ind_0,Negative Regulation of Cell Cycle Phase Transition (GO:1901988),1/11,0.03961726211805212,0.14382266671947405,38.99138549892319,125.88331156809635,SUSD2
P6,GO_Biological_Process_2026,gs_ind_0,Negative Regulation of Cell Differentiation (GO:0045596),1/211,0.5407947414030133,0.5743546987595832,1.9306150706024183,1.1867789660321344,DSP
P6,GO_Biological_Process_2026,gs_ind_0,Negative Regulation of Cell Division (GO:0051782),1/10,0.036080852581350895,0.14034045906642326,43.0973287490082,143.16902243022955,SUSD2
P6,GO_Biological_Process_2026,gs_ind_0,Negative Regulation of Cell Growth (GO:0030308),1/120,0.35716558398107345,0.4029043028336403,3.4122705578099706,3.5131228895667435,MAP2
P6,GO_Biological_Process_2026,gs_ind_0,Negative Regulation of Cell Migration (GO:0030336),1/179,0.4830649278292139,0.5167069495887484,2.279422321692496,1.658517273566104,SRGAP2
P6,GO_Biological_Process_2026,gs_ind_0,Negative Regulation of Cell Migration Involved in Sprouting Angiogenesis (GO:0090051),1/15,0.05363491085988955,0.15371919428264996,28.2309824987004,82.591294852792,KLF4
P6,GO_Biological_Process_2026,gs_ind_0,Negative Regulation of Cell Motility (GO:2000146),1/135,0.391792489846731,0.43540575402261944,3.030038669182343,2.839215748138981,SRGAP2
P6,GO_Biological_Process_2026,gs_ind_0,Negative Regulation of Cell Population Proliferation (GO:0008285),3/359,0.14537127752605633,0.22160829438331264,2.6997590534757436,5.206388884339467,KLF4;TESC;DSC1
P6,GO_Biological_Process_2026,gs_ind_0,Negative Regulation of Cell-Cell Adhesion (GO:0022408),1/37,0.12718755619754754,0.20758949907992091,11.205961313416397,23.107728348226125,KLF4
P6,GO_Biological_Process_2026,gs_ind_0,Negative Regulation of Cellular Process (GO:0048523),4/510,0.11812129665811148,0.19930889210763036,2.4546542614406497,5.243247653229588,SUSD2;KLF4;DSP;TESC
P6,GO_Biological_Process_2026,gs_ind_0,Negative Regulation of Chemokine Production (GO:0032682),1/16,0.0571075553965845,0.15548829855706417,26.40865618414654,75.60319879037347,KLF4
P6,GO_Biological_Process_2026,gs_ind_0,Negative Regulation of Cytokine Production (GO:0001818),2/175,0.13522943935733636,0.21372673924813845,3.9489313769949823,7.900952367693121,HOMER2;KLF4
P6,GO_Biological_Process_2026,gs_ind_0,Negative Regulation of DNA-templated Transcription (GO:0045892),2/909,0.8506238329255412,0.8506238329255412,0.734446448798087,0.11882262259913837,KLF12;KLF4
P6,GO_Biological_Process_2026,gs_ind_0,Negative Regulation of Defense Response (GO:0031348),1/132,0.38501813083131775,0.4294708759179876,3.0995089516021173,2.958372355041229,KLF4
P6,GO_Biological_Process_2026,gs_ind_0,Negative Regulation of Developmental Growth (GO:0048640),1/33,0.11424883561195394,0.19665244980333452,12.587011982991882,27.305967256473732,MAP2
P6,GO_Biological_Process_2026,gs_ind_0,Negative Regulation of Developmental Process (GO:0051093),1/113,0.3403453055658322,0.38757953998846667,3.6255276381909547,3.9075740096001996,DSP
P6,GO_Biological_Process_2026,gs_ind_0,Negative Regulation of Endothelial Cell Migration (GO:0010596),1/38,0.13039289018139794,0.20828090991641962,10.906733668341708,22.219232230345032,JUP
P6,GO_Biological_Process_2026,gs_ind_0,Negative Regulation of Epithelial Cell Proliferation (GO:0050680),1/71,0.2298752076552973,0.29611881588284533,5.794397519512456,8.519031546226,DSC1
P6,GO_Biological_Process_2026,gs_ind_0,Negative Regulation of Extrinsic Apoptotic Signaling Pathway (GO:2001237),1/70,0.2270331041296496,0.29499529148299375,5.877987057590109,8.715052993038883,KLF4
P6,GO_Biological_Process_2026,gs_ind_0,Negative Regulation of Extrinsic Apoptotic Signaling Pathway in Absence of Ligand (GO:2001240),1/23,0.08106535561630931,0.17219201423464284,18.187939698492464,45.697191038775365,KLF4
P6,GO_Biological_Process_2026,gs_ind_0,Negative Regulation of G1/S Transition of Mitotic Cell Cycle (GO:2000134),1/32,0.11098459693722368,0.1949553476991114,12.987078248384782,28.550323385514286,KLF4
P6,GO_Biological_Process_2026,gs_ind_0,Negative Regulation of Gene Expression (GO:0010629),1/346,0.7217935441828838,0.7346946936485245,1.1703597582703678,0.38155616011254573,KLF4
P6,GO_Biological_Process_2026,gs_ind_0,"Negative Regulation of Gene Expression, Epigenetic (GO:0045814)",1/111,0.33545998634018803,0.38347429736216154,3.691420905432138,4.031964064801912,CSNK2A2
P6,GO_Biological_Process_2026,gs_ind_0,Negative Regulation of Growth (GO:0045926),1/102,0.31302906249874485,0.3633806365053259,4.020075748199123,4.669154128547146,TMPRSS4
P6,GO_Biological_Process_2026,gs_ind_0,Negative Regulation of Heterotypic Cell-Cell Adhesion (GO:0034115),1/9,0.032531551648223855,0.1375458429834413,48.16937629323086,165.00635843822025,KLF4
P6,GO_Biological_Process_2026,gs_ind_0,Negative Regulation of Immune Response (GO:0050777),1/65,0.21266608310352175,0.2849820666197081,6.334813602898212,9.80649435082848,SPINK5
P6,GO_Biological_Process_2026,gs_ind_0,Negative Regulation of Immune System Process (GO:0002683),1/53,0.17709763410262688,0.25078364734627306,7.7862167982771,13.478362460655353,SPINK5
P6,GO_Biological_Process_2026,gs_ind_0,Negative Regulation of Inflammatory Response (GO:0050728),1/136,0.3940341510222922,0.43627810806349915,3.0075655027907064,2.8009989737828342,KLF4
P6,GO_Biological_Process_2026,gs_ind_0,Negative Regulation of Interleukin-2 Production (GO:0032703),1/19,0.06744997582548398,0.16357301829742876,22.123726741817194,59.65373216204687,HOMER2
P6,GO_Biological_Process_2026,gs_ind_0,Negative Regulation of Interleukin-8 Production (GO:0032717),1/16,0.0571075553965845,0.15548829855706417,26.40865618414654,75.60319879037347,KLF4
P6,GO_Biological_Process_2026,gs_ind_0,Negative Regulation of Intracellular Signal Transduction (GO:1902532),1/334,0.7090909874269384,0.7260606862713438,1.2130140959670919,0.416999588717653,KLF4
P6,GO_Biological_Process_2026,gs_ind_0,Negative Regulation of Leukocyte Adhesion to Vascular Endothelial Cell (GO:1904995),1/4,0.014590042112100507,0.12309063697391837,117.0043072505384,494.6258840598229,KLF4
P6,GO_Biological_Process_2026,gs_ind_0,Negative Regulation of Lymphocyte Proliferation (GO:0050672),1/35,0.12074175755375664,0.20258911141372615,11.856456194013546,25.06574885089274,PLA2G2F
P6,GO_Biological_Process_2026,gs_ind_0,Negative Regulation of Macromolecule Biosynthetic Process (GO:0010558),1/177,0.479227192917916,0.51443922680615,2.3054222956140475,1.695823655642626,KLF4
P6,GO_Biological_Process_2026,gs_ind_0,Negative Regulation of Microtubule Polymerization (GO:0031115),1/12,0.043140826609840886,0.1468258814732653,35.59951933580948,111.89945212016866,MAP2
P6,GO_Biological_Process_2026,gs_ind_0,Negative Regulation of Microtubule Polymerization or Depolymerization (GO:0031111),1/34,0.11750120825052357,0.19930889210763036,12.21083027075677,26.147132213032688,MAP2
P6,GO_Biological_Process_2026,gs_ind_0,Negative Regulation of Mitotic Cell Cycle Phase Transition (GO:1901991),1/44,0.14938162196228383,0.2231411260733367,9.400277248310518,17.872286764451427,KLF4
P6,GO_Biological_Process_2026,gs_ind_0,Negative Regulation of Muscle Cell Apoptotic Process (GO:0010656),1/18,0.06401504258973123,0.16179329329640932,23.388801148600145,64.28732849758696,LYPD3
P6,GO_Biological_Process_2026,gs_ind_0,Negative Regulation of Neuron Migration (GO:2001223),1/6,0.021805834468432178,0.13328260047541707,74.4518044769301,284.8211635890129,SRGAP2
P6,GO_Biological_Process_2026,gs_ind_0,Negative Regulation of Programmed Cell Death (GO:0043069),1/388,0.7620783056775863,0.7697890473876461,1.0418738855568164,0.2830833497115497,CDSN
P6,GO_Biological_Process_2026,gs_ind_0,Negative Regulation of Proteasomal Protein Catabolic Process (GO:1901799),1/47,0.15872146612108,0.23188819074762665,8.792835143459232,16.18413103887907,CSNK2A2
P6,GO_Biological_Process_2026,gs_ind_0,Negative Regulation of Proteasomal Ubiquitin-Dependent Protein Catabolic Process (GO:0032435),1/38,0.13039289018139794,0.20828090991641962,10.906733668341708,22.219232230345032,CSNK2A2
P6,GO_Biological_Process_2026,gs_ind_0,Negative Regulation of Protein Catabolic Process (GO:0042177),1/68,0.2213177094527477,0.2913611164004305,6.0525963149078725,9.12825951138168,SERPINB12
P6,GO_Biological_Process_2026,gs_ind_0,Negative Regulation of Protein Metabolic Process (GO:0051248),1/142,0.40731337405009255,0.4460342066837394,2.879396984924623,2.5861949839942633,SERPINB12
P6,GO_Biological_Process_2026,gs_ind_0,Negative Regulation of Protein Polymerization (GO:0032272),1/25,0.08779905814197392,0.18126432331510547,16.70197928417598,40.630980258906256,MAP2
P6,GO_Biological_Process_2026,gs_ind_0,Negative Regulation of RNA Biosynthetic Process (GO:1902679),1/423,0.7911945683296279,0.7965135234108355,0.9543159584906783,0.2235116421354561,KLF4
P6,GO_Biological_Process_2026,gs_ind_0,Negative Regulation of Response to Cytokine Stimulus (GO:0060761),1/14,0.05014960504049533,0.14945081303112787,30.32328308207705,90.74984291620152,KLF4
P6,GO_Biological_Process_2026,gs_ind_0,Negative Regulation of Response to External Stimulus (GO:0032102),1/156,0.4371883026308286,0.4761378059561206,2.618801402510947,2.166773439848593,KLF4
P6,GO_Biological_Process_2026,gs_ind_0,Negative Regulation of Response to Stimulus (GO:0048585),2/60,0.02053026038097425,0.13328260047541707,11.761681634778082,45.70419368287942,KLF4;SPINK5
P6,GO_Biological_Process_2026,gs_ind_0,Negative Regulation of Signal Transduction (GO:0009968),1/292,0.6599412242795766,0.685103627978278,1.3899600920554747,0.5776736719267995,CSNK2A2
P6,GO_Biological_Process_2026,gs_ind_0,Negative Regulation of Signal Transduction in Absence of Ligand (GO:1901099),1/23,0.08106535561630931,0.17219201423464284,18.187939698492464,45.697191038775365,KLF4
P6,GO_Biological_Process_2026,gs_ind_0,Negative Regulation of Small Molecule Metabolic Process (GO:0062014),1/26,0.09114756758275655,0.1850759084138006,16.046408513154006,38.435568598252985,DKKL1
P6,GO_Biological_Process_2026,gs_ind_0,Negative Regulation of Smooth Muscle Cell Apoptotic Process (GO:0034392),1/11,0.03961726211805212,0.14382266671947405,38.99138549892319,125.88331156809635,LYPD3
P6,GO_Biological_Process_2026,gs_ind_0,Negative Regulation of Steroid Biosynthetic Process (GO:0010894),1/9,0.032531551648223855,0.1375458429834413,48.16937629323086,165.00635843822025,DKKL1
P6,GO_Biological_Process_2026,gs_ind_0,Negative Regulation of Supramolecular Fiber Organization (GO:1902904),1/73,0.23552841416211917,0.3001734469853391,5.634136198232542,8.146531160523915,MAP2
P6,GO_Biological_Process_2026,gs_ind_0,Negative Regulation of T Cell Activation (GO:0050868),1/45,0.15250625325948727,0.22555863136403181,9.18869629044097,17.27979985753456,PLA2G2F
P6,GO_Biological_Process_2026,gs_ind_0,Negative Regulation of T Cell Proliferation (GO:0042130),1/32,0.11098459693722368,0.1949553476991114,12.987078248384782,28.550323385514286,PLA2G2F
P6,GO_Biological_Process_2026,gs_ind_0,Negative Regulation of Transcription by RNA Polymerase II (GO:0000122),2/675,0.7120463701787463,0.7278426207117219,0.998439849411552,0.3390823967944517,KLF12;KLF4
P6,GO_Biological_Process_2026,gs_ind_0,Negative Regulation of Ubiquitin-Dependent Protein Catabolic Process (GO:2000059),1/49,0.16489155134789077,0.23973310499365671,8.429622338496607,15.194118496222861,CSNK2A2
P6,GO_Biological_Process_2026,gs_ind_0,Negative Regulation of Wnt Signaling Pathway (GO:0030178),1/143,0.4094983938692628,0.446793329558631,2.859084898175086,2.552654748599491,DKKL1
P6,GO_Biological_Process_2026,gs_ind_0,Negative Regulation of calcineurin-NFAT Signaling Cascade (GO:0070885),1/12,0.043140826609840886,0.1468258814732653,35.59951933580948,111.89945212016866,HOMER2
P6,GO_Biological_Process_2026,gs_ind_0,Nervous System Development (GO:0007399),2/493,0.5421733516736138,0.5747997126592826,1.3775554993261072,0.8432974497328465,DLG2;SRGAP2
P6,GO_Biological_Process_2026,gs_ind_0,Neural Tube Closure (GO:0001843),1/31,0.10770844937287086,0.1949553476991114,13.413378367246066,29.88939646374393,COBL
P6,GO_Biological_Process_2026,gs_ind_0,Neural Tube Development (GO:0021915),1/18,0.06401504258973123,0.16179329329640932,23.388801148600145,64.28732849758696,DSP
P6,GO_Biological_Process_2026,gs_ind_0,Neuron Development (GO:0048666),3/166,0.023309404516059017,0.13461114624453122,5.9290049400141145,22.286527019844534,MAP2;UGCG;GPRIN2
P6,GO_Biological_Process_2026,gs_ind_0,Neuron Differentiation (GO:0030182),2/186,0.14903771070065208,0.2231411260733367,3.7119805208204366,7.065962469750783,UGCG;SPINK5
P6,GO_Biological_Process_2026,gs_ind_0,Neuron Projection Development (GO:0031175),5/204,0.0009450526117425335,0.022173336942954057,7.785261583277566,54.21866336129362,MAP2;GPRIN2;SRGAP2;TNIK;KLK8
P6,GO_Biological_Process_2026,gs_ind_0,Neuron Projection Morphogenesis (GO:0048812),4/157,0.002702131554839908,0.038537542889264406,8.206798197498776,48.53266029009454,MAP2;KLK8;SRGAP2;TNIK
P6,GO_Biological_Process_2026,gs_ind_0,Neutrophil Activation (GO:0042119),1/14,0.05014960504049533,0.14945081303112787,30.32328308207705,90.74984291620152,DNASE1L3
P6,GO_Biological_Process_2026,gs_ind_0,Neutrophil Activation Involved in Immune Response (GO:0002283),1/10,0.036080852581350895,0.14034045906642326,43.0973287490082,143.16902243022955,DNASE1L3
P6,GO_Biological_Process_2026,gs_ind_0,Nitrogen Compound Transport (GO:0071705),3/132,0.012747522918813241,0.1106632786720164,7.495079695079695,32.69667287521452,SLCO3A1;GLTP;ABCA12
P6,GO_Biological_Process_2026,gs_ind_0,Non-proteinogenic Amino Acid Catabolic Process (GO:0170044),1/13,0.04665159224326654,0.14945081303112787,32.75035175879397,100.38140738175221,BLMH
P6,GO_Biological_Process_2026,gs_ind_0,Nucleic Acid Metabolic Process (GO:0090304),1/23,0.08106535561630931,0.17219201423464284,18.187939698492464,45.697191038775365,DNASE1L3
P6,GO_Biological_Process_2026,gs_ind_0,Odontogenesis (GO:0042476),1/37,0.12718755619754754,0.20758949907992091,11.205961313416397,23.107728348226125,TUFT1
P6,GO_Biological_Process_2026,gs_ind_0,Oligosaccharide Biosynthetic Process (GO:0009312),1/21,0.07428244681570347,0.1691832153711269,19.96384360828533,51.90360975057245,FUT2
P6,GO_Biological_Process_2026,gs_ind_0,Oligosaccharide Metabolic Process (GO:0009311),1/44,0.14938162196228383,0.2231411260733367,9.400277248310518,17.872286764451427,FUT2
P6,GO_Biological_Process_2026,gs_ind_0,Organelle Assembly (GO:0070925),1/318,0.6912570753642555,0.7112393666186124,1.2749020694021287,0.47074929026600987,ABLIM1
P6,GO_Biological_Process_2026,gs_ind_0,Organelle Organization (GO:0006996),1/399,0.7716376770117626,0.7781329436532757,1.012698372666343,0.2625320977043589,TNIK
P6,GO_Biological_Process_2026,gs_ind_0,Organic Anion Transport (GO:0015711),1/97,0.3002452288886103,0.35402931516590075,4.2291509360272865,5.0883270912582725,SLCO3A1
P6,GO_Biological_Process_2026,gs_ind_0,Organic Cation Transport (GO:0015695),1/69,0.22418061724548724,0.29448287221501507,5.964017166122583,8.918014102728504,SLCO3A1
P6,GO_Biological_Process_2026,gs_ind_0,Organophosphate Biosynthetic Process (GO:0090407),1/32,0.11098459693722368,0.1949553476991114,12.987078248384782,28.550323385514286,AGPAT4
P6,GO_Biological_Process_2026,gs_ind_0,Peptide Cross-Linking (GO:0018149),1/16,0.0571075553965845,0.15548829855706417,26.40865618414654,75.60319879037347,DSP
P6,GO_Biological_Process_2026,gs_ind_0,Peptide Hormone Processing (GO:0016486),1/29,0.10112025539501886,0.1926374672821714,14.355725998413119,32.89535401837941,PCSK6
P6,GO_Biological_Process_2026,gs_ind_0,Phosphatidic Acid Biosynthetic Process (GO:0006654),1/32,0.11098459693722368,0.1949553476991114,12.987078248384782,28.550323385514286,AGPAT4
P6,GO_Biological_Process_2026,gs_ind_0,Phosphatidic Acid Metabolic Process (GO:0046473),1/36,0.12397052607037776,0.20627318087821186,11.52204685398825,24.054708967199332,AGPAT4
P6,GO_Biological_Process_2026,gs_ind_0,Phosphatidylcholine Acyl-Chain Remodeling (GO:0036151),2/15,0.00135532356897635,0.024601176297479807,51.05188945290468,337.1321310615674,PLA2G2F;MBOAT2
P6,GO_Biological_Process_2026,gs_ind_0,Phosphatidylcholine Metabolic Process (GO:0046470),2/58,0.01926394116891126,0.13328260047541707,12.178922779749337,48.10090230987296,PLA2G2F;MBOAT2
P6,GO_Biological_Process_2026,gs_ind_0,Phosphatidylethanolamine Acyl-Chain Remodeling (GO:0036152),2/10,0.0005878432500802306,0.016767528895145625,81.09734249029562,603.2872040697225,PLA2G2F;MBOAT2
P6,GO_Biological_Process_2026,gs_ind_0,Phosphatidylethanolamine Metabolic Process (GO:0046337),1/23,0.08106535561630931,0.17219201423464284,18.187939698492464,45.697191038775365,PLA2G4E
P6,GO_Biological_Process_2026,gs_ind_0,Phosphatidylglycerol Acyl-Chain Remodeling (GO:0036148),1/9,0.032531551648223855,0.1375458429834413,48.16937629323086,165.00635843822025,PLA2G2F
P6,GO_Biological_Process_2026,gs_ind_0,Phosphatidylglycerol Metabolic Process (GO:0046471),1/24,0.08443833551787916,0.1768481222909427,17.41334331230621,43.0411486823959,PLA2G2F
P6,GO_Biological_Process_2026,gs_ind_0,Phosphatidylinositol Acyl-Chain Remodeling (GO:0036149),1/6,0.021805834468432178,0.13328260047541707,74.4518044769301,284.8211635890129,PLA2G4E
P6,GO_Biological_Process_2026,gs_ind_0,Phosphatidylinositol Metabolic Process (GO:0046488),1/70,0.2270331041296496,0.29499529148299375,5.877987057590109,8.715052993038883,PLA2G4E
P6,GO_Biological_Process_2026,gs_ind_0,Phosphatidylserine Acyl-Chain Remodeling (GO:0036150),2/9,0.00047140202870182124,0.014118490759619547,91.91370558375634,704.0405343731263,PLA2G2F;MBOAT2
P6,GO_Biological_Process_2026,gs_ind_0,Phosphatidylserine Metabolic Process (GO:0006658),2/21,0.002672071389799249,0.038537542889264406,35.33580632565404,209.361165044795,PLA2G2F;MBOAT2
P6,GO_Biological_Process_2026,gs_ind_0,Phospholipid Biosynthetic Process (GO:0008654),1/41,0.1399391354800803,0.21715943562841478,10.097710776102735,19.85762987649694,AGPAT4
P6,GO_Biological_Process_2026,gs_ind_0,Phospholipid Catabolic Process (GO:0009395),1/27,0.09448390777737954,0.18740351244586206,15.440314781454441,36.428732206490906,PLA2G4E
P6,GO_Biological_Process_2026,gs_ind_0,Phospholipid Efflux (GO:0033700),1/10,0.036080852581350895,0.14034045906642326,43.0973287490082,143.16902243022955,ABCA12
P6,GO_Biological_Process_2026,gs_ind_0,Phospholipid Metabolic Process (GO:0006644),1/65,0.21266608310352175,0.2849820666197081,6.334813602898212,9.80649435082848,AGPAT4
P6,GO_Biological_Process_2026,gs_ind_0,Phospholipid Translocation (GO:0045332),1/33,0.11424883561195394,0.19665244980333452,12.587011982991882,27.305967256473732,ATP10B
P6,GO_Biological_Process_2026,gs_ind_0,Phospholipid Transport (GO:0015914),2/64,0.02316397380661601,0.13461114624453122,11.00730964467005,41.44424962462814,ATP10B;ABCA12
P6,GO_Biological_Process_2026,gs_ind_0,Phosphorylation (GO:0016310),1/253,0.6069810036204861,0.6356322048403342,1.6069754714164883,0.8022950126900641,TNIK
P6,GO_Biological_Process_2026,gs_ind_0,Plasma Membrane Bounded Cell Projection Assembly (GO:0120031),2/245,0.226731123648463,0.29499529148299375,2.8064186618580558,4.164698467270831,SRGAP2;ABLIM1
P6,GO_Biological_Process_2026,gs_ind_0,Plasma Membrane Bounded Cell Projection Morphogenesis (GO:0120039),3/54,0.0010364831959978524,0.022173336942954057,18.901219815782923,129.8877052258895,TNIK;KLK8;SRGAP2
P6,GO_Biological_Process_2026,gs_ind_0,Plasma Membrane Bounded Cell Projection Organization (GO:0120036),2/147,0.10162510794852447,0.1926374672821714,4.713747448846093,10.777816905584954,MAP2;GPRIN2
P6,GO_Biological_Process_2026,gs_ind_0,Plasma Membrane Organization (GO:0007009),2/70,0.027359022238275892,0.13556733100128565,10.04094260624699,36.13442976017837,UGCG;DMKN
P6,GO_Biological_Process_2026,gs_ind_0,Positive Regulation by Symbiont of Entry Into Host (GO:0075294),1/11,0.03961726211805212,0.14382266671947405,38.99138549892319,125.88331156809635,TMPRSS4
P6,GO_Biological_Process_2026,gs_ind_0,Positive Regulation of Angiogenesis (GO:0045766),2/120,0.07196841627081314,0.16773961613314037,5.793548801644927,15.245885422267497,KLF4;JUP
P6,GO_Biological_Process_2026,gs_ind_0,Positive Regulation of Apoptotic Process (GO:0043065),3/280,0.08401941873552593,0.1768481222909427,3.4785585585585586,8.615371484800352,CASP14;DKKL1;PLEKHN1
P6,GO_Biological_Process_2026,gs_ind_0,Positive Regulation of Axon Extension (GO:0045773),1/22,0.07768007418553498,0.1692013252259471,19.03459156246348,48.636360355386536,JUP
P6,GO_Biological_Process_2026,gs_ind_0,Positive Regulation of Axonogenesis (GO:0050772),1/37,0.12718755619754754,0.20758949907992091,11.205961313416397,23.107728348226125,JUP
P6,GO_Biological_Process_2026,gs_ind_0,Positive Regulation of Biosynthetic Process (GO:0009891),1/87,0.2739668544992329,0.3315275673637182,4.71981293751997,6.110969063971938,KLF4
P6,GO_Biological_Process_2026,gs_ind_0,Positive Regulation of Calcineurin-Mediated Signaling (GO:0106058),1/16,0.0571075553965845,0.15548829855706417,26.40865618414654,75.60319879037347,SPPL3
P6,GO_Biological_Process_2026,gs_ind_0,Positive Regulation of Canonical NF-kappaB Signal Transduction (GO:0043123),1/203,0.526990514544804,0.562686841733222,2.0074818537130095,1.2859381305931272,SLCO3A1
P6,GO_Biological_Process_2026,gs_ind_0,Positive Regulation of Canonical Wnt Signaling Pathway (GO:0090263),2/96,0.048603725480302264,0.14945081303112787,7.271372169849327,21.989030058167174,SCEL;JUP
P6,GO_Biological_Process_2026,gs_ind_0,Positive Regulation of Cell Differentiation (GO:0045597),1/278,0.6417968298940104,0.6685848714895865,1.4608447643623523,0.647860534034414,DSP
P6,GO_Biological_Process_2026,gs_ind_0,Positive Regulation of Cell Growth (GO:0030307),1/99,0.30538678109558665,0.3572786755395633,4.142973752008775,4.914296741872068,JUP
P6,GO_Biological_Process_2026,gs_ind_0,Positive Regulation of Cell-Matrix Adhesion (GO:0001954),1/45,0.15250625325948727,0.22555863136403181,9.18869629044097,17.27979985753456,JUP
P6,GO_Biological_Process_2026,gs_ind_0,Positive Regulation of Cell-Substrate Adhesion (GO:0010811),1/70,0.2270331041296496,0.29499529148299375,5.877987057590109,8.715052993038883,JUP
P6,GO_Biological_Process_2026,gs_ind_0,Positive Regulation of Cholesterol Efflux (GO:0010875),1/21,0.07428244681570347,0.1691832153711269,19.96384360828533,51.90360975057245,ABCA12
P6,GO_Biological_Process_2026,gs_ind_0,Positive Regulation of Cholesterol Transport (GO:0032376),1/27,0.09448390777737954,0.18740351244586206,15.440314781454441,36.428732206490906,ABCA12
P6,GO_Biological_Process_2026,gs_ind_0,Positive Regulation of Chromosome Organization (GO:2001252),1/43,0.1462455860603604,0.22160829438331264,9.621814957138634,18.49763110790661,KLF4
P6,GO_Biological_Process_2026,gs_ind_0,Positive Regulation of Cold-Induced Thermogenesis (GO:0120162),1/99,0.30538678109558665,0.3572786755395633,4.142973752008775,4.914296741872068,ACSL1
P6,GO_Biological_Process_2026,gs_ind_0,Positive Regulation of DNA Metabolic Process (GO:0051054),1/90,0.2819513107385542,0.3371034633381117,4.561101597372336,5.774449857647963,KLF4
P6,GO_Biological_Process_2026,gs_ind_0,Positive Regulation of DNA-templated Transcription (GO:0045893),6/1205,0.2808673312344643,0.3371034633381117,1.489114732549497,1.8909863723412952,GRHL1;POU2F3;TESC;KLF4;JUP;CSNK2A2
P6,GO_Biological_Process_2026,gs_ind_0,Positive Regulation of Dendrite Development (GO:1900006),1/12,0.043140826609840886,0.1468258814732653,35.59951933580948,111.89945212016866,COBL
P6,GO_Biological_Process_2026,gs_ind_0,Positive Regulation of Developmental Growth (GO:0048639),1/54,0.18012145406991348,0.2526762318217287,7.640398252946978,13.096589333388202,JUP
P6,GO_Biological_Process_2026,gs_ind_0,Positive Regulation of Developmental Process (GO:0051094),2/235,0.21327118238819445,0.2851549960949296,2.927694866248546,4.523847073863674,KRT10;COBL
P6,GO_Biological_Process_2026,gs_ind_0,Positive Regulation of Endocytic Recycling (GO:2001137),1/8,0.02896931280161029,0.13556733100128565,54.59396984924623,193.34553720447744,PLA2G4E
P6,GO_Biological_Process_2026,gs_ind_0,Positive Regulation of Epidermal Cell Differentiation (GO:0045606),1/19,0.06744997582548398,0.16357301829742876,22.123726741817194,59.65373216204687,DSP
P6,GO_Biological_Process_2026,gs_ind_0,Positive Regulation of Epidermis Development (GO:0045684),1/9,0.032531551648223855,0.1375458429834413,48.16937629323086,165.00635843822025,KRT10
P6,GO_Biological_Process_2026,gs_ind_0,Positive Regulation of G Protein-Coupled Receptor Signaling Pathway (GO:0045745),1/30,0.10442034991225575,0.19424779378087328,13.868580189080998,31.333708986565636,KLK5
P6,GO_Biological_Process_2026,gs_ind_0,Positive Regulation of GTPase Activity (GO:0043547),1/77,0.24671186426811992,0.3098121733681422,5.3387525864617205,7.471766641728897,SRGAP2
P6,GO_Biological_Process_2026,gs_ind_0,Positive Regulation of Gene Expression (GO:0010628),3/388,0.1707948005124895,0.2439025789467972,2.4939638830689415,4.407563516318902,ALOX12B;KLF4;TESC
P6,GO_Biological_Process_2026,gs_ind_0,Positive Regulation of Granulocyte Chemotaxis (GO:0071624),1/19,0.06744997582548398,0.16357301829742876,22.123726741817194,59.65373216204687,PERP
P6,GO_Biological_Process_2026,gs_ind_0,Positive Regulation of Granulocyte Differentiation (GO:0030854),1/5,0.018204501114733745,0.13142392248989768,91.0,364.55386253468845,TESC
P6,GO_Biological_Process_2026,gs_ind_0,Positive Regulation of Hemoglobin Biosynthetic Process (GO:0046985),1/6,0.021805834468432178,0.13328260047541707,74.4518044769301,284.8211635890129,KLF4
P6,GO_Biological_Process_2026,gs_ind_0,Positive Regulation of Hydrolase Activity (GO:0051345),1/66,0.21556048026879066,0.28757400374388775,6.237868732977867,9.572095390817173,SRGAP2
P6,GO_Biological_Process_2026,gs_ind_0,Positive Regulation of Intracellular Protein Transport (GO:0090316),1/71,0.2298752076552973,0.29611881588284533,5.794397519512456,8.519031546226,JUP
P6,GO_Biological_Process_2026,gs_ind_0,Positive Regulation of Intracellular Signal Transduction (GO:1902533),2/650,0.692241320097915,0.7112393666186124,1.0379086450966502,0.3817642383867148,ALOX12B;SLCO3A1
P6,GO_Biological_Process_2026,gs_ind_0,Positive Regulation of Intracellular Transport (GO:0032388),2/68,0.025928795219488817,0.13556733100128565,10.343689172169,37.779302158526356,PLA2G4E;ABCA12
P6,GO_Biological_Process_2026,gs_ind_0,Positive Regulation of JNK Cascade (GO:0046330),1/81,0.25773332405292904,0.31963201057495755,5.072723867786135,6.877750472831031,TNIK
P6,GO_Biological_Process_2026,gs_ind_0,Positive Regulation of Keratinocyte Differentiation (GO:0045618),1/14,0.05014960504049533,0.14945081303112787,30.32328308207705,90.74984291620152,DSP
P6,GO_Biological_Process_2026,gs_ind_0,Positive Regulation of Lipid Transport (GO:0032370),1/13,0.04665159224326654,0.14945081303112787,32.75035175879397,100.38140738175221,ABCA12
P6,GO_Biological_Process_2026,gs_ind_0,Positive Regulation of Lymphocyte Apoptotic Process (GO:0070230),1/6,0.021805834468432178,0.13328260047541707,74.4518044769301,284.8211635890129,PERP
P6,GO_Biological_Process_2026,gs_ind_0,Positive Regulation of MAPK Cascade (GO:0043410),3/355,0.14197032270047594,0.21974217906352736,2.7308019639934535,5.330900204308343,ALOX12B;TNIK;SLCO3A1
P6,GO_Biological_Process_2026,gs_ind_0,Positive Regulation of Macromolecule Biosynthetic Process (GO:0010557),3/314,0.10881798666429122,0.1949553476991114,3.094958225295304,6.86486073003845,ALOX12B;KLF4;TESC
P6,GO_Biological_Process_2026,gs_ind_0,Positive Regulation of Macromolecule Metabolic Process (GO:0010604),1/31,0.10770844937287086,0.1949553476991114,13.413378367246066,29.88939646374393,KLF4
P6,GO_Biological_Process_2026,gs_ind_0,Positive Regulation of Megakaryocyte Differentiation (GO:0045654),1/7,0.025394089358317242,0.13461114624453122,62.9953614224971,231.39700796830692,TESC
P6,GO_Biological_Process_2026,gs_ind_0,Positive Regulation of Microvillus Assembly (GO:1903698),1/5,0.018204501114733745,0.13142392248989768,91.0,364.55386253468845,TNIK
P6,GO_Biological_Process_2026,gs_ind_0,Positive Regulation of Mitochondrial Calcium Ion Concentration (GO:0051561),1/7,0.025394089358317242,0.13461114624453122,62.9953614224971,231.39700796830692,MICU1
P6,GO_Biological_Process_2026,gs_ind_0,Positive Regulation of Multicellular Organismal Process (GO:0051240),3/398,0.179845882384705,0.2526762318217287,2.4299977308826866,4.169037766265116,ALOX12B;ACSL1;DSP
P6,GO_Biological_Process_2026,gs_ind_0,Positive Regulation of Myeloid Cell Differentiation (GO:0045639),1/34,0.11750120825052357,0.19930889210763036,12.21083027075677,26.147132213032688,TESC
P6,GO_Biological_Process_2026,gs_ind_0,Positive Regulation of Myeloid Leukocyte Differentiation (GO:0002763),1/41,0.1399391354800803,0.21715943562841478,10.097710776102735,19.85762987649694,TESC
P6,GO_Biological_Process_2026,gs_ind_0,Positive Regulation of Neuron Apoptotic Process (GO:0043525),1/39,0.1335865701175638,0.21168877116513418,10.623050316517654,21.38425920263491,CASP14
P6,GO_Biological_Process_2026,gs_ind_0,Positive Regulation of Neuron Projection Development (GO:0010976),1/95,0.2950660020928981,0.34929750050127667,4.318975831538646,5.271552779622928,COBL
P6,GO_Biological_Process_2026,gs_ind_0,Positive Regulation of Neutrophil Chemotaxis (GO:0090023),1/18,0.06401504258973123,0.16179329329640932,23.388801148600145,64.28732849758696,PERP
P6,GO_Biological_Process_2026,gs_ind_0,Positive Regulation of Neutrophil Migration (GO:1902624),1/23,0.08106535561630931,0.17219201423464284,18.187939698492464,45.697191038775365,PERP
P6,GO_Biological_Process_2026,gs_ind_0,Positive Regulation of Nitric Oxide Biosynthetic Process (GO:0045429),1/27,0.09448390777737954,0.18740351244586206,15.440314781454441,36.428732206490906,KLF4
P6,GO_Biological_Process_2026,gs_ind_0,Positive Regulation of Nucleocytoplasmic Transport (GO:0046824),1/46,0.15561952100888302,0.22903216974034626,8.986415594455796,16.717799339197803,JUP
P6,GO_Biological_Process_2026,gs_ind_0,Positive Regulation of Organelle Organization (GO:0010638),1/74,0.23833959157565857,0.30119285939624363,5.557276176802379,7.969460621659022,MICU1
P6,GO_Biological_Process_2026,gs_ind_0,Positive Regulation of Plasma Membrane Bounded Cell Projection Assembly (GO:0120034),1/92,0.2872259237732201,0.34204439033828793,4.461075871159074,5.565130506335436,TNIK
P6,GO_Biological_Process_2026,gs_ind_0,Positive Regulation of Programmed Cell Death (GO:0043068),2/234,0.21192946684206224,0.2849820666197081,2.9403962665793353,4.562029992232196,DKKL1;PLEKHN1
P6,GO_Biological_Process_2026,gs_ind_0,Positive Regulation of Protein Import Into Nucleus (GO:0042307),1/29,0.10112025539501886,0.1926374672821714,14.355725998413119,32.89535401837941,JUP
P6,GO_Biological_Process_2026,gs_ind_0,Positive Regulation of Protein Localization (GO:1903829),2/135,0.08805996341351535,0.18126432331510547,5.139736496891576,12.488209448482333,DSP;CSNK2A2
P6,GO_Biological_Process_2026,gs_ind_0,Positive Regulation of Protein Localization to Mitochondrion (GO:1903749),1/32,0.11098459693722368,0.1949553476991114,12.987078248384782,28.550323385514286,CSNK2A2
P6,GO_Biological_Process_2026,gs_ind_0,Positive Regulation of Protein Localization to Nucleus (GO:1900182),1/72,0.23270696523856207,0.2984828098027809,5.71314615033208,8.329625840241883,JUP
P6,GO_Biological_Process_2026,gs_ind_0,Positive Regulation of Protein Metabolic Process (GO:0051247),2/184,0.14650565037694793,0.22160829438331264,3.752937904179125,7.208235114980342,KLF4;PERP
P6,GO_Biological_Process_2026,gs_ind_0,Positive Regulation of Proteolysis (GO:0045862),1/40,0.1367686379517141,0.21502470901070012,10.353730678710006,20.598380195399425,PERP
P6,GO_Biological_Process_2026,gs_ind_0,Positive Regulation of RNA Biosynthetic Process (GO:1902680),3/526,0.3038914923712907,0.3569235371184375,1.8270663433987215,2.176190537809903,KLF4;TESC;CSNK2A2
P6,GO_Biological_Process_2026,gs_ind_0,Positive Regulation of Secretion (GO:0051047),1/12,0.043140826609840886,0.1468258814732653,35.59951933580948,111.89945212016866,ALOX12B
P6,GO_Biological_Process_2026,gs_ind_0,Positive Regulation of Signal Transduction (GO:0009967),1/265,0.6240917741497924,0.6512734716301841,1.5333852627979216,0.7229265153394302,KLK5
P6,GO_Biological_Process_2026,gs_ind_0,Positive Regulation of Sodium Ion Transmembrane Transporter Activity (GO:2000651),1/7,0.025394089358317242,0.13461114624453122,62.9953614224971,231.39700796830692,TESC
P6,GO_Biological_Process_2026,gs_ind_0,Positive Regulation of Sprouting Angiogenesis (GO:1903672),1/19,0.06744997582548398,0.16357301829742876,22.123726741817194,59.65373216204687,KLF4
P6,GO_Biological_Process_2026,gs_ind_0,Positive Regulation of T Cell Apoptotic Process (GO:0070234),1/9,0.032531551648223855,0.1375458429834413,48.16937629323086,165.00635843822025,PERP
P6,GO_Biological_Process_2026,gs_ind_0,Positive Regulation of Telomere Maintenance (GO:0032206),1/38,0.13039289018139794,0.20828090991641962,10.906733668341708,22.219232230345032,KLF4
P6,GO_Biological_Process_2026,gs_ind_0,Positive Regulation of Transcription by RNA Polymerase II (GO:0045944),4/944,0.4570926198094297,0.49333059327179896,1.300418970176265,1.0180580101551517,GRHL1;KLF4;JUP;POU2F3
P6,GO_Biological_Process_2026,gs_ind_0,Positive Regulation of Transmembrane Transport (GO:0034764),1/16,0.0571075553965845,0.15548829855706417,26.40865618414654,75.60319879037347,ACSL1
P6,GO_Biological_Process_2026,gs_ind_0,Positive Regulation of Vasculature Development (GO:1904018),1/104,0.3180776109586692,0.3678156157610866,3.9421018134149004,4.515519416376505,JUP
P6,GO_Biological_Process_2026,gs_ind_0,Positive Regulation of Vasculogenesis (GO:2001214),1/11,0.03961726211805212,0.14382266671947405,38.99138549892319,125.88331156809635,DSP
P6,GO_Biological_Process_2026,gs_ind_0,Positive Regulation of Viral Entry Into Host Cell (GO:0046598),1/11,0.03961726211805212,0.14382266671947405,38.99138549892319,125.88331156809635,TMPRSS4
P6,GO_Biological_Process_2026,gs_ind_0,Positive Regulation of Viral Life Cycle (GO:1903902),1/20,0.07087242893827944,0.16648072523148777,20.98840355624275,55.55365534242182,TMPRSS4
P6,GO_Biological_Process_2026,gs_ind_0,Positive Regulation of Wnt Signaling Pathway (GO:0030177),2/118,0.0699031361207183,0.16648072523148777,5.893444587263894,15.680362488510136,SCEL;JUP
P6,GO_Biological_Process_2026,gs_ind_0,Positive Regulation of calcineurin-NFAT Signaling Cascade (GO:0070886),1/16,0.0571075553965845,0.15548829855706417,26.40865618414654,75.60319879037347,SPPL3
P6,GO_Biological_Process_2026,gs_ind_0,Positive Regulation of miRNA Metabolic Process (GO:2000630),1/53,0.17709763410262688,0.25078364734627306,7.7862167982771,13.478362460655353,KLF4
P6,GO_Biological_Process_2026,gs_ind_0,Positive Regulation of miRNA Transcription (GO:1902895),1/47,0.15872146612108,0.23188819074762665,8.792835143459232,16.18413103887907,KLF4
P6,GO_Biological_Process_2026,gs_ind_0,Post-Golgi Vesicle-Mediated Transport (GO:0006892),1/44,0.14938162196228383,0.2231411260733367,9.400277248310518,17.872286764451427,EXOC6B
P6,GO_Biological_Process_2026,gs_ind_0,Primary Neural Tube Formation (GO:0014020),1/29,0.10112025539501886,0.1926374672821714,14.355725998413119,32.89535401837941,COBL
P6,GO_Biological_Process_2026,gs_ind_0,Prostaglandin Biosynthetic Process (GO:0001516),1/14,0.05014960504049533,0.14945081303112787,30.32328308207705,90.74984291620152,PTGS1
P6,GO_Biological_Process_2026,gs_ind_0,Prostaglandin Metabolic Process (GO:0006693),1/22,0.07768007418553498,0.1692013252259471,19.03459156246348,48.636360355386536,PTGS1
P6,GO_Biological_Process_2026,gs_ind_0,Prostaglandin Transport (GO:0015732),1/10,0.036080852581350895,0.14034045906642326,43.0973287490082,143.16902243022955,SLCO3A1
P6,GO_Biological_Process_2026,gs_ind_0,Prostanoid Biosynthetic Process (GO:0046457),1/15,0.05363491085988955,0.15371919428264996,28.2309824987004,82.591294852792,PTGS1
P6,GO_Biological_Process_2026,gs_ind_0,Protein Autophosphorylation (GO:0046777),1/100,0.3079435140862534,0.35956757297790604,4.101184313527436,4.830534456023747,TNIK
P6,GO_Biological_Process_2026,gs_ind_0,Protein Complex Oligomerization (GO:0051259),1/112,0.3379071067322184,0.3855359179668549,3.658178786308223,3.9690663793599787,MICU1
P6,GO_Biological_Process_2026,gs_ind_0,Protein Heterooligomerization (GO:0051291),2/17,0.0017470948129191322,0.027539731393120007,44.4612739479286,282.3202407734291,KRT1;KRT10
P6,GO_Biological_Process_2026,gs_ind_0,Protein Heterotetramerization (GO:0051290),2/13,0.001011639008733172,0.022173336942954057,59.93489295961157,413.3220188529541,KRT1;KRT10
P6,GO_Biological_Process_2026,gs_ind_0,Protein Homooligomerization (GO:0051260),1/136,0.3940341510222922,0.43627810806349915,3.0075655027907064,2.8009989737828342,MICU1
P6,GO_Biological_Process_2026,gs_ind_0,Protein Lipidation (GO:0006497),2/16,0.0015452428094651371,0.02571112341304492,47.529319096796776,307.6370456108159,ALOX12B;UGCG
P6,GO_Biological_Process_2026,gs_ind_0,Protein Localization to Cell Junction (GO:1902414),2/32,0.006147874877934131,0.0708187894592797,22.582591328950652,114.98262415798024,DLG2;DSP
P6,GO_Biological_Process_2026,gs_ind_0,Protein Localization to Cell Periphery (GO:1990778),3/130,0.012236421482439764,0.10931049290397578,7.613212669683258,33.52355175052172,JUP;TESC;ABCA12
P6,GO_Biological_Process_2026,gs_ind_0,Protein Localization to Cell-Cell Junction (GO:0150105),1/17,0.060567584183063565,0.15912273213006614,24.80721790772042,69.5593259790493,DSP
P6,GO_Biological_Process_2026,gs_ind_0,Protein Localization to Membrane (GO:0072657),4/188,0.005130267410711454,0.0640214620628367,6.820042967269051,35.959341460334414,DLG2;JUP;TESC;ABCA12
P6,GO_Biological_Process_2026,gs_ind_0,Protein Localization to Plasma Membrane (GO:0072659),3/151,0.018210660378399846,0.13142392248989768,6.531520331520332,26.163625297209258,JUP;TESC;ABCA12
P6,GO_Biological_Process_2026,gs_ind_0,Protein Localization to Presynapse (GO:1905383),1/8,0.02896931280161029,0.13556733100128565,54.59396984924623,193.34553720447744,DLG2
P6,GO_Biological_Process_2026,gs_ind_0,Protein Localization to Synapse (GO:0035418),1/21,0.07428244681570347,0.1691832153711269,19.96384360828533,51.90360975057245,DLG2
P6,GO_Biological_Process_2026,gs_ind_0,Protein Maturation (GO:0051604),6/201,9.983870311800212e-05,0.004983615263973606,9.489776586963288,87.41939149160207,PCSK6;TESC;KLK11;KLK5;TMPRSS4;KLK8
P6,GO_Biological_Process_2026,gs_ind_0,Protein Metabolic Process (GO:0019538),8/603,0.0017107272854120345,0.027539731393120007,4.100415276737695,26.12307607197776,BLMH;PCSK6;TESC;CDSN;KLK11;KLK5;TMPRSS4;KLK8
P6,GO_Biological_Process_2026,gs_ind_0,Protein Modification Process (GO:0036211),4/425,0.07135889538449663,0.1669686653723183,2.9590655136171704,7.812031404968989,ALOX12B;UGCG;DSP;TNIK
P6,GO_Biological_Process_2026,gs_ind_0,Protein O-linked Glycosylation (GO:0006493),1/82,0.26046365097100105,0.32168603491057657,5.010296883188951,6.740312129922902,FUT2
P6,GO_Biological_Process_2026,gs_ind_0,Protein O-linked Glycosylation via Fucose (GO:0036066),1/5,0.018204501114733745,0.13142392248989768,91.0,364.55386253468845,FUT2
P6,GO_Biological_Process_2026,gs_ind_0,Protein Phosphorylation (GO:0006468),1/299,0.6686691568368659,0.6917665370384848,1.3570111865861973,0.5461506946651068,TNIK
P6,GO_Biological_Process_2026,gs_ind_0,Protein Polymerization (GO:0051258),1/59,0.19507633576312508,0.26739296366616,6.986084267491303,11.41780694412366,COBL
P6,GO_Biological_Process_2026,gs_ind_0,Protein Polyubiquitination (GO:0000209),1/230,0.5720017858384014,0.6011036310828114,1.7695339442309588,0.9884849580679774,BLMH
P6,GO_Biological_Process_2026,gs_ind_0,Protein Processing (GO:0016485),2/146,0.10047331754159311,0.1926374672821714,4.746544183513955,10.906908655075059,PCSK6;TMPRSS4
P6,GO_Biological_Process_2026,gs_ind_0,Protein Stabilization (GO:0050821),2/204,0.17219844556976402,0.2450044391835835,3.37977063357774,5.945380592799993,DSP;TESC
P6,GO_Biological_Process_2026,gs_ind_0,Protein Tetramerization (GO:0051262),2/81,0.03576854112490912,0.14034045906642326,8.648117996360503,28.80416995965575,KRT1;KRT10
P6,GO_Biological_Process_2026,gs_ind_0,Protein Transport (GO:0015031),1/294,0.6624578858825588,0.6865264249890185,1.3803857447373151,0.5684404914614676,ABCA12
P6,GO_Biological_Process_2026,gs_ind_0,Protein Ubiquitination (GO:0016567),1/348,0.7238565796935414,0.7346946936485245,1.163537110010484,0.3760109802033447,BLMH
P6,GO_Biological_Process_2026,gs_ind_0,Proteinogenic Amino Acid Catabolic Process (GO:0170040),1/79,0.2522426969822118,0.3154350219046866,5.20234932624908,7.165526449104015,HAL
P6,GO_Biological_Process_2026,gs_ind_0,Proteolysis (GO:0006508),4/322,0.030950046371522513,0.1375458429834413,3.9310807623168835,13.662002532197004,SPPL3;BLMH;TMPRSS4;PCSK6
P6,GO_Biological_Process_2026,gs_ind_0,Receptor Clustering (GO:0043113),1/26,0.09114756758275655,0.1850759084138006,16.046408513154006,38.435568598252985,DLG2
P6,GO_Biological_Process_2026,gs_ind_0,Regulated Exocytosis (GO:0045055),1/47,0.15872146612108,0.23188819074762665,8.792835143459232,16.18413103887907,ABCA12
P6,GO_Biological_Process_2026,gs_ind_0,Regulation of Acute Inflammatory Response (GO:0002673),1/18,0.06401504258973123,0.16179329329640932,23.388801148600145,64.28732849758696,DNASE1L3
P6,GO_Biological_Process_2026,gs_ind_0,Regulation of Anatomical Structure Morphogenesis (GO:0022603),2/107,0.05891461336750041,0.15896330363573308,6.51057329131282,18.43576977423768,KRT1;TNIK
P6,GO_Biological_Process_2026,gs_ind_0,Regulation of Angiogenesis (GO:0045765),4/200,0.006368479488654243,0.07197583422082815,6.400704030376142,32.3644848901607,KLF4;KRT1;JUP;SPINK5
P6,GO_Biological_Process_2026,gs_ind_0,Regulation of Apoptotic Process (GO:0042981),2/661,0.7010885629184811,0.7190959746372777,1.0201737202849412,0.36228517492653955,DKKL1;PLEKHN1
P6,GO_Biological_Process_2026,gs_ind_0,Regulation of Apoptotic Signaling Pathway (GO:2001233),1/42,0.14309810434998382,0.22034900901192883,9.854029182054852,19.15844830527978,CSNK2A2
P6,GO_Biological_Process_2026,gs_ind_0,Regulation of Autophagy of Mitochondrion (GO:1903146),1/22,0.07768007418553498,0.1692013252259471,19.03459156246348,48.636360355386536,CSNK2A2
P6,GO_Biological_Process_2026,gs_ind_0,Regulation of Axon Extension (GO:0030516),2/41,0.009948736817063085,0.09611763473259335,17.431407826254578,80.36418839306899,MAP2;JUP
P6,GO_Biological_Process_2026,gs_ind_0,Regulation of BMP Signaling Pathway (GO:0030510),1/77,0.24671186426811992,0.3098121733681422,5.3387525864617205,7.471766641728897,PCSK6
P6,GO_Biological_Process_2026,gs_ind_0,Regulation of Blood Vessel Endothelial Cell Migration (GO:0043535),1/56,0.18613613194826314,0.25869035507426824,7.36452532934945,12.381806910580362,JUP
P6,GO_Biological_Process_2026,gs_ind_0,Regulation of Calcium Ion Transport (GO:0051924),1/54,0.18012145406991348,0.2526762318217287,7.640398252946978,13.096589333388202,HOMER2
P6,GO_Biological_Process_2026,gs_ind_0,Regulation of Canonical NF-kappaB Signal Transduction (GO:0043122),2/279,0.27282991267045603,0.3314911109322579,2.4594594594594597,3.194608391108009,KLF4;SLCO3A1
P6,GO_Biological_Process_2026,gs_ind_0,Regulation of Canonical Wnt Signaling Pathway (GO:0060828),3/219,0.046863484565874254,0.14945081303112787,4.468774797181264,13.676758945546872,SCEL;JUP;DKKL1
P6,GO_Biological_Process_2026,gs_ind_0,Regulation of Cardiac Muscle Cell Action Potential (GO:0098901),2/29,0.00506840162905688,0.0640214620628367,25.04891555145362,132.37674976169106,DSP;JUP
P6,GO_Biological_Process_2026,gs_ind_0,Regulation of Cardiac Muscle Cell Contraction (GO:0086004),2/30,0.005417514395149481,0.06490182245389078,24.169115682607533,126.11730163340725,DSP;JUP
P6,GO_Biological_Process_2026,gs_ind_0,Regulation of Cartilage Development (GO:0061035),1/18,0.06401504258973123,0.16179329329640932,23.388801148600145,64.28732849758696,MBOAT2
P6,GO_Biological_Process_2026,gs_ind_0,Regulation of Cell Adhesion (GO:0030155),1/135,0.391792489846731,0.43540575402261944,3.030038669182343,2.839215748138981,TESC
P6,GO_Biological_Process_2026,gs_ind_0,Regulation of Cell Adhesion Mediated by Integrin (GO:0033628),1/33,0.11424883561195394,0.19665244980333452,12.587011982991882,27.305967256473732,TESC
P6,GO_Biological_Process_2026,gs_ind_0,Regulation of Cell Communication (GO:0010646),1/63,0.20684553317320864,0.28095345662302035,6.538010050251256,10.302484965677984,UGCG
P6,GO_Biological_Process_2026,gs_ind_0,Regulation of Cell Cycle (GO:0051726),1/300,0.6698977642351274,0.691842690994554,1.3524299292791169,0.5418242310386382,DSP
P6,GO_Biological_Process_2026,gs_ind_0,Regulation of Cell Cycle G1/S Phase Transition (GO:1902806),1/86,0.2712858857554616,0.3302850519665071,4.775191748214758,6.229629607934631,SUSD2
P6,GO_Biological_Process_2026,gs_ind_0,Regulation of Cell Differentiation (GO:0045595),3/189,0.03247981623191869,0.1375458429834413,5.193386952636282,17.798445576784612,MBOAT2;KLF4;DSP
P6,GO_Biological_Process_2026,gs_ind_0,Regulation of Cell Division (GO:0051302),1/80,0.25499301809085445,0.3168896635610411,5.136721342561866,7.01942789910666,SUSD2
P6,GO_Biological_Process_2026,gs_ind_0,Regulation of Cell Junction Assembly (GO:1901888),1/36,0.12397052607037776,0.20627318087821186,11.52204685398825,24.054708967199332,SRGAP2
P6,GO_Biological_Process_2026,gs_ind_0,Regulation of Cell Migration (GO:0030334),1/445,0.80766038342552,0.8103661133532437,0.9063370847488285,0.19360595137946365,SRGAP2
P6,GO_Biological_Process_2026,gs_ind_0,Regulation of Cell Migration Involved in Sprouting Angiogenesis (GO:0090049),1/35,0.12074175755375664,0.20258911141372615,11.856456194013546,25.06574885089274,KLF4
P6,GO_Biological_Process_2026,gs_ind_0,Regulation of Cell Population Proliferation (GO:0042127),3/706,0.48106655250294467,0.5154899194083432,1.3504018369690012,0.9881560791988094,KLF4;JUP;TESC
P6,GO_Biological_Process_2026,gs_ind_0,Regulation of Cell-Cell Adhesion Involved in Gastrulation (GO:0070587),1/9,0.032531551648223855,0.1375458429834413,48.16937629323086,165.00635843822025,KLF4
P6,GO_Biological_Process_2026,gs_ind_0,Regulation of Cell-Matrix Adhesion (GO:0001952),1/67,0.21844434306696422,0.2907736922158035,6.1438394982430955,9.346156217905994,JUP
P6,GO_Biological_Process_2026,gs_ind_0,Regulation of Cellular Component Organization (GO:0051128),2/161,0.11811977005345324,0.19930889210763036,4.297773817290708,9.180286274651898,KLK8;CTTNBP2
P6,GO_Biological_Process_2026,gs_ind_0,Regulation of Cellular Localization (GO:0060341),1/19,0.06744997582548398,0.16357301829742876,22.123726741817194,59.65373216204687,ABCA12
P6,GO_Biological_Process_2026,gs_ind_0,Regulation of Cellular Response to Growth Factor Stimulus (GO:0090287),1/28,0.09780812250653742,0.1914609979784834,14.878300593878484,34.58829438886499,PCSK6
P6,GO_Biological_Process_2026,gs_ind_0,Regulation of Cellular Response to Osmotic Stress (GO:0106049),1/5,0.018204501114733745,0.13142392248989768,91.0,364.55386253468845,MICU1
P6,GO_Biological_Process_2026,gs_ind_0,Regulation of Ceramide Biosynthetic Process (GO:2000303),1/13,0.04665159224326654,0.14945081303112787,32.75035175879397,100.38140738175221,GLTP
P6,GO_Biological_Process_2026,gs_ind_0,Regulation of Chemokine (C-X-C Motif) Ligand 2 Production (GO:2000341),1/12,0.043140826609840886,0.1468258814732653,35.59951933580948,111.89945212016866,KLF4
P6,GO_Biological_Process_2026,gs_ind_0,Regulation of Cholesterol Efflux (GO:0010874),1/30,0.10442034991225575,0.19424779378087328,13.868580189080998,31.333708986565636,ABCA12
P6,GO_Biological_Process_2026,gs_ind_0,Regulation of Chondrocyte Differentiation (GO:0032330),1/25,0.08779905814197392,0.18126432331510547,16.70197928417598,40.630980258906256,MBOAT2
P6,GO_Biological_Process_2026,gs_ind_0,Regulation of Chromosome Segregation (GO:0051983),1/16,0.0571075553965845,0.15548829855706417,26.40865618414654,75.60319879037347,CSNK2A2
P6,GO_Biological_Process_2026,gs_ind_0,Regulation of Chromosome Separation (GO:1905818),1/5,0.018204501114733745,0.13142392248989768,91.0,364.55386253468845,CSNK2A2
P6,GO_Biological_Process_2026,gs_ind_0,Regulation of Cold-Induced Thermogenesis (GO:0120161),1/142,0.40731337405009255,0.4460342066837394,2.879396984924623,2.5861949839942633,ACSL1
P6,GO_Biological_Process_2026,gs_ind_0,Regulation of Dendrite Development (GO:0050773),2/43,0.010903872514168692,0.10102282544682481,16.590116812427375,74.96472024703068,TNIK;COBL
P6,GO_Biological_Process_2026,gs_ind_0,Regulation of Dendrite Morphogenesis (GO:0048814),1/32,0.11098459693722368,0.1949553476991114,12.987078248384782,28.550323385514286,TNIK
P6,GO_Biological_Process_2026,gs_ind_0,Regulation of Endocytic Recycling (GO:2001135),1/17,0.060567584183063565,0.15912273213006614,24.80721790772042,69.5593259790493,PLA2G4E
P6,GO_Biological_Process_2026,gs_ind_0,Regulation of Epidermal Cell Differentiation (GO:0045604),1/20,0.07087242893827944,0.16648072523148777,20.98840355624275,55.55365534242182,ABCA12
P6,GO_Biological_Process_2026,gs_ind_0,Regulation of Epidermis Development (GO:0045682),1/8,0.02896931280161029,0.13556733100128565,54.59396984924623,193.34553720447744,KRT10
P6,GO_Biological_Process_2026,gs_ind_0,Regulation of Epithelial Cell Proliferation (GO:0050678),1/90,0.2819513107385542,0.3371034633381117,4.561101597372336,5.774449857647963,DSC1
P6,GO_Biological_Process_2026,gs_ind_0,Regulation of Extrinsic Apoptotic Signaling Pathway in Absence of Ligand (GO:2001239),1/27,0.09448390777737954,0.18740351244586206,15.440314781454441,36.428732206490906,KLF4
P6,GO_Biological_Process_2026,gs_ind_0,Regulation of G Protein-Coupled Receptor Signaling Pathway (GO:0008277),1/78,0.24948232449515884,0.3126357999426781,5.26967093532177,7.316238334127009,KLK5
P6,GO_Biological_Process_2026,gs_ind_0,Regulation of G1/S Transition of Mitotic Cell Cycle (GO:2000045),1/121,0.3595335598753482,0.4048131623408526,3.383827852957735,3.461479104295593,KLF4
P6,GO_Biological_Process_2026,gs_ind_0,Regulation of GTPase Activity (GO:0043087),1/94,0.29246217540983005,0.3475889743462068,4.365329320398786,5.3668228915658895,SRGAP2
P6,GO_Biological_Process_2026,gs_ind_0,Regulation of Gene Expression (GO:0010468),5/934,0.2584274788057251,0.31983070207568043,1.625731899996902,2.199843140511986,ALOX12B;GRHL1;TESC;KLF4;TMPRSS4
P6,GO_Biological_Process_2026,gs_ind_0,Regulation of Granulocyte Differentiation (GO:0030852),1/10,0.036080852581350895,0.14034045906642326,43.0973287490082,143.16902243022955,TESC
P6,GO_Biological_Process_2026,gs_ind_0,Regulation of Heart Rate by Cardiac Conduction (GO:0086091),2/41,0.009948736817063085,0.09611763473259335,17.431407826254578,80.36418839306899,DSP;JUP
P6,GO_Biological_Process_2026,gs_ind_0,Regulation of Hemoglobin Biosynthetic Process (GO:0046984),1/7,0.025394089358317242,0.13461114624453122,62.9953614224971,231.39700796830692,KLF4
P6,GO_Biological_Process_2026,gs_ind_0,Regulation of Heterotypic Cell-Cell Adhesion (GO:0034114),1/20,0.07087242893827944,0.16648072523148777,20.98840355624275,55.55365534242182,KLF4
P6,GO_Biological_Process_2026,gs_ind_0,Regulation of Immune Response (GO:0050776),1/86,0.2712858857554616,0.3302850519665071,4.775191748214758,6.229629607934631,SPINK5
P6,GO_Biological_Process_2026,gs_ind_0,Regulation of Inflammatory Response (GO:0050727),2/252,0.23619115052303838,0.3003789791152866,2.7272865436639413,3.9357849621352385,DNASE1L3;KLF4
P6,GO_Biological_Process_2026,gs_ind_0,Regulation of Insulin Secretion (GO:0050796),1/90,0.2819513107385542,0.3371034633381117,4.561101597372336,5.774449857647963,ABCA12
P6,GO_Biological_Process_2026,gs_ind_0,Regulation of Insulin Secretion Involved in Cellular Response to Glucose Stimulus (GO:0061178),1/30,0.10442034991225575,0.19424779378087328,13.868580189080998,31.333708986565636,ABCA12
P6,GO_Biological_Process_2026,gs_ind_0,Regulation of Interleukin-2 Production (GO:0032663),1/57,0.1891270689518711,0.2610302172861078,7.233912927469205,12.046896829454685,HOMER2
P6,GO_Biological_Process_2026,gs_ind_0,Regulation of Interleukin-8 Production (GO:0032677),1/74,0.23833959157565857,0.30119285939624363,5.557276176802379,7.969460621659022,KLF4
P6,GO_Biological_Process_2026,gs_ind_0,Regulation of Intracellular Signal Transduction (GO:1902531),2/321,0.3296229164711318,0.37752223129294066,2.1328138032935344,2.3670094603033314,SRGAP2;TNIK
P6,GO_Biological_Process_2026,gs_ind_0,Regulation of Intracellular Transport (GO:0032386),1/56,0.18613613194826314,0.25869035507426824,7.36452532934945,12.381806910580362,MAP2
P6,GO_Biological_Process_2026,gs_ind_0,Regulation of JNK Cascade (GO:0046328),1/116,0.3476066941244921,0.39509755176578887,3.5309665209162695,3.7311145124347598,TNIK
P6,GO_Biological_Process_2026,gs_ind_0,Regulation of Keratinocyte Differentiation (GO:0045616),2/29,0.00506840162905688,0.0640214620628367,25.04891555145362,132.37674976169106,DSP;ABCA12
P6,GO_Biological_Process_2026,gs_ind_0,Regulation of Leukocyte Adhesion to Arterial Endothelial Cell (GO:1904997),1/6,0.021805834468432178,0.13328260047541707,74.4518044769301,284.8211635890129,KLF4
P6,GO_Biological_Process_2026,gs_ind_0,Regulation of Leukocyte Mediated Cytotoxicity (GO:0001910),1/10,0.036080852581350895,0.14034045906642326,43.0973287490082,143.16902243022955,DNASE1L3
P6,GO_Biological_Process_2026,gs_ind_0,Regulation of Long-Chain Fatty Acid Import Across Plasma Membrane (GO:0010746),1/6,0.021805834468432178,0.13328260047541707,74.4518044769301,284.8211635890129,ACSL1
P6,GO_Biological_Process_2026,gs_ind_0,Regulation of Lymphocyte Differentiation (GO:0045619),1/19,0.06744997582548398,0.16357301829742876,22.123726741817194,59.65373216204687,SPINK5
P6,GO_Biological_Process_2026,gs_ind_0,Regulation of MAPK Cascade (GO:0043408),3/266,0.07461365737550997,0.1692013252259471,3.665284873254513,9.512996600118854,ALOX12B;TNIK;SLCO3A1
P6,GO_Biological_Process_2026,gs_ind_0,Regulation of Macroautophagy (GO:0016241),1/106,0.32308942595997636,0.3721741656731266,3.867084236347615,4.3691328307529815,CSNK2A2
P6,GO_Biological_Process_2026,gs_ind_0,Regulation of Macromolecule Biosynthetic Process (GO:0010556),1/138,0.39849296370825943,0.438781774377293,2.963599817268159,2.726705763488906,TMPRSS4
P6,GO_Biological_Process_2026,gs_ind_0,Regulation of Megakaryocyte Differentiation (GO:0045652),1/17,0.060567584183063565,0.15912273213006614,24.80721790772042,69.5593259790493,TESC
P6,GO_Biological_Process_2026,gs_ind_0,Regulation of Microtubule Polymerization (GO:0031113),1/51,0.1710168333182885,0.2439025789467972,8.09517886462013,14.296031530903484,MAP2
P6,GO_Biological_Process_2026,gs_ind_0,Regulation of Microtubule Polymerization or Depolymerization (GO:0031110),1/30,0.10442034991225575,0.19424779378087328,13.868580189080998,31.333708986565636,MAP2
P6,GO_Biological_Process_2026,gs_ind_0,Regulation of Microtubule-Based Movement (GO:0060632),1/14,0.05014960504049533,0.14945081303112787,30.32328308207705,90.74984291620152,MAP2
P6,GO_Biological_Process_2026,gs_ind_0,Regulation of Microtubule-Based Process (GO:0032886),1/44,0.14938162196228383,0.2231411260733367,9.400277248310518,17.872286764451427,MAP2
P6,GO_Biological_Process_2026,gs_ind_0,Regulation of Microvillus Assembly (GO:0032534),1/9,0.032531551648223855,0.1375458429834413,48.16937629323086,165.00635843822025,TNIK
P6,GO_Biological_Process_2026,gs_ind_0,Regulation of Mitophagy (GO:1901524),1/31,0.10770844937287086,0.1949553476991114,13.413378367246066,29.88939646374393,CSNK2A2
P6,GO_Biological_Process_2026,gs_ind_0,Regulation of Myeloid Leukocyte Mediated Immunity (GO:0002886),1/7,0.025394089358317242,0.13461114624453122,62.9953614224971,231.39700796830692,DNASE1L3
P6,GO_Biological_Process_2026,gs_ind_0,Regulation of Neuron Apoptotic Process (GO:0043523),1/127,0.3735611490745638,0.4198182519618456,3.2226150515422964,3.173223863460096,CASP14
P6,GO_Biological_Process_2026,gs_ind_0,Regulation of Neuron Migration (GO:2001222),1/32,0.11098459693722368,0.1949553476991114,12.987078248384782,28.550323385514286,SRGAP2
P6,GO_Biological_Process_2026,gs_ind_0,Regulation of Neutrophil Chemotaxis (GO:0090022),1/25,0.08779905814197392,0.18126432331510547,16.70197928417598,40.630980258906256,PERP
P6,GO_Biological_Process_2026,gs_ind_0,Regulation of Nitric Oxide Biosynthetic Process (GO:0045428),1/43,0.1462455860603604,0.22160829438331264,9.621814957138634,18.49763110790661,KLF4
P6,GO_Biological_Process_2026,gs_ind_0,Regulation of Proteasomal Ubiquitin-Dependent Protein Catabolic Process (GO:0032434),1/106,0.32308942595997636,0.3721741656731266,3.867084236347615,4.3691328307529815,CSNK2A2
P6,GO_Biological_Process_2026,gs_ind_0,Regulation of Protein Catabolic Process (GO:0042176),1/158,0.4413326282741778,0.47890986292795745,2.5853553481694185,2.114708027562443,SERPINB12
P6,GO_Biological_Process_2026,gs_ind_0,Regulation of Protein Import Into Nucleus (GO:0042306),1/42,0.14309810434998382,0.22034900901192883,9.854029182054852,19.15844830527978,JUP
P6,GO_Biological_Process_2026,gs_ind_0,Regulation of Protein Localization (GO:0032880),2/104,0.056032353567675816,0.15548829855706417,6.701869506004705,19.313621876767836,MAP2;DSP
P6,GO_Biological_Process_2026,gs_ind_0,Regulation of Protein Localization to Mitochondrion (GO:1903747),1/43,0.1462455860603604,0.22160829438331264,9.621814957138634,18.49763110790661,CSNK2A2
P6,GO_Biological_Process_2026,gs_ind_0,Regulation of Protein Metabolic Process (GO:0051246),1/86,0.2712858857554616,0.3302850519665071,4.775191748214758,6.229629607934631,KLF4
P6,GO_Biological_Process_2026,gs_ind_0,Regulation of Protein Polymerization (GO:0032271),1/37,0.12718755619754754,0.20758949907992091,11.205961313416397,23.107728348226125,MAP2
P6,GO_Biological_Process_2026,gs_ind_0,Regulation of Proteolysis (GO:0030162),1/51,0.1710168333182885,0.2439025789467972,8.09517886462013,14.296031530903484,PERP
P6,GO_Biological_Process_2026,gs_ind_0,Regulation of RNA Biosynthetic Process (GO:2001141),1/373,0.7484014771536799,0.7572508189443483,1.0844356008229066,0.31428647450753794,GRHL1
P6,GO_Biological_Process_2026,gs_ind_0,Regulation of Response to Cytokine Stimulus (GO:0060759),1/14,0.05014960504049533,0.14945081303112787,30.32328308207705,90.74984291620152,KLF4
P6,GO_Biological_Process_2026,gs_ind_0,Regulation of Signal Transduction (GO:0009966),1/222,0.5591264861754149,0.5906821256068316,1.833989359892011,1.0662439256219776,UGCG
P6,GO_Biological_Process_2026,gs_ind_0,Regulation of Small GTPase Mediated Signal Transduction (GO:0051056),1/161,0.4474925332274017,0.4847161435862814,2.536749166392711,2.0397884039694127,SRGAP2
P6,GO_Biological_Process_2026,gs_ind_0,Regulation of Smooth Muscle Cell Apoptotic Process (GO:0034391),1/16,0.0571075553965845,0.15548829855706417,26.40865618414654,75.60319879037347,LYPD3
P6,GO_Biological_Process_2026,gs_ind_0,Regulation of Sprouting Angiogenesis (GO:1903670),1/39,0.1335865701175638,0.21168877116513418,10.623050316517654,21.38425920263491,KLF4
P6,GO_Biological_Process_2026,gs_ind_0,Regulation of Store-Operated Calcium Entry (GO:2001256),1/10,0.036080852581350895,0.14034045906642326,43.0973287490082,143.16902243022955,HOMER2
P6,GO_Biological_Process_2026,gs_ind_0,Regulation of Supramolecular Fiber Organization (GO:1902903),1/29,0.10112025539501886,0.1926374672821714,14.355725998413119,32.89535401837941,MAP2
P6,GO_Biological_Process_2026,gs_ind_0,Regulation of Synapse Assembly (GO:0051963),1/84,0.265894511441762,0.3270447892271365,4.889928685342882,6.4774715260949085,SRGAP2
P6,GO_Biological_Process_2026,gs_ind_0,Regulation of Synapse Organization (GO:0050807),3/50,0.0008277590094501677,0.021415565513208206,20.495924426450742,145.4552407118088,KLK8;SRGAP2;CTTNBP2
P6,GO_Biological_Process_2026,gs_ind_0,"Regulation of Synaptic Transmission, Glutamatergic (GO:0051966)",1/51,0.1710168333182885,0.2439025789467972,8.09517886462013,14.296031530903484,HOMER2
P6,GO_Biological_Process_2026,gs_ind_0,Regulation of T Cell Activation (GO:0050863),1/63,0.20684553317320864,0.28095345662302035,6.538010050251256,10.302484965677984,SPINK5
P6,GO_Biological_Process_2026,gs_ind_0,Regulation of T Cell Apoptotic Process (GO:0070232),1/10,0.036080852581350895,0.14034045906642326,43.0973287490082,143.16902243022955,PERP
P6,GO_Biological_Process_2026,gs_ind_0,Regulation of T Cell Differentiation (GO:0045580),1/45,0.15250625325948727,0.22555863136403181,9.18869629044097,17.27979985753456,SPINK5
P6,GO_Biological_Process_2026,gs_ind_0,Regulation of T Cell Proliferation (GO:0042129),1/71,0.2298752076552973,0.29611881588284533,5.794397519512456,8.519031546226,PLA2G2F
P6,GO_Biological_Process_2026,gs_ind_0,Regulation of Telomere Maintenance (GO:0032204),1/51,0.1710168333182885,0.2439025789467972,8.09517886462013,14.296031530903484,KLF4
P6,GO_Biological_Process_2026,gs_ind_0,Regulation of Testosterone Biosynthetic Process (GO:2000224),1/4,0.014590042112100507,0.12309063697391837,117.0043072505384,494.6258840598229,DKKL1
P6,GO_Biological_Process_2026,gs_ind_0,Regulation of Transmembrane Receptor Protein Serine/Threonine Kinase Signaling Pathway (GO:0090092),1/32,0.11098459693722368,0.1949553476991114,12.987078248384782,28.550323385514286,PCSK6
P6,GO_Biological_Process_2026,gs_ind_0,Regulation of Vasculature Development (GO:1901342),1/33,0.11424883561195394,0.19665244980333452,12.587011982991882,27.305967256473732,KRT1
P6,GO_Biological_Process_2026,gs_ind_0,Regulation of Vasculogenesis (GO:2001212),1/18,0.06401504258973123,0.16179329329640932,23.388801148600145,64.28732849758696,DSP
P6,GO_Biological_Process_2026,gs_ind_0,Regulation of Ventricular Cardiac Muscle Cell Action Potential (GO:0098911),2/12,0.000858052708375621,0.021415565513208206,65.64539521392314,463.51196245261565,DSP;JUP
P6,GO_Biological_Process_2026,gs_ind_0,Regulation of Viral Entry Into Host Cell (GO:0046596),1/17,0.060567584183063565,0.15912273213006614,24.80721790772042,69.5593259790493,TMPRSS4
P6,GO_Biological_Process_2026,gs_ind_0,Regulation of calcineurin-NFAT Signaling Cascade (GO:0070884),2/30,0.005417514395149481,0.06490182245389078,24.169115682607533,126.11730163340725,SPPL3;HOMER2
P6,GO_Biological_Process_2026,gs_ind_0,Regulation of miRNA Transcription (GO:1902893),1/64,0.20976111348061466,0.28426902030517687,6.434811854548332,10.049798749352027,KLF4
P6,GO_Biological_Process_2026,gs_ind_0,Release of Cytochrome C From Mitochondria (GO:0001836),1/17,0.060567584183063565,0.15912273213006614,24.80721790772042,69.5593259790493,GGCT
P6,GO_Biological_Process_2026,gs_ind_0,Response to Calcium Ion (GO:0051592),2/96,0.048603725480302264,0.14945081303112787,7.271372169849327,21.989030058167174,ACER1;MICU1
P6,GO_Biological_Process_2026,gs_ind_0,Response to Indole-3-Methanol (GO:0071680),1/5,0.018204501114733745,0.13142392248989768,91.0,364.55386253468845,JUP
P6,GO_Biological_Process_2026,gs_ind_0,Response to Laminar Fluid Shear Stress (GO:0034616),1/11,0.03961726211805212,0.14382266671947405,38.99138549892319,125.88331156809635,KLF4
P6,GO_Biological_Process_2026,gs_ind_0,Response to Nerve Growth Factor (GO:1990089),1/14,0.05014960504049533,0.14945081303112787,30.32328308207705,90.74984291620152,ACAP2
P6,GO_Biological_Process_2026,gs_ind_0,Response to Potassium Ion (GO:0035864),1/6,0.021805834468432178,0.13328260047541707,74.4518044769301,284.8211635890129,DLG2
P6,GO_Biological_Process_2026,gs_ind_0,Response to Retinoic Acid (GO:0032526),1/57,0.1891270689518711,0.2610302172861078,7.233912927469205,12.046896829454685,TESC
P6,GO_Biological_Process_2026,gs_ind_0,Retrograde Axonal Transport (GO:0008090),1/15,0.05363491085988955,0.15371919428264996,28.2309824987004,82.591294852792,DLG2
P6,GO_Biological_Process_2026,gs_ind_0,Sensory Perception of Light Stimulus (GO:0050953),1/128,0.3758693246490863,0.4200479952701543,3.1972214011232634,3.1285250606714254,ABLIM1
P6,GO_Biological_Process_2026,gs_ind_0,Sensory Perception of Mechanical Stimulus (GO:0050954),1/96,0.29766034184671536,0.35167365831594183,4.273593096371912,5.178749665642031,HOMER2
P6,GO_Biological_Process_2026,gs_ind_0,Sensory Perception of Sound (GO:0007605),1/101,0.3104909300170286,0.36183670638171234,4.060226505662642,4.748843312214204,HOMER2
P6,GO_Biological_Process_2026,gs_ind_0,Signaling Receptor Ligand Precursor Processing (GO:0140448),1/20,0.07087242893827944,0.16648072523148777,20.98840355624275,55.55365534242182,PCSK6
P6,GO_Biological_Process_2026,gs_ind_0,Skin Development (GO:0043588),9/67,2.979030031229971e-12,4.4610974717668817e-10,48.11363317920695,1276.908080391887,SCEL;POU2F3;FLG;CDSN;ACER1;DSP;KRT10;UGCG;ABCA12
P6,GO_Biological_Process_2026,gs_ind_0,Skin Epidermis Development (GO:0098773),6/22,1.4869419669960315e-10,1.4844637303843715e-08,113.18566618566618,2561.2930739045364,ALOX12B;DSC1;FLG;UGCG;HRNR;ABCA12
P6,GO_Biological_Process_2026,gs_ind_0,Skin Morphogenesis (GO:0043589),2/9,0.00047140202870182124,0.014118490759619547,91.91370558375634,704.0405343731263,CDSN;ABCA12
P6,GO_Biological_Process_2026,gs_ind_0,Sodium Ion Homeostasis (GO:0055078),1/29,0.10112025539501886,0.1926374672821714,14.355725998413119,32.89535401837941,TESC
P6,GO_Biological_Process_2026,gs_ind_0,Sodium-independent Organic Anion Transport (GO:0043252),1/8,0.02896931280161029,0.13556733100128565,54.59396984924623,193.34553720447744,SLCO3A1
P6,GO_Biological_Process_2026,gs_ind_0,Sphingoid Biosynthetic Process (GO:0046520),2/14,0.001177425879292313,0.02338812331269476,55.13807106598985,371.87456739203236,SPTLC3;ACER1
P6,GO_Biological_Process_2026,gs_ind_0,Sphingoid Metabolic Process (GO:0046519),1/11,0.03961726211805212,0.14382266671947405,38.99138549892319,125.88331156809635,SPTLC3
P6,GO_Biological_Process_2026,gs_ind_0,Sphingolipid Biosynthetic Process (GO:0030148),5/80,1.159508977209212e-05,0.0007717176414981311,20.666239034707534,234.87033612271847,ALOX12B;FUT2;ACER1;UGCG;SPTLC3
P6,GO_Biological_Process_2026,gs_ind_0,Sphingolipid Catabolic Process (GO:0030149),1/32,0.11098459693722368,0.1949553476991114,12.987078248384782,28.550323385514286,ACER1
P6,GO_Biological_Process_2026,gs_ind_0,Sphingolipid Metabolic Process (GO:0006665),4/78,0.00019727129461754643,0.007900184893247555,16.958757867649616,144.6739872207545,ALOX12B;SPTLC3;ACER1;ABCA12
P6,GO_Biological_Process_2026,gs_ind_0,Sphingosine Biosynthetic Process (GO:0046512),2/14,0.001177425879292313,0.02338812331269476,55.13807106598985,371.87456739203236,SPTLC3;ACER1
P6,GO_Biological_Process_2026,gs_ind_0,Sphingosine Metabolic Process (GO:0006670),2/20,0.0024233666823696197,0.036289916068485056,37.24722184113047,224.32502568471043,SPTLC3;ACER1
P6,GO_Biological_Process_2026,gs_ind_0,Substrate Adhesion-Dependent Cell Spreading (GO:0034446),1/41,0.1399391354800803,0.21715943562841478,10.097710776102735,19.85762987649694,SRGAP2
P6,GO_Biological_Process_2026,gs_ind_0,Sulfur Amino Acid Catabolic Process (GO:0000098),1/11,0.03961726211805212,0.14382266671947405,38.99138549892319,125.88331156809635,BLMH
P6,GO_Biological_Process_2026,gs_ind_0,Supramolecular Fiber Organization (GO:0097435),8/298,1.4441501544145524e-05,0.0008650459424943169,8.50197702004931,94.75797246930445,KRT1;CDSN;DSP;POF1B;KRT10;KRT78;KRT77;CLIP4
P6,GO_Biological_Process_2026,gs_ind_0,Synapse Assembly (GO:0007416),1/89,0.27929953184328316,0.33662056252339356,4.612809811770718,5.883502754967439,SRGAP2
P6,GO_Biological_Process_2026,gs_ind_0,T Cell Receptor Signaling Pathway (GO:0050852),1/75,0.24114053449635292,0.30409090560697977,5.482479511652221,7.7981439048024175,SPPL3
P6,GO_Biological_Process_2026,gs_ind_0,Telomere Maintenance (GO:0000723),1/58,0.19210712382525622,0.26453371763523786,7.107843565654359,11.725824641202973,DSP
P6,GO_Biological_Process_2026,gs_ind_0,Telomere Organization (GO:0032200),1/46,0.15561952100888302,0.22903216974034626,8.986415594455796,16.717799339197803,DSP
P6,GO_Biological_Process_2026,gs_ind_0,Tight Junction Assembly (GO:0120192),1/38,0.13039289018139794,0.20828090991641962,10.906733668341708,22.219232230345032,POF1B
P6,GO_Biological_Process_2026,gs_ind_0,Transport Across Blood-Brain Barrier (GO:0150104),1/85,0.2685951165573057,0.3290152859260248,4.83188129999108,6.351750414065389,SLCO3A1
P6,GO_Biological_Process_2026,gs_ind_0,Tryptophan Transport (GO:0015827),1/5,0.018204501114733745,0.13142392248989768,91.0,364.55386253468845,SLCO3A1
P6,GO_Biological_Process_2026,gs_ind_0,Tube Closure (GO:0060606),1/30,0.10442034991225575,0.19424779378087328,13.868580189080998,31.333708986565636,COBL
P6,GO_Biological_Process_2026,gs_ind_0,Unsaturated Fatty Acid Metabolic Process (GO:0033559),1/38,0.13039289018139794,0.20828090991641962,10.906733668341708,22.219232230345032,ALOX12B
P6,GO_Biological_Process_2026,gs_ind_0,Vascular Transport (GO:0010232),1/83,0.2631840348188177,0.324377030568872,4.949383280036546,6.606940349250194,SLCO3A1
P6,GO_Biological_Process_2026,gs_ind_0,Ventricular Cardiac Muscle Tissue Morphogenesis (GO:0055010),1/33,0.11424883561195394,0.19665244980333452,12.587011982991882,27.305967256473732,DSP
P6,GO_Biological_Process_2026,gs_ind_0,Ventricular Compact Myocardium Morphogenesis (GO:0003223),1/6,0.021805834468432178,0.13328260047541707,74.4518044769301,284.8211635890129,DSP
P6,GO_Biological_Process_2026,gs_ind_0,Very Long-Chain Fatty Acid Metabolic Process (GO:0000038),1/29,0.10112025539501886,0.1926374672821714,14.355725998413119,32.89535401837941,ACSL1
P6,GO_Biological_Process_2026,gs_ind_0,"Vesicle Targeting, Rough ER to cis-Golgi (GO:0048207)",1/22,0.07768007418553498,0.1692013252259471,19.03459156246348,48.636360355386536,GLTP
P6,GO_Biological_Process_2026,gs_ind_0,Visual Perception (GO:0007601),1/128,0.3758693246490863,0.4200479952701543,3.1972214011232634,3.1285250606714254,ABLIM1
P6,GO_Biological_Process_2026,gs_ind_0,Wnt Signaling Pathway (GO:0016055),1/85,0.2685951165573057,0.3290152859260248,4.83188129999108,6.351750414065389,JUP
P6,GO_Biological_Process_2026,gs_ind_0,Wound Healing (GO:0042060),2/78,0.03338642678612387,0.13887826142283471,8.988255200557381,30.556524918365778,DSP;PPL
