Program,Library,Gene_set,Term,Overlap,P-value,Adjusted P-value,Odds Ratio,Combined Score,Genes
P7,GO_Biological_Process_2026,gs_ind_0,3'-UTR-mediated mRNA Stabilization (GO:0070935),1/18,0.06401504258973123,0.1209900677079575,23.388801148600145,64.28732849758696,RBM47
P7,GO_Biological_Process_2026,gs_ind_0,Acetyl-CoA Biosynthetic Process (GO:0006085),2/12,0.000858052708375621,0.008343433572231367,65.64539521392314,463.51196245261565,ACLY;ACSS2
P7,GO_Biological_Process_2026,gs_ind_0,Acetyl-CoA Metabolic Process (GO:0006084),7/18,2.218719818895293e-13,1.366361621803018e-11,189.4199023482911,5519.066291897787,HMGCS1;MVD;ACLY;PMVK;ACACA;ACSS2;ACACB
P7,GO_Biological_Process_2026,gs_ind_0,Acyl-CoA Biosynthetic Process (GO:0071616),4/17,3.9069486331298145e-07,1.255319582557797e-05,93.79792746113989,1384.0202155325223,FASN;ACLY;ACACA;ACSS2
P7,GO_Biological_Process_2026,gs_ind_0,Acyl-CoA Metabolic Process (GO:0006637),3/29,0.00016317431440605775,0.0026214308336103627,36.766424770198356,320.62864853177814,HMGCS1;ACACA;ACACB
P7,GO_Biological_Process_2026,gs_ind_0,Acylglycerol Biosynthetic Process (GO:0046463),2/22,0.0029322720492415346,0.02166949044389494,33.610870372663115,196.01784692880852,DGAT2;GPAM
P7,GO_Biological_Process_2026,gs_ind_0,Acylglycerol Catabolic Process (GO:0046464),1/33,0.11424883561195394,0.1733673296041765,12.587011982991882,27.305967256473732,MGLL
P7,GO_Biological_Process_2026,gs_ind_0,Acylglycerol Homeostasis (GO:0055090),1/23,0.08106535561630931,0.13997032196367426,18.187939698492464,45.697191038775365,SCARB1
P7,GO_Biological_Process_2026,gs_ind_0,Acylglycerol Metabolic Process (GO:0006639),3/37,0.00033967411776744417,0.004403845140879671,28.232552954292085,225.50819083507244,DGAT2;FITM2;MGLL
P7,GO_Biological_Process_2026,gs_ind_0,Adaptive Thermogenesis (GO:1990845),1/17,0.060567584183063565,0.11747885750993169,24.80721790772042,69.5593259790493,CLSTN3
P7,GO_Biological_Process_2026,gs_ind_0,Adiponectin-activated Signaling Pathway (GO:0033211),1/6,0.021805834468432178,0.0831582823847523,74.4518044769301,284.8211635890129,ADIPOR2
P7,GO_Biological_Process_2026,gs_ind_0,Adipose Tissue Development (GO:0060612),1/14,0.05014960504049533,0.10997198256654614,30.32328308207705,90.74984291620152,DGAT2
P7,GO_Biological_Process_2026,gs_ind_0,Adult Locomotory Behavior (GO:0008344),1/11,0.03961726211805212,0.10236768078755426,38.99138549892319,125.88331156809635,PRKN
P7,GO_Biological_Process_2026,gs_ind_0,Aggresome Assembly (GO:0070842),1/5,0.018204501114733745,0.0805576426574146,91.0,364.55386253468845,PRKN
P7,GO_Biological_Process_2026,gs_ind_0,Alpha-linolenic Acid Metabolic Process (GO:0036109),2/9,0.00047140202870182124,0.005443220300166342,91.91370558375634,704.0405343731263,ELOVL1;ELOVL3
P7,GO_Biological_Process_2026,gs_ind_0,Amyloid Fibril Formation (GO:1990000),1/24,0.08443833551787916,0.14311910538466213,17.41334331230621,43.0411486823959,PRKN
P7,GO_Biological_Process_2026,gs_ind_0,Androgen Metabolic Process (GO:0008209),2/20,0.0024233666823696197,0.018654874773657803,37.24722184113047,224.32502568471043,HSD17B4;HSD17B7
P7,GO_Biological_Process_2026,gs_ind_0,Angiogenesis Involved in Wound Healing (GO:0060055),1/11,0.03961726211805212,0.10236768078755426,38.99138549892319,125.88331156809635,ADIPOR2
P7,GO_Biological_Process_2026,gs_ind_0,Apoptotic Cell Clearance (GO:0043277),1/23,0.08106535561630931,0.13997032196367426,18.187939698492464,45.697191038775365,SCARB1
P7,GO_Biological_Process_2026,gs_ind_0,Apoptotic Process (GO:0006915),2/242,0.22268562860313323,0.27111149841468773,2.8417425625547454,4.268280958650389,CIDEA;DAPK1
P7,GO_Biological_Process_2026,gs_ind_0,Arachidonate Metabolic Process (GO:0019369),1/29,0.10112025539501886,0.15899546539769985,14.355725998413119,32.89535401837941,MGLL
P7,GO_Biological_Process_2026,gs_ind_0,Autophagy of Mitochondrion (GO:0000422),1/58,0.19210712382525622,0.24477097328769715,7.107843565654359,11.725824641202973,PRKN
P7,GO_Biological_Process_2026,gs_ind_0,Axon Extension (GO:0048675),1/23,0.08106535561630931,0.13997032196367426,18.187939698492464,45.697191038775365,NRP2
P7,GO_Biological_Process_2026,gs_ind_0,Axon Extension Involved in Axon Guidance (GO:0048846),1/8,0.02896931280161029,0.09109924323570213,54.59396984924623,193.34553720447744,NRP2
P7,GO_Biological_Process_2026,gs_ind_0,Axon Guidance (GO:0007411),2/152,0.10743870118538656,0.16582613351364908,4.55630133059008,10.1643556385713,TENM4;NRP2
P7,GO_Biological_Process_2026,gs_ind_0,Axonogenesis (GO:0007409),2/205,0.1735027149228498,0.22855348721566135,3.363037703139226,5.890569152153435,TENM4;NRP2
P7,GO_Biological_Process_2026,gs_ind_0,BMP Signaling Pathway (GO:0030509),1/51,0.1710168333182885,0.22568114253967003,8.09517886462013,14.296031530903484,PPARG
P7,GO_Biological_Process_2026,gs_ind_0,Base Conversion or Substitution Editing (GO:0016553),1/10,0.036080852581350895,0.09912174742609038,43.0973287490082,143.16902243022955,RBM47
P7,GO_Biological_Process_2026,gs_ind_0,Bile Acid Biosynthetic Process (GO:0006699),1/25,0.08779905814197392,0.14746250901572439,16.70197928417598,40.630980258906256,ABCD3
P7,GO_Biological_Process_2026,gs_ind_0,Bile Acid Metabolic Process (GO:0008206),1/31,0.10770844937287086,0.16582613351364908,13.413378367246066,29.88939646374393,ABCD3
P7,GO_Biological_Process_2026,gs_ind_0,Bile Acid and Bile Salt Transport (GO:0015721),1/28,0.09780812250653742,0.1557762985610585,14.878300593878484,34.58829438886499,ABCD3
P7,GO_Biological_Process_2026,gs_ind_0,Blood Vessel Diameter Maintenance (GO:0097746),1/43,0.1462455860603604,0.20125789217617568,9.621814957138634,18.49763110790661,SCARB1
P7,GO_Biological_Process_2026,gs_ind_0,Branchiomotor Neuron Axon Guidance (GO:0021785),1/6,0.021805834468432178,0.0831582823847523,74.4518044769301,284.8211635890129,NRP2
P7,GO_Biological_Process_2026,gs_ind_0,Brown Fat Cell Differentiation (GO:0050873),1/12,0.043140826609840886,0.10452810119564727,35.59951933580948,111.89945212016866,PPARG
P7,GO_Biological_Process_2026,gs_ind_0,Carbohydrate Derivative Transport (GO:1901264),1/24,0.08443833551787916,0.14311910538466213,17.41334331230621,43.0411486823959,SCARB1
P7,GO_Biological_Process_2026,gs_ind_0,Carboxylic Acid Metabolic Process (GO:0019752),1/37,0.12718755619754754,0.18250796899026725,11.205961313416397,23.107728348226125,CLSTN3
P7,GO_Biological_Process_2026,gs_ind_0,Carnitine Metabolic Process (GO:0009437),1/13,0.04665159224326654,0.10773602083679366,32.75035175879397,100.38140738175221,CRAT
P7,GO_Biological_Process_2026,gs_ind_0,Catecholamine Metabolic Process (GO:0006584),1/11,0.03961726211805212,0.10236768078755426,38.99138549892319,125.88331156809635,PRKN
P7,GO_Biological_Process_2026,gs_ind_0,Cellular Component Assembly (GO:0022607),1/349,0.724882410594788,0.7338193170267785,1.160155151654975,0.37327508169345913,TLCD2
P7,GO_Biological_Process_2026,gs_ind_0,Cellular Response to BMP Stimulus (GO:0071773),1/58,0.19210712382525622,0.24477097328769715,7.107843565654359,11.725824641202973,PPARG
P7,GO_Biological_Process_2026,gs_ind_0,Cellular Response to Catecholamine Stimulus (GO:0071870),1/10,0.036080852581350895,0.09912174742609038,43.0973287490082,143.16902243022955,PRKN
P7,GO_Biological_Process_2026,gs_ind_0,Cellular Response to Chemical Stress (GO:0062197),2/106,0.05794819157876876,0.11668586805643083,6.573118305685765,18.721594446543822,PRKN;ERMP1
P7,GO_Biological_Process_2026,gs_ind_0,Cellular Response to Cytokine Stimulus (GO:0071345),1/288,0.6548520409259551,0.6712006355676571,1.409508411623334,0.596709692464779,DAPK1
P7,GO_Biological_Process_2026,gs_ind_0,Cellular Response to Decreased Oxygen Levels (GO:0036294),2/79,0.0341732705050247,0.09912174742609038,8.871950221057803,29.954467600258326,CPEB2;PPARG
P7,GO_Biological_Process_2026,gs_ind_0,Cellular Response to Dopamine (GO:1903351),1/12,0.043140826609840886,0.10452810119564727,35.59951933580948,111.89945212016866,PRKN
P7,GO_Biological_Process_2026,gs_ind_0,Cellular Response to Fatty Acid (GO:0071398),1/14,0.05014960504049533,0.10997198256654614,30.32328308207705,90.74984291620152,DGAT2
P7,GO_Biological_Process_2026,gs_ind_0,Cellular Response to Fluid Shear Stress (GO:0071498),1/13,0.04665159224326654,0.10773602083679366,32.75035175879397,100.38140738175221,SREBF2
P7,GO_Biological_Process_2026,gs_ind_0,Cellular Response to Gamma Radiation (GO:0071480),1/15,0.05363491085988955,0.11228385021376311,28.2309824987004,82.591294852792,TMEM109
P7,GO_Biological_Process_2026,gs_ind_0,Cellular Response to Hypoxia (GO:0071456),2/78,0.03338642678612387,0.0982970892228906,8.988255200557381,30.556524918365778,CPEB2;PPARG
P7,GO_Biological_Process_2026,gs_ind_0,Cellular Response to Insulin Stimulus (GO:0032869),3/106,0.007027319328969173,0.04364024356393461,9.386919360832405,46.53987651331575,PPARG;CPEB2;SLC27A4
P7,GO_Biological_Process_2026,gs_ind_0,Cellular Response to Ionizing Radiation (GO:0071479),1/50,0.16795977255684102,0.22364373318829825,8.259022384650525,14.734350124773231,TMEM109
P7,GO_Biological_Process_2026,gs_ind_0,Cellular Response to Laminar Fluid Shear Stress (GO:0071499),1/29,0.10112025539501886,0.15899546539769985,14.355725998413119,32.89535401837941,SREBF2
P7,GO_Biological_Process_2026,gs_ind_0,Cellular Response to Lipid (GO:0071396),1/206,0.5322145898123586,0.5586741219763253,1.97795547078458,1.2475133412206187,MGST1
P7,GO_Biological_Process_2026,gs_ind_0,Cellular Response to Low-Density Lipoprotein Particle Stimulus (GO:0071404),2/26,0.004086322122406134,0.027452654985983028,28.11923754273283,154.65889819684898,SREBF2;PPARG
P7,GO_Biological_Process_2026,gs_ind_0,Cellular Response to Metal Ion (GO:0071248),1/98,0.3028206973137532,0.34322775355040436,4.185620409741013,5.000202442333122,PRKN
P7,GO_Biological_Process_2026,gs_ind_0,Cellular Response to Oxidative Stress (GO:0034599),3/124,0.010775195487136777,0.060177778303291476,7.990946502057613,36.203051054606334,PRKN;ERMP1;DAPK1
P7,GO_Biological_Process_2026,gs_ind_0,Cellular Response to Oxygen-Containing Compound (GO:1901701),1/344,0.7197152512391842,0.7305900695958203,1.1772618551271643,0.3872009880777984,DAPK1
P7,GO_Biological_Process_2026,gs_ind_0,Cellular Response to Peptide Hormone Stimulus (GO:0071375),2/100,0.052270215019552466,0.11228385021376311,6.975057332062151,20.585685999872638,CPEB2;PPARG
P7,GO_Biological_Process_2026,gs_ind_0,Cellular Response to Starvation (GO:0009267),2/139,0.09251791483708809,0.15193497569912912,4.989478541762805,11.876720112046812,SREBF2;PPARA
P7,GO_Biological_Process_2026,gs_ind_0,Cellular Response to Sterol Depletion (GO:0071501),1/9,0.032531551648223855,0.096385880941545,48.16937629323086,165.00635843822025,SREBF2
P7,GO_Biological_Process_2026,gs_ind_0,Cellular Response to Topologically Incorrect Protein (GO:0035967),1/27,0.09448390777737954,0.1521211499945174,15.440314781454441,36.428732206490906,PRKN
P7,GO_Biological_Process_2026,gs_ind_0,Cellular Response to Toxic Substance (GO:0097237),1/5,0.018204501114733745,0.0805576426574146,91.0,364.55386253468845,PRKN
P7,GO_Biological_Process_2026,gs_ind_0,Cellular Response to Type II Interferon (GO:0071346),1/43,0.1462455860603604,0.20125789217617568,9.621814957138634,18.49763110790661,DAPK1
P7,GO_Biological_Process_2026,gs_ind_0,Cellular Response to Unfolded Protein (GO:0034620),2/62,0.021830455727526316,0.0831582823847523,11.372026681209883,43.491738712177906,PRKN;ERMP1
P7,GO_Biological_Process_2026,gs_ind_0,Central Nervous System Development (GO:0007417),1/272,0.6337302756842421,0.6540875331433728,1.4934617840584137,0.6812154830942747,PRKN
P7,GO_Biological_Process_2026,gs_ind_0,Central Nervous System Myelination (GO:0022010),1/14,0.05014960504049533,0.10997198256654614,30.32328308207705,90.74984291620152,TENM4
P7,GO_Biological_Process_2026,gs_ind_0,Ceramide Biosynthetic Process (GO:0046513),1/47,0.15872146612108,0.2140422690939382,8.792835143459232,16.18413103887907,CERS4
P7,GO_Biological_Process_2026,gs_ind_0,Ceramide Metabolic Process (GO:0006672),1/50,0.16795977255684102,0.22364373318829825,8.259022384650525,14.734350124773231,CERS4
P7,GO_Biological_Process_2026,gs_ind_0,Cholesterol Biosynthetic Process (GO:0006695),15/27,1.630031478002049e-30,6.022966311217571e-28,393.83415204678363,27012.67232708622,HMGCS1;MVD;FDPS;NSDHL;ACLY;PMVK;MSMO1;DHCR7;SQLE;FDFT1;LSS;HSD17B7;IDI1;DHCR24;HMGCR
P7,GO_Biological_Process_2026,gs_ind_0,Cholesterol Efflux (GO:0033344),2/20,0.0024233666823696197,0.018654874773657803,37.24722184113047,224.32502568471043,SCARB1;SOAT1
P7,GO_Biological_Process_2026,gs_ind_0,Cholesterol Homeostasis (GO:0042632),4/81,0.0002281654971205904,0.0032425827379253132,16.300484706668897,136.68672552082103,DGAT2;SCARB1;SOAT1;TMEM97
P7,GO_Biological_Process_2026,gs_ind_0,Cholesterol Import (GO:0070508),2/6,0.00019783434624159155,0.002923991637450723,153.20642978003383,1306.5567682102458,SCARB1;STARD4
P7,GO_Biological_Process_2026,gs_ind_0,Cholesterol Metabolic Process (GO:0008203),17/65,1.5187746900032952e-27,2.8059362397810876e-25,117.19025865794185,7236.720386657131,HMGCS1;MVD;FDPS;SREBF2;NSDHL;ACLY;PMVK;SOAT1;MSMO1;DHCR7;SQLE;FDFT1;LSS;HSD17B7;IDI1;DHCR24;HMGCR
P7,GO_Biological_Process_2026,gs_ind_0,Cholesterol Transport (GO:0030301),3/50,0.0008277590094501677,0.008343433572231367,20.495924426450742,145.4552407118088,SCARB1;SOAT1;STARD4
P7,GO_Biological_Process_2026,gs_ind_0,Cilium Assembly (GO:0060271),1/224,0.5623808145965697,0.5861768998404302,1.8174429192944588,1.0460766211607468,BBOF1
P7,GO_Biological_Process_2026,gs_ind_0,Coenzyme A Biosynthetic Process (GO:0015937),1/10,0.036080852581350895,0.09912174742609038,43.0973287490082,143.16902243022955,PANK1
P7,GO_Biological_Process_2026,gs_ind_0,Coenzyme A Metabolic Process (GO:0015936),2/15,0.00135532356897635,0.012365236018191639,51.05188945290468,337.1321310615674,PANK1;ACLY
P7,GO_Biological_Process_2026,gs_ind_0,Cytidine to Uridine Editing (GO:0016554),1/5,0.018204501114733745,0.0805576426574146,91.0,364.55386253468845,RBM47
P7,GO_Biological_Process_2026,gs_ind_0,Cytokine-mediated Signaling Pathway (GO:0019221),1/245,0.5951477362656312,0.61771654087121,1.6600487098067023,0.8614749870404408,ADIPOR2
P7,GO_Biological_Process_2026,gs_ind_0,D-glucose Import Across Plasma Membrane (GO:0098708),1/18,0.06401504258973123,0.1209900677079575,23.388801148600145,64.28732849758696,SLC27A4
P7,GO_Biological_Process_2026,gs_ind_0,Defense Response to Tumor Cell (GO:0002357),1/12,0.043140826609840886,0.10452810119564727,35.59951933580948,111.89945212016866,DAPK1
P7,GO_Biological_Process_2026,gs_ind_0,Defense Response to Virus (GO:0051607),1/166,0.45760996125031844,0.490106900527515,2.4596547693148523,1.9228057739199595,PPARA
P7,GO_Biological_Process_2026,gs_ind_0,Detection of Molecule of Bacterial Origin (GO:0032490),1/8,0.02896931280161029,0.09109924323570213,54.59396984924623,193.34553720447744,SCARB1
P7,GO_Biological_Process_2026,gs_ind_0,Diacylglycerol Biosynthetic Process (GO:0006651),2/7,0.0002763051291217819,0.0036462409003749433,125.3461005999077,1027.0865452902929,DGAT2;GPAM
P7,GO_Biological_Process_2026,gs_ind_0,Diacylglycerol Metabolic Process (GO:0046339),2/23,0.0032038827084998585,0.023442270510706884,32.046393578089955,184.05499596364183,DGAT2;GPAM
P7,GO_Biological_Process_2026,gs_ind_0,Dicarboxylic Acid Metabolic Process (GO:0043648),1/53,0.17709763410262688,0.23163743646343588,7.7862167982771,13.478362460655353,ACLY
P7,GO_Biological_Process_2026,gs_ind_0,Digestive System Development (GO:0055123),1/14,0.05014960504049533,0.10997198256654614,30.32328308207705,90.74984291620152,CLMP
P7,GO_Biological_Process_2026,gs_ind_0,Digestive Tract Development (GO:0048565),1/38,0.13039289018139794,0.18566540625058395,10.906733668341708,22.219232230345032,CLMP
P7,GO_Biological_Process_2026,gs_ind_0,Diterpenoid Metabolic Process (GO:0016101),2/29,0.00506840162905688,0.03314644959179676,25.04891555145362,132.37674976169106,RDH11;PECR
P7,GO_Biological_Process_2026,gs_ind_0,Dopamine Metabolic Process (GO:0042417),1/18,0.06401504258973123,0.1209900677079575,23.388801148600145,64.28732849758696,PRKN
P7,GO_Biological_Process_2026,gs_ind_0,ER-nucleus Signaling Pathway (GO:0006984),1/27,0.09448390777737954,0.1521211499945174,15.440314781454441,36.428732206490906,SREBF2
P7,GO_Biological_Process_2026,gs_ind_0,Endomembrane System Organization (GO:0010256),1/176,0.4772977615997654,0.5089798641013371,2.3186445045741526,1.7149036632884813,TLCD2
P7,GO_Biological_Process_2026,gs_ind_0,Endoplasmic Reticulum Membrane Organization (GO:0090158),1/15,0.05363491085988955,0.11228385021376311,28.2309824987004,82.591294852792,LPCAT3
P7,GO_Biological_Process_2026,gs_ind_0,Endoplasmic Reticulum Organization (GO:0007029),1/51,0.1710168333182885,0.22568114253967003,8.09517886462013,14.296031530903484,LPCAT3
P7,GO_Biological_Process_2026,gs_ind_0,Endoplasmic Reticulum Unfolded Protein Response (GO:0030968),1/55,0.18313427347949734,0.2374319791251729,7.499930846895025,12.731400062627513,ERMP1
P7,GO_Biological_Process_2026,gs_ind_0,Endothelin Receptor Signaling Pathway (GO:0086100),1/8,0.02896931280161029,0.09109924323570213,54.59396984924623,193.34553720447744,PLCB4
P7,GO_Biological_Process_2026,gs_ind_0,Epigenetic Regulation of Gene Expression (GO:0040029),1/62,0.20391930381764029,0.25455467148857464,6.644564284838828,10.565062748652936,SDR16C5
P7,GO_Biological_Process_2026,gs_ind_0,Epithelial Cell Differentiation (GO:0030855),1/119,0.35478894091682145,0.3907437069113726,3.4411933083137205,3.565875308851531,PPARG
P7,GO_Biological_Process_2026,gs_ind_0,Epithelium Development (GO:0060429),1/150,0.4245718359133038,0.46005657879755346,2.72450883178434,2.334016050008247,PPARG
P7,GO_Biological_Process_2026,gs_ind_0,Establishment of Protein Localization to Extracellular Region (GO:0035592),1/37,0.12718755619754754,0.18250796899026725,11.205961313416397,23.107728348226125,CLSTN3
P7,GO_Biological_Process_2026,gs_ind_0,Establishment of Protein Localization to Membrane (GO:0090150),1/72,0.23270696523856207,0.280082161744784,5.71314615033208,8.329625840241883,PEX3
P7,GO_Biological_Process_2026,gs_ind_0,Establishment of Protein Localization to Peroxisome (GO:0072663),2/17,0.0017470948129191322,0.015012826357526031,44.4612739479286,282.3202407734291,HACL1;PEX3
P7,GO_Biological_Process_2026,gs_ind_0,Estrogen Biosynthetic Process (GO:0006703),1/6,0.021805834468432178,0.0831582823847523,74.4518044769301,284.8211635890129,HSD17B7
P7,GO_Biological_Process_2026,gs_ind_0,Estrogen Metabolic Process (GO:0008210),2/17,0.0017470948129191322,0.015012826357526031,44.4612739479286,282.3202407734291,HSD17B4;HSD17B7
P7,GO_Biological_Process_2026,gs_ind_0,Ethanol Catabolic Process (GO:0006068),1/6,0.021805834468432178,0.0831582823847523,74.4518044769301,284.8211635890129,ACSS2
P7,GO_Biological_Process_2026,gs_ind_0,Ethanol Metabolic Process (GO:0006067),1/7,0.025394089358317242,0.08851996243300209,62.9953614224971,231.39700796830692,ACSS2
P7,GO_Biological_Process_2026,gs_ind_0,Excitatory Synapse Assembly (GO:1904861),1/13,0.04665159224326654,0.10773602083679366,32.75035175879397,100.38140738175221,CLSTN3
P7,GO_Biological_Process_2026,gs_ind_0,Facial Nerve Morphogenesis (GO:0021610),1/7,0.025394089358317242,0.08851996243300209,62.9953614224971,231.39700796830692,NRP2
P7,GO_Biological_Process_2026,gs_ind_0,Facial Nerve Structural Organization (GO:0021612),1/7,0.025394089358317242,0.08851996243300209,62.9953614224971,231.39700796830692,NRP2
P7,GO_Biological_Process_2026,gs_ind_0,Fat Cell Differentiation (GO:0045444),3/68,0.0020179677941317177,0.01620954565068847,14.853591700919946,92.17640398994021,FITM2;PPARG;CIDEA
P7,GO_Biological_Process_2026,gs_ind_0,Fatty Acid Alpha-Oxidation (GO:0001561),1/6,0.021805834468432178,0.0831582823847523,74.4518044769301,284.8211635890129,HACL1
P7,GO_Biological_Process_2026,gs_ind_0,Fatty Acid Beta-Oxidation (GO:0006635),5/50,1.1147816953845977e-06,3.0511987884785842e-05,34.33030320464876,470.5603838062807,ECHDC1;ACOXL;HSD17B4;CRAT;ABCD3
P7,GO_Biological_Process_2026,gs_ind_0,Fatty Acid Beta-Oxidation Using acyl-CoA Oxidase (GO:0033540),2/12,0.000858052708375621,0.008343433572231367,65.64539521392314,463.51196245261565,CRAT;ACOXL
P7,GO_Biological_Process_2026,gs_ind_0,Fatty Acid Biosynthetic Process (GO:0006633),10/59,1.5016883240537437e-14,1.1097476714757165e-12,63.56253139126067,2023.1700303657367,ACLY;ELOVL3;FASN;ELOVL1;ELOVL6;ABCD3;ACACA;TECR;HACD2;ACACB
P7,GO_Biological_Process_2026,gs_ind_0,Fatty Acid Catabolic Process (GO:0009062),4/59,6.638805550238805e-05,0.001226519325406619,22.780422909956588,219.1475181495061,ABCD3;HSD17B4;HACL1;ECHDC1
P7,GO_Biological_Process_2026,gs_ind_0,Fatty Acid Derivative Biosynthetic Process (GO:1901570),3/23,8.03601270291267e-05,0.0014139555684410626,47.537836147592245,448.2338975197366,FAR2;FASN;ACACA
P7,GO_Biological_Process_2026,gs_ind_0,Fatty Acid Elongation (GO:0030497),6/14,6.127949349639866e-12,3.483503514910662e-10,219.77808901338312,5674.266075194166,ELOVL3;ELOVL1;ELOVL6;TECR;HACD2;HSD17B12
P7,GO_Biological_Process_2026,gs_ind_0,"Fatty Acid Elongation, Monounsaturated Fatty Acid (GO:0034625)",3/7,1.657389041115776e-06,4.0827016712818616e-05,216.6888888888889,2884.1869801859984,ELOVL1;ELOVL6;ELOVL3
P7,GO_Biological_Process_2026,gs_ind_0,"Fatty Acid Elongation, Polyunsaturated Fatty Acid (GO:0034626)",3/7,1.657389041115776e-06,4.0827016712818616e-05,216.6888888888889,2884.1869801859984,ELOVL1;ELOVL6;ELOVL3
P7,GO_Biological_Process_2026,gs_ind_0,"Fatty Acid Elongation, Saturated Fatty Acid (GO:0019367)",4/8,1.1786294239689856e-08,4.5842481279635807e-07,281.48704663212436,5138.919987773136,ELOVL1;ELOVL6;ELOVL3;HSD17B12
P7,GO_Biological_Process_2026,gs_ind_0,"Fatty Acid Elongation, Unsaturated Fatty Acid (GO:0019368)",3/7,1.657389041115776e-06,4.0827016712818616e-05,216.6888888888889,2884.1869801859984,ELOVL1;ELOVL6;ELOVL3
P7,GO_Biological_Process_2026,gs_ind_0,Fatty Acid Homeostasis (GO:0055089),2/11,0.0007167572143387991,0.007566908305662466,72.5581084691424,525.3768208799154,DGAT2;ACACB
P7,GO_Biological_Process_2026,gs_ind_0,Fatty Acid Metabolic Process (GO:0006631),13/118,4.909505416076458e-16,4.535155628100628e-14,39.576844955991874,1395.0912362704275,ACLY;ADIPOR2;FASN;SLC27A4;HACL1;MSMO1;PPARG;CRAT;ABCD3;PPARA;ACACA;ACSL5;ACACB
P7,GO_Biological_Process_2026,gs_ind_0,Fatty Acid Oxidation (GO:0019395),5/49,1.0062186784013301e-06,2.8599830897637805e-05,35.103064886169776,484.749144831633,ECHDC1;ADIPOR2;HSD17B4;HACL1;ABCD3
P7,GO_Biological_Process_2026,gs_ind_0,Fatty Acid Transport (GO:0015908),2/37,0.00815744149226313,0.04861571986114881,19.398369914921,93.2833604212486,SLC27A4;PPARG
P7,GO_Biological_Process_2026,gs_ind_0,Fatty-acyl-CoA Biosynthetic Process (GO:0046949),9/26,2.4628283040431075e-16,2.6000430238397948e-14,161.08024980483998,5789.23240617263,ELOVL3;FASN;ELOVL1;ELOVL6;ACACA;TECR;ACSL5;HACD2;HSD17B12
P7,GO_Biological_Process_2026,gs_ind_0,Fatty-acyl-CoA Catabolic Process (GO:0036115),1/7,0.025394089358317242,0.08851996243300209,62.9953614224971,231.39700796830692,FITM2
P7,GO_Biological_Process_2026,gs_ind_0,Fatty-acyl-CoA Metabolic Process (GO:0035337),6/22,1.4869419669960315e-10,7.848929382929052e-09,113.18566618566618,2561.2930739045364,FAR2;FITM2;FASN;HSD17B4;DGAT2;ACACA
P7,GO_Biological_Process_2026,gs_ind_0,Foam Cell Differentiation (GO:0090077),1/7,0.025394089358317242,0.08851996243300209,62.9953614224971,231.39700796830692,SOAT1
P7,GO_Biological_Process_2026,gs_ind_0,Free Ubiquitin Chain Polymerization (GO:0010994),1/7,0.025394089358317242,0.08851996243300209,62.9953614224971,231.39700796830692,PRKN
P7,GO_Biological_Process_2026,gs_ind_0,Ganglion Development (GO:0061548),1/10,0.036080852581350895,0.09912174742609038,43.0973287490082,143.16902243022955,NRP2
P7,GO_Biological_Process_2026,gs_ind_0,Glucose Homeostasis (GO:0042593),2/95,0.047702467201402705,0.10981969863500499,7.349412307608784,22.362587155527024,ADIPOR2;PPARG
P7,GO_Biological_Process_2026,gs_ind_0,Glucose Import in Response to Insulin Stimulus (GO:0044381),1/5,0.018204501114733745,0.0805576426574146,91.0,364.55386253468845,SLC27A4
P7,GO_Biological_Process_2026,gs_ind_0,Glutathione Transport (GO:0034635),1/4,0.014590042112100507,0.07487528556140469,117.0043072505384,494.6258840598229,MGST1
P7,GO_Biological_Process_2026,gs_ind_0,Glycerolipid Catabolic Process (GO:0046503),1/19,0.06744997582548398,0.1252400304900318,22.123726741817194,59.65373216204687,MGLL
P7,GO_Biological_Process_2026,gs_ind_0,Glycerolipid Metabolic Process (GO:0046486),1/12,0.043140826609840886,0.10452810119564727,35.59951933580948,111.89945212016866,GPAM
P7,GO_Biological_Process_2026,gs_ind_0,Glycerophospholipid Biosynthetic Process (GO:0046474),3/128,0.011737364038624892,0.06425120018180588,7.735110838696496,34.382397644943204,GPAM;LPCAT3;CDS1
P7,GO_Biological_Process_2026,gs_ind_0,Glycerophospholipid Metabolic Process (GO:0006650),1/59,0.19507633576312508,0.2464297643229905,6.986084267491303,11.41780694412366,GPAM
P7,GO_Biological_Process_2026,gs_ind_0,High-density Lipoprotein Particle Remodeling (GO:0034375),1/17,0.060567584183063565,0.11747885750993169,24.80721790772042,69.5593259790493,SCARB1
P7,GO_Biological_Process_2026,gs_ind_0,Homophilic Cell-Cell Adhesion (GO:0007156),1/67,0.21844434306696422,0.26815676001077504,6.1438394982430955,9.346156217905994,CLSTN3
P7,GO_Biological_Process_2026,gs_ind_0,Hormone Biosynthetic Process (GO:0042446),1/22,0.07768007418553498,0.13667994005502462,19.03459156246348,48.636360355386536,HSD17B7
P7,GO_Biological_Process_2026,gs_ind_0,Host-mediated Perturbation of Viral Process (GO:0044788),2/35,0.0073225319405974265,0.04435533691886474,20.557996817940754,101.07954060774392,FASN;PRKN
P7,GO_Biological_Process_2026,gs_ind_0,Host-mediated Suppression of Viral Genome Replication (GO:0044828),1/10,0.036080852581350895,0.09912174742609038,43.0973287490082,143.16902243022955,PRKN
P7,GO_Biological_Process_2026,gs_ind_0,Icosanoid Metabolic Process (GO:0006690),1/39,0.1335865701175638,0.1894826781514005,10.623050316517654,21.38425920263491,MGLL
P7,GO_Biological_Process_2026,gs_ind_0,Import Into Cell (GO:0098657),1/20,0.07087242893827944,0.13028538553579233,20.98840355624275,55.55365534242182,SLC27A4
P7,GO_Biological_Process_2026,gs_ind_0,Inclusion Body Assembly (GO:0070841),1/7,0.025394089358317242,0.08851996243300209,62.9953614224971,231.39700796830692,PRKN
P7,GO_Biological_Process_2026,gs_ind_0,Inflammatory Response (GO:0006954),1/253,0.6069810036204861,0.6282338398817077,1.6069754714164883,0.8022950126900641,MGLL
P7,GO_Biological_Process_2026,gs_ind_0,Inhibitory Synapse Assembly (GO:1904862),1/22,0.07768007418553498,0.13667994005502462,19.03459156246348,48.636360355386536,CLSTN3
P7,GO_Biological_Process_2026,gs_ind_0,Intestinal Stem Cell Homeostasis (GO:0036335),1/4,0.014590042112100507,0.07487528556140469,117.0043072505384,494.6258840598229,LPCAT3
P7,GO_Biological_Process_2026,gs_ind_0,Intracellular Cholesterol Transport (GO:0032367),1/18,0.06401504258973123,0.1209900677079575,23.388801148600145,64.28732849758696,STARD4
P7,GO_Biological_Process_2026,gs_ind_0,Intracellular Iron Ion Homeostasis (GO:0006879),1/62,0.20391930381764029,0.25455467148857464,6.644564284838828,10.565062748652936,ACO1
P7,GO_Biological_Process_2026,gs_ind_0,Intracellular Monoatomic Cation Homeostasis (GO:0030003),1/211,0.5407947414030133,0.5668756225486905,1.9306150706024183,1.1867789660321344,ACO1
P7,GO_Biological_Process_2026,gs_ind_0,Intracellular Protein Transport (GO:0006886),1/281,0.6457638990520655,0.6646511440104129,1.4450595222099805,0.6319553425690217,PEX3
P7,GO_Biological_Process_2026,gs_ind_0,Intracellular Receptor Signaling Pathway (GO:0030522),2/35,0.0073225319405974265,0.04435533691886474,20.557996817940754,101.07954060774392,PPARG;PPARA
P7,GO_Biological_Process_2026,gs_ind_0,Intracellular Sterol Transport (GO:0032366),1/16,0.0571075553965845,0.1153073317980217,26.40865618414654,75.60319879037347,STARD4
P7,GO_Biological_Process_2026,gs_ind_0,Intracellular Triglyceride Homeostasis (GO:0035356),2/9,0.00047140202870182124,0.005443220300166342,91.91370558375634,704.0405343731263,DGAT2;FITM2
P7,GO_Biological_Process_2026,gs_ind_0,Intrinsic Apoptotic Signaling Pathway by P53 Class Mediator (GO:0072332),1/32,0.11098459693722368,0.1687605290876714,12.987078248384782,28.550323385514286,TMEM109
P7,GO_Biological_Process_2026,gs_ind_0,Intrinsic Apoptotic Signaling Pathway in Response to DNA Damage (GO:0008630),1/57,0.1891270689518711,0.2422268699400914,7.233912927469205,12.046896829454685,TMEM109
P7,GO_Biological_Process_2026,gs_ind_0,Intrinsic Apoptotic Signaling Pathway in Response to DNA Damage by P53 Class Mediator (GO:0042771),1/19,0.06744997582548398,0.1252400304900318,22.123726741817194,59.65373216204687,TMEM109
P7,GO_Biological_Process_2026,gs_ind_0,Isopentenyl Diphosphate Biosynthetic Process (GO:0009240),3/5,4.760760703243446e-07,1.4072808638787626e-05,390.06871794871796,5678.498766182391,PMVK;MVD;IDI1
P7,GO_Biological_Process_2026,gs_ind_0,Isoprenoid Biosynthetic Process (GO:0008299),3/9,3.956548240454554e-06,9.137153592799735e-05,150.0043392504931,1866.074766266742,MVD;IDI1;HMGCR
P7,GO_Biological_Process_2026,gs_ind_0,Isoprenoid Metabolic Process (GO:0006720),3/11,7.730410916673022e-06,0.00016802275492415776,114.70075414781297,1350.0678539012906,MVD;IDI1;HMGCR
P7,GO_Biological_Process_2026,gs_ind_0,Keratinocyte Proliferation (GO:0043616),1/8,0.02896931280161029,0.09109924323570213,54.59396984924623,193.34553720447744,SDR16C5
P7,GO_Biological_Process_2026,gs_ind_0,L-amino Acid Biosynthetic Process (GO:0170034),1/9,0.032531551648223855,0.096385880941545,48.16937629323086,165.00635843822025,PSPH
P7,GO_Biological_Process_2026,gs_ind_0,L-amino Acid Metabolic Process (GO:0170033),1/31,0.10770844937287086,0.16582613351364908,13.413378367246066,29.88939646374393,PSPH
P7,GO_Biological_Process_2026,gs_ind_0,L-ascorbic Acid Metabolic Process (GO:0019852),1/7,0.025394089358317242,0.08851996243300209,62.9953614224971,231.39700796830692,CLSTN3
P7,GO_Biological_Process_2026,gs_ind_0,L-serine Metabolic Process (GO:0006563),1/12,0.043140826609840886,0.10452810119564727,35.59951933580948,111.89945212016866,PSPH
P7,GO_Biological_Process_2026,gs_ind_0,Linoleic Acid Metabolic Process (GO:0043651),2/15,0.00135532356897635,0.012365236018191639,51.05188945290468,337.1321310615674,ELOVL1;ELOVL3
P7,GO_Biological_Process_2026,gs_ind_0,Lipid Biosynthetic Process (GO:0008610),17/126,3.1493555143880285e-22,4.654747450265506e-20,51.78943482897219,2564.0780460356214,MVD;FITM2;ACLY;ELOVL3;FASN;ELOVL1;ELOVL6;CERS4;ABCD3;FDFT1;LSS;ACACA;ACSS2;IDI1;HACD2;HMGCR;ACACB
P7,GO_Biological_Process_2026,gs_ind_0,Lipid Droplet Formation (GO:0140042),3/16,2.5888885554846236e-05,0.0005034706953955623,72.20569800569801,762.6146903279753,CDS1;FITM2;SQLE
P7,GO_Biological_Process_2026,gs_ind_0,Lipid Droplet Fusion (GO:0160077),1/5,0.018204501114733745,0.0805576426574146,91.0,364.55386253468845,CIDEA
P7,GO_Biological_Process_2026,gs_ind_0,Lipid Droplet Organization (GO:0034389),4/37,1.0248177712649706e-05,0.00021638295227566096,37.771324723532594,433.93248930595877,SQLE;FITM2;CIDEA;CDS1
P7,GO_Biological_Process_2026,gs_ind_0,Lipid Import Into Cell (GO:0140354),1/12,0.043140826609840886,0.10452810119564727,35.59951933580948,111.89945212016866,SLC27A4
P7,GO_Biological_Process_2026,gs_ind_0,Lipid Metabolic Process (GO:0006629),15/227,5.440398266866801e-15,4.4671714657939623e-13,22.99609219126247,755.3049032142521,HMGCS1;LPCAT3;ACLY;SREBF2;MGLL;FASN;SLC27A4;HACL1;MSMO1;PPARG;PPARA;TECR;ACSS2;ACAT2;CIDEA
P7,GO_Biological_Process_2026,gs_ind_0,Lipid Modification (GO:0030258),1/36,0.12397052607037776,0.18069865634321333,11.52204685398825,24.054708967199332,LPCAT3
P7,GO_Biological_Process_2026,gs_ind_0,Lipid Oxidation (GO:0034440),1/13,0.04665159224326654,0.10773602083679366,32.75035175879397,100.38140738175221,ADIPOR2
P7,GO_Biological_Process_2026,gs_ind_0,Lipid Transport (GO:0006869),3/110,0.007779258726039185,0.046738798362137866,9.036302921884317,43.88294569273433,SCARB1;ABCD3;SLC27A4
P7,GO_Biological_Process_2026,gs_ind_0,Lipid Transport Across Blood-Brain Barrier (GO:1990379),1/5,0.018204501114733745,0.0805576426574146,91.0,364.55386253468845,SLC27A4
P7,GO_Biological_Process_2026,gs_ind_0,Long-chain Fatty Acid Biosynthetic Process (GO:0042759),1/21,0.07428244681570347,0.13323963154564286,19.96384360828533,51.90360975057245,ELOVL6
P7,GO_Biological_Process_2026,gs_ind_0,Long-chain Fatty Acid Import Into Cell (GO:0044539),1/11,0.03961726211805212,0.10236768078755426,38.99138549892319,125.88331156809635,SLC27A4
P7,GO_Biological_Process_2026,gs_ind_0,Long-chain Fatty Acid Metabolic Process (GO:0001676),8/69,1.7111322230641689e-10,8.430178085629471e-09,40.50191166776533,910.8351651356194,MGLL;ELOVL3;ELOVL1;HACL1;SLC27A4;ELOVL6;ABCD3;ACSL5
P7,GO_Biological_Process_2026,gs_ind_0,Long-chain Fatty Acid Transport (GO:0015909),2/21,0.002672071389799249,0.01994606825314793,35.33580632565404,209.361165044795,SLC27A4;PPARG
P7,GO_Biological_Process_2026,gs_ind_0,Long-chain fatty-acyl-CoA Biosynthetic Process (GO:0035338),7/18,2.218719818895293e-13,1.366361621803018e-11,189.4199023482911,5519.066291897787,ELOVL3;ELOVL1;ELOVL6;TECR;ACSL5;HACD2;HSD17B12
P7,GO_Biological_Process_2026,gs_ind_0,Long-chain fatty-acyl-CoA Metabolic Process (GO:0035336),9/24,1.036820335688775e-16,1.277017046790008e-14,181.8781949585757,6694.063855365218,FAR2;ELOVL3;ELOVL1;ELOVL6;DGAT2;TECR;ACSL5;HACD2;HSD17B12
P7,GO_Biological_Process_2026,gs_ind_0,Long-term Memory (GO:0007616),1/21,0.07428244681570347,0.13323963154564286,19.96384360828533,51.90360975057245,ACSS2
P7,GO_Biological_Process_2026,gs_ind_0,MRNA Stabilization (GO:0048255),1/59,0.19507633576312508,0.2464297643229905,6.986084267491303,11.41780694412366,RBM47
P7,GO_Biological_Process_2026,gs_ind_0,MRNA Transcription (GO:0009299),1/40,0.1367686379517141,0.19178752077099948,10.353730678710006,20.598380195399425,PPARG
P7,GO_Biological_Process_2026,gs_ind_0,MRNA Transcription by RNA Polymerase II (GO:0042789),1/36,0.12397052607037776,0.18069865634321333,11.52204685398825,24.054708967199332,PPARG
P7,GO_Biological_Process_2026,gs_ind_0,Macroautophagy (GO:0016236),1/164,0.45358519041843365,0.4879176939144432,2.4899266977087273,1.968466767714488,PRKN
P7,GO_Biological_Process_2026,gs_ind_0,Medium-chain Fatty Acid Metabolic Process (GO:0051791),1/9,0.032531551648223855,0.096385880941545,48.16937629323086,165.00635843822025,CRAT
P7,GO_Biological_Process_2026,gs_ind_0,Medium-chain fatty-acyl-CoA Metabolic Process (GO:0036112),1/5,0.018204501114733745,0.0805576426574146,91.0,364.55386253468845,HSD17B4
P7,GO_Biological_Process_2026,gs_ind_0,Membrane Assembly (GO:0071709),1/37,0.12718755619754754,0.18250796899026725,11.205961313416397,23.107728348226125,TLCD2
P7,GO_Biological_Process_2026,gs_ind_0,Membrane Biogenesis (GO:0044091),1/8,0.02896931280161029,0.09109924323570213,54.59396984924623,193.34553720447744,TLCD2
P7,GO_Biological_Process_2026,gs_ind_0,Membrane Organization (GO:0061024),2/177,0.13771784960522426,0.19238845152790307,3.9036400711527617,7.739154810765592,LPCAT3;TLCD2
P7,GO_Biological_Process_2026,gs_ind_0,Membraneless Organelle Assembly (GO:0140694),3/140,0.014913177158007607,0.07600577875701808,7.056913752913753,29.677921948650262,FITM2;SQLE;CDS1
P7,GO_Biological_Process_2026,gs_ind_0,Memory (GO:0007613),1/57,0.1891270689518711,0.2422268699400914,7.233912927469205,12.046896829454685,ACSS2
P7,GO_Biological_Process_2026,gs_ind_0,Microtubule Cytoskeleton Organization Involved in Mitosis (GO:1902850),1/62,0.20391930381764029,0.25455467148857464,6.644564284838828,10.565062748652936,PTPA
P7,GO_Biological_Process_2026,gs_ind_0,Mitochondrial Fission (GO:0000266),1/14,0.05014960504049533,0.10997198256654614,30.32328308207705,90.74984291620152,PRKN
P7,GO_Biological_Process_2026,gs_ind_0,Mitochondrion Organization (GO:0007005),1/121,0.3595335598753482,0.39537991182720583,3.383827852957735,3.461479104295593,PRKN
P7,GO_Biological_Process_2026,gs_ind_0,Mitophagy (GO:0000423),1/46,0.15561952100888302,0.21101435967993493,8.986415594455796,16.717799339197803,PRKN
P7,GO_Biological_Process_2026,gs_ind_0,Mitotic Spindle Organization (GO:0007052),1/92,0.2872259237732201,0.3290852056874568,4.461075871159074,5.565130506335436,PTPA
P7,GO_Biological_Process_2026,gs_ind_0,Modification-dependent Protein Catabolic Process (GO:0019941),1/214,0.5458678522598623,0.5705747423197147,1.903275157991362,1.1522015963601528,PRKN
P7,GO_Biological_Process_2026,gs_ind_0,Modified Amino Acid Transport (GO:0072337),1/16,0.0571075553965845,0.1153073317980217,26.40865618414654,75.60319879037347,MGST1
P7,GO_Biological_Process_2026,gs_ind_0,Modulation of Chemical Synaptic Transmission (GO:0050804),2/137,0.09028067543728566,0.15001793417295567,5.063498604529192,12.176862693705692,PRKN;CLSTN3
P7,GO_Biological_Process_2026,gs_ind_0,Monoacylglycerol Biosynthetic Process (GO:0006640),1/6,0.021805834468432178,0.0831582823847523,74.4518044769301,284.8211635890129,DGAT2
P7,GO_Biological_Process_2026,gs_ind_0,Monoacylglycerol Catabolic Process (GO:0052651),1/7,0.025394089358317242,0.08851996243300209,62.9953614224971,231.39700796830692,MGLL
P7,GO_Biological_Process_2026,gs_ind_0,Monoacylglycerol Metabolic Process (GO:0046462),2/13,0.001011639008733172,0.009709106850049533,59.93489295961157,413.3220188529541,DGAT2;MGLL
P7,GO_Biological_Process_2026,gs_ind_0,Monocarboxylic Acid Biosynthetic Process (GO:0072330),5/62,3.288247945912765e-06,7.838758812998495e-05,27.15369906669702,342.8196778494009,ACLY;FASN;ABCD3;ACACA;ACACB
P7,GO_Biological_Process_2026,gs_ind_0,Monocarboxylic Acid Metabolic Process (GO:0032787),7/110,1.6855064245715555e-07,5.9313773702779974e-06,20.97535456870495,327.13225038007545,FASN;SLC27A4;HACL1;MSMO1;PPARG;HLCS;PPARA
P7,GO_Biological_Process_2026,gs_ind_0,Monocarboxylic Acid Transport (GO:0015718),2/73,0.029562642742428556,0.09257115672311315,9.618579390152995,33.869362890844414,ABCD3;SLC27A4
P7,GO_Biological_Process_2026,gs_ind_0,Monocyte Differentiation (GO:0030224),1/16,0.0571075553965845,0.1153073317980217,26.40865618414654,75.60319879037347,PPARG
P7,GO_Biological_Process_2026,gs_ind_0,Mononuclear Cell Differentiation (GO:1903131),1/50,0.16795977255684102,0.22364373318829825,8.259022384650525,14.734350124773231,PPARG
P7,GO_Biological_Process_2026,gs_ind_0,Monosaccharide Metabolic Process (GO:0005996),1/9,0.032531551648223855,0.096385880941545,48.16937629323086,165.00635843822025,CLSTN3
P7,GO_Biological_Process_2026,gs_ind_0,Motile Cilium Assembly (GO:0044458),1/18,0.06401504258973123,0.1209900677079575,23.388801148600145,64.28732849758696,BBOF1
P7,GO_Biological_Process_2026,gs_ind_0,Motor Neuron Axon Guidance (GO:0008045),1/13,0.04665159224326654,0.10773602083679366,32.75035175879397,100.38140738175221,NRP2
P7,GO_Biological_Process_2026,gs_ind_0,Myelin Assembly (GO:0032288),1/12,0.043140826609840886,0.10452810119564727,35.59951933580948,111.89945212016866,TENM4
P7,GO_Biological_Process_2026,gs_ind_0,Myeloid Leukocyte Differentiation (GO:0002573),1/79,0.2522426969822118,0.29825176491176725,5.20234932624908,7.165526449104015,PPARG
P7,GO_Biological_Process_2026,gs_ind_0,Neg Reg Endoplasmic Reticulum Stress-Induced Intrinsic Apoptotic Signaling Pathway (GO:1902236),1/15,0.05363491085988955,0.11228385021376311,28.2309824987004,82.591294852792,PRKN
P7,GO_Biological_Process_2026,gs_ind_0,Neg Reg Oxidative Stress-Induced Neuron Intrinsic Apoptotic Signaling Pathway (GO:1903377),1/9,0.032531551648223855,0.096385880941545,48.16937629323086,165.00635843822025,PRKN
P7,GO_Biological_Process_2026,gs_ind_0,Neg Reg Phosphatidylinositol 3-Kinase/Protein Kinase B Signal Transduction (GO:0051898),1/45,0.15250625325948727,0.20793749291284336,9.18869629044097,17.27979985753456,PPARA
P7,GO_Biological_Process_2026,gs_ind_0,Neg Reg Transmembrane Rec Protein Serine/Threonine Kinase Signaling Pathway (GO:0090101),3/124,0.010775195487136777,0.060177778303291476,7.990946502057613,36.203051054606334,PPARG;PPARA;CIDEA
P7,GO_Biological_Process_2026,gs_ind_0,Negative Regulation of ATP Metabolic Process (GO:1903579),1/15,0.05363491085988955,0.11228385021376311,28.2309824987004,82.591294852792,PPARA
P7,GO_Biological_Process_2026,gs_ind_0,Negative Regulation of Actin Filament Bundle Assembly (GO:0032232),1/27,0.09448390777737954,0.1521211499945174,15.440314781454441,36.428732206490906,PRKN
P7,GO_Biological_Process_2026,gs_ind_0,Negative Regulation of Amyloid-Beta Clearance (GO:1900222),2/7,0.0002763051291217819,0.0036462409003749433,125.3461005999077,1027.0865452902929,SREBF2;HMGCR
P7,GO_Biological_Process_2026,gs_ind_0,Negative Regulation of Angiogenesis (GO:0016525),1/88,0.2766380581250635,0.31993039898970566,4.665699928212491,5.995635654658517,PPARG
P7,GO_Biological_Process_2026,gs_ind_0,Negative Regulation of Apoptotic Process (GO:0043066),2/470,0.5164152826397955,0.5459669440211858,1.44642963556875,0.9558643835070886,PRKN;CIDEA
P7,GO_Biological_Process_2026,gs_ind_0,Negative Regulation of Apoptotic Signaling Pathway (GO:2001234),1/71,0.2298752076552973,0.2780323706338211,5.794397519512456,8.519031546226,PRKN
P7,GO_Biological_Process_2026,gs_ind_0,Negative Regulation of Appetite (GO:0032099),1/13,0.04665159224326654,0.10773602083679366,32.75035175879397,100.38140738175221,PPARA
P7,GO_Biological_Process_2026,gs_ind_0,Negative Regulation of BMP Signaling Pathway (GO:0030514),1/44,0.14938162196228383,0.20405363887269454,9.400277248310518,17.872286764451427,PPARG
P7,GO_Biological_Process_2026,gs_ind_0,Negative Regulation of Biosynthetic Process (GO:0009890),1/43,0.1462455860603604,0.20125789217617568,9.621814957138634,18.49763110790661,PPARA
P7,GO_Biological_Process_2026,gs_ind_0,Negative Regulation of Blood Vessel Endothelial Cell Migration (GO:0043537),1/35,0.12074175755375664,0.17881394555556346,11.856456194013546,25.06574885089274,PPARG
P7,GO_Biological_Process_2026,gs_ind_0,Negative Regulation of Blood Vessel Morphogenesis (GO:2000181),1/78,0.24948232449515884,0.2954606375030807,5.26967093532177,7.316238334127009,PPARG
P7,GO_Biological_Process_2026,gs_ind_0,Negative Regulation of Canonical Wnt Signaling Pathway (GO:0090090),1/117,0.3500095275592664,0.38663234808116276,3.5005283930381523,3.6748368657678374,PRKN
P7,GO_Biological_Process_2026,gs_ind_0,Negative Regulation of Carbohydrate Metabolic Process (GO:0045912),1/29,0.10112025539501886,0.15899546539769985,14.355725998413119,32.89535401837941,PPARA
P7,GO_Biological_Process_2026,gs_ind_0,Negative Regulation of Cardiac Muscle Adaptation (GO:0010616),1/6,0.021805834468432178,0.0831582823847523,74.4518044769301,284.8211635890129,PPARG
P7,GO_Biological_Process_2026,gs_ind_0,Negative Regulation of Cardiac Muscle Hypertrophy (GO:0010614),1/15,0.05363491085988955,0.11228385021376311,28.2309824987004,82.591294852792,PPARG
P7,GO_Biological_Process_2026,gs_ind_0,Negative Regulation of Cardiac Muscle Hypertrophy in Response to Stress (GO:1903243),1/6,0.021805834468432178,0.0831582823847523,74.4518044769301,284.8211635890129,PPARG
P7,GO_Biological_Process_2026,gs_ind_0,Negative Regulation of Catabolic Process (GO:0009895),2/102,0.054139549363712076,0.11302013271125205,6.835745132206985,19.93433377336995,HMGCR;CIDEA
P7,GO_Biological_Process_2026,gs_ind_0,Negative Regulation of Catalytic Activity (GO:0043086),1/37,0.12718755619754754,0.18250796899026725,11.205961313416397,23.107728348226125,DAPK1
P7,GO_Biological_Process_2026,gs_ind_0,Negative Regulation of Cell Differentiation (GO:0045596),2/211,0.1813619055386209,0.23637821550800853,3.265994693674812,5.575904602142578,PPARG;PPARA
P7,GO_Biological_Process_2026,gs_ind_0,Negative Regulation of Cell Population Proliferation (GO:0008285),1/359,0.7349354637287236,0.7421603202358226,1.1273732680137087,0.34720006307681217,PPARG
P7,GO_Biological_Process_2026,gs_ind_0,Negative Regulation of Cell-Cell Adhesion (GO:0022408),1/37,0.12718755619754754,0.18250796899026725,11.205961313416397,23.107728348226125,PPARA
P7,GO_Biological_Process_2026,gs_ind_0,Negative Regulation of Cellular Process (GO:0048523),4/510,0.11812129665811148,0.17706214651185473,2.4546542614406497,5.243247653229588,TMEM109;PPARG;CLSTN3;LPCAT3
P7,GO_Biological_Process_2026,gs_ind_0,Negative Regulation of Cellular Response to Growth Factor Stimulus (GO:0090288),1/74,0.23833959157565857,0.2854667069277337,5.557276176802379,7.969460621659022,PPARG
P7,GO_Biological_Process_2026,gs_ind_0,Negative Regulation of Cellular Response to Insulin Stimulus (GO:1900077),1/35,0.12074175755375664,0.17881394555556346,11.856456194013546,25.06574885089274,SLC27A4
P7,GO_Biological_Process_2026,gs_ind_0,Negative Regulation of Cholesterol Efflux (GO:0090370),1/5,0.018204501114733745,0.0805576426574146,91.0,364.55386253468845,SREBF2
P7,GO_Biological_Process_2026,gs_ind_0,Negative Regulation of Cholesterol Storage (GO:0010887),2/9,0.00047140202870182124,0.005443220300166342,91.91370558375634,704.0405343731263,PPARG;PPARA
P7,GO_Biological_Process_2026,gs_ind_0,Negative Regulation of Cholesterol Transport (GO:0032375),1/10,0.036080852581350895,0.09912174742609038,43.0973287490082,143.16902243022955,SREBF2
P7,GO_Biological_Process_2026,gs_ind_0,Negative Regulation of Cold-Induced Thermogenesis (GO:0120163),1/43,0.1462455860603604,0.20125789217617568,9.621814957138634,18.49763110790661,CIDEA
P7,GO_Biological_Process_2026,gs_ind_0,Negative Regulation of Cytokine Production (GO:0001818),2/175,0.13522943935733636,0.19107945637680987,3.9489313769949823,7.900952367693121,PPARA;CIDEA
P7,GO_Biological_Process_2026,gs_ind_0,Negative Regulation of Cytokine Production Involved in Inflammatory Response (GO:1900016),1/27,0.09448390777737954,0.1521211499945174,15.440314781454441,36.428732206490906,PPARA
P7,GO_Biological_Process_2026,gs_ind_0,Negative Regulation of Cytokine-Mediated Signaling Pathway (GO:0001960),1/64,0.20976111348061466,0.25965404164518296,6.434811854548332,10.049798749352027,PPARG
P7,GO_Biological_Process_2026,gs_ind_0,Negative Regulation of Cytoplasmic Translation (GO:2000766),1/11,0.03961726211805212,0.10236768078755426,38.99138549892319,125.88331156809635,CPEB2
P7,GO_Biological_Process_2026,gs_ind_0,Negative Regulation of Cytoskeleton Organization (GO:0051494),1/28,0.09780812250653742,0.1557762985610585,14.878300593878484,34.58829438886499,PRKN
P7,GO_Biological_Process_2026,gs_ind_0,Negative Regulation of DNA-templated Transcription (GO:0045892),5/909,0.24122356876725543,0.2884534260825271,1.6722582549729537,2.3780032529590147,SDR16C5;SREBF2;PRKN;PPARG;PPARA
P7,GO_Biological_Process_2026,gs_ind_0,Negative Regulation of Defense Response (GO:0031348),3/132,0.012747522918813241,0.06926778997796314,7.495079695079695,32.69667287521452,PPARG;LPCAT3;PPARA
P7,GO_Biological_Process_2026,gs_ind_0,Negative Regulation of Developmental Process (GO:0051093),2/113,0.06482883736749206,0.1222155888126955,6.158862762058683,16.850677793227735,PPARG;PRKN
P7,GO_Biological_Process_2026,gs_ind_0,Negative Regulation of Endothelial Cell Migration (GO:0010596),1/38,0.13039289018139794,0.18566540625058395,10.906733668341708,22.219232230345032,PPARG
P7,GO_Biological_Process_2026,gs_ind_0,Negative Regulation of Endothelial Cell Proliferation (GO:0001937),1/37,0.12718755619754754,0.18250796899026725,11.205961313416397,23.107728348226125,PPARG
P7,GO_Biological_Process_2026,gs_ind_0,Negative Regulation of Epithelial Cell Apoptotic Process (GO:1904036),1/13,0.04665159224326654,0.10773602083679366,32.75035175879397,100.38140738175221,PPARA
P7,GO_Biological_Process_2026,gs_ind_0,Negative Regulation of Execution Phase of Apoptosis (GO:1900118),1/6,0.021805834468432178,0.0831582823847523,74.4518044769301,284.8211635890129,CIDEA
P7,GO_Biological_Process_2026,gs_ind_0,Negative Regulation of Exocytosis (GO:0045920),1/11,0.03961726211805212,0.10236768078755426,38.99138549892319,125.88331156809635,PRKN
P7,GO_Biological_Process_2026,gs_ind_0,Negative Regulation of Extracellular Matrix Organization (GO:1903054),1/15,0.05363491085988955,0.11228385021376311,28.2309824987004,82.591294852792,PPARG
P7,GO_Biological_Process_2026,gs_ind_0,Negative Regulation of Ferroptosis (GO:0110076),2/20,0.0024233666823696197,0.018654874773657803,37.24722184113047,224.32502568471043,SLC25A1;ACLY
P7,GO_Biological_Process_2026,gs_ind_0,Negative Regulation of Gene Expression (GO:0010629),5/346,0.00901805848713524,0.052151764661276814,4.524104466742812,21.301864473840695,SDR16C5;PPARG;PRKN;DAPK1;CIDEA
P7,GO_Biological_Process_2026,gs_ind_0,"Negative Regulation of Gene Expression, Epigenetic (GO:0045814)",1/111,0.33545998634018803,0.37335079805029964,3.691420905432138,4.031964064801912,SDR16C5
P7,GO_Biological_Process_2026,gs_ind_0,Negative Regulation of Glycolytic Process (GO:0045820),1/12,0.043140826609840886,0.10452810119564727,35.59951933580948,111.89945212016866,PPARA
P7,GO_Biological_Process_2026,gs_ind_0,Negative Regulation of Inflammatory Response (GO:0050728),3/136,0.013806025339229595,0.07443098471336364,7.269432440218957,31.132436027379924,PPARG;LPCAT3;PPARA
P7,GO_Biological_Process_2026,gs_ind_0,Negative Regulation of Insulin Receptor Signaling Pathway (GO:0046627),1/34,0.11750120825052357,0.17649063596979048,12.21083027075677,26.147132213032688,SLC27A4
P7,GO_Biological_Process_2026,gs_ind_0,Negative Regulation of Insulin Secretion (GO:0046676),1/19,0.06744997582548398,0.1252400304900318,22.123726741817194,59.65373216204687,PRKN
P7,GO_Biological_Process_2026,gs_ind_0,Negative Regulation of Intracellular Signal Transduction (GO:1902532),2/334,0.3469995728059257,0.3844567980563405,2.0484332659058815,2.1681267657149883,PPARG;PPARA
P7,GO_Biological_Process_2026,gs_ind_0,Negative Regulation of Intrinsic Apoptotic Signaling Pathway (GO:2001243),1/60,0.19803474382044972,0.24889060490359244,6.868417718846333,11.122116658096216,PRKN
P7,GO_Biological_Process_2026,gs_ind_0,Negative Regulation of Intrinsic Apoptotic Signaling Pathway by P53 Class Mediator (GO:1902254),1/17,0.060567584183063565,0.11747885750993169,24.80721790772042,69.5593259790493,PRKN
P7,GO_Biological_Process_2026,gs_ind_0,Negative Regulation of JNK Cascade (GO:0046329),1/34,0.11750120825052357,0.17649063596979048,12.21083027075677,26.147132213032688,PRKN
P7,GO_Biological_Process_2026,gs_ind_0,Negative Regulation of Kinase Activity (GO:0033673),2/25,0.003780992539606251,0.02587179154415759,29.316880872664434,163.52278131066697,PRKN;DAPK1
P7,GO_Biological_Process_2026,gs_ind_0,Negative Regulation of Leukocyte Cell-Cell Adhesion (GO:1903038),1/31,0.10770844937287086,0.16582613351364908,13.413378367246066,29.88939646374393,PPARA
P7,GO_Biological_Process_2026,gs_ind_0,Negative Regulation of Lipid Catabolic Process (GO:0050995),1/19,0.06744997582548398,0.1252400304900318,22.123726741817194,59.65373216204687,CIDEA
P7,GO_Biological_Process_2026,gs_ind_0,Negative Regulation of Lipid Localization (GO:1905953),2/11,0.0007167572143387991,0.007566908305662466,72.5581084691424,525.3768208799154,PPARG;CLSTN3
P7,GO_Biological_Process_2026,gs_ind_0,Negative Regulation of Lipid Metabolic Process (GO:0045833),1/27,0.09448390777737954,0.1521211499945174,15.440314781454441,36.428732206490906,CIDEA
P7,GO_Biological_Process_2026,gs_ind_0,Negative Regulation of Lipid Storage (GO:0010888),3/17,3.135278356017479e-05,0.0005940950525889532,67.2235190097259,697.1218413490981,PPARG;CLSTN3;PPARA
P7,GO_Biological_Process_2026,gs_ind_0,Negative Regulation of MAPK Cascade (GO:0043409),2/118,0.0699031361207183,0.12946971827872386,5.893444587263894,15.680362488510136,PPARG;PRKN
P7,GO_Biological_Process_2026,gs_ind_0,Negative Regulation of Macromolecule Biosynthetic Process (GO:0010558),2/177,0.13771784960522426,0.19238845152790307,3.9036400711527617,7.739154810765592,PPARG;PRKN
P7,GO_Biological_Process_2026,gs_ind_0,Negative Regulation of Macrophage Derived Foam Cell Differentiation (GO:0010745),2/12,0.000858052708375621,0.008343433572231367,65.64539521392314,463.51196245261565,PPARG;PPARA
P7,GO_Biological_Process_2026,gs_ind_0,Negative Regulation of Metabolic Process (GO:0009892),1/16,0.0571075553965845,0.1153073317980217,26.40865618414654,75.60319879037347,PRKN
P7,GO_Biological_Process_2026,gs_ind_0,Negative Regulation of Mitochondrial Fusion (GO:0010637),1/8,0.02896931280161029,0.09109924323570213,54.59396984924623,193.34553720447744,PRKN
P7,GO_Biological_Process_2026,gs_ind_0,Negative Regulation of Multicellular Organismal Process (GO:0051241),3/236,0.05619114517138117,0.1153073317980217,4.1408115082633286,11.92138015713893,SREBF2;HMGCR;CIDEA
P7,GO_Biological_Process_2026,gs_ind_0,Negative Regulation of Neuron Apoptotic Process (GO:0043524),1/80,0.25499301809085445,0.3000634400782507,5.136721342561866,7.01942789910666,PRKN
P7,GO_Biological_Process_2026,gs_ind_0,Negative Regulation of Neurotransmitter Secretion (GO:0046929),1/5,0.018204501114733745,0.0805576426574146,91.0,364.55386253468845,PRKN
P7,GO_Biological_Process_2026,gs_ind_0,Negative Regulation of Organelle Organization (GO:0010639),3/39,0.00039740327288258085,0.0049776443840716484,26.683596768528275,208.94747861848276,PRKN;PPARG;CLSTN3
P7,GO_Biological_Process_2026,gs_ind_0,Negative Regulation of Osteoblast Differentiation (GO:0045668),1/37,0.12718755619754754,0.18250796899026725,11.205961313416397,23.107728348226125,PPARG
P7,GO_Biological_Process_2026,gs_ind_0,Negative Regulation of Oxidative Stress-Induced Intrinsic Apoptotic Signaling Pathway (GO:1902176),1/23,0.08106535561630931,0.13997032196367426,18.187939698492464,45.697191038775365,PRKN
P7,GO_Biological_Process_2026,gs_ind_0,Negative Regulation of Peptide Hormone Secretion (GO:0090278),1/17,0.060567584183063565,0.11747885750993169,24.80721790772042,69.5593259790493,PRKN
P7,GO_Biological_Process_2026,gs_ind_0,Negative Regulation of Phosphorylation (GO:0042326),1/36,0.12397052607037776,0.18069865634321333,11.52204685398825,24.054708967199332,DAPK1
P7,GO_Biological_Process_2026,gs_ind_0,Negative Regulation of Programmed Cell Death (GO:0043069),3/388,0.1707948005124895,0.22568114253967003,2.4939638830689415,4.407563516318902,TMEM109;SLC25A1;ACLY
P7,GO_Biological_Process_2026,gs_ind_0,Negative Regulation of Protein Catabolic Process (GO:0042177),1/68,0.2213177094527477,0.2698907380950174,6.0525963149078725,9.12825951138168,HMGCR
P7,GO_Biological_Process_2026,gs_ind_0,Negative Regulation of Protein Metabolic Process (GO:0051248),2/142,0.09590398721931202,0.15407184033711213,4.882399696515346,11.446335546071932,HMGCR;DAPK1
P7,GO_Biological_Process_2026,gs_ind_0,Negative Regulation of Protein Secretion (GO:0050709),2/38,0.008590198795084398,0.050382197694979126,18.86621236353522,89.74908897806998,PRKN;HMGCR
P7,GO_Biological_Process_2026,gs_ind_0,Negative Regulation of Protein Transport (GO:0051224),1/23,0.08106535561630931,0.13997032196367426,18.187939698492464,45.697191038775365,HMGCR
P7,GO_Biological_Process_2026,gs_ind_0,Negative Regulation of Purine Nucleotide Catabolic Process (GO:0033122),1/12,0.043140826609840886,0.10452810119564727,35.59951933580948,111.89945212016866,PPARA
P7,GO_Biological_Process_2026,gs_ind_0,Negative Regulation of RNA Biosynthetic Process (GO:1902679),1/423,0.7911945683296279,0.7965841771057153,0.9543159584906783,0.2235116421354561,PPARG
P7,GO_Biological_Process_2026,gs_ind_0,Negative Regulation of Reactive Oxygen Species Biosynthetic Process (GO:1903427),1/10,0.036080852581350895,0.09912174742609038,43.0973287490082,143.16902243022955,PPARA
P7,GO_Biological_Process_2026,gs_ind_0,Negative Regulation of Reactive Oxygen Species Metabolic Process (GO:2000378),2/18,0.0019607912697134173,0.01592334888261775,41.765113059529305,260.38072065544543,PRKN;PPARA
P7,GO_Biological_Process_2026,gs_ind_0,Negative Regulation of Receptor Signaling Pathway via STAT (GO:1904893),1/21,0.07428244681570347,0.13323963154564286,19.96384360828533,51.90360975057245,PPARG
P7,GO_Biological_Process_2026,gs_ind_0,Negative Regulation of Release of Cytochrome C From Mitochondria (GO:0090201),1/16,0.0571075553965845,0.1153073317980217,26.40865618414654,75.60319879037347,PRKN
P7,GO_Biological_Process_2026,gs_ind_0,Negative Regulation of Response to Endoplasmic Reticulum Stress (GO:1903573),2/30,0.005417514395149481,0.03481341859143884,24.169115682607533,126.11730163340725,LPCAT3;PRKN
P7,GO_Biological_Process_2026,gs_ind_0,Negative Regulation of Response to External Stimulus (GO:0032102),3/156,0.01983282943182778,0.0831582823847523,6.317597928672847,24.767616184775715,PPARG;LPCAT3;PPARA
P7,GO_Biological_Process_2026,gs_ind_0,Negative Regulation of Response to Food (GO:0032096),1/10,0.036080852581350895,0.09912174742609038,43.0973287490082,143.16902243022955,PPARA
P7,GO_Biological_Process_2026,gs_ind_0,Negative Regulation of Response to Stimulus (GO:0048585),1/60,0.19803474382044972,0.24889060490359244,6.868417718846333,11.122116658096216,LPCAT3
P7,GO_Biological_Process_2026,gs_ind_0,Negative Regulation of Response to Type II Interferon (GO:0060331),1/8,0.02896931280161029,0.09109924323570213,54.59396984924623,193.34553720447744,PPARG
P7,GO_Biological_Process_2026,gs_ind_0,Negative Regulation of SMAD Protein Signal Transduction (GO:0060392),1/24,0.08443833551787916,0.14311910538466213,17.41334331230621,43.0411486823959,PPARG
P7,GO_Biological_Process_2026,gs_ind_0,Negative Regulation of Secretion by Cell (GO:1903531),1/39,0.1335865701175638,0.1894826781514005,10.623050316517654,21.38425920263491,HMGCR
P7,GO_Biological_Process_2026,gs_ind_0,Negative Regulation of Signal Transduction (GO:0009968),2/292,0.2904771577876738,0.33229507678806647,2.3482617926382834,2.9029924660117103,PPARG;SLC27A4
P7,GO_Biological_Process_2026,gs_ind_0,Negative Regulation of Signal Transduction by P53 Class Mediator (GO:1901797),1/25,0.08779905814197392,0.14746250901572439,16.70197928417598,40.630980258906256,PRKN
P7,GO_Biological_Process_2026,gs_ind_0,Negative Regulation of Smooth Muscle Cell Proliferation (GO:0048662),1/36,0.12397052607037776,0.18069865634321333,11.52204685398825,24.054708967199332,PPARG
P7,GO_Biological_Process_2026,gs_ind_0,Negative Regulation of Supramolecular Fiber Organization (GO:1902904),1/73,0.23552841416211917,0.2830170700257009,5.634136198232542,8.146531160523915,PRKN
P7,GO_Biological_Process_2026,gs_ind_0,Negative Regulation of Synapse Assembly (GO:0051964),1/6,0.021805834468432178,0.0831582823847523,74.4518044769301,284.8211635890129,CLSTN3
P7,GO_Biological_Process_2026,gs_ind_0,Negative Regulation of Transcription by RNA Polymerase II (GO:0000122),5/675,0.10267312076126203,0.16109434446406082,2.2759642526675803,5.180561034433802,SDR16C5;SREBF2;PRKN;PPARG;PPARA
P7,GO_Biological_Process_2026,gs_ind_0,Negative Regulation of Transforming Growth Factor Beta Receptor Signaling Pathway (GO:0030512),3/81,0.003319466243228723,0.024049858370059077,12.387816429854647,70.70905263592678,PPARG;PPARA;CIDEA
P7,GO_Biological_Process_2026,gs_ind_0,Negative Regulation of Translation (GO:0017148),2/99,0.05134448669410536,0.11225909960634278,7.046856696602889,20.92351080553939,CPEB2;DAPK1
P7,GO_Biological_Process_2026,gs_ind_0,Negative Regulation of Transport (GO:0051051),1/35,0.12074175755375664,0.17881394555556346,11.856456194013546,25.06574885089274,PRKN
P7,GO_Biological_Process_2026,gs_ind_0,Negative Regulation of Tumor Necrosis Factor Production (GO:0032720),1/42,0.14309810434998382,0.19877725397488355,9.854029182054852,19.15844830527978,CIDEA
P7,GO_Biological_Process_2026,gs_ind_0,Negative Regulation of Tumor Necrosis Factor Superfamily Cytokine Production (GO:1903556),1/44,0.14938162196228383,0.20405363887269454,9.400277248310518,17.872286764451427,CIDEA
P7,GO_Biological_Process_2026,gs_ind_0,Negative Regulation of Type II Interferon-Mediated Signaling Pathway (GO:0060336),1/8,0.02896931280161029,0.09109924323570213,54.59396984924623,193.34553720447744,PPARG
P7,GO_Biological_Process_2026,gs_ind_0,Negative Regulation of Vascular Associated Smooth Muscle Cell Proliferation (GO:1904706),1/18,0.06401504258973123,0.1209900677079575,23.388801148600145,64.28732849758696,PPARG
P7,GO_Biological_Process_2026,gs_ind_0,Negative Regulation of Vascular Endothelial Cell Proliferation (GO:1905563),1/5,0.018204501114733745,0.0805576426574146,91.0,364.55386253468845,PPARG
P7,GO_Biological_Process_2026,gs_ind_0,Negative Regulation of Wnt Signaling Pathway (GO:0030178),1/143,0.4094983938692628,0.44634116971885723,2.859084898175086,2.552654748599491,PRKN
P7,GO_Biological_Process_2026,gs_ind_0,Negative Regulation of miRNA Metabolic Process (GO:2000629),2/25,0.003780992539606251,0.02587179154415759,29.316880872664434,163.52278131066697,PPARG;PPARA
P7,GO_Biological_Process_2026,gs_ind_0,Negative Regulation of miRNA Transcription (GO:1902894),2/24,0.003486817880202735,0.02477652320644059,30.62098138747885,173.27696042731014,PPARG;PPARA
P7,GO_Biological_Process_2026,gs_ind_0,Nervous System Development (GO:0007399),1/493,0.8392559941545727,0.8415334866760233,0.8165344488942172,0.14308908926915195,PRKN
P7,GO_Biological_Process_2026,gs_ind_0,Neuron Development (GO:0048666),1/166,0.45760996125031844,0.490106900527515,2.4596547693148523,1.9228057739199595,TENM4
P7,GO_Biological_Process_2026,gs_ind_0,Neuron Differentiation (GO:0030182),1/186,0.49627781822045974,0.5276968455610356,2.1928375028782727,1.5363444773294002,TENM4
P7,GO_Biological_Process_2026,gs_ind_0,Neuron Projection Extension (GO:1990138),2/39,0.009033052607095308,0.052151764661276814,18.36243654822335,86.42950837860433,NRP2;CLSTN3
P7,GO_Biological_Process_2026,gs_ind_0,Neuron Projection Guidance (GO:0097485),2/133,0.08585613809033389,0.1451892129262168,5.218293412595781,12.81133925257108,TENM4;NRP2
P7,GO_Biological_Process_2026,gs_ind_0,Neutral Lipid Catabolic Process (GO:0046461),1/5,0.018204501114733745,0.0805576426574146,91.0,364.55386253468845,MGLL
P7,GO_Biological_Process_2026,gs_ind_0,Nitric Oxide Biosynthetic Process (GO:0006809),1/14,0.05014960504049533,0.10997198256654614,30.32328308207705,90.74984291620152,CYB5B
P7,GO_Biological_Process_2026,gs_ind_0,Nitric Oxide Metabolic Process (GO:0046209),1/21,0.07428244681570347,0.13323963154564286,19.96384360828533,51.90360975057245,CYB5B
P7,GO_Biological_Process_2026,gs_ind_0,Nuclear Receptor-Mediated Signaling Pathway (GO:0141193),2/33,0.006528959345856643,0.04088899115752592,21.864877930867777,110.01330196389596,PPARG;PPARA
P7,GO_Biological_Process_2026,gs_ind_0,Nucleoside Phosphate Biosynthetic Process (GO:1901293),1/22,0.07768007418553498,0.13667994005502462,19.03459156246348,48.636360355386536,PANK1
P7,GO_Biological_Process_2026,gs_ind_0,Nucleoside Phosphate Catabolic Process (GO:1901292),1/19,0.06744997582548398,0.1252400304900318,22.123726741817194,59.65373216204687,FITM2
P7,GO_Biological_Process_2026,gs_ind_0,Nucleoside Phosphate Metabolic Process (GO:0006753),1/31,0.10770844937287086,0.16582613351364908,13.413378367246066,29.88939646374393,ACLY
P7,GO_Biological_Process_2026,gs_ind_0,Organelle Fission (GO:0048285),1/25,0.08779905814197392,0.14746250901572439,16.70197928417598,40.630980258906256,PRKN
P7,GO_Biological_Process_2026,gs_ind_0,Organelle Fusion (GO:0048284),1/30,0.10442034991225575,0.1627988155805,13.868580189080998,31.333708986565636,CIDEA
P7,GO_Biological_Process_2026,gs_ind_0,Organelle Organization (GO:0006996),4/399,0.05940938297573843,0.11747885750993169,3.156658784381284,8.91220453958422,FITM2;ABCD3;PRKN;PEX3
P7,GO_Biological_Process_2026,gs_ind_0,Organic Anion Transport (GO:0015711),2/97,0.0495111858247973,0.10997198256654614,7.194966380524623,21.62487911394833,SLC25A1;MGST1
P7,GO_Biological_Process_2026,gs_ind_0,Organic Hydroxy Compound Transport (GO:0015850),1/52,0.17406277381902974,0.22888325596488074,7.937698199736547,13.877789521683125,ABCD3
P7,GO_Biological_Process_2026,gs_ind_0,Organophosphate Biosynthetic Process (GO:0090407),1/32,0.11098459693722368,0.1687605290876714,12.987078248384782,28.550323385514286,FITM2
P7,GO_Biological_Process_2026,gs_ind_0,Organophosphate Ester Transport (GO:0015748),1/27,0.09448390777737954,0.1521211499945174,15.440314781454441,36.428732206490906,SCARB1
P7,GO_Biological_Process_2026,gs_ind_0,Outflow Tract Septum Morphogenesis (GO:0003148),1/24,0.08443833551787916,0.14311910538466213,17.41334331230621,43.0411486823959,NRP2
P7,GO_Biological_Process_2026,gs_ind_0,Oxaloacetate Metabolic Process (GO:0006107),1/8,0.02896931280161029,0.09109924323570213,54.59396984924623,193.34553720447744,ACLY
P7,GO_Biological_Process_2026,gs_ind_0,Peroxisomal Membrane Transport (GO:0015919),1/15,0.05363491085988955,0.11228385021376311,28.2309824987004,82.591294852792,PEX3
P7,GO_Biological_Process_2026,gs_ind_0,Peroxisome Organization (GO:0007031),2/27,0.004402722522559382,0.029311819316859306,27.01552702299194,146.57361106839556,ABCD3;PEX3
P7,GO_Biological_Process_2026,gs_ind_0,Peroxisome Proliferator Activated Receptor Signaling Pathway (GO:0035357),2/9,0.00047140202870182124,0.005443220300166342,91.91370558375634,704.0405343731263,PPARG;PPARA
P7,GO_Biological_Process_2026,gs_ind_0,Phosphate-containing Compound Metabolic Process (GO:0006796),1/131,0.3827434531083978,0.4177952907638197,3.123375498180558,2.9996596862157037,LHPP
P7,GO_Biological_Process_2026,gs_ind_0,Phosphatidic Acid Biosynthetic Process (GO:0006654),1/32,0.11098459693722368,0.1687605290876714,12.987078248384782,28.550323385514286,GPAM
P7,GO_Biological_Process_2026,gs_ind_0,Phosphatidic Acid Metabolic Process (GO:0046473),1/36,0.12397052607037776,0.18069865634321333,11.52204685398825,24.054708967199332,GPAM
P7,GO_Biological_Process_2026,gs_ind_0,Phosphatidylcholine Acyl-Chain Remodeling (GO:0036151),1/15,0.05363491085988955,0.11228385021376311,28.2309824987004,82.591294852792,LPCAT3
P7,GO_Biological_Process_2026,gs_ind_0,Phosphatidylcholine Biosynthetic Process (GO:0006656),1/23,0.08106535561630931,0.13997032196367426,18.187939698492464,45.697191038775365,LPCAT3
P7,GO_Biological_Process_2026,gs_ind_0,Phosphatidylcholine Metabolic Process (GO:0046470),1/58,0.19210712382525622,0.24477097328769715,7.107843565654359,11.725824641202973,LPCAT3
P7,GO_Biological_Process_2026,gs_ind_0,Phosphatidylethanolamine Acyl-Chain Remodeling (GO:0036152),1/10,0.036080852581350895,0.09912174742609038,43.0973287490082,143.16902243022955,LPCAT3
P7,GO_Biological_Process_2026,gs_ind_0,Phosphatidylglycerol Biosynthetic Process (GO:0006655),1/6,0.021805834468432178,0.0831582823847523,74.4518044769301,284.8211635890129,GPAM
P7,GO_Biological_Process_2026,gs_ind_0,Phosphatidylglycerol Metabolic Process (GO:0046471),1/24,0.08443833551787916,0.14311910538466213,17.41334331230621,43.0411486823959,GPAM
P7,GO_Biological_Process_2026,gs_ind_0,Phosphatidylinositol Biosynthetic Process (GO:0006661),1/49,0.16489155134789077,0.22115218955733443,8.429622338496607,15.194118496222861,CDS1
P7,GO_Biological_Process_2026,gs_ind_0,Phosphatidylinositol Metabolic Process (GO:0046488),2/70,0.027359022238275892,0.09109924323570213,10.04094260624699,36.13442976017837,CDS1;PLCB4
P7,GO_Biological_Process_2026,gs_ind_0,Phosphatidylinositol-mediated Signaling (GO:0048015),1/24,0.08443833551787916,0.14311910538466213,17.41334331230621,43.0411486823959,PLCB4
P7,GO_Biological_Process_2026,gs_ind_0,Phosphatidylserine Acyl-Chain Remodeling (GO:0036150),1/9,0.032531551648223855,0.096385880941545,48.16937629323086,165.00635843822025,LPCAT3
P7,GO_Biological_Process_2026,gs_ind_0,Phosphatidylserine Metabolic Process (GO:0006658),1/21,0.07428244681570347,0.13323963154564286,19.96384360828533,51.90360975057245,LPCAT3
P7,GO_Biological_Process_2026,gs_ind_0,Phospholipase C-activating G Protein-Coupled Receptor Signaling Pathway (GO:0007200),1/119,0.35478894091682145,0.3907437069113726,3.4411933083137205,3.565875308851531,PLCB4
P7,GO_Biological_Process_2026,gs_ind_0,Phospholipid Biosynthetic Process (GO:0008654),3/41,0.0004610860741858352,0.005443220300166342,25.295571095571095,194.31870074326656,IDI1;FITM2;FDPS
P7,GO_Biological_Process_2026,gs_ind_0,Phospholipid Homeostasis (GO:0055091),1/15,0.05363491085988955,0.11228385021376311,28.2309824987004,82.591294852792,TLCD2
P7,GO_Biological_Process_2026,gs_ind_0,Phospholipid Metabolic Process (GO:0006644),3/65,0.0017728338561191772,0.015058899076690483,15.568287179487179,98.62783874096968,GPAM;FITM2;FDFT1
P7,GO_Biological_Process_2026,gs_ind_0,Phospholipid Transport (GO:0015914),1/64,0.20976111348061466,0.25965404164518296,6.434811854548332,10.049798749352027,SCARB1
P7,GO_Biological_Process_2026,gs_ind_0,Phosphorylation (GO:0016310),1/253,0.6069810036204861,0.6282338398817077,1.6069754714164883,0.8022950126900641,DAPK1
P7,GO_Biological_Process_2026,gs_ind_0,Placenta Development (GO:0001890),1/26,0.09114756758275655,0.15001793417295567,16.046408513154006,38.435568598252985,PPARG
P7,GO_Biological_Process_2026,gs_ind_0,Plasma Membrane Organization (GO:0007009),1/70,0.2270331041296496,0.2750450228718214,5.877987057590109,8.715052993038883,TLCD2
P7,GO_Biological_Process_2026,gs_ind_0,Positive Regulation of ATP Biosynthetic Process (GO:2001171),1/8,0.02896931280161029,0.09109924323570213,54.59396984924623,193.34553720447744,PPARA
P7,GO_Biological_Process_2026,gs_ind_0,Positive Regulation of ATP Metabolic Process (GO:1903580),1/31,0.10770844937287086,0.16582613351364908,13.413378367246066,29.88939646374393,PPARA
P7,GO_Biological_Process_2026,gs_ind_0,Positive Regulation of Adipose Tissue Development (GO:1904179),1/10,0.036080852581350895,0.09912174742609038,43.0973287490082,143.16902243022955,PPARG
P7,GO_Biological_Process_2026,gs_ind_0,Positive Regulation of Alcohol Biosynthetic Process (GO:1902932),1/17,0.060567584183063565,0.11747885750993169,24.80721790772042,69.5593259790493,SREBF2
P7,GO_Biological_Process_2026,gs_ind_0,Positive Regulation of Apoptotic Process (GO:0043065),4/280,0.019795296340899934,0.0831582823847523,4.535290314722334,17.7888187632855,PPARG;PTPA;SLC27A4;DAPK1
P7,GO_Biological_Process_2026,gs_ind_0,Positive Regulation of Apoptotic Signaling Pathway (GO:2001235),1/63,0.20684553317320864,0.2573381296548841,6.538010050251256,10.302484965677984,PPARG
P7,GO_Biological_Process_2026,gs_ind_0,Positive Regulation of Autophagy (GO:0010508),1/91,0.28459342977031415,0.3275927485985392,4.510536105944085,5.668362215187675,DAPK1
P7,GO_Biological_Process_2026,gs_ind_0,Positive Regulation of Autophagy of Mitochondrion (GO:1903599),1/16,0.0571075553965845,0.1153073317980217,26.40865618414654,75.60319879037347,PRKN
P7,GO_Biological_Process_2026,gs_ind_0,Positive Regulation of Biosynthetic Process (GO:0009891),1/87,0.2739668544992329,0.31733778287607073,4.71981293751997,6.110969063971938,PPARA
P7,GO_Biological_Process_2026,gs_ind_0,Positive Regulation of Canonical NF-kappaB Signal Transduction (GO:0043123),1/203,0.526990514544804,0.554766367875513,2.0074818537130095,1.2859381305931272,PRKN
P7,GO_Biological_Process_2026,gs_ind_0,Positive Regulation of Catabolic Process (GO:0009896),3/154,0.01917468485436307,0.0831582823847523,6.401472454937801,25.312474278281965,PRKN;CLSTN3;DAPK1
P7,GO_Biological_Process_2026,gs_ind_0,Positive Regulation of Cell Communication (GO:0010647),1/29,0.10112025539501886,0.15899546539769985,14.355725998413119,32.89535401837941,CLSTN3
P7,GO_Biological_Process_2026,gs_ind_0,Positive Regulation of Cell Differentiation (GO:0045597),2/278,0.27147149969890033,0.3149410334026489,2.4684462231850266,3.2186023862835436,CDS1;PPARG
P7,GO_Biological_Process_2026,gs_ind_0,Positive Regulation of Cell Junction Assembly (GO:1901890),1/72,0.23270696523856207,0.280082161744784,5.71314615033208,8.329625840241883,CLSTN3
P7,GO_Biological_Process_2026,gs_ind_0,Positive Regulation of Cell Migration (GO:0030335),2/318,0.3255950640638199,0.3640162667823947,2.1532706233310077,2.4161866986981617,NRP2;SCARB1
P7,GO_Biological_Process_2026,gs_ind_0,Positive Regulation of Cell Population Proliferation (GO:0008284),1/443,0.8062182109073207,0.8106057930074966,0.9105016608466059,0.19612282255088903,MVD
P7,GO_Biological_Process_2026,gs_ind_0,Positive Regulation of Cellular Process (GO:0048522),3/587,0.3651061676929709,0.4009115273775713,1.6326424074927068,1.6449967714504503,TENM4;MVD;PRKN
P7,GO_Biological_Process_2026,gs_ind_0,Positive Regulation of Cholesterol Biosynthetic Process (GO:0045542),1/12,0.043140826609840886,0.10452810119564727,35.59951933580948,111.89945212016866,SREBF2
P7,GO_Biological_Process_2026,gs_ind_0,Positive Regulation of Cholesterol Efflux (GO:0010875),1/21,0.07428244681570347,0.13323963154564286,19.96384360828533,51.90360975057245,PPARG
P7,GO_Biological_Process_2026,gs_ind_0,Positive Regulation of Cholesterol Metabolic Process (GO:0090205),2/17,0.0017470948129191322,0.015012826357526031,44.4612739479286,282.3202407734291,SREBF2;STARD4
P7,GO_Biological_Process_2026,gs_ind_0,Positive Regulation of Cholesterol Storage (GO:0010886),2/6,0.00019783434624159155,0.002923991637450723,153.20642978003383,1306.5567682102458,SCARB1;SREBF2
P7,GO_Biological_Process_2026,gs_ind_0,Positive Regulation of Cholesterol Transport (GO:0032376),1/27,0.09448390777737954,0.1521211499945174,15.440314781454441,36.428732206490906,PPARG
P7,GO_Biological_Process_2026,gs_ind_0,Positive Regulation of Cold-Induced Thermogenesis (GO:0120162),4/99,0.0004908816162687355,0.0055809463757322385,13.219352738518298,100.72231434662895,ADIPOR2;ELOVL6;ELOVL3;CIDEA
P7,GO_Biological_Process_2026,gs_ind_0,Positive Regulation of Cytokine-Mediated Signaling Pathway (GO:0001961),2/50,0.014548712109323129,0.07487528556140469,14.192003767858077,60.03576373485683,RBM47;PRKN
P7,GO_Biological_Process_2026,gs_ind_0,Positive Regulation of DNA-templated Transcription (GO:0045893),4/1205,0.6499093694650302,0.6679875160426388,1.007801129417244,0.43428403848511327,PPARG;PRKN;SREBF2;PPARA
P7,GO_Biological_Process_2026,gs_ind_0,Positive Regulation of Developmental Process (GO:0051094),2/235,0.21327118238819445,0.26267900630812613,2.927694866248546,4.523847073863674,PPARG;PRKN
P7,GO_Biological_Process_2026,gs_ind_0,Positive Regulation of Embryonic Development (GO:0040019),1/22,0.07768007418553498,0.13667994005502462,19.03459156246348,48.636360355386536,TENM4
P7,GO_Biological_Process_2026,gs_ind_0,Positive Regulation of Endothelial Cell Migration (GO:0010595),2/82,0.03657684368909193,0.100112175874959,8.540372670807454,28.254455880318755,NRP2;SCARB1
P7,GO_Biological_Process_2026,gs_ind_0,Positive Regulation of Endothelial Cell Proliferation (GO:0001938),1/68,0.2213177094527477,0.2698907380950174,6.0525963149078725,9.12825951138168,NRP2
P7,GO_Biological_Process_2026,gs_ind_0,Positive Regulation of Epithelial Cell Proliferation (GO:0050679),1/109,0.3305388515100955,0.3689852133926897,3.7597434175485724,4.162152789215556,NRP2
P7,GO_Biological_Process_2026,gs_ind_0,Positive Regulation of Fat Cell Differentiation (GO:0045600),2/50,0.014548712109323129,0.07487528556140469,14.192003767858077,60.03576373485683,CDS1;PPARG
P7,GO_Biological_Process_2026,gs_ind_0,Positive Regulation of Fatty Acid Beta-Oxidation (GO:0032000),1/9,0.032531551648223855,0.096385880941545,48.16937629323086,165.00635843822025,PPARA
P7,GO_Biological_Process_2026,gs_ind_0,Positive Regulation of Fatty Acid Metabolic Process (GO:0045923),2/18,0.0019607912697134173,0.01592334888261775,41.765113059529305,260.38072065544543,PPARG;PPARA
P7,GO_Biological_Process_2026,gs_ind_0,Positive Regulation of Fatty Acid Oxidation (GO:0046321),1/12,0.043140826609840886,0.10452810119564727,35.59951933580948,111.89945212016866,PPARA
P7,GO_Biological_Process_2026,gs_ind_0,Positive Regulation of Ferroptosis (GO:0160020),1/9,0.032531551648223855,0.096385880941545,48.16937629323086,165.00635843822025,DHCR7
P7,GO_Biological_Process_2026,gs_ind_0,Positive Regulation of Gastrulation (GO:2000543),1/7,0.025394089358317242,0.08851996243300209,62.9953614224971,231.39700796830692,TENM4
P7,GO_Biological_Process_2026,gs_ind_0,Positive Regulation of Gene Expression (GO:0010628),2/388,0.41736726237252053,0.4535800101371951,1.758689527912215,1.53672307090934,PPARG;PRKN
P7,GO_Biological_Process_2026,gs_ind_0,Positive Regulation of Glial Cell Differentiation (GO:0045687),1/17,0.060567584183063565,0.11747885750993169,24.80721790772042,69.5593259790493,TENM4
P7,GO_Biological_Process_2026,gs_ind_0,Positive Regulation of Glycoprotein Biosynthetic Process (GO:0010560),1/11,0.03961726211805212,0.10236768078755426,38.99138549892319,125.88331156809635,SOAT1
P7,GO_Biological_Process_2026,gs_ind_0,Positive Regulation of Hormone Secretion (GO:0046887),1/21,0.07428244681570347,0.13323963154564286,19.96384360828533,51.90360975057245,PPARG
P7,GO_Biological_Process_2026,gs_ind_0,Positive Regulation of Innate Immune Response (GO:0045089),1/47,0.15872146612108,0.2140422690939382,8.792835143459232,16.18413103887907,RBM47
P7,GO_Biological_Process_2026,gs_ind_0,Positive Regulation of Intracellular Signal Transduction (GO:1902533),1/650,0.9108247047177221,0.9108247047177221,0.6155140599069249,0.057491980566677904,PRKN
P7,GO_Biological_Process_2026,gs_ind_0,Positive Regulation of Intracellular Transport (GO:0032388),1/68,0.2213177094527477,0.2698907380950174,6.0525963149078725,9.12825951138168,PRKN
P7,GO_Biological_Process_2026,gs_ind_0,Positive Regulation of Lipid Biosynthetic Process (GO:0046889),2/38,0.008590198795084398,0.050382197694979126,18.86621236353522,89.74908897806998,SCARB1;PPARA
P7,GO_Biological_Process_2026,gs_ind_0,Positive Regulation of Lipid Catabolic Process (GO:0050996),2/20,0.0024233666823696197,0.018654874773657803,37.24722184113047,224.32502568471043,PPARA;CLSTN3
P7,GO_Biological_Process_2026,gs_ind_0,Positive Regulation of Lipid Metabolic Process (GO:0045834),3/29,0.00016317431440605775,0.0026214308336103627,36.766424770198356,320.62864853177814,PPARG;CLSTN3;PPARA
P7,GO_Biological_Process_2026,gs_ind_0,Positive Regulation of Lipid Storage (GO:0010884),2/16,0.0015452428094651371,0.013926029709691905,47.529319096796776,307.6370456108159,SCARB1;SREBF2
P7,GO_Biological_Process_2026,gs_ind_0,Positive Regulation of Lipoprotein Transport (GO:0140077),2/5,0.0001322061015675598,0.0022204615695096976,196.9869470630892,1759.3196723588437,PPARG;TMEM97
P7,GO_Biological_Process_2026,gs_ind_0,Positive Regulation of Macroautophagy (GO:0016239),1/76,0.24393127980932583,0.29122005780144067,5.409664215115312,7.632326099746303,PRKN
P7,GO_Biological_Process_2026,gs_ind_0,Positive Regulation of Macromolecule Biosynthetic Process (GO:0010557),2/314,0.32021537369537095,0.3606006105646172,2.1811573604060914,2.4838179550185258,PPARG;PRKN
P7,GO_Biological_Process_2026,gs_ind_0,Positive Regulation of Metabolic Process (GO:0009893),1/38,0.13039289018139794,0.18566540625058395,10.906733668341708,22.219232230345032,PPARG
P7,GO_Biological_Process_2026,gs_ind_0,Positive Regulation of Mitochondrial Fission (GO:0090141),1/18,0.06401504258973123,0.1209900677079575,23.388801148600145,64.28732849758696,PRKN
P7,GO_Biological_Process_2026,gs_ind_0,Positive Regulation of Mitochondrial Fusion (GO:0010636),1/5,0.018204501114733745,0.0805576426574146,91.0,364.55386253468845,PRKN
P7,GO_Biological_Process_2026,gs_ind_0,Positive Regulation of Mitophagy (GO:1901526),1/18,0.06401504258973123,0.1209900677079575,23.388801148600145,64.28732849758696,PRKN
P7,GO_Biological_Process_2026,gs_ind_0,Positive Regulation of Multicellular Organismal Process (GO:0051240),5/398,0.015727549844810857,0.07960725572133714,3.9186452630108373,16.271552711609694,ELOVL3;ADIPOR2;PPARG;ELOVL6;CIDEA
P7,GO_Biological_Process_2026,gs_ind_0,Positive Regulation of Myelination (GO:0031643),1/13,0.04665159224326654,0.10773602083679366,32.75035175879397,100.38140738175221,TENM4
P7,GO_Biological_Process_2026,gs_ind_0,Positive Regulation of Nervous System Development (GO:0051962),1/55,0.18313427347949734,0.2374319791251729,7.499930846895025,12.731400062627513,CLSTN3
P7,GO_Biological_Process_2026,gs_ind_0,Positive Regulation of Nervous System Process (GO:0031646),1/22,0.07768007418553498,0.13667994005502462,19.03459156246348,48.636360355386536,TENM4
P7,GO_Biological_Process_2026,gs_ind_0,Positive Regulation of Neurotransmitter Transport (GO:0051590),1/8,0.02896931280161029,0.09109924323570213,54.59396984924623,193.34553720447744,PRKN
P7,GO_Biological_Process_2026,gs_ind_0,Positive Regulation of Neurotransmitter Uptake (GO:0051582),1/6,0.021805834468432178,0.0831582823847523,74.4518044769301,284.8211635890129,PRKN
P7,GO_Biological_Process_2026,gs_ind_0,Positive Regulation of Oligodendrocyte Differentiation (GO:0048714),1/7,0.025394089358317242,0.08851996243300209,62.9953614224971,231.39700796830692,TENM4
P7,GO_Biological_Process_2026,gs_ind_0,Positive Regulation of Organelle Organization (GO:0010638),1/74,0.23833959157565857,0.2854667069277337,5.557276176802379,7.969460621659022,PRKN
P7,GO_Biological_Process_2026,gs_ind_0,Positive Regulation of Programmed Cell Death (GO:0043068),4/234,0.01091180283171997,0.060177778303291476,5.449686983691682,24.62119666648085,PTPA;SLC27A4;DHCR7;DAPK1
P7,GO_Biological_Process_2026,gs_ind_0,Positive Regulation of Proteasomal Protein Catabolic Process (GO:1901800),1/95,0.2950660020928981,0.3359842458345943,4.318975831538646,5.271552779622928,PRKN
P7,GO_Biological_Process_2026,gs_ind_0,Positive Regulation of Proteasomal Ubiquitin-Dependent Protein Catabolic Process (GO:0032436),1/68,0.2213177094527477,0.2698907380950174,6.0525963149078725,9.12825951138168,PRKN
P7,GO_Biological_Process_2026,gs_ind_0,Positive Regulation of Protein Catabolic Process (GO:0045732),1/114,0.3427746150393318,0.38091795566025,3.593451840701304,3.8474447312642526,PRKN
P7,GO_Biological_Process_2026,gs_ind_0,Positive Regulation of Protein Localization (GO:1903829),2/135,0.08805996341351535,0.1475653355160722,5.139736496891576,12.488209448482333,SREBF2;PRKN
P7,GO_Biological_Process_2026,gs_ind_0,Positive Regulation of Protein Localization to Membrane (GO:1905477),1/57,0.1891270689518711,0.2422268699400914,7.233912927469205,12.046896829454685,PRKN
P7,GO_Biological_Process_2026,gs_ind_0,Positive Regulation of Protein Localization to Mitochondrion (GO:1903749),1/32,0.11098459693722368,0.1687605290876714,12.987078248384782,28.550323385514286,SREBF2
P7,GO_Biological_Process_2026,gs_ind_0,Positive Regulation of Protein Metabolic Process (GO:0051247),1/184,0.4925372040756993,0.5244740544840659,2.2169019484342694,1.5699773269794675,PRKN
P7,GO_Biological_Process_2026,gs_ind_0,Positive Regulation of Protein Polyubiquitination (GO:1902916),1/14,0.05014960504049533,0.10997198256654614,30.32328308207705,90.74984291620152,PRKN
P7,GO_Biological_Process_2026,gs_ind_0,Positive Regulation of Protein Secretion (GO:0050714),1/80,0.25499301809085445,0.3000634400782507,5.136721342561866,7.01942789910666,PPARG
P7,GO_Biological_Process_2026,gs_ind_0,Positive Regulation of Protein Transport (GO:0051222),2/72,0.0288204192434945,0.09109924323570213,9.755373150448213,34.599100427774125,PPARG;TMEM97
P7,GO_Biological_Process_2026,gs_ind_0,Positive Regulation of Purine Nucleotide Biosynthetic Process (GO:1900373),1/9,0.032531551648223855,0.096385880941545,48.16937629323086,165.00635843822025,PPARA
P7,GO_Biological_Process_2026,gs_ind_0,Positive Regulation of RNA Biosynthetic Process (GO:1902680),2/526,0.5774651313649538,0.6002063742316468,1.2892868721963873,0.707956726303651,PPARG;PPARA
P7,GO_Biological_Process_2026,gs_ind_0,Positive Regulation of Response to Wounding (GO:1903036),1/28,0.09780812250653742,0.1557762985610585,14.878300593878484,34.58829438886499,TMEM97
P7,GO_Biological_Process_2026,gs_ind_0,Positive Regulation of Signal Transduction (GO:0009967),2/265,0.253814556552109,0.29963092219170695,2.5914813280806017,3.553313175725082,SCARB1;PPARG
P7,GO_Biological_Process_2026,gs_ind_0,Positive Regulation of Signaling (GO:0023056),1/35,0.12074175755375664,0.17881394555556346,11.856456194013546,25.06574885089274,CLSTN3
P7,GO_Biological_Process_2026,gs_ind_0,Positive Regulation of Small Molecule Metabolic Process (GO:0062013),3/23,8.03601270291267e-05,0.0014139555684410626,47.537836147592245,448.2338975197366,PPARA;PPARG;STARD4
P7,GO_Biological_Process_2026,gs_ind_0,Positive Regulation of Smooth Muscle Cell Apoptotic Process (GO:0034393),1/11,0.03961726211805212,0.10236768078755426,38.99138549892319,125.88331156809635,PPARG
P7,GO_Biological_Process_2026,gs_ind_0,Positive Regulation of Steroid Biosynthetic Process (GO:0010893),1/6,0.021805834468432178,0.0831582823847523,74.4518044769301,284.8211635890129,STARD4
P7,GO_Biological_Process_2026,gs_ind_0,Positive Regulation of Steroid Metabolic Process (GO:0045940),1/7,0.025394089358317242,0.08851996243300209,62.9953614224971,231.39700796830692,STARD4
P7,GO_Biological_Process_2026,gs_ind_0,Positive Regulation of Sterol Biosynthetic Process (GO:0106120),1/12,0.043140826609840886,0.10452810119564727,35.59951933580948,111.89945212016866,SREBF2
P7,GO_Biological_Process_2026,gs_ind_0,Positive Regulation of Sterol Transport (GO:0032373),1/6,0.021805834468432178,0.0831582823847523,74.4518044769301,284.8211635890129,PPARG
P7,GO_Biological_Process_2026,gs_ind_0,Positive Regulation of Synapse Assembly (GO:0051965),1/42,0.14309810434998382,0.19877725397488355,9.854029182054852,19.15844830527978,CLSTN3
P7,GO_Biological_Process_2026,gs_ind_0,Positive Regulation of Synaptic Transmission (GO:0050806),1/85,0.2685951165573057,0.3120940112198883,4.83188129999108,6.351750414065389,CLSTN3
P7,GO_Biological_Process_2026,gs_ind_0,Positive Regulation of Transcription by RNA Polymerase II (GO:0045944),4/944,0.4570926198094297,0.490106900527515,1.300418970176265,1.0180580101551517,PPARG;PRKN;SREBF2;PPARA
P7,GO_Biological_Process_2026,gs_ind_0,Positive Regulation of Transmembrane Transport (GO:0034764),1/16,0.0571075553965845,0.1153073317980217,26.40865618414654,75.60319879037347,ACSL5
P7,GO_Biological_Process_2026,gs_ind_0,Positive Regulation of Triglyceride Biosynthetic Process (GO:0010867),1/12,0.043140826609840886,0.10452810119564727,35.59951933580948,111.89945212016866,SCARB1
P7,GO_Biological_Process_2026,gs_ind_0,Positive Regulation of Triglyceride Metabolic Process (GO:0090208),1/17,0.060567584183063565,0.11747885750993169,24.80721790772042,69.5593259790493,SCARB1
P7,GO_Biological_Process_2026,gs_ind_0,Positive Regulation of Tumor Necrosis Factor-Mediated Signaling Pathway (GO:1903265),1/13,0.04665159224326654,0.10773602083679366,32.75035175879397,100.38140738175221,PRKN
P7,GO_Biological_Process_2026,gs_ind_0,Positive Regulation of Type 2 Mitophagy (GO:1905091),1/6,0.021805834468432178,0.0831582823847523,74.4518044769301,284.8211635890129,PRKN
P7,GO_Biological_Process_2026,gs_ind_0,Positive Regulation of Type I Interferon-Mediated Signaling Pathway (GO:0060340),1/15,0.05363491085988955,0.11228385021376311,28.2309824987004,82.591294852792,RBM47
P7,GO_Biological_Process_2026,gs_ind_0,Positive Regulation of Ubiquitin-Dependent Protein Catabolic Process (GO:2000060),1/84,0.265894511441762,0.30993066869946706,4.889928685342882,6.4774715260949085,PRKN
P7,GO_Biological_Process_2026,gs_ind_0,Positive Regulation of Vascular Associated Smooth Muscle Cell Apoptotic Process (GO:1905461),1/5,0.018204501114733745,0.0805576426574146,91.0,364.55386253468845,PPARG
P7,GO_Biological_Process_2026,gs_ind_0,Positive Regulation of Wound Healing (GO:0090303),1/40,0.1367686379517141,0.19178752077099948,10.353730678710006,20.598380195399425,TMEM97
P7,GO_Biological_Process_2026,gs_ind_0,Positive Regulation of miRNA Metabolic Process (GO:2000630),1/53,0.17709763410262688,0.23163743646343588,7.7862167982771,13.478362460655353,PPARG
P7,GO_Biological_Process_2026,gs_ind_0,Positive Regulation of miRNA Transcription (GO:1902895),1/47,0.15872146612108,0.2140422690939382,8.792835143459232,16.18413103887907,PPARG
P7,GO_Biological_Process_2026,gs_ind_0,Post-translational Protein Modification (GO:0043687),1/53,0.17709763410262688,0.23163743646343588,7.7862167982771,13.478362460655353,HLCS
P7,GO_Biological_Process_2026,gs_ind_0,Primary Alcohol Catabolic Process (GO:0034310),1/8,0.02896931280161029,0.09109924323570213,54.59396984924623,193.34553720447744,ACSS2
P7,GO_Biological_Process_2026,gs_ind_0,Primary Alcohol Metabolic Process (GO:0034308),3/33,0.0002410656251351643,0.0032990277217571557,31.939890710382514,266.0733865462001,RDH11;SDR16C5;PECR
P7,GO_Biological_Process_2026,gs_ind_0,Proteasomal Protein Catabolic Process (GO:0010498),1/306,0.6771752617396771,0.6893009895669716,1.3255722145917805,0.5167414001192301,PRKN
P7,GO_Biological_Process_2026,gs_ind_0,Proteasome-mediated Ubiquitin-Dependent Protein Catabolic Process (GO:0043161),1/383,0.7576031904922855,0.7638045808646644,1.0556902157848065,0.2930548805370074,PRKN
P7,GO_Biological_Process_2026,gs_ind_0,Protein Acylation (GO:0043543),1/22,0.07768007418553498,0.13667994005502462,19.03459156246348,48.636360355386536,ACBD6
P7,GO_Biological_Process_2026,gs_ind_0,Protein Autophosphorylation (GO:0046777),1/100,0.3079435140862534,0.3484996277331413,4.101184313527436,4.830534456023747,DAPK1
P7,GO_Biological_Process_2026,gs_ind_0,Protein Autoubiquitination (GO:0051865),1/59,0.19507633576312508,0.2464297643229905,6.986084267491303,11.41780694412366,PRKN
P7,GO_Biological_Process_2026,gs_ind_0,Protein Catabolic Process (GO:0030163),1/169,0.46359215012607685,0.4950789002068942,2.4155942919344495,1.8569883536979326,PRKN
P7,GO_Biological_Process_2026,gs_ind_0,Protein Destabilization (GO:0031648),1/35,0.12074175755375664,0.17881394555556346,11.856456194013546,25.06574885089274,PRKN
P7,GO_Biological_Process_2026,gs_ind_0,Protein Deubiquitination (GO:0016579),1/77,0.24671186426811992,0.29359109129491245,5.3387525864617205,7.471766641728897,PRKN
P7,GO_Biological_Process_2026,gs_ind_0,Protein Homooligomerization (GO:0051260),2/136,0.08916823114596724,0.14908444076214883,5.101334138471119,12.331100245264658,ACACA;ACACB
P7,GO_Biological_Process_2026,gs_ind_0,Protein Homotetramerization (GO:0051289),2/58,0.01926394116891126,0.0831582823847523,12.178922779749337,48.10090230987296,ACACA;ACACB
P7,GO_Biological_Process_2026,gs_ind_0,Protein Import Into Peroxisome Membrane (GO:0045046),1/5,0.018204501114733745,0.0805576426574146,91.0,364.55386253468845,PEX3
P7,GO_Biological_Process_2026,gs_ind_0,Protein Insertion Into ER Membrane (GO:0045048),1/26,0.09114756758275655,0.15001793417295567,16.046408513154006,38.435568598252985,EMC9
P7,GO_Biological_Process_2026,gs_ind_0,Protein Insertion Into ER Membrane by Stop-Transfer Membrane-Anchor Sequence (GO:0045050),1/11,0.03961726211805212,0.10236768078755426,38.99138549892319,125.88331156809635,EMC9
P7,GO_Biological_Process_2026,gs_ind_0,Protein K11-linked Ubiquitination (GO:0070979),1/37,0.12718755619754754,0.18250796899026725,11.205961313416397,23.107728348226125,PRKN
P7,GO_Biological_Process_2026,gs_ind_0,Protein K27-linked Ubiquitination (GO:0044314),1/11,0.03961726211805212,0.10236768078755426,38.99138549892319,125.88331156809635,PRKN
P7,GO_Biological_Process_2026,gs_ind_0,Protein K29-linked Ubiquitination (GO:0035519),1/9,0.032531551648223855,0.096385880941545,48.16937629323086,165.00635843822025,PRKN
P7,GO_Biological_Process_2026,gs_ind_0,Protein K48-linked Ubiquitination (GO:0070936),1/92,0.2872259237732201,0.3290852056874568,4.461075871159074,5.565130506335436,PRKN
P7,GO_Biological_Process_2026,gs_ind_0,Protein K6-linked Ubiquitination (GO:0085020),1/15,0.05363491085988955,0.11228385021376311,28.2309824987004,82.591294852792,PRKN
P7,GO_Biological_Process_2026,gs_ind_0,Protein K63-linked Ubiquitination (GO:0070534),1/65,0.21266608310352175,0.262371010707016,6.334813602898212,9.80649435082848,PRKN
P7,GO_Biological_Process_2026,gs_ind_0,Protein Lipidation (GO:0006497),1/16,0.0571075553965845,0.1153073317980217,26.40865618414654,75.60319879037347,ACBD6
P7,GO_Biological_Process_2026,gs_ind_0,Protein Localization to Membrane (GO:0072657),1/188,0.49999113323318467,0.5308813900277636,2.169286432160804,1.5036732437342044,PEX3
P7,GO_Biological_Process_2026,gs_ind_0,Protein Localization to Peroxisome (GO:0072662),1/14,0.05014960504049533,0.10997198256654614,30.32328308207705,90.74984291620152,PEX3
P7,GO_Biological_Process_2026,gs_ind_0,Protein Metabolic Process (GO:0019538),2/603,0.6520299340358425,0.6692362795173439,1.1209919364026482,0.4794088001430283,PRKN;ERMP1
P7,GO_Biological_Process_2026,gs_ind_0,Protein Modification Process (GO:0036211),2/425,0.4633813657888834,0.4950789002068942,1.602820345321499,1.2328972309491395,HLCS;DAPK1
P7,GO_Biological_Process_2026,gs_ind_0,Protein Modification by Small Protein Conjugation (GO:0032446),1/296,0.664956107396631,0.6796715952504984,1.3709409994133102,0.5593908748392936,PRKN
P7,GO_Biological_Process_2026,gs_ind_0,Protein Modification by Small Protein Removal (GO:0070646),1/83,0.2631840348188177,0.3077420913466872,4.949383280036546,6.606940349250194,PRKN
P7,GO_Biological_Process_2026,gs_ind_0,Protein Monoubiquitination (GO:0006513),1/36,0.12397052607037776,0.18069865634321333,11.52204685398825,24.054708967199332,PRKN
P7,GO_Biological_Process_2026,gs_ind_0,Protein Phosphorylation (GO:0006468),1/299,0.6686691568368659,0.6815813888309571,1.3570111865861973,0.5461506946651068,DAPK1
P7,GO_Biological_Process_2026,gs_ind_0,Protein Polymerization (GO:0051258),1/59,0.19507633576312508,0.2464297643229905,6.986084267491303,11.41780694412366,PRKN
P7,GO_Biological_Process_2026,gs_ind_0,Protein Polyubiquitination (GO:0000209),1/230,0.5720017858384014,0.5953652390627868,1.7695339442309588,0.9884849580679774,PRKN
P7,GO_Biological_Process_2026,gs_ind_0,Protein Secretion (GO:0009306),1/56,0.18613613194826314,0.2396421629090008,7.36452532934945,12.381806910580362,CLSTN3
P7,GO_Biological_Process_2026,gs_ind_0,Protein Stabilization (GO:0050821),1/204,0.5287382587269465,0.5558144711226365,1.9975429975429975,1.2729577554743474,PRKN
P7,GO_Biological_Process_2026,gs_ind_0,Protein Targeting (GO:0006605),1/97,0.3002452288886103,0.34083137350028114,4.2291509360272865,5.0883270912582725,HACL1
P7,GO_Biological_Process_2026,gs_ind_0,Protein Targeting to Peroxisome (GO:0006625),1/9,0.032531551648223855,0.096385880941545,48.16937629323086,165.00635843822025,HACL1
P7,GO_Biological_Process_2026,gs_ind_0,Protein Tetramerization (GO:0051262),2/81,0.03576854112490912,0.09912174742609038,8.648117996360503,28.80416995965575,ACACA;ACACB
P7,GO_Biological_Process_2026,gs_ind_0,Protein Transport (GO:0015031),1/294,0.6624578858825588,0.6780559247468296,1.3803857447373151,0.5684404914614676,CLSTN3
P7,GO_Biological_Process_2026,gs_ind_0,Protein Ubiquitination (GO:0016567),1/348,0.7238565796935414,0.7337860252311758,1.163537110010484,0.3760109802033447,PRKN
P7,GO_Biological_Process_2026,gs_ind_0,Proteinogenic Amino Acid Biosynthetic Process (GO:0170038),1/13,0.04665159224326654,0.10773602083679366,32.75035175879397,100.38140738175221,PSPH
P7,GO_Biological_Process_2026,gs_ind_0,Proteinogenic Amino Acid Metabolic Process (GO:0170039),1/27,0.09448390777737954,0.1521211499945174,15.440314781454441,36.428732206490906,PSPH
P7,GO_Biological_Process_2026,gs_ind_0,Proteolysis (GO:0006508),1/322,0.6958145087846317,0.707299755146964,1.2588525832896988,0.456550791211931,ERMP1
P7,GO_Biological_Process_2026,gs_ind_0,Purine-containing Compound Biosynthetic Process (GO:0072522),1/26,0.09114756758275655,0.15001793417295567,16.046408513154006,38.435568598252985,PANK1
P7,GO_Biological_Process_2026,gs_ind_0,Purine-containing Compound Catabolic Process (GO:0072523),1/15,0.05363491085988955,0.11228385021376311,28.2309824987004,82.591294852792,FITM2
P7,GO_Biological_Process_2026,gs_ind_0,Reg of Endoplasmic Reticulum Stress-Induced Intrinsic Apoptotic Signaling Pathway (GO:1902235),1/26,0.09114756758275655,0.15001793417295567,16.046408513154006,38.435568598252985,PRKN
P7,GO_Biological_Process_2026,gs_ind_0,Regulation of ATP Biosynthetic Process (GO:2001169),1/12,0.043140826609840886,0.10452810119564727,35.59951933580948,111.89945212016866,PPARA
P7,GO_Biological_Process_2026,gs_ind_0,Regulation of Actin Filament Bundle Assembly (GO:0032231),1/27,0.09448390777737954,0.1521211499945174,15.440314781454441,36.428732206490906,PRKN
P7,GO_Biological_Process_2026,gs_ind_0,Regulation of Adiponectin Secretion (GO:0070163),1/7,0.025394089358317242,0.08851996243300209,62.9953614224971,231.39700796830692,PPARG
P7,GO_Biological_Process_2026,gs_ind_0,Regulation of Adipose Tissue Development (GO:1904177),1/21,0.07428244681570347,0.13323963154564286,19.96384360828533,51.90360975057245,PPARG
P7,GO_Biological_Process_2026,gs_ind_0,Regulation of Alcohol Biosynthetic Process (GO:1902930),1/13,0.04665159224326654,0.10773602083679366,32.75035175879397,100.38140738175221,LPCAT3
P7,GO_Biological_Process_2026,gs_ind_0,"Regulation of Alternative mRNA Splicing, via Spliceosome (GO:0000381)",1/65,0.21266608310352175,0.262371010707016,6.334813602898212,9.80649435082848,RBM47
P7,GO_Biological_Process_2026,gs_ind_0,Regulation of Amyloid Precursor Protein Biosynthetic Process (GO:0042984),1/14,0.05014960504049533,0.10997198256654614,30.32328308207705,90.74984291620152,SOAT1
P7,GO_Biological_Process_2026,gs_ind_0,Regulation of Amyloid-Beta Clearance (GO:1900221),2/15,0.00135532356897635,0.012365236018191639,51.05188945290468,337.1321310615674,SREBF2;HMGCR
P7,GO_Biological_Process_2026,gs_ind_0,Regulation of Angiogenesis (GO:0045765),1/200,0.5217086883560843,0.5507753152787804,2.037896248158084,1.3259488693858328,PPARG
P7,GO_Biological_Process_2026,gs_ind_0,Regulation of Apoptotic DNA Fragmentation (GO:1902510),1/6,0.021805834468432178,0.0831582823847523,74.4518044769301,284.8211635890129,CIDEA
P7,GO_Biological_Process_2026,gs_ind_0,Regulation of Apoptotic Process (GO:0042981),3/661,0.4381390630684566,0.4740626172878323,1.4451375503767303,1.1925548534964325,PTPA;SLC27A4;DAPK1
P7,GO_Biological_Process_2026,gs_ind_0,Regulation of Apoptotic Signaling Pathway (GO:2001233),2/42,0.010421411814037997,0.05924171792749292,17.000376010528296,77.58789300948246,PPARG;ACSL5
P7,GO_Biological_Process_2026,gs_ind_0,Regulation of Autophagy (GO:0010506),2/224,0.19856438967685344,0.24913257040949863,3.073689613870986,4.969055264344319,PRKN;DAPK1
P7,GO_Biological_Process_2026,gs_ind_0,Regulation of Autophagy of Mitochondrion (GO:1903146),1/22,0.07768007418553498,0.13667994005502462,19.03459156246348,48.636360355386536,SREBF2
P7,GO_Biological_Process_2026,gs_ind_0,Regulation of BMP Signaling Pathway (GO:0030510),1/77,0.24671186426811992,0.29359109129491245,5.3387525864617205,7.471766641728897,PPARG
P7,GO_Biological_Process_2026,gs_ind_0,Regulation of Bile Acid Biosynthetic Process (GO:0070857),1/8,0.02896931280161029,0.09109924323570213,54.59396984924623,193.34553720447744,STARD4
P7,GO_Biological_Process_2026,gs_ind_0,Regulation of Blood Vessel Endothelial Cell Migration (GO:0043535),1/56,0.18613613194826314,0.2396421629090008,7.36452532934945,12.381806910580362,PPARG
P7,GO_Biological_Process_2026,gs_ind_0,Regulation of Canonical NF-kappaB Signal Transduction (GO:0043122),1/279,0.643124049020714,0.6628572834397596,1.455545230641538,0.6425033567503522,PRKN
P7,GO_Biological_Process_2026,gs_ind_0,Regulation of Canonical Wnt Signaling Pathway (GO:0060828),1/219,0.554200019988361,0.5784658400725972,1.859376976415257,1.097459348536597,PRKN
P7,GO_Biological_Process_2026,gs_ind_0,Regulation of Carbohydrate Metabolic Process (GO:0006109),1/17,0.060567584183063565,0.11747885750993169,24.80721790772042,69.5593259790493,PRKN
P7,GO_Biological_Process_2026,gs_ind_0,Regulation of Cardiac Muscle Hypertrophy in Response to Stress (GO:1903242),1/8,0.02896931280161029,0.09109924323570213,54.59396984924623,193.34553720447744,PPARG
P7,GO_Biological_Process_2026,gs_ind_0,Regulation of Catabolic Process (GO:0009894),2/77,0.032606860940982745,0.096385880941545,9.107641106666218,31.177573530499068,PRKN;DAPK1
P7,GO_Biological_Process_2026,gs_ind_0,Regulation of Catecholamine Secretion (GO:0050433),1/14,0.05014960504049533,0.10997198256654614,30.32328308207705,90.74984291620152,PRKN
P7,GO_Biological_Process_2026,gs_ind_0,Regulation of Cell Communication (GO:0010646),1/63,0.20684553317320864,0.2573381296548841,6.538010050251256,10.302484965677984,MGLL
P7,GO_Biological_Process_2026,gs_ind_0,Regulation of Cell Growth (GO:0001558),1/203,0.526990514544804,0.554766367875513,2.0074818537130095,1.2859381305931272,TMEM97
P7,GO_Biological_Process_2026,gs_ind_0,Regulation of Cell Junction Assembly (GO:1901888),1/36,0.12397052607037776,0.18069865634321333,11.52204685398825,24.054708967199332,CLSTN3
P7,GO_Biological_Process_2026,gs_ind_0,Regulation of Cell Population Proliferation (GO:0042127),2/706,0.7351303848614643,0.7421603202358226,0.9533888382515591,0.2933648016871032,SQLE;MVD
P7,GO_Biological_Process_2026,gs_ind_0,Regulation of Cellular Component Organization (GO:0051128),1/161,0.4474925332274017,0.482065571508819,2.536749166392711,2.0397884039694127,TMEM97
P7,GO_Biological_Process_2026,gs_ind_0,Regulation of Cellular Response to Insulin Stimulus (GO:1900076),1/10,0.036080852581350895,0.09912174742609038,43.0973287490082,143.16902243022955,PPARG
P7,GO_Biological_Process_2026,gs_ind_0,Regulation of Cellular Response to Oxidative Stress (GO:1900407),1/11,0.03961726211805212,0.10236768078755426,38.99138549892319,125.88331156809635,PRKN
P7,GO_Biological_Process_2026,gs_ind_0,Regulation of Cellular Response to Stress (GO:0080135),1/107,0.32558164117311317,0.3640162667823947,3.830632033406469,4.298513210159991,PRKN
P7,GO_Biological_Process_2026,gs_ind_0,Regulation of Cellular Response to Transforming Growth Factor Beta Stimulus (GO:1903844),1/21,0.07428244681570347,0.13323963154564286,19.96384360828533,51.90360975057245,PPARG
P7,GO_Biological_Process_2026,gs_ind_0,Regulation of Cholesterol Biosynthetic Process (GO:0045540),2/21,0.002672071389799249,0.01994606825314793,35.33580632565404,209.361165044795,LPCAT3;SREBF2
P7,GO_Biological_Process_2026,gs_ind_0,Regulation of Cholesterol Efflux (GO:0010874),2/30,0.005417514395149481,0.03481341859143884,24.169115682607533,126.11730163340725,SREBF2;PPARG
P7,GO_Biological_Process_2026,gs_ind_0,Regulation of Cholesterol Metabolic Process (GO:0090181),2/25,0.003780992539606251,0.02587179154415759,29.316880872664434,163.52278131066697,LPCAT3;STARD4
P7,GO_Biological_Process_2026,gs_ind_0,Regulation of Cholesterol Storage (GO:0010885),4/15,2.2534150740826018e-07,7.5694260897592846e-06,110.11872043252986,1685.438458465084,PPARG;SCARB1;SREBF2;PPARA
P7,GO_Biological_Process_2026,gs_ind_0,Regulation of Cholesterol Transport (GO:0032374),2/21,0.002672071389799249,0.01994606825314793,35.33580632565404,209.361165044795,PPARG;TMEM97
P7,GO_Biological_Process_2026,gs_ind_0,Regulation of Cold-Induced Thermogenesis (GO:0120161),4/142,0.0018776180837397469,0.015767724589587192,9.100671517554852,57.131752287920264,ADIPOR2;ELOVL6;ELOVL3;CIDEA
P7,GO_Biological_Process_2026,gs_ind_0,Regulation of Cytokine Production (GO:0001817),1/149,0.42244204035446653,0.4584209512803976,2.7429572102938935,2.363614523329295,CIDEA
P7,GO_Biological_Process_2026,gs_ind_0,Regulation of Cytokine Production Involved in Inflammatory Response (GO:1900015),1/56,0.18613613194826314,0.2396421629090008,7.36452532934945,12.381806910580362,PPARA
P7,GO_Biological_Process_2026,gs_ind_0,Regulation of Cytoplasmic Translation (GO:2000765),1/28,0.09780812250653742,0.1557762985610585,14.878300593878484,34.58829438886499,CPEB2
P7,GO_Biological_Process_2026,gs_ind_0,Regulation of Defense Response (GO:0031347),1/95,0.2950660020928981,0.3359842458345943,4.318975831538646,5.271552779622928,MGLL
P7,GO_Biological_Process_2026,gs_ind_0,Regulation of Dopamine Metabolic Process (GO:0042053),1/6,0.021805834468432178,0.0831582823847523,74.4518044769301,284.8211635890129,PRKN
P7,GO_Biological_Process_2026,gs_ind_0,Regulation of Dopamine Secretion (GO:0014059),1/11,0.03961726211805212,0.10236768078755426,38.99138549892319,125.88331156809635,PRKN
P7,GO_Biological_Process_2026,gs_ind_0,Regulation of Endocytosis (GO:0030100),1/70,0.2270331041296496,0.2750450228718214,5.877987057590109,8.715052993038883,SCARB1
P7,GO_Biological_Process_2026,gs_ind_0,Regulation of Endothelial Cell Migration (GO:0010594),2/84,0.03821447511443986,0.10236768078755426,8.332718043377941,27.20249890617154,NRP2;SCARB1
P7,GO_Biological_Process_2026,gs_ind_0,Regulation of Endothelial Cell Proliferation (GO:0001936),1/82,0.26046365097100105,0.3055279969326504,5.010296883188951,6.740312129922902,NRP2
P7,GO_Biological_Process_2026,gs_ind_0,Regulation of Excitatory Synapse Assembly (GO:1904889),1/9,0.032531551648223855,0.096385880941545,48.16937629323086,165.00635843822025,CLSTN3
P7,GO_Biological_Process_2026,gs_ind_0,Regulation of Execution Phase of Apoptosis (GO:1900117),1/16,0.0571075553965845,0.1153073317980217,26.40865618414654,75.60319879037347,CIDEA
P7,GO_Biological_Process_2026,gs_ind_0,Regulation of Exosomal Secretion (GO:1903541),1/17,0.060567584183063565,0.11747885750993169,24.80721790772042,69.5593259790493,PRKN
P7,GO_Biological_Process_2026,gs_ind_0,Regulation of Extracellular Matrix Assembly (GO:1901201),1/11,0.03961726211805212,0.10236768078755426,38.99138549892319,125.88331156809635,PPARG
P7,GO_Biological_Process_2026,gs_ind_0,Regulation of Extrinsic Apoptotic Signaling Pathway (GO:2001236),1/64,0.20976111348061466,0.25965404164518296,6.434811854548332,10.049798749352027,ACSL5
P7,GO_Biological_Process_2026,gs_ind_0,Regulation of Fat Cell Differentiation (GO:0045598),2/72,0.0288204192434945,0.09109924323570213,9.755373150448213,34.599100427774125,CDS1;PPARG
P7,GO_Biological_Process_2026,gs_ind_0,Regulation of Fatty Acid Beta-Oxidation (GO:0031998),1/14,0.05014960504049533,0.10997198256654614,30.32328308207705,90.74984291620152,PPARA
P7,GO_Biological_Process_2026,gs_ind_0,Regulation of Fatty Acid Metabolic Process (GO:0019217),2/15,0.00135532356897635,0.012365236018191639,51.05188945290468,337.1321310615674,PPARG;PPARA
P7,GO_Biological_Process_2026,gs_ind_0,Regulation of Fatty Acid Oxidation (GO:0046320),1/16,0.0571075553965845,0.1153073317980217,26.40865618414654,75.60319879037347,PPARA
P7,GO_Biological_Process_2026,gs_ind_0,Regulation of Ferroptosis (GO:0110075),3/30,0.000180822903760481,0.0028431516144467118,35.42815850815851,305.31960211338907,SLC25A1;ACLY;DHCR7
P7,GO_Biological_Process_2026,gs_ind_0,Regulation of G Protein-Coupled Receptor Signaling Pathway (GO:0008277),1/78,0.24948232449515884,0.2954606375030807,5.26967093532177,7.316238334127009,MGLL
P7,GO_Biological_Process_2026,gs_ind_0,Regulation of Gastrulation (GO:0010470),1/9,0.032531551648223855,0.096385880941545,48.16937629323086,165.00635843822025,TENM4
P7,GO_Biological_Process_2026,gs_ind_0,Regulation of Gene Expression (GO:0010468),2/934,0.8611695056723132,0.8623364020214627,0.7140757474721356,0.10672856270154316,PPARG;PRKN
P7,GO_Biological_Process_2026,gs_ind_0,Regulation of Glucose Metabolic Process (GO:0010906),1/30,0.10442034991225575,0.1627988155805,13.868580189080998,31.333708986565636,PRKN
P7,GO_Biological_Process_2026,gs_ind_0,Regulation of Glycolytic Process (GO:0006110),1/46,0.15561952100888302,0.21101435967993493,8.986415594455796,16.717799339197803,PPARA
P7,GO_Biological_Process_2026,gs_ind_0,Regulation of Inflammatory Response (GO:0050727),4/252,0.01399272205138314,0.07443098471336364,5.051563265603987,21.5662245085098,PPARG;LPCAT3;PPARA;MGLL
P7,GO_Biological_Process_2026,gs_ind_0,Regulation of Inhibitory Synapse Assembly (GO:1905702),1/5,0.018204501114733745,0.0805576426574146,91.0,364.55386253468845,CLSTN3
P7,GO_Biological_Process_2026,gs_ind_0,Regulation of Insulin Receptor Signaling Pathway (GO:0046626),1/51,0.1710168333182885,0.22568114253967003,8.09517886462013,14.296031530903484,SLC27A4
P7,GO_Biological_Process_2026,gs_ind_0,Regulation of Insulin Secretion (GO:0050796),1/90,0.2819513107385542,0.3250577513818901,4.561101597372336,5.774449857647963,PRKN
P7,GO_Biological_Process_2026,gs_ind_0,Regulation of Intestinal Cholesterol Absorption (GO:0030300),1/5,0.018204501114733745,0.0805576426574146,91.0,364.55386253468845,LPCAT3
P7,GO_Biological_Process_2026,gs_ind_0,Regulation of Intracellular Cholesterol Transport (GO:0032383),1/5,0.018204501114733745,0.0805576426574146,91.0,364.55386253468845,TMEM97
P7,GO_Biological_Process_2026,gs_ind_0,Regulation of Intracellular Transport (GO:0032386),1/56,0.18613613194826314,0.2396421629090008,7.36452532934945,12.381806910580362,TMEM97
P7,GO_Biological_Process_2026,gs_ind_0,Regulation of Intrinsic Apoptotic Signaling Pathway by P53 Class Mediator (GO:1902253),1/12,0.043140826609840886,0.10452810119564727,35.59951933580948,111.89945212016866,PRKN
P7,GO_Biological_Process_2026,gs_ind_0,Regulation of JNK Cascade (GO:0046328),1/116,0.3476066941244921,0.3845529146077839,3.5309665209162695,3.7311145124347598,PRKN
P7,GO_Biological_Process_2026,gs_ind_0,Regulation of Ketone Metabolic Process (GO:0010565),1/12,0.043140826609840886,0.10452810119564727,35.59951933580948,111.89945212016866,PPARA
P7,GO_Biological_Process_2026,gs_ind_0,Regulation of Kinase Activity (GO:0043549),1/20,0.07087242893827944,0.13028538553579233,20.98840355624275,55.55365534242182,DAPK1
P7,GO_Biological_Process_2026,gs_ind_0,Regulation of Leukocyte Cell-Cell Adhesion (GO:1903037),1/12,0.043140826609840886,0.10452810119564727,35.59951933580948,111.89945212016866,PPARA
P7,GO_Biological_Process_2026,gs_ind_0,Regulation of Lipid Biosynthetic Process (GO:0046890),1/29,0.10112025539501886,0.15899546539769985,14.355725998413119,32.89535401837941,PPARA
P7,GO_Biological_Process_2026,gs_ind_0,Regulation of Lipid Catabolic Process (GO:0050994),2/26,0.004086322122406134,0.027452654985983028,28.11923754273283,154.65889819684898,CLSTN3;CIDEA
P7,GO_Biological_Process_2026,gs_ind_0,Regulation of Lipid Metabolic Process (GO:0019216),2/55,0.017429205952379016,0.0805576426574146,12.863276246501258,52.09122609642645,PPARG;PPARA
P7,GO_Biological_Process_2026,gs_ind_0,Regulation of Lipid Storage (GO:0010883),2/25,0.003780992539606251,0.02587179154415759,29.316880872664434,163.52278131066697,PPARG;CLSTN3
P7,GO_Biological_Process_2026,gs_ind_0,Regulation of Lipid Transport (GO:0032368),3/14,1.6917785378331835e-05,0.0003378984701239791,84.76945373467113,931.3742882439791,PRKN;TMEM97;PPARA
P7,GO_Biological_Process_2026,gs_ind_0,Regulation of Lipoprotein Transport (GO:0140075),2/5,0.0001322061015675598,0.0022204615695096976,196.9869470630892,1759.3196723588437,PPARG;TMEM97
P7,GO_Biological_Process_2026,gs_ind_0,Regulation of Long-Chain Fatty Acid Import Across Plasma Membrane (GO:0010746),1/6,0.021805834468432178,0.0831582823847523,74.4518044769301,284.8211635890129,ACSL5
P7,GO_Biological_Process_2026,gs_ind_0,Regulation of MAPK Cascade (GO:0043408),1/266,0.6254839237159368,0.6464791882882199,1.527553019333958,0.7167731699914303,PPARG
P7,GO_Biological_Process_2026,gs_ind_0,Regulation of Macroautophagy (GO:0016241),1/106,0.32308942595997636,0.3623112075636154,3.867084236347615,4.3691328307529815,SREBF2
P7,GO_Biological_Process_2026,gs_ind_0,Regulation of Macrophage Derived Foam Cell Differentiation (GO:0010743),2/28,0.004730110090115446,0.031210279969601025,25.995115410401304,139.17282569994805,PPARG;PPARA
P7,GO_Biological_Process_2026,gs_ind_0,Regulation of Metabolic Process (GO:0019222),2/32,0.006147874877934131,0.03883144901532755,22.582591328950652,114.98262415798024,PRKN;PPARA
P7,GO_Biological_Process_2026,gs_ind_0,Regulation of Mitochondrial Fission (GO:0090140),2/24,0.003486817880202735,0.02477652320644059,30.62098138747885,173.27696042731014,PRKN;PPARG
P7,GO_Biological_Process_2026,gs_ind_0,Regulation of Mitochondrial Fusion (GO:0010635),1/14,0.05014960504049533,0.10997198256654614,30.32328308207705,90.74984291620152,PRKN
P7,GO_Biological_Process_2026,gs_ind_0,Regulation of Mitochondrion Organization (GO:0010821),1/32,0.11098459693722368,0.1687605290876714,12.987078248384782,28.550323385514286,PRKN
P7,GO_Biological_Process_2026,gs_ind_0,Regulation of Mitophagy (GO:1901524),2/31,0.005777366093801807,0.03680580640792703,23.348963262496774,120.33605948747785,PRKN;SREBF2
P7,GO_Biological_Process_2026,gs_ind_0,Regulation of Myelination (GO:0031641),1/26,0.09114756758275655,0.15001793417295567,16.046408513154006,38.435568598252985,TENM4
P7,GO_Biological_Process_2026,gs_ind_0,Regulation of Myeloid Leukocyte Differentiation (GO:0002761),1/8,0.02896931280161029,0.09109924323570213,54.59396984924623,193.34553720447744,PRXL2A
P7,GO_Biological_Process_2026,gs_ind_0,Regulation of Necroptotic Process (GO:0060544),1/24,0.08443833551787916,0.14311910538466213,17.41334331230621,43.0411486823959,PRKN
P7,GO_Biological_Process_2026,gs_ind_0,Regulation of Nervous System Development (GO:0051960),1/40,0.1367686379517141,0.19178752077099948,10.353730678710006,20.598380195399425,TENM4
P7,GO_Biological_Process_2026,gs_ind_0,Regulation of Neuron Apoptotic Process (GO:0043523),1/127,0.3735611490745638,0.4083752798315128,3.2226150515422964,3.173223863460096,PRKN
P7,GO_Biological_Process_2026,gs_ind_0,Regulation of Neurotransmitter Receptor Activity (GO:0099601),1/21,0.07428244681570347,0.13323963154564286,19.96384360828533,51.90360975057245,DAPK1
P7,GO_Biological_Process_2026,gs_ind_0,Regulation of Neurotransmitter Uptake (GO:0051580),1/10,0.036080852581350895,0.09912174742609038,43.0973287490082,143.16902243022955,PRKN
P7,GO_Biological_Process_2026,gs_ind_0,Regulation of Notch Signaling Pathway (GO:0008593),1/72,0.23270696523856207,0.280082161744784,5.71314615033208,8.329625840241883,SREBF2
P7,GO_Biological_Process_2026,gs_ind_0,Regulation of Oligodendrocyte Differentiation (GO:0048713),1/18,0.06401504258973123,0.1209900677079575,23.388801148600145,64.28732849758696,TENM4
P7,GO_Biological_Process_2026,gs_ind_0,Regulation of Organelle Organization (GO:0033043),1/96,0.29766034184671536,0.33841691173034255,4.273593096371912,5.178749665642031,PRKN
P7,GO_Biological_Process_2026,gs_ind_0,Regulation of Osteoblast Differentiation (GO:0045667),1/95,0.2950660020928981,0.3359842458345943,4.318975831538646,5.271552779622928,PPARG
P7,GO_Biological_Process_2026,gs_ind_0,Regulation of Osteoclast Differentiation (GO:0045670),1/44,0.14938162196228383,0.20405363887269454,9.400277248310518,17.872286764451427,PRXL2A
P7,GO_Biological_Process_2026,gs_ind_0,Regulation of Oxidative Stress-Induced Neuron Intrinsic Apoptotic Signaling Pathway (GO:1903376),1/12,0.043140826609840886,0.10452810119564727,35.59951933580948,111.89945212016866,PRKN
P7,GO_Biological_Process_2026,gs_ind_0,Regulation of Phagocytosis (GO:0050764),1/54,0.18012145406991348,0.23517624480153015,7.640398252946978,13.096589333388202,SCARB1
P7,GO_Biological_Process_2026,gs_ind_0,Regulation of Phosphatidylinositol 3-Kinase/Protein Kinase B Signal Transduction (GO:0051896),1/214,0.5458678522598623,0.5705747423197147,1.903275157991362,1.1522015963601528,PPARA
P7,GO_Biological_Process_2026,gs_ind_0,Regulation of Programmed Cell Death (GO:0043067),2/175,0.13522943935733636,0.19107945637680987,3.9489313769949823,7.900952367693121,TMEM109;DAPK1
P7,GO_Biological_Process_2026,gs_ind_0,Regulation of Programmed Necrotic Cell Death (GO:0062098),1/16,0.0571075553965845,0.1153073317980217,26.40865618414654,75.60319879037347,PRKN
P7,GO_Biological_Process_2026,gs_ind_0,Regulation of Proteasomal Protein Catabolic Process (GO:0061136),1/82,0.26046365097100105,0.3055279969326504,5.010296883188951,6.740312129922902,PRKN
P7,GO_Biological_Process_2026,gs_ind_0,Regulation of Proteasomal Ubiquitin-Dependent Protein Catabolic Process (GO:0032434),1/106,0.32308942595997636,0.3623112075636154,3.867084236347615,4.3691328307529815,PRKN
P7,GO_Biological_Process_2026,gs_ind_0,Regulation of Protein Catabolic Process (GO:0042176),2/158,0.1145297969795471,0.17343754091779776,4.380645789072509,9.492510086878614,PRKN;HMGCR
P7,GO_Biological_Process_2026,gs_ind_0,Regulation of Protein Localization (GO:0032880),1/104,0.3180776109586692,0.35886924350909394,3.9421018134149004,4.515519416376505,PRKN
P7,GO_Biological_Process_2026,gs_ind_0,Regulation of Protein Localization to Membrane (GO:1905475),1/34,0.11750120825052357,0.17649063596979048,12.21083027075677,26.147132213032688,PRKN
P7,GO_Biological_Process_2026,gs_ind_0,Regulation of Protein Localization to Mitochondrion (GO:1903747),2/43,0.010903872514168692,0.060177778303291476,16.590116812427375,74.96472024703068,PRKN;SREBF2
P7,GO_Biological_Process_2026,gs_ind_0,Regulation of Protein Modification by Small Protein Conjugation or Removal (GO:1903320),1/29,0.10112025539501886,0.15899546539769985,14.355725998413119,32.89535401837941,PRKN
P7,GO_Biological_Process_2026,gs_ind_0,Regulation of Protein Secretion (GO:0050708),1/92,0.2872259237732201,0.3290852056874568,4.461075871159074,5.565130506335436,HMGCR
P7,GO_Biological_Process_2026,gs_ind_0,Regulation of Protein Ubiquitination (GO:0031396),1/111,0.33545998634018803,0.37335079805029964,3.691420905432138,4.031964064801912,PRKN
P7,GO_Biological_Process_2026,gs_ind_0,Regulation of Reactive Oxygen Species Biosynthetic Process (GO:1903426),1/26,0.09114756758275655,0.15001793417295567,16.046408513154006,38.435568598252985,PPARA
P7,GO_Biological_Process_2026,gs_ind_0,Regulation of Reactive Oxygen Species Metabolic Process (GO:2000377),1/55,0.18313427347949734,0.2374319791251729,7.499930846895025,12.731400062627513,PRKN
P7,GO_Biological_Process_2026,gs_ind_0,Regulation of Receptor Signaling Pathway via STAT (GO:1904892),1/19,0.06744997582548398,0.1252400304900318,22.123726741817194,59.65373216204687,PPARG
P7,GO_Biological_Process_2026,gs_ind_0,Regulation of Release of Cytochrome C From Mitochondria (GO:0090199),1/38,0.13039289018139794,0.18566540625058395,10.906733668341708,22.219232230345032,PRKN
P7,GO_Biological_Process_2026,gs_ind_0,Regulation of Response to Biotic Stimulus (GO:0002831),1/36,0.12397052607037776,0.18069865634321333,11.52204685398825,24.054708967199332,DAPK1
P7,GO_Biological_Process_2026,gs_ind_0,Regulation of Response to Endoplasmic Reticulum Stress (GO:1905897),1/17,0.060567584183063565,0.11747885750993169,24.80721790772042,69.5593259790493,LPCAT3
P7,GO_Biological_Process_2026,gs_ind_0,Regulation of Response to External Stimulus (GO:0032101),1/124,0.36658579687388354,0.4019390265427299,3.301263402030395,3.312892720260555,MGLL
P7,GO_Biological_Process_2026,gs_ind_0,Regulation of Response to Oxidative Stress (GO:1902882),1/14,0.05014960504049533,0.10997198256654614,30.32328308207705,90.74984291620152,PRKN
P7,GO_Biological_Process_2026,gs_ind_0,"Regulation of Retrograde Transport, Endosome to Golgi (GO:1905279)",1/8,0.02896931280161029,0.09109924323570213,54.59396984924623,193.34553720447744,PRKN
P7,GO_Biological_Process_2026,gs_ind_0,Regulation of SMAD Protein Signal Transduction (GO:0060390),1/59,0.19507633576312508,0.2464297643229905,6.986084267491303,11.41780694412366,PPARG
P7,GO_Biological_Process_2026,gs_ind_0,Regulation of Sensory Perception (GO:0051931),1/10,0.036080852581350895,0.09912174742609038,43.0973287490082,143.16902243022955,MGLL
P7,GO_Biological_Process_2026,gs_ind_0,Regulation of Sensory Perception of Pain (GO:0051930),1/13,0.04665159224326654,0.10773602083679366,32.75035175879397,100.38140738175221,MGLL
P7,GO_Biological_Process_2026,gs_ind_0,Regulation of Signal Transduction (GO:0009966),2/222,0.1959040410293545,0.2470530483288276,3.101799095272627,5.056336771055561,SREBF2;MGLL
P7,GO_Biological_Process_2026,gs_ind_0,Regulation of Small Molecule Metabolic Process (GO:0062012),2/35,0.0073225319405974265,0.04435533691886474,20.557996817940754,101.07954060774392,PRKN;PPARA
P7,GO_Biological_Process_2026,gs_ind_0,Regulation of Smooth Muscle Cell Proliferation (GO:0048660),1/51,0.1710168333182885,0.22568114253967003,8.09517886462013,14.296031530903484,PPARG
P7,GO_Biological_Process_2026,gs_ind_0,Regulation of Sterol Biosynthetic Process (GO:0106118),1/10,0.036080852581350895,0.09912174742609038,43.0973287490082,143.16902243022955,LPCAT3
P7,GO_Biological_Process_2026,gs_ind_0,Regulation of Synapse Assembly (GO:0051963),1/84,0.265894511441762,0.30993066869946706,4.889928685342882,6.4774715260949085,CLSTN3
P7,GO_Biological_Process_2026,gs_ind_0,Regulation of Synapse Organization (GO:0050807),1/50,0.16795977255684102,0.22364373318829825,8.259022384650525,14.734350124773231,CLSTN3
P7,GO_Biological_Process_2026,gs_ind_0,Regulation of Trans-Synaptic Signaling (GO:0099177),1/49,0.16489155134789077,0.22115218955733443,8.429622338496607,15.194118496222861,PRKN
P7,GO_Biological_Process_2026,gs_ind_0,Regulation of Transforming Growth Factor Beta Receptor Signaling Pathway (GO:0017015),3/120,0.009860615006541446,0.05648832937855914,8.264200763775232,38.17405185572079,PPARG;PPARA;CIDEA
P7,GO_Biological_Process_2026,gs_ind_0,Regulation of Translation (GO:0006417),1/193,0.5091562779294585,0.5390637383809023,2.112549761795993,1.425971681200526,DAPK1
P7,GO_Biological_Process_2026,gs_ind_0,Regulation of Transport (GO:0051049),1/43,0.1462455860603604,0.20125789217617568,9.621814957138634,18.49763110790661,PRKN
P7,GO_Biological_Process_2026,gs_ind_0,Regulation of Triglyceride Biosynthetic Process (GO:0010866),1/17,0.060567584183063565,0.11747885750993169,24.80721790772042,69.5593259790493,SCARB1
P7,GO_Biological_Process_2026,gs_ind_0,Regulation of Triglyceride Transport (GO:1905883),1/5,0.018204501114733745,0.0805576426574146,91.0,364.55386253468845,LPCAT3
P7,GO_Biological_Process_2026,gs_ind_0,Regulation of Tumor Necrosis Factor Production (GO:0032680),1/127,0.3735611490745638,0.4083752798315128,3.2226150515422964,3.173223863460096,CIDEA
P7,GO_Biological_Process_2026,gs_ind_0,Regulation of Tumor Necrosis Factor-Mediated Signaling Pathway (GO:0010803),1/49,0.16489155134789077,0.22115218955733443,8.429622338496607,15.194118496222861,PRKN
P7,GO_Biological_Process_2026,gs_ind_0,Regulation of Type 2 Mitophagy (GO:1905089),1/7,0.025394089358317242,0.08851996243300209,62.9953614224971,231.39700796830692,PRKN
P7,GO_Biological_Process_2026,gs_ind_0,Regulation of Type I Interferon-Mediated Signaling Pathway (GO:0060338),1/35,0.12074175755375664,0.17881394555556346,11.856456194013546,25.06574885089274,RBM47
P7,GO_Biological_Process_2026,gs_ind_0,Regulation of Type II Interferon-Mediated Signaling Pathway (GO:0060334),1/12,0.043140826609840886,0.10452810119564727,35.59951933580948,111.89945212016866,PPARG
P7,GO_Biological_Process_2026,gs_ind_0,Regulation of Vascular Associated Smooth Muscle Cell Apoptotic Process (GO:1905459),1/7,0.025394089358317242,0.08851996243300209,62.9953614224971,231.39700796830692,PPARG
P7,GO_Biological_Process_2026,gs_ind_0,Regulation of Vascular Associated Smooth Muscle Cell Proliferation (GO:1904705),1/40,0.1367686379517141,0.19178752077099948,10.353730678710006,20.598380195399425,PPARG
P7,GO_Biological_Process_2026,gs_ind_0,Regulation of Vascular Endothelial Cell Proliferation (GO:1905562),1/18,0.06401504258973123,0.1209900677079575,23.388801148600145,64.28732849758696,PPARG
P7,GO_Biological_Process_2026,gs_ind_0,Regulation of Wnt Signaling Pathway (GO:0030111),1/105,0.32058809356015355,0.3606006105646172,3.9042340891058163,4.441449584249801,PRKN
P7,GO_Biological_Process_2026,gs_ind_0,Regulation of Wound Healing (GO:0061041),1/46,0.15561952100888302,0.21101435967993493,8.986415594455796,16.717799339197803,TMEM97
P7,GO_Biological_Process_2026,gs_ind_0,"Regulation of mRNA Splicing, via Spliceosome (GO:0048024)",1/104,0.3180776109586692,0.35886924350909394,3.9421018134149004,4.515519416376505,RBM47
P7,GO_Biological_Process_2026,gs_ind_0,Regulation of miRNA Transcription (GO:1902893),2/64,0.02316397380661601,0.08778552124661144,11.00730964467005,41.44424962462814,PPARG;PPARA
P7,GO_Biological_Process_2026,gs_ind_0,Response to Alcohol (GO:0097305),1/30,0.10442034991225575,0.1627988155805,13.868580189080998,31.333708986565636,PMVK
P7,GO_Biological_Process_2026,gs_ind_0,Response to Cholesterol (GO:0070723),1/17,0.060567584183063565,0.11747885750993169,24.80721790772042,69.5593259790493,PMVK
P7,GO_Biological_Process_2026,gs_ind_0,Response to Dopamine (GO:1903350),1/4,0.014590042112100507,0.07487528556140469,117.0043072505384,494.6258840598229,PRKN
P7,GO_Biological_Process_2026,gs_ind_0,Response to Endoplasmic Reticulum Stress (GO:0034976),2/126,0.07828102143445569,0.13741015401440082,5.513118463702526,14.044394115880209,PRKN;ERMP1
P7,GO_Biological_Process_2026,gs_ind_0,Response to Gamma Radiation (GO:0010332),1/20,0.07087242893827944,0.13028538553579233,20.98840355624275,55.55365534242182,TMEM109
P7,GO_Biological_Process_2026,gs_ind_0,Response to Hydroperoxide (GO:0033194),1/7,0.025394089358317242,0.08851996243300209,62.9953614224971,231.39700796830692,DAPK1
P7,GO_Biological_Process_2026,gs_ind_0,Response to Insulin (GO:0032868),2/80,0.03496732939943555,0.09912174742609038,8.758608425749296,29.37060160546953,CPEB2;PPARG
P7,GO_Biological_Process_2026,gs_ind_0,Response to Iron Ion (GO:0010039),1/13,0.04665159224326654,0.10773602083679366,32.75035175879397,100.38140738175221,ACO1
P7,GO_Biological_Process_2026,gs_ind_0,Response to Laminar Fluid Shear Stress (GO:0034616),1/11,0.03961726211805212,0.10236768078755426,38.99138549892319,125.88331156809635,SREBF2
P7,GO_Biological_Process_2026,gs_ind_0,Response to Lipopolysaccharide (GO:0032496),1/144,0.4116754385755403,0.4480532387442184,2.839055906711257,2.5197189282324737,SCARB1
P7,GO_Biological_Process_2026,gs_ind_0,Response to Manganese Ion (GO:0010042),1/6,0.021805834468432178,0.0831582823847523,74.4518044769301,284.8211635890129,PRKN
P7,GO_Biological_Process_2026,gs_ind_0,Response to Steroid Hormone (GO:0048545),1/32,0.11098459693722368,0.1687605290876714,12.987078248384782,28.550323385514286,PAQR7
P7,GO_Biological_Process_2026,gs_ind_0,Response to Sterol (GO:0036314),1/11,0.03961726211805212,0.10236768078755426,38.99138549892319,125.88331156809635,PMVK
P7,GO_Biological_Process_2026,gs_ind_0,Response to Type II Interferon (GO:0034341),1/70,0.2270331041296496,0.2750450228718214,5.877987057590109,8.715052993038883,DAPK1
P7,GO_Biological_Process_2026,gs_ind_0,Response to Unfolded Protein (GO:0006986),1/44,0.14938162196228383,0.20405363887269454,9.400277248310518,17.872286764451427,PRKN
P7,GO_Biological_Process_2026,gs_ind_0,Response to Vitamin (GO:0033273),1/14,0.05014960504049533,0.10997198256654614,30.32328308207705,90.74984291620152,HLCS
P7,GO_Biological_Process_2026,gs_ind_0,Retinal Metabolic Process (GO:0042574),2/12,0.000858052708375621,0.008343433572231367,65.64539521392314,463.51196245261565,RDH11;SDR16C5
P7,GO_Biological_Process_2026,gs_ind_0,Retinoic Acid Receptor Signaling Pathway (GO:0048384),1/15,0.05363491085988955,0.11228385021376311,28.2309824987004,82.591294852792,PPARG
P7,GO_Biological_Process_2026,gs_ind_0,Retinoid Metabolic Process (GO:0001523),2/49,0.01399987398532821,0.07443098471336364,14.491317125300561,61.85918613402348,RDH11;SDR16C5
P7,GO_Biological_Process_2026,gs_ind_0,Retinol Metabolic Process (GO:0042572),2/17,0.0017470948129191322,0.015012826357526031,44.4612739479286,282.3202407734291,RDH11;SDR16C5
P7,GO_Biological_Process_2026,gs_ind_0,Reverse Cholesterol Transport (GO:0043691),1/13,0.04665159224326654,0.10773602083679366,32.75035175879397,100.38140738175221,SCARB1
P7,GO_Biological_Process_2026,gs_ind_0,SREBP Signaling Pathway (GO:0032933),1/8,0.02896931280161029,0.09109924323570213,54.59396984924623,193.34553720447744,SREBF2
P7,GO_Biological_Process_2026,gs_ind_0,Secondary Alcohol Biosynthetic Process (GO:1902653),15/27,1.630031478002049e-30,6.022966311217571e-28,393.83415204678363,27012.67232708622,HMGCS1;MVD;FDPS;NSDHL;ACLY;PMVK;MSMO1;DHCR7;SQLE;FDFT1;LSS;HSD17B7;IDI1;DHCR24;HMGCR
P7,GO_Biological_Process_2026,gs_ind_0,Secondary Alcohol Metabolic Process (GO:1902652),3/43,0.0005309674613583954,0.005945226574906882,24.04463437796771,181.31601495500345,NSDHL;SREBF2;SOAT1
P7,GO_Biological_Process_2026,gs_ind_0,Semaphorin-plexin Signaling Pathway (GO:0071526),1/41,0.1399391354800803,0.19512268135807423,10.097710776102735,19.85762987649694,NRP2
P7,GO_Biological_Process_2026,gs_ind_0,Serine Family Amino Acid Biosynthetic Process (GO:0009070),1/10,0.036080852581350895,0.09912174742609038,43.0973287490082,143.16902243022955,PSPH
P7,GO_Biological_Process_2026,gs_ind_0,Short-chain Fatty Acid Metabolic Process (GO:0046459),1/8,0.02896931280161029,0.09109924323570213,54.59396984924623,193.34553720447744,CRAT
P7,GO_Biological_Process_2026,gs_ind_0,Skeletal System Development (GO:0001501),1/158,0.4413326282741778,0.4768199010155225,2.5853553481694185,2.114708027562443,PITX1
P7,GO_Biological_Process_2026,gs_ind_0,Skin Development (GO:0043588),1/67,0.21844434306696422,0.26815676001077504,6.1438394982430955,9.346156217905994,DHCR24
P7,GO_Biological_Process_2026,gs_ind_0,Sphingolipid Biosynthetic Process (GO:0030148),5/80,1.159508977209212e-05,0.00023802142615489104,20.666239034707534,234.87033612271847,ELOVL3;ELOVL1;ELOVL6;CERS4;HACD2
P7,GO_Biological_Process_2026,gs_ind_0,Sphingolipid Metabolic Process (GO:0006665),6/78,4.337815599340904e-07,1.33568571996372e-05,25.70636745119504,376.61691379010955,ELOVL3;ELOVL1;ELOVL6;CERS4;TECR;HACD2
P7,GO_Biological_Process_2026,gs_ind_0,Steroid Biosynthetic Process (GO:0006694),5/20,8.89984689656945e-09,3.6538815869804573e-07,100.8875190001689,1870.17532169908,PMVK;SQLE;FDFT1;LSS;HMGCR
P7,GO_Biological_Process_2026,gs_ind_0,Steroid Hormone Biosynthetic Process (GO:0120178),1/17,0.060567584183063565,0.11747885750993169,24.80721790772042,69.5593259790493,HSD17B7
P7,GO_Biological_Process_2026,gs_ind_0,Steroid Metabolic Process (GO:0008202),5/72,6.906698147853093e-06,0.00015466817973525565,23.12239674229203,274.7638768352122,HSD17B4;MSMO1;FDFT1;LSS;HSD17B7
P7,GO_Biological_Process_2026,gs_ind_0,Sterol Biosynthetic Process (GO:0016126),15/28,3.500568165591595e-30,8.623066247907295e-28,364.6478232618584,24732.10278195902,HMGCS1;MVD;FDPS;NSDHL;ACLY;PMVK;MSMO1;DHCR7;SQLE;FDFT1;LSS;HSD17B7;IDI1;DHCR24;HMGCR
P7,GO_Biological_Process_2026,gs_ind_0,Sterol Homeostasis (GO:0055092),4/82,0.0002391952982083739,0.0032990277217571557,16.09224118015907,134.18081127179292,DGAT2;SCARB1;SOAT1;TMEM97
P7,GO_Biological_Process_2026,gs_ind_0,Sterol Metabolic Process (GO:0016125),6/53,4.174373901430643e-08,1.5424311565786226e-06,39.27223614592036,667.3026974389406,SREBF2;PMVK;SQLE;NSDHL;HMGCR;SOAT1
P7,GO_Biological_Process_2026,gs_ind_0,Sulfur Compound Biosynthetic Process (GO:0044272),1/34,0.11750120825052357,0.17649063596979048,12.21083027075677,26.147132213032688,PANK1
P7,GO_Biological_Process_2026,gs_ind_0,Sulfur Compound Catabolic Process (GO:0044273),1/22,0.07768007418553498,0.13667994005502462,19.03459156246348,48.636360355386536,FITM2
P7,GO_Biological_Process_2026,gs_ind_0,Sulfur Compound Transport (GO:0072348),1/13,0.04665159224326654,0.10773602083679366,32.75035175879397,100.38140738175221,MGST1
P7,GO_Biological_Process_2026,gs_ind_0,Supramolecular Fiber Organization (GO:0097435),1/298,0.6674360225811695,0.6812641169716633,1.3616232422617287,0.5505202617880834,PRKN
P7,GO_Biological_Process_2026,gs_ind_0,Sympathetic Ganglion Development (GO:0061549),1/8,0.02896931280161029,0.09109924323570213,54.59396984924623,193.34553720447744,NRP2
P7,GO_Biological_Process_2026,gs_ind_0,Sympathetic Nervous System Development (GO:0048485),1/15,0.05363491085988955,0.11228385021376311,28.2309824987004,82.591294852792,NRP2
P7,GO_Biological_Process_2026,gs_ind_0,Sympathetic Neuron Projection Extension (GO:0097490),2/6,0.00019783434624159155,0.002923991637450723,153.20642978003383,1306.5567682102458,NRP2;CLSTN3
P7,GO_Biological_Process_2026,gs_ind_0,Synapse Assembly (GO:0007416),1/89,0.27929953184328316,0.322503678175291,4.612809811770718,5.883502754967439,CLSTN3
P7,GO_Biological_Process_2026,gs_ind_0,Synapse Organization (GO:0050808),1/161,0.4474925332274017,0.482065571508819,2.536749166392711,2.0397884039694127,TENM4
P7,GO_Biological_Process_2026,gs_ind_0,Synaptic Membrane Adhesion (GO:0099560),1/23,0.08106535561630931,0.13997032196367426,18.187939698492464,45.697191038775365,TENM4
P7,GO_Biological_Process_2026,gs_ind_0,Tail-anchored Membrane Protein Insertion Into ER Membrane (GO:0071816),1/14,0.05014960504049533,0.10997198256654614,30.32328308207705,90.74984291620152,EMC9
P7,GO_Biological_Process_2026,gs_ind_0,Terpenoid Metabolic Process (GO:0006721),1/6,0.021805834468432178,0.0831582823847523,74.4518044769301,284.8211635890129,FDFT1
P7,GO_Biological_Process_2026,gs_ind_0,Transcription by RNA Polymerase II (GO:0006366),1/192,0.5073366533805407,0.5379078720921371,2.1236600758360997,1.4410742845247158,PPARG
P7,GO_Biological_Process_2026,gs_ind_0,Transforming Growth Factor Beta Receptor Superfamily Signaling Pathway (GO:0141091),1/115,0.34519506723599774,0.3830317637948984,3.561936319150337,3.7886379270325987,PPARG
P7,GO_Biological_Process_2026,gs_ind_0,Transport Across Blood-Brain Barrier (GO:0150104),1/85,0.2685951165573057,0.3120940112198883,4.83188129999108,6.351750414065389,SLC27A4
P7,GO_Biological_Process_2026,gs_ind_0,Tricarboxylic Acid Metabolic Process (GO:0072350),2/11,0.0007167572143387991,0.007566908305662466,72.5581084691424,525.3768208799154,ACO1;ACLY
P7,GO_Biological_Process_2026,gs_ind_0,Trigeminal Nerve Morphogenesis (GO:0021636),1/6,0.021805834468432178,0.0831582823847523,74.4518044769301,284.8211635890129,NRP2
P7,GO_Biological_Process_2026,gs_ind_0,Trigeminal Nerve Structural Organization (GO:0021637),1/6,0.021805834468432178,0.0831582823847523,74.4518044769301,284.8211635890129,NRP2
P7,GO_Biological_Process_2026,gs_ind_0,Triglyceride Biosynthetic Process (GO:0019432),2/18,0.0019607912697134173,0.01592334888261775,41.765113059529305,260.38072065544543,DGAT2;GPAM
P7,GO_Biological_Process_2026,gs_ind_0,Triglyceride Homeostasis (GO:0070328),3/32,0.00021973433181702678,0.003183993553191819,33.02381573229031,278.1626157792776,SCARB1;FITM2;DGAT2
P7,GO_Biological_Process_2026,gs_ind_0,Triglyceride Metabolic Process (GO:0006641),3/50,0.0008277590094501677,0.008343433572231367,20.495924426450742,145.4552407118088,DGAT2;FITM2;GPAM
P7,GO_Biological_Process_2026,gs_ind_0,Type 2 Mitophagy (GO:0061734),1/5,0.018204501114733745,0.0805576426574146,91.0,364.55386253468845,PRKN
P7,GO_Biological_Process_2026,gs_ind_0,Ubiquitin-dependent Protein Catabolic Process (GO:0006511),1/456,0.8154044494107664,0.8187281088512994,0.884085631229694,0.18041626704443448,PRKN
P7,GO_Biological_Process_2026,gs_ind_0,Unsaturated Fatty Acid Metabolic Process (GO:0033559),3/38,0.0003678100414802819,0.004686407252653936,27.436258577103647,216.9643948799692,MGLL;ELOVL1;ELOVL3
P7,GO_Biological_Process_2026,gs_ind_0,Vascular Transport (GO:0010232),1/83,0.2631840348188177,0.3077420913466872,4.949383280036546,6.606940349250194,SLC27A4
P7,GO_Biological_Process_2026,gs_ind_0,Vascular Wound Healing (GO:0061042),1/7,0.025394089358317242,0.08851996243300209,62.9953614224971,231.39700796830692,ADIPOR2
P7,GO_Biological_Process_2026,gs_ind_0,Vasodilation (GO:0042311),1/24,0.08443833551787916,0.14311910538466213,17.41334331230621,43.0411486823959,SCARB1
P7,GO_Biological_Process_2026,gs_ind_0,Very Long-Chain Fatty Acid Biosynthetic Process (GO:0042761),5/13,7.53968473460354e-10,3.4823918867950097e-08,184.0187865722205,3865.4380078044437,ELOVL3;ELOVL1;ELOVL6;TECR;HACD2
P7,GO_Biological_Process_2026,gs_ind_0,Very Long-Chain Fatty Acid Catabolic Process (GO:0042760),1/5,0.018204501114733745,0.0805576426574146,91.0,364.55386253468845,ABCD3
P7,GO_Biological_Process_2026,gs_ind_0,Very Long-Chain Fatty Acid Metabolic Process (GO:0000038),6/29,9.27252860381621e-10,4.0308227283648116e-08,79.45029832263874,1652.47045278425,ELOVL3;ELOVL1;ELOVL6;ABCD3;TECR;HACD2
P7,GO_Biological_Process_2026,gs_ind_0,Very-low-density Lipoprotein Particle Assembly (GO:0034379),2/10,0.0005878432500802306,0.006483823310586424,81.09734249029562,603.2872040697225,LPCAT3;SOAT1
P7,GO_Biological_Process_2026,gs_ind_0,White Fat Cell Differentiation (GO:0050872),1/8,0.02896931280161029,0.09109924323570213,54.59396984924623,193.34553720447744,PPARG
P7,GO_Biological_Process_2026,gs_ind_0,Wound Healing (GO:0042060),1/78,0.24948232449515884,0.2954606375030807,5.26967093532177,7.316238334127009,SCARB1
