global_index,sample,age,barcode,nCount_RNA,nFeature_RNA,percent_mt,broad_cluster,MG_cluster,MG_state
3,8W_R1,8W,AAACCCAGTGTCATTG-1,6097,2714,0.14761358044940134,10,6,Ductal basal
8,8W_R1,8W,AAACGCTAGGAAGTGA-1,3111,1720,0.06428801028608164,10,6,Ductal basal
10,8W_R1,8W,AAACGCTCAATTTCTC-1,5293,2161,0.03778575477045154,10,6,Ductal basal
12,8W_R1,8W,AAACGCTGTAATTGGA-1,6559,2938,0.07623113279463332,10,6,Ductal basal
13,8W_R1,8W,AAACGCTGTGTGTCCG-1,9542,3521,0.09431984908824145,25,9,Ductal basal
16,8W_R1,8W,AAAGAACAGACAAGCC-1,10868,3875,0.1564225248435775,10,6,Ductal basal
22,8W_R1,8W,AAAGAACGTTGGCTAT-1,2654,1670,0.07535795026375283,16,4,Orifice
33,8W_R1,8W,AAAGGATTCGCGTTTC-1,4181,2327,0.09567089213106912,10,6,Ductal basal
38,8W_R1,8W,AAAGGGCCAGAGGTAC-1,9494,4052,0.0,20,6,Ductal basal
43,8W_R1,8W,AAAGGGCTCGGTCATA-1,6695,3236,0.1194921583271098,10,6,Ductal basal
47,8W_R1,8W,AAAGGGCTCTGTCTCG-1,11086,4182,0.054122316435143425,10,6,Ductal basal
64,8W_R1,8W,AAAGTGATCATGCTAG-1,2179,1200,1.3767783386874712,35,7,Differentiating meibocyte
65,8W_R1,8W,AAAGTGATCGCAACAT-1,3457,1583,0.23141452126120912,16,4,Orifice
68,8W_R1,8W,AAATGGAAGGTTAAAC-1,2574,1592,0.11655011655011654,12,5,Ductal basal
75,8W_R1,8W,AAATGGATCGGTCGAC-1,4265,2230,0.0,10,6,Ductal basal
76,8W_R1,8W,AACAAAGAGAGGACTC-1,6621,3176,0.09062075215224287,10,6,Ductal basal
80,8W_R1,8W,AACAAAGCACTAGAGG-1,4249,2101,0.04706989879971758,23,1,Ductular
84,8W_R1,8W,AACAAAGTCCAAGGGA-1,3991,2032,0.07516913054372337,10,6,Ductal basal
92,8W_R1,8W,AACAACCGTGCCGGTT-1,9908,3740,0.10092854259184497,20,3,Ductal suprabasal
94,8W_R1,8W,AACAACCTCGCGGTAC-1,9991,3779,0.67060354318887,22,8,Acinar basal
95,8W_R1,8W,AACAAGAAGCTAAACA-1,10816,3517,0.19415680473372782,24,3,Ductal suprabasal
99,8W_R1,8W,AACAAGATCGGTTGTA-1,12020,4263,0.033277870216306155,20,3,Ductal suprabasal
101,8W_R1,8W,AACACACCAAGCGCAA-1,5848,2511,0.11969904240766074,10,6,Ductal basal
103,8W_R1,8W,AACACACTCGGTAAGG-1,4653,2390,0.1289490651192779,10,6,Ductal basal
104,8W_R1,8W,AACAGGGCACTGTCCT-1,11759,3976,0.03401649800153074,10,6,Ductal basal
108,8W_R1,8W,AACAGGGGTCAAGGCA-1,8937,3550,0.05594718585655141,10,6,Ductal basal
109,8W_R1,8W,AACAGGGGTGAATAAC-1,4314,2085,1.1821974965229485,20,3,Ductal suprabasal
113,8W_R1,8W,AACAGGGTCGGCTCTT-1,5874,2851,0.05107252298263534,25,9,Ductal basal
115,8W_R1,8W,AACCAACAGTAGACCG-1,5967,2709,0.06703536115300822,10,6,Ductal basal
118,8W_R1,8W,AACCAACTCCTTCTGG-1,10318,3799,0.03876720294630742,10,6,Ductal basal
123,8W_R1,8W,AACCACACATAATGAG-1,5415,2748,0.2954755309325946,20,3,Ductal suprabasal
124,8W_R1,8W,AACCACACATGAAGCG-1,6161,2793,0.08115565654926148,10,6,Ductal basal
126,8W_R1,8W,AACCACAGTTCGGTCG-1,5857,3059,0.08536793580331228,25,9,Ductal basal
128,8W_R1,8W,AACCACATCCTTCGAC-1,10912,3541,0.054985337243401766,24,3,Ductal suprabasal
131,8W_R1,8W,AACCATGCACTCACTC-1,4874,2194,0.14361920393926958,10,6,Ductal basal
136,8W_R1,8W,AACCATGTCTAGCATG-1,9167,3258,0.06545216537580452,24,3,Ductal suprabasal
141,8W_R1,8W,AACCCAAGTGGTTCTA-1,4198,2312,0.11910433539780849,5,0,Ductal basal
142,8W_R1,8W,AACCCAAGTTAAACCC-1,6034,2777,0.06629101756711965,20,3,Ductal suprabasal
143,8W_R1,8W,AACCTGACAGTAGAAT-1,3203,1701,0.06244146113019045,10,6,Ductal basal
147,8W_R1,8W,AACCTTTAGGGACACT-1,6145,2804,0.04882017900732303,20,3,Ductal suprabasal
151,8W_R1,8W,AACCTTTTCGACCACG-1,4256,2187,0.07048872180451127,25,9,Ductal basal
152,8W_R1,8W,AACGAAAAGTAGTCTC-1,6304,2795,0.031725888324873094,10,6,Ductal basal
153,8W_R1,8W,AACGAAACAAGTACCT-1,7132,3170,0.23836231071228267,24,3,Ductal suprabasal
155,8W_R1,8W,AACGAAATCAACCGAT-1,3167,1809,0.0,10,6,Ductal basal
158,8W_R1,8W,AACGGGAAGCGTGCTC-1,3458,2041,0.08675534991324466,10,6,Ductal basal
160,8W_R1,8W,AACGGGAAGTCACGCC-1,7820,3004,0.03836317135549872,10,6,Ductal basal
162,8W_R1,8W,AACGGGAAGTGCTCAT-1,6014,2743,0.11639507815098105,10,6,Ductal basal
165,8W_R1,8W,AACGGGATCATCGGGC-1,2798,1556,0.25017869907076484,10,6,Ductal basal
166,8W_R1,8W,AACGGGATCATTGAGC-1,4544,2233,0.11003521126760564,10,6,Ductal basal
167,8W_R1,8W,AACGTCAAGATCCTAC-1,8953,3854,0.0,20,3,Ductal suprabasal
170,8W_R1,8W,AACGTCATCCTTCAGC-1,5491,2600,0.072846476051721,10,6,Ductal basal
171,8W_R1,8W,AACTTCTCAGCGTTTA-1,8189,3088,0.04884601294419343,10,6,Ductal basal
187,8W_R1,8W,AAGACAACACTGAATC-1,4739,2315,0.0844059928254906,23,1,Ductular
189,8W_R1,8W,AAGACAAGTTGTAGCT-1,7655,3177,0.05225342913128674,24,3,Ductal suprabasal
195,8W_R1,8W,AAGACTCCACCAATTG-1,8203,2571,0.0,7,6,Ductal basal
198,8W_R1,8W,AAGATAGAGGATACGC-1,1218,746,0.0,35,10,Differentiated meibocyte
201,8W_R1,8W,AAGATAGCATTCACAG-1,2859,1629,0.1049317943336831,23,1,Ductular
208,8W_R1,8W,AAGCATCAGATGCTTC-1,10745,3395,0.018613308515588647,7,6,Ductal basal
209,8W_R1,8W,AAGCATCCACCGTGCA-1,4851,2701,0.04122861265718408,22,8,Acinar basal
210,8W_R1,8W,AAGCATCGTAACCAGG-1,4675,2151,0.0213903743315508,10,6,Ductal basal
213,8W_R1,8W,AAGCCATAGCAGGGAG-1,4367,2484,0.2976871994504236,22,8,Acinar basal
215,8W_R1,8W,AAGCCATAGGTGATAT-1,4338,2272,0.2766251728907331,10,0,Ductal basal
218,8W_R1,8W,AAGCCATGTAGATTAG-1,5887,2791,0.033973161202649906,20,3,Ductal suprabasal
219,8W_R1,8W,AAGCCATGTCCTCCTA-1,10044,3585,0.02986857825567503,10,6,Ductal basal
227,8W_R1,8W,AAGCGAGAGGTTCACT-1,9411,4154,0.0637551801083838,10,6,Ductal basal
230,8W_R1,8W,AAGCGAGCAGGCTATT-1,9384,3672,0.021312872975277068,25,9,Ductal basal
235,8W_R1,8W,AAGCGAGTCTAGGCAT-1,6415,3030,0.01558846453624318,10,6,Ductal basal
243,8W_R1,8W,AAGCGTTTCCGCTTAC-1,5563,2691,0.017975912277548085,22,8,Acinar basal
244,8W_R1,8W,AAGGAATAGATGCTTC-1,3246,1881,0.12322858903265559,25,6,Ductal basal
248,8W_R1,8W,AAGGAATCATACCAGT-1,15229,4461,0.03283209665769256,9,6,Ductal basal
250,8W_R1,8W,AAGGAATGTTCCGGTG-1,1816,1119,1.8722466960352422,29,7,Differentiating meibocyte
251,8W_R1,8W,AAGGAATTCATACGAC-1,8099,3407,0.08643042350907519,10,6,Ductal basal
257,8W_R1,8W,AAGGTAACACTGTGTA-1,4541,2412,0.11010790574763268,20,8,Acinar basal
267,8W_R1,8W,AAGTCGTAGGAACATT-1,10766,3844,0.8266765744008917,24,3,Ductal suprabasal
272,8W_R1,8W,AAGTCGTGTGTCATCA-1,4346,1816,0.06902899217671422,10,6,Ductal basal
279,8W_R1,8W,AAGTGAACATCCCACT-1,2865,1813,0.24432809773123912,22,8,Acinar basal
280,8W_R1,8W,AAGTGAAGTCAACACT-1,8936,3525,0.08952551477170993,22,8,Acinar basal
285,8W_R1,8W,AAGTTCGGTTCCCACT-1,8638,3230,0.09261403102570039,16,4,Orifice
289,8W_R1,8W,AATAGAGCAGGGACTA-1,9792,3730,0.030637254901960783,10,6,Ductal basal
291,8W_R1,8W,AATAGAGCATCCGGCA-1,9259,3556,0.054001512042337184,24,3,Ductal suprabasal
292,8W_R1,8W,AATAGAGGTACGAGCA-1,5676,2864,0.10570824524312897,24,3,Ductal suprabasal
298,8W_R1,8W,AATCACGCAGTGCCTG-1,4495,2433,0.5339265850945495,22,8,Acinar basal
304,8W_R1,8W,AATCGACAGGTCCTGC-1,9427,3388,0.07425480004243132,25,9,Ductal basal
306,8W_R1,8W,AATCGACCAACGACTT-1,4144,2112,0.7480694980694981,24,3,Ductal suprabasal
312,8W_R1,8W,AATCGTGAGGAGGCAG-1,11976,4309,0.0501002004008016,24,6,Ductal basal
315,8W_R1,8W,AATCGTGGTCTACGTA-1,6736,3141,0.05938242280285036,20,3,Ductal suprabasal
317,8W_R1,8W,AATCGTGTCCTATTGT-1,7537,3016,0.053071513864932994,10,6,Ductal basal
335,8W_R1,8W,AATGACCGTGTCGATT-1,10764,3985,0.00929022668153103,10,6,Ductal basal
337,8W_R1,8W,AATGACCTCTACCAGA-1,14422,4150,0.041603106365275276,10,6,Ductal basal
347,8W_R1,8W,AATGGAACACAAGTGG-1,5394,2729,0.01853911753800519,22,8,Acinar basal
348,8W_R1,8W,AATGGAAGTCGAATTC-1,3186,1368,0.0,35,10,Differentiated meibocyte
353,8W_R1,8W,AATGGCTAGATACAGT-1,9269,3865,0.16182975509763728,25,8,Acinar basal
358,8W_R1,8W,AATGGCTGTGAGTGAC-1,9473,3271,0.010556317956296843,29,7,Differentiating meibocyte
359,8W_R1,8W,AATGGCTGTGATCATC-1,12074,4264,0.057975815802550935,10,6,Ductal basal
361,8W_R1,8W,AATTCCTAGTTCTACG-1,3400,1815,0.02941176470588235,10,6,Ductal basal
362,8W_R1,8W,AATTCCTTCTGCGGCA-1,8002,3019,0.06248437890527368,10,6,Ductal basal
363,8W_R1,8W,AATTTCCAGACAGTCG-1,2383,1386,0.0419639110365086,10,6,Ductal basal
364,8W_R1,8W,AATTTCCAGCTGTACT-1,13263,3719,0.030159089195506295,24,3,Ductal suprabasal
368,8W_R1,8W,AATTTCCGTGCCCACA-1,7472,2890,0.04014989293361884,22,8,Acinar basal
374,8W_R1,8W,ACAAAGACACCTTCGT-1,7140,2992,0.1400560224089636,10,0,Ductal basal
376,8W_R1,8W,ACAAAGAGTGACATCT-1,9466,3970,0.08451299387280795,35,7,Differentiating meibocyte
378,8W_R1,8W,ACAAAGATCGAGCCTG-1,10823,4033,0.02771874711263051,10,6,Ductal basal
388,8W_R1,8W,ACAAGCTCATAGGCGA-1,10184,3835,0.09819324430479183,22,8,Acinar basal
396,8W_R1,8W,ACACAGTGTCATTCCC-1,3717,2169,0.10761366693570083,20,3,Ductal suprabasal
399,8W_R1,8W,ACACAGTTCCGCAGTG-1,10460,3822,0.03824091778202677,10,6,Ductal basal
400,8W_R1,8W,ACACCAAAGACGGTTG-1,8733,3476,0.09160654986831558,25,9,Ductal basal
405,8W_R1,8W,ACACGCGAGCCGCTTG-1,5278,2436,0.07578628268283441,10,6,Ductal basal
410,8W_R1,8W,ACACGCGTCATGGAGG-1,3086,1916,0.06480881399870382,22,8,Acinar basal
422,8W_R1,8W,ACAGAAAAGAGGCGGA-1,2984,1705,0.9718498659517426,29,7,Differentiating meibocyte
424,8W_R1,8W,ACAGAAAAGGAGTCTG-1,15780,3984,0.057034220532319393,16,4,Orifice
425,8W_R1,8W,ACAGAAAAGGCATCGA-1,6768,3256,0.044326241134751775,22,8,Acinar basal
428,8W_R1,8W,ACAGAAAGTCGAGCAA-1,6174,3058,0.12957563977972142,10,6,Ductal basal
430,8W_R1,8W,ACAGCCGCACACGTGC-1,2358,1267,1.102629346904156,35,10,Differentiated meibocyte
431,8W_R1,8W,ACAGCCGCATTCAGGT-1,2192,1253,1.1405109489051095,24,3,Ductal suprabasal
433,8W_R1,8W,ACAGCCGGTTCATCTT-1,7103,2929,0.028157116711248768,10,6,Ductal basal
442,8W_R1,8W,ACAGGGAAGGCCCGTT-1,9199,3641,0.032612240460919664,20,3,Ductal suprabasal
450,8W_R1,8W,ACAGGGATCGACTCCT-1,6504,3037,0.3075030750307503,24,7,Differentiating meibocyte
453,8W_R1,8W,ACATCCCCAACATACC-1,14034,4468,0.03562776115148924,10,0,Ductal basal
454,8W_R1,8W,ACATCCCCAAGCTCTA-1,10096,3616,0.07923930269413629,10,6,Ductal basal
455,8W_R1,8W,ACATCCCGTCACAATC-1,9234,3298,0.010829542993285684,24,3,Ductal suprabasal
456,8W_R1,8W,ACATCCCGTCTAGGCC-1,11873,3510,0.0168449423060726,16,4,Orifice
460,8W_R1,8W,ACATCGACATGCCGGT-1,7419,3047,0.026957811025744707,10,6,Ductal basal
464,8W_R1,8W,ACATGCACAGTACTAC-1,9135,3223,0.7772304324028462,35,7,Differentiating meibocyte
466,8W_R1,8W,ACATGCATCGAAATCC-1,3045,1620,0.09852216748768472,9,1,Ductular
468,8W_R1,8W,ACATGCATCTCGCAGG-1,10161,3718,0.03936620411376833,24,3,Ductal suprabasal
469,8W_R1,8W,ACATTTCCATGTCGTA-1,5322,2234,0.05636978579481398,7,6,Ductal basal
470,8W_R1,8W,ACATTTCGTAATCAAG-1,4410,2155,0.06802721088435373,20,3,Ductal suprabasal
471,8W_R1,8W,ACATTTCGTCTGTGCG-1,13538,4474,0.029546461811198108,10,6,Ductal basal
472,8W_R1,8W,ACATTTCTCCATAAGC-1,11488,4375,0.05222841225626741,10,6,Ductal basal
477,8W_R1,8W,ACCAAACGTAAGGCTG-1,6933,3076,0.10096639261502956,10,2,Ductal basal
481,8W_R1,8W,ACCAAACTCTGAGAAA-1,7157,2913,0.1676680173256951,10,6,Ductal basal
483,8W_R1,8W,ACCAACAAGGACAGTC-1,2723,1662,0.11017260374586854,9,1,Ductular
486,8W_R1,8W,ACCAACAGTGGAACCA-1,8562,3396,0.0583975706610605,16,4,Orifice
490,8W_R1,8W,ACCACAATCGGCTGTG-1,10912,3946,0.06414956011730205,22,8,Acinar basal
502,8W_R1,8W,ACCCTCACACAGCCAC-1,6718,3064,0.05954153021732659,12,5,Ductal basal
505,8W_R1,8W,ACCCTTGAGAGCAGCT-1,12295,4302,0.4554697031313542,22,8,Acinar basal
511,8W_R1,8W,ACCCTTGGTTCACCGG-1,12792,4288,0.0859912445278299,25,9,Ductal basal
513,8W_R1,8W,ACCCTTGTCCGATAAC-1,4636,2235,0.0,10,6,Ductal basal
522,8W_R1,8W,ACCTACCAGAGGCGGA-1,2929,1629,0.8535336292249914,24,3,Ductal suprabasal
528,8W_R1,8W,ACCTACCAGGTGCAGT-1,3453,1994,0.08688097306689835,24,3,Ductal suprabasal
530,8W_R1,8W,ACCTACCCATGCAGCC-1,4689,2242,0.06397952655150352,16,4,Orifice
531,8W_R1,8W,ACCTACCGTCATACCA-1,5034,2326,0.31783869686134286,35,7,Differentiating meibocyte
534,8W_R1,8W,ACCTACCGTTGCGAAG-1,10409,3957,0.1825343452781247,20,6,Ductal basal
538,8W_R1,8W,ACCTGAAAGAGCACTG-1,6644,2544,0.07525586995785671,29,7,Differentiating meibocyte
539,8W_R1,8W,ACCTGAAAGAGCCATG-1,8037,3035,0.08709717556302103,16,4,Orifice
544,8W_R1,8W,ACCTGAACAGTCTCTC-1,8156,3466,0.061304561059342816,24,3,Ductal suprabasal
551,8W_R1,8W,ACCTGTCCAGAGTCTT-1,6394,2927,0.07819831091648421,20,3,Ductal suprabasal
557,8W_R1,8W,ACGATCAAGCGTCGAA-1,1628,1143,0.06142506142506143,10,6,Ductal basal
560,8W_R1,8W,ACGATCACAACCCTAA-1,8671,3306,0.02306539038173221,10,6,Ductal basal
565,8W_R1,8W,ACGATCATCTTACCGC-1,4972,2473,0.06033789219629927,24,3,Ductal suprabasal
570,8W_R1,8W,ACGATGTGTATCCCTC-1,11014,4440,0.05447612130016343,25,9,Ductal basal
587,8W_R1,8W,ACGGAAGGTTCACCGG-1,4261,2273,0.16428068528514433,9,1,Ductular
593,8W_R1,8W,ACGGGTCAGGGCAATC-1,11019,4159,0.09075233687267446,10,6,Ductal basal
596,8W_R1,8W,ACGGGTCGTTTCGTTT-1,3732,2097,0.08038585209003216,20,3,Ductal suprabasal
600,8W_R1,8W,ACGGTCGTCGGTGCAC-1,3697,2047,0.10819583446037327,20,3,Ductal suprabasal
603,8W_R1,8W,ACGGTTACAGCTGCCA-1,4104,1807,3.996101364522417,16,4,Orifice
607,8W_R1,8W,ACGGTTATCTTACGTT-1,3600,1972,0.16666666666666669,24,3,Ductal suprabasal
608,8W_R1,8W,ACGTAACCAGAGAGGG-1,4097,2185,0.0244081034903588,20,3,Ductal suprabasal
610,8W_R1,8W,ACGTAACGTTATGTCG-1,2242,1390,0.4906333630686887,10,0,Ductal basal
613,8W_R1,8W,ACGTACAAGGTCGTGA-1,4098,2066,0.07320644216691069,20,3,Ductal suprabasal
616,8W_R1,8W,ACGTACAGTCGACTTA-1,6462,2739,0.03095017022593624,10,6,Ductal basal
620,8W_R1,8W,ACGTAGTAGAGTATAC-1,12568,4473,0.14322087842138764,20,3,Ductal suprabasal
624,8W_R1,8W,ACGTAGTTCACTACGA-1,4678,2202,0.06412997007268063,10,6,Ductal basal
629,8W_R1,8W,ACGTCCTGTATTCTCT-1,5687,2674,0.08791981712678038,35,10,Differentiated meibocyte
632,8W_R1,8W,ACGTTCCCAACTGTGT-1,3088,1777,0.1295336787564767,29,7,Differentiating meibocyte
633,8W_R1,8W,ACGTTCCCACGTCATA-1,4026,1884,0.17386984600099353,10,6,Ductal basal
639,8W_R1,8W,ACTACGAGTCATAACC-1,6252,2438,0.04798464491362764,10,6,Ductal basal
643,8W_R1,8W,ACTACGATCATTTCCA-1,9054,3553,0.16567263088137837,22,8,Acinar basal
646,8W_R1,8W,ACTATCTCACATACGT-1,12752,4052,0.023525721455457966,16,4,Orifice
647,8W_R1,8W,ACTATCTGTCTCGGAC-1,7968,2976,0.0251004016064257,10,6,Ductal basal
649,8W_R1,8W,ACTATCTTCCCATTCG-1,5623,2556,0.035568202027387516,10,6,Ductal basal
655,8W_R1,8W,ACTATGGGTAGACAGC-1,8591,3414,0.0,20,3,Ductal suprabasal
658,8W_R1,8W,ACTATGGTCGACGTCG-1,5772,2670,0.08662508662508663,24,3,Ductal suprabasal
665,8W_R1,8W,ACTATTCTCCACGGGT-1,10264,4003,0.1461418550272798,20,3,Ductal suprabasal
673,8W_R1,8W,ACTCCCATCCTCTCTT-1,7971,2993,0.0501819094216535,10,6,Ductal basal
678,8W_R1,8W,ACTCTCGGTGGGCTTC-1,6445,2951,0.0465477114041893,10,6,Ductal basal
682,8W_R1,8W,ACTGATGAGGATTACA-1,4086,2064,0.048947626040137054,10,6,Ductal basal
683,8W_R1,8W,ACTGATGCATTCATCT-1,4190,2193,0.02386634844868735,9,1,Ductular
687,8W_R1,8W,ACTGATGTCCAAGCCG-1,10220,3773,0.029354207436399216,25,9,Ductal basal
690,8W_R1,8W,ACTGCAAAGATGAATC-1,7429,1847,0.1615291425494683,16,4,Orifice
692,8W_R1,8W,ACTGCAACAAGGCTTT-1,7729,2996,0.03881485315047224,24,3,Ductal suprabasal
701,8W_R1,8W,ACTGTCCCAAACTCGT-1,2641,1497,0.18932222642938282,9,1,Ductular
702,8W_R1,8W,ACTGTCCCAAAGGATT-1,9819,4322,0.04073734596191059,10,6,Ductal basal
708,8W_R1,8W,ACTGTCCTCGACCATA-1,4110,2035,0.04866180048661801,10,6,Ductal basal
711,8W_R1,8W,ACTGTGAAGGTTCTTG-1,4869,2419,0.06161429451632779,20,3,Ductal suprabasal
712,8W_R1,8W,ACTGTGAAGTCTTGGT-1,4302,2225,0.09298000929800093,16,4,Orifice
716,8W_R1,8W,ACTTAGGAGCAGTCTT-1,10423,3781,0.028782500239854167,25,9,Ductal basal
717,8W_R1,8W,ACTTAGGAGCTTCATG-1,6076,2851,0.08229098090849243,10,6,Ductal basal
718,8W_R1,8W,ACTTAGGAGGAACGTC-1,1206,754,0.16583747927031509,35,7,Differentiating meibocyte
721,8W_R1,8W,ACTTAGGCATCTCAAG-1,4829,2156,0.04141644232760406,10,6,Ductal basal
726,8W_R1,8W,ACTTATCCACCACATA-1,12884,4418,0.05433095312014902,10,6,Ductal basal
727,8W_R1,8W,ACTTATCCACGACTAT-1,8698,3545,0.09197516670498966,10,6,Ductal basal
728,8W_R1,8W,ACTTATCCATACCATG-1,3051,1688,0.06555227794165848,20,8,Acinar basal
729,8W_R1,8W,ACTTATCGTAGCGTAG-1,4175,2401,0.0718562874251497,20,3,Ductal suprabasal
737,8W_R1,8W,ACTTCGCAGACCAGAC-1,4663,2147,0.08578168561012224,10,6,Ductal basal
741,8W_R1,8W,ACTTCGCCAGTATTCG-1,9167,3113,0.08726955383440603,10,6,Ductal basal
761,8W_R1,8W,ACTTTGTGTACCCGAC-1,11727,4258,0.05969131065063529,22,8,Acinar basal
767,8W_R1,8W,AGAAATGCACGAAAGC-1,9337,3665,0.03213023455071222,24,3,Ductal suprabasal
770,8W_R1,8W,AGAAATGGTTCCGCGA-1,9720,3934,0.0720164609053498,5,6,Ductal basal
771,8W_R1,8W,AGAAATGTCATGCCAA-1,3643,1975,0.16469942355201758,9,1,Ductular
774,8W_R1,8W,AGAACAACACAGTCAT-1,11693,3783,0.07696912682801677,16,4,Orifice
776,8W_R1,8W,AGAACAATCGCCATAA-1,5762,2736,0.03471017007983339,10,6,Ductal basal
779,8W_R1,8W,AGAACCTCAGGTCCCA-1,9287,3480,0.04307095940562076,10,0,Ductal basal
782,8W_R1,8W,AGAACCTTCAACACCA-1,12183,4059,0.0,24,3,Ductal suprabasal
785,8W_R1,8W,AGAAGCGCAACCGCTG-1,3064,1785,0.19582245430809397,22,8,Acinar basal
790,8W_R1,8W,AGAAGCGGTGGTCTGC-1,2996,1777,0.03337783711615487,10,6,Ductal basal
794,8W_R1,8W,AGAAGCGTCCGAGATT-1,2229,1240,0.5383580080753702,25,9,Ductal basal
795,8W_R1,8W,AGAAGCGTCTCAAAGC-1,8440,3485,0.035545023696682464,24,3,Ductal suprabasal
800,8W_R1,8W,AGAAGTATCAAGCGTT-1,11208,4226,0.05353319057815846,22,8,Acinar basal
801,8W_R1,8W,AGAAGTATCTGAGTCA-1,3750,2075,0.21333333333333335,10,6,Ductal basal
802,8W_R1,8W,AGACAAAAGGTAGCAC-1,6847,2912,0.02920987293705272,10,6,Ductal basal
811,8W_R1,8W,AGACAGGAGCCATTTG-1,5579,2723,0.0358487184083169,20,3,Ductal suprabasal
812,8W_R1,8W,AGACAGGAGCGCTTCG-1,6124,2753,0.13063357282821686,10,6,Ductal basal
817,8W_R1,8W,AGACAGGGTCAGCTTA-1,6253,2793,0.03198464736926275,10,6,Ductal basal
819,8W_R1,8W,AGACAGGTCGCAATTG-1,5856,2706,0.03415300546448088,16,4,Orifice
822,8W_R1,8W,AGACCATGTCTAGATC-1,9329,3867,0.032157787544216956,25,9,Ductal basal
825,8W_R1,8W,AGACCATTCATGCAGT-1,3632,2021,0.027533039647577095,10,6,Ductal basal
828,8W_R1,8W,AGACCCGAGGCTCAAG-1,10607,3699,1.5461487696803997,29,7,Differentiating meibocyte
830,8W_R1,8W,AGACCCGGTTCACCGG-1,5176,2430,0.019319938176197836,10,0,Ductal basal
832,8W_R1,8W,AGACCCGTCTGGGATT-1,4111,1979,0.07297494526879104,10,6,Ductal basal
837,8W_R1,8W,AGAGAATCACCGTCTT-1,4594,2453,0.043535045711798,12,5,Ductal basal
839,8W_R1,8W,AGAGAATTCAAATGCC-1,3010,1666,0.26578073089701,5,0,Ductal basal
843,8W_R1,8W,AGAGAGCAGCGTGTCC-1,3798,2135,0.13164823591363875,10,6,Ductal basal
849,8W_R1,8W,AGAGAGCGTGGCTGAA-1,11261,4427,0.1420832963324749,25,6,Ductal basal
858,8W_R1,8W,AGAGCAGAGGTACCTT-1,9199,3638,0.05435373410153277,24,3,Ductal suprabasal
860,8W_R1,8W,AGAGCAGGTCCTGGTG-1,4775,2261,0.1256544502617801,10,6,Ductal basal
864,8W_R1,8W,AGAGCAGTCCGACGGT-1,5437,2451,0.09196247930844216,16,4,Orifice
867,8W_R1,8W,AGAGCCCAGTAGCATA-1,5226,2212,0.09567546880979717,24,3,Ductal suprabasal
869,8W_R1,8W,AGAGCCCCAAGGGTCA-1,2042,1305,0.4407443682664055,22,8,Acinar basal
872,8W_R1,8W,AGAGCCCGTATAGCTC-1,9271,3306,0.05393161471254449,25,8,Acinar basal
876,8W_R1,8W,AGATAGAAGCGCAATG-1,1381,877,0.2172338884866039,16,4,Orifice
877,8W_R1,8W,AGATAGAAGTTACGAA-1,5305,2514,0.05655042412818096,23,1,Ductular
880,8W_R1,8W,AGATAGACAGGGATAC-1,4943,2475,0.020230629172567266,24,3,Ductal suprabasal
882,8W_R1,8W,AGATAGATCGACGTCG-1,5125,2483,0.07804878048780488,16,4,Orifice
890,8W_R1,8W,AGATCCAGTGCATTAC-1,3598,2002,0.055586436909394105,10,6,Ductal basal
894,8W_R1,8W,AGATCGTTCATTCGGA-1,10020,3532,0.059880239520958084,24,3,Ductal suprabasal
898,8W_R1,8W,AGATGAACAGGACGAT-1,6653,2820,0.135277318502931,9,1,Ductular
900,8W_R1,8W,AGATGAAGTATCCTTT-1,6136,2654,0.16297262059973924,10,6,Ductal basal
901,8W_R1,8W,AGATGAAGTCTCACAA-1,5635,2452,0.05323868677905945,23,1,Ductular
902,8W_R1,8W,AGATGAAGTTTACGAC-1,9580,3501,0.031315240083507306,10,6,Ductal basal
905,8W_R1,8W,AGATGCTCAAAGTATG-1,8269,3260,0.04837344297980409,10,6,Ductal basal
907,8W_R1,8W,AGATGCTCACTGGACC-1,4424,2291,0.3842676311030741,10,6,Ductal basal
915,8W_R1,8W,AGCCAATAGAAGCCTG-1,3450,1905,0.057971014492753624,9,1,Ductular
923,8W_R1,8W,AGCCACGCATAATGCC-1,3670,1775,0.08174386920980926,20,3,Ductal suprabasal
930,8W_R1,8W,AGCCAGCGTAGATCCT-1,8041,3331,0.27359781121751026,29,7,Differentiating meibocyte
931,8W_R1,8W,AGCCAGCGTGTCCAAT-1,6102,2852,0.06555227794165848,10,6,Ductal basal
933,8W_R1,8W,AGCCAGCTCGGATACT-1,8764,3729,0.2624372432679142,10,6,Ductal basal
934,8W_R1,8W,AGCGATTAGTCAGAGC-1,10467,4163,0.0764306869207987,10,6,Ductal basal
935,8W_R1,8W,AGCGATTCACGGATCC-1,3950,1816,0.0759493670886076,10,6,Ductal basal
944,8W_R1,8W,AGCGCCAGTCCAAATC-1,3446,1984,0.05803830528148578,10,6,Ductal basal
948,8W_R1,8W,AGCGCTGAGACGCCAA-1,15765,4076,0.02537266095781795,10,6,Ductal basal
950,8W_R1,8W,AGCGCTGAGGGAGGCA-1,5488,2538,0.03644314868804665,16,4,Orifice
952,8W_R1,8W,AGCGCTGCACAAATGA-1,12222,4497,0.057273768613974804,10,6,Ductal basal
953,8W_R1,8W,AGCGCTGCACAGTCGC-1,8382,3487,0.03579098067287043,20,6,Ductal basal
955,8W_R1,8W,AGCGCTGGTCACTAGT-1,9237,3254,0.11908628342535456,10,6,Ductal basal
956,8W_R1,8W,AGCGCTGTCAATCGGT-1,1835,1170,0.16348773841961853,9,1,Ductular
967,8W_R1,8W,AGCGTATTCGACCCAG-1,8407,3329,0.07136909718092066,10,6,Ductal basal
970,8W_R1,8W,AGCGTCGCACTTGGCG-1,2282,1516,0.0876424189307625,16,4,Orifice
971,8W_R1,8W,AGCGTCGGTAACATGA-1,2308,1403,0.08665511265164644,10,6,Ductal basal
974,8W_R1,8W,AGCGTCGTCCGTGCGA-1,1195,895,0.0,10,0,Ductal basal
976,8W_R1,8W,AGCGTCGTCTGAGGTT-1,614,476,0.0,24,3,Ductal suprabasal
980,8W_R1,8W,AGCTACACAGCTGAAG-1,7880,3569,0.050761421319796954,9,1,Ductular
985,8W_R1,8W,AGCTACATCCTCTGCA-1,11350,4224,0.03524229074889868,10,6,Ductal basal
986,8W_R1,8W,AGCTACATCTTGGAAC-1,5034,2408,0.0,9,1,Ductular
989,8W_R1,8W,AGCTCAAAGTCAGGGT-1,3256,1851,0.15356265356265356,23,1,Ductular
992,8W_R1,8W,AGCTCAACAGACTCTA-1,6265,2762,0.06384676775738228,20,3,Ductal suprabasal
999,8W_R1,8W,AGCTTCCGTATCGCAT-1,5223,2319,0.07658433850277618,16,4,Orifice
1001,8W_R1,8W,AGCTTCCGTCCCTGTT-1,5794,2616,0.17259233690024164,20,3,Ductal suprabasal
1004,8W_R1,8W,AGCTTCCTCCAAACCA-1,7943,2870,0.05035880649628604,24,3,Ductal suprabasal
1011,8W_R1,8W,AGGAAATAGGAGGTTC-1,4911,2371,0.10181225819588678,23,1,Ductular
1012,8W_R1,8W,AGGAAATAGGCCCAAA-1,5859,3000,0.051203277009728626,10,6,Ductal basal
1018,8W_R1,8W,AGGAATACAAAGCACG-1,13837,4209,0.043362000433620006,10,6,Ductal basal
1019,8W_R1,8W,AGGAATAGTCGCGTCA-1,4832,2459,0.12417218543046359,20,3,Ductal suprabasal
1023,8W_R1,8W,AGGACGAAGAATAACC-1,4724,2428,0.06350550381033022,10,6,Ductal basal
1025,8W_R1,8W,AGGACGAAGAGGTCGT-1,1816,1258,0.05506607929515419,12,5,Ductal basal
1029,8W_R1,8W,AGGACGAGTGACTGTT-1,4610,2494,0.1301518438177874,10,6,Ductal basal
1030,8W_R1,8W,AGGACGAGTGGTCTTA-1,2224,1368,0.04496402877697842,10,6,Ductal basal
1034,8W_R1,8W,AGGACTTCAACTCGAT-1,12060,4275,0.06633499170812604,22,8,Acinar basal
1037,8W_R1,8W,AGGAGGTAGAGCTTTC-1,3822,2128,0.7849293563579277,10,0,Ductal basal
1038,8W_R1,8W,AGGAGGTCATGATGCT-1,6752,3084,0.05924170616113744,24,3,Ductal suprabasal
1039,8W_R1,8W,AGGAGGTGTAACATGA-1,4767,2586,0.08391021606880637,25,8,Acinar basal
1046,8W_R1,8W,AGGATAACACAGACGA-1,12928,4282,0.04641089108910891,10,6,Ductal basal
1057,8W_R1,8W,AGGCATTAGTGGCGAT-1,6441,2890,0.0,24,3,Ductal suprabasal
1058,8W_R1,8W,AGGCATTCACTACAGT-1,6118,2792,0.06538084341288003,16,4,Orifice
1063,8W_R1,8W,AGGCATTGTGGCATCC-1,5780,2616,0.15570934256055363,10,6,Ductal basal
1065,8W_R1,8W,AGGCCACAGGCCTAAG-1,9781,3784,0.5316429812902567,22,6,Ductal basal
1072,8W_R1,8W,AGGCTGCCACTTCATT-1,11279,4012,0.0620622395602447,10,6,Ductal basal
1083,8W_R1,8W,AGGGAGTTCATGGATC-1,6198,2855,0.08067118425298483,10,5,Ductal basal
1086,8W_R1,8W,AGGGCCTAGCGTATAA-1,2055,1209,0.145985401459854,10,6,Ductal basal
1090,8W_R1,8W,AGGGCCTCAAAGAACT-1,14589,4420,0.020563438206868186,10,6,Ductal basal
1091,8W_R1,8W,AGGGCCTTCAGTCATG-1,7794,3129,0.08981267641775725,10,6,Ductal basal
1094,8W_R1,8W,AGGGCTCAGAGGTATT-1,5035,2574,0.019860973187686197,22,8,Acinar basal
1098,8W_R1,8W,AGGGCTCTCCGAGAAG-1,6125,2989,0.0163265306122449,22,8,Acinar basal
1105,8W_R1,8W,AGGGTCCGTCTTCGAA-1,10206,3788,0.01959631589261219,24,6,Ductal basal
1114,8W_R1,8W,AGGGTGATCGTGGGAA-1,2322,1394,0.08613264427217916,10,6,Ductal basal
1119,8W_R1,8W,AGGGTTTGTTCGATTG-1,14512,4233,0.062017640573318635,22,6,Ductal basal
1127,8W_R1,8W,AGGTAGGCACGTGTGC-1,2423,1409,0.12381345439537762,12,5,Ductal basal
1137,8W_R1,8W,AGGTCATGTATCGTAC-1,7688,3069,0.052029136316337155,10,6,Ductal basal
1140,8W_R1,8W,AGGTCTAAGTCCTACA-1,7634,3170,0.07859575582918522,24,3,Ductal suprabasal
1143,8W_R1,8W,AGGTCTAGTAAGCAAT-1,6655,2586,0.06010518407212623,10,6,Ductal basal
1157,8W_R1,8W,AGGTTACAGTAAACAC-1,11717,3568,0.08534607834769992,10,6,Ductal basal
1162,8W_R1,8W,AGGTTACGTTGCAACT-1,8450,3115,0.0,10,6,Ductal basal
1175,8W_R1,8W,AGTACCAGTACGATTC-1,9915,3923,0.0302571860816944,10,6,Ductal basal
1181,8W_R1,8W,AGTACTGAGATGGCGT-1,5665,2996,0.088261253309797,22,8,Acinar basal
1183,8W_R1,8W,AGTACTGCACGGCCAT-1,4612,1975,0.06504770164787511,10,6,Ductal basal
1186,8W_R1,8W,AGTACTGGTGCAGTGA-1,8170,2897,0.07343941248470012,16,2,Ductal basal
1189,8W_R1,8W,AGTACTGGTTCAGTAC-1,2601,1492,0.07689350249903884,35,10,Differentiated meibocyte
1190,8W_R1,8W,AGTACTGTCCCTCATG-1,13408,4360,0.05966587112171838,10,6,Ductal basal
1191,8W_R1,8W,AGTAGCTAGCACGTCC-1,7384,3078,0.027085590465872153,20,3,Ductal suprabasal
1196,8W_R1,8W,AGTAGTCAGTTCCTGA-1,6064,2454,0.04947229551451188,7,6,Ductal basal
1198,8W_R1,8W,AGTAGTCGTCTAGGCC-1,7434,3408,0.053806833467850416,20,0,Ductal basal
1199,8W_R1,8W,AGTAGTCGTGTTCAGT-1,8682,3479,0.0691085003455425,24,3,Ductal suprabasal
1200,8W_R1,8W,AGTCAACAGCGTTCCG-1,4849,2547,0.04124561765312436,10,6,Ductal basal
1209,8W_R1,8W,AGTCACAGTTCCATTT-1,12702,3911,0.0,16,4,Orifice
1210,8W_R1,8W,AGTCATGAGCGAGAAA-1,2676,1676,0.11210762331838565,20,3,Ductal suprabasal
1211,8W_R1,8W,AGTCATGCACGGTGCT-1,7862,2906,0.05087763927753752,24,3,Ductal suprabasal
1212,8W_R1,8W,AGTCATGGTATCATGC-1,2423,1444,0.04127115146512588,10,6,Ductal basal
1213,8W_R1,8W,AGTCATGGTGGCTAGA-1,6248,2888,0.08002560819462227,10,6,Ductal basal
1214,8W_R1,8W,AGTCATGGTGTGATGG-1,12685,4486,0.18131651556957035,10,6,Ductal basal
1216,8W_R1,8W,AGTCATGTCATCACAG-1,6352,2730,0.04722921914357683,16,4,Orifice
1222,8W_R1,8W,AGTCTCCAGTGTTGTC-1,10416,4032,0.04800307219662058,10,6,Ductal basal
1227,8W_R1,8W,AGTCTCCGTTAACCTG-1,11150,3955,0.27802690582959644,10,6,Ductal basal
1230,8W_R1,8W,AGTGACTCAAAGCTAA-1,4038,1728,0.04952947003467063,7,6,Ductal basal
1232,8W_R1,8W,AGTGACTGTGTCCATA-1,6927,2314,0.11549011115923198,7,6,Ductal basal
1241,8W_R1,8W,AGTGATCGTAATGCTC-1,4064,2061,0.09842519685039369,20,3,Ductal suprabasal
1254,8W_R1,8W,AGTGTTGGTGCTCTCT-1,7065,2867,0.028308563340410476,10,6,Ductal basal
1257,8W_R1,8W,AGTGTTGTCTTTGCGC-1,7629,3178,0.05243151133831433,20,3,Ductal suprabasal
1259,8W_R1,8W,AGTTAGCAGGCCTAAG-1,2813,1571,0.21329541414859582,23,1,Ductular
1271,8W_R1,8W,AGTTCCCCAGAGTGTG-1,2003,1261,0.0,22,8,Acinar basal
1277,8W_R1,8W,AGTTCGACAGTTTCAG-1,6273,2924,0.07970667941973537,10,6,Ductal basal
1281,8W_R1,8W,ATACCGAAGCGATTCT-1,3615,1879,0.5809128630705395,7,2,Ductal basal
1283,8W_R1,8W,ATACCGAAGGATACAT-1,4674,2217,0.0,10,6,Ductal basal
1286,8W_R1,8W,ATACCGAGTAACCAGG-1,3647,1925,0.054839594187003016,9,1,Ductular
1287,8W_R1,8W,ATACCGAGTACAGTCT-1,12451,4175,0.08031483414986748,10,6,Ductal basal
1293,8W_R1,8W,ATACCTTGTCTAACGT-1,7982,3164,0.025056376847907794,24,3,Ductal suprabasal
1295,8W_R1,8W,ATACCTTTCCATTTGT-1,5983,2207,0.033428046130703666,10,6,Ductal basal
1298,8W_R1,8W,ATACTTCCACTGGACC-1,11470,3667,0.043591979075850044,10,6,Ductal basal
1299,8W_R1,8W,ATACTTCCAGGGAGAG-1,3684,2056,0.05428881650380022,16,4,Orifice
1300,8W_R1,8W,ATACTTCGTCGCTCGA-1,3862,1888,0.02589331952356292,10,6,Ductal basal
1301,8W_R1,8W,ATACTTCGTCTAACTG-1,5947,2786,0.3531192197746763,10,0,Ductal basal
1303,8W_R1,8W,ATACTTCTCGAAGCAG-1,2760,1650,0.10869565217391304,10,6,Ductal basal
1305,8W_R1,8W,ATAGACCGTATGTCTG-1,7964,2983,0.11300853842290307,24,3,Ductal suprabasal
1307,8W_R1,8W,ATAGACCTCCGATCTC-1,14744,4444,0.05425935973955508,10,6,Ductal basal
1308,8W_R1,8W,ATAGACCTCCGTAGTA-1,2391,1355,0.37641154328732745,35,10,Differentiated meibocyte
1313,8W_R1,8W,ATAGAGACACACGTGC-1,1959,1256,0.3062787136294028,16,4,Orifice
1318,8W_R1,8W,ATAGAGATCCTTCAGC-1,11360,3814,0.026408450704225348,24,3,Ductal suprabasal
1320,8W_R1,8W,ATAGAGATCTGGCCTT-1,10064,3931,0.01987281399046105,10,3,Ductal suprabasal
1322,8W_R1,8W,ATAGGCTCAAAGACTA-1,8602,3326,0.09300162752848175,16,4,Orifice
1325,8W_R1,8W,ATAGGCTGTGCCTTCT-1,12245,3757,0.05716619028174765,10,6,Ductal basal
1330,8W_R1,8W,ATATCCTCAGAACTCT-1,7223,3208,0.04153398864737644,10,6,Ductal basal
1333,8W_R1,8W,ATCACAGAGCACGTCC-1,4626,2275,0.08646779074794639,10,6,Ductal basal
1336,8W_R1,8W,ATCACAGGTGTCCATA-1,6775,2325,0.029520295202952032,7,6,Ductal basal
1340,8W_R1,8W,ATCACGAAGAACTGAT-1,2545,1487,0.11787819253438114,16,4,Orifice
1344,8W_R1,8W,ATCACTTAGGATCACG-1,9299,3435,0.021507688998817078,24,3,Ductal suprabasal
1346,8W_R1,8W,ATCACTTGTATACCCA-1,5226,2453,0.03827018752391887,24,3,Ductal suprabasal
1348,8W_R1,8W,ATCAGGTGTCCCTGAG-1,2036,1260,0.14734774066797643,35,10,Differentiated meibocyte
1349,8W_R1,8W,ATCAGGTTCCTACCGT-1,8788,3305,0.0,29,7,Differentiating meibocyte
1350,8W_R1,8W,ATCATTCCAAAGACGC-1,4543,2299,0.0,10,6,Ductal basal
1353,8W_R1,8W,ATCATTCTCTGTCGTC-1,6674,2767,0.04495055439017081,20,3,Ductal suprabasal
1369,8W_R1,8W,ATCCCTGTCATTGTGG-1,4455,2299,0.08978675645342313,22,8,Acinar basal
1372,8W_R1,8W,ATCCGTCCAAGAATAC-1,9668,3953,0.08274720728175423,25,9,Ductal basal
1374,8W_R1,8W,ATCCGTCGTCCGTACG-1,10647,4218,0.009392317084624777,25,8,Acinar basal
1381,8W_R1,8W,ATCCTATAGTGAGGCT-1,8913,3747,0.05609783462358353,10,6,Ductal basal
1382,8W_R1,8W,ATCCTATCAGCGTATT-1,4813,2194,0.2077706212341575,10,6,Ductal basal
1384,8W_R1,8W,ATCCTATTCCTTCTAA-1,11893,3914,0.06726645926175061,9,1,Ductular
1389,8W_R1,8W,ATCGATGAGTGGTGAC-1,8430,3457,0.1542111506524318,24,3,Ductal suprabasal
1393,8W_R1,8W,ATCGATGCATGACACT-1,7395,3170,0.04056795131845842,20,3,Ductal suprabasal
1394,8W_R1,8W,ATCGATGGTGAGACCA-1,1313,841,1.0662604722010662,35,10,Differentiated meibocyte
1396,8W_R1,8W,ATCGATGTCGGTAGGA-1,7577,3150,0.02639567110993797,22,7,Differentiating meibocyte
1404,8W_R1,8W,ATCGGATGTAGTCACT-1,12017,4201,0.05825081135058667,25,9,Ductal basal
1408,8W_R1,8W,ATCGGATTCGGCCCAA-1,3913,2171,0.10222335803731153,10,6,Ductal basal
1425,8W_R1,8W,ATCGTCCCAGGCGATA-1,6514,2828,0.10746085354620817,23,1,Ductular
1431,8W_R1,8W,ATCGTGAGTATCACGT-1,2932,1585,0.30695770804911326,10,0,Ductal basal
1435,8W_R1,8W,ATCGTGAGTGAATGTA-1,2048,1334,0.0,16,4,Orifice
1437,8W_R1,8W,ATCGTGATCCTATGGA-1,10924,4115,0.08238740388136215,10,0,Ductal basal
1450,8W_R1,8W,ATGAAAGGTCATAGTC-1,11860,4154,0.02529510961214165,25,9,Ductal basal
1453,8W_R1,8W,ATGAAAGTCAGTAGGG-1,12788,4417,0.06255864873318737,10,6,Ductal basal
1454,8W_R1,8W,ATGAAAGTCATTGTGG-1,4846,2391,0.04127115146512588,29,7,Differentiating meibocyte
1458,8W_R1,8W,ATGACCAAGTCGTTAC-1,4188,2181,0.07163323782234957,10,6,Ductal basal
1462,8W_R1,8W,ATGACCATCCAATCCC-1,7646,3339,0.02615746795710175,10,6,Ductal basal
1464,8W_R1,8W,ATGAGGGCATCAGCAT-1,5139,2440,0.13621327106440942,10,6,Ductal basal
1467,8W_R1,8W,ATGAGGGGTTGCGTAT-1,5401,2638,0.07406035919274209,10,6,Ductal basal
1468,8W_R1,8W,ATGAGGGGTTGCTCGG-1,6192,2900,0.016149870801033594,10,6,Ductal basal
1469,8W_R1,8W,ATGAGGGTCGGCATCG-1,3134,1760,0.09572431397574985,24,3,Ductal suprabasal
1474,8W_R1,8W,ATGAGTCAGGTCTTTG-1,5908,2911,0.3215978334461747,10,6,Ductal basal
1482,8W_R1,8W,ATGATCGTCCCGTGAG-1,4226,2165,0.047326076668244205,10,6,Ductal basal
1487,8W_R1,8W,ATGCATGGTATACCTG-1,3600,1817,0.027777777777777776,10,0,Ductal basal
1491,8W_R1,8W,ATGCATGTCTTACGTT-1,6237,2801,0.0481000481000481,25,9,Ductal basal
1494,8W_R1,8W,ATGCCTCTCCCTCAAC-1,4896,2291,0.6535947712418301,10,0,Ductal basal
1496,8W_R1,8W,ATGCCTCTCTTCACAT-1,7531,3043,0.09294914354003453,23,2,Ductal basal
1499,8W_R1,8W,ATGCGATAGCCTGTCG-1,8756,3492,0.02284148012791229,29,7,Differentiating meibocyte
1501,8W_R1,8W,ATGCGATAGGTTCTAC-1,7066,3082,0.02830455703368242,10,6,Ductal basal
1506,8W_R1,8W,ATGCGATTCCAAATGC-1,3175,1861,0.09448818897637795,20,3,Ductal suprabasal
1514,8W_R1,8W,ATGGAGGGTGCGCTCA-1,4300,2150,0.09302325581395349,10,6,Ductal basal
1521,8W_R1,8W,ATGGATCTCGTAATGC-1,3069,1908,0.13033561420658196,25,9,Ductal basal
1531,8W_R1,8W,ATGGGAGCACTCCCTA-1,4784,2301,0.1254180602006689,10,6,Ductal basal
1534,8W_R1,8W,ATGGGAGGTGACTGAG-1,1651,1129,0.06056935190793458,9,4,Orifice
1538,8W_R1,8W,ATGGGTTCAAATCGGG-1,8191,3555,0.024417043096081066,10,6,Ductal basal
1539,8W_R1,8W,ATGGGTTCACCCGTAG-1,5183,2513,0.07717538105344394,5,0,Ductal basal
1545,8W_R1,8W,ATGGTTGCATCGATCA-1,8142,3272,0.036845983787767135,12,5,Ductal basal
1550,8W_R1,8W,ATGTCCCCAGATCCAT-1,7351,3055,0.04081077404434771,12,5,Ductal basal
1554,8W_R1,8W,ATGTCCCTCAACGCTA-1,6157,2407,0.06496670456391099,10,6,Ductal basal
1556,8W_R1,8W,ATGTCTTGTCAGACTT-1,5959,2111,0.05034401745259272,7,6,Ductal basal
1557,8W_R1,8W,ATGTCTTTCACCATGA-1,9054,3727,0.01104484205875856,10,6,Ductal basal
1562,8W_R1,8W,ATTACCTAGGTTGAGC-1,3163,1524,0.7587733164717041,23,3,Ductal suprabasal
1564,8W_R1,8W,ATTACCTAGTGTAGAT-1,2227,1486,0.17961383026493039,22,8,Acinar basal
1566,8W_R1,8W,ATTACCTGTCTCGACG-1,6306,3096,0.04757373929590866,25,9,Ductal basal
1569,8W_R1,8W,ATTACTCAGAGCCCAA-1,5908,2751,0.1015572105619499,9,6,Ductal basal
1571,8W_R1,8W,ATTACTCAGGTATCTC-1,15896,4476,0.08807247106190236,24,3,Ductal suprabasal
1574,8W_R1,8W,ATTATCCAGCACGTCC-1,6212,2931,1.5775917578879588,24,3,Ductal suprabasal
1578,8W_R1,8W,ATTATCCTCGCATAGT-1,15264,4450,0.039308176100628936,29,7,Differentiating meibocyte
1590,8W_R1,8W,ATTCAGGCAATGAGCG-1,10624,3946,0.06588855421686747,16,4,Orifice
1599,8W_R1,8W,ATTCATCGTCCCTAAA-1,7439,2836,0.040328001075413365,12,1,Ductular
1600,8W_R1,8W,ATTCATCGTCCGATCG-1,4554,2319,0.10979358805445763,12,5,Ductal basal
1605,8W_R1,8W,ATTCCATAGGTCACTT-1,4879,2248,0.12297601967616315,10,6,Ductal basal
1607,8W_R1,8W,ATTCCATAGTGATGGC-1,8236,3241,0.06070908207867897,24,3,Ductal suprabasal
1609,8W_R1,8W,ATTCCATCACCAGGTC-1,4773,2331,0.020951183741881416,9,1,Ductular
1613,8W_R1,8W,ATTCCCGAGCCAGTAG-1,13731,4314,0.8885004733813997,29,7,Differentiating meibocyte
1615,8W_R1,8W,ATTCCCGGTAACCAGG-1,6260,2918,0.19169329073482427,12,5,Ductal basal
1627,8W_R1,8W,ATTCCTAAGTGTAGTA-1,5580,2632,0.0,22,8,Acinar basal
1644,8W_R1,8W,ATTCTTGCATTCACCC-1,13782,3909,0.0,35,7,Differentiating meibocyte
1648,8W_R1,8W,ATTGGGTGTACCTTCC-1,9224,3716,0.21682567215958368,16,4,Orifice
1652,8W_R1,8W,ATTGGGTGTTTGAAAG-1,3693,1941,0.3249390739236393,10,6,Ductal basal
1653,8W_R1,8W,ATTGGGTGTTTGCAGT-1,8187,3376,0.04885794552339074,22,8,Acinar basal
1657,8W_R1,8W,ATTTACCCAATGTCTG-1,10222,3722,0.04891410682840931,24,3,Ductal suprabasal
1661,8W_R1,8W,ATTTACCTCCTGTACC-1,14963,4265,0.04678206242063757,24,3,Ductal suprabasal
1667,8W_R1,8W,ATTTCTGCATCACCAA-1,2368,1451,0.08445945945945946,10,6,Ductal basal
1668,8W_R1,8W,ATTTCTGGTGTGTCGC-1,8237,3167,0.10926308121889036,25,9,Ductal basal
1670,8W_R1,8W,CAAAGAAAGACCTCCG-1,4967,2697,0.2617274008455808,23,3,Ductal suprabasal
1671,8W_R1,8W,CAAAGAAAGTTCGCAT-1,4922,2089,0.10158472165786266,7,6,Ductal basal
1675,8W_R1,8W,CAAAGAAGTGGCCTCA-1,4297,2317,0.16290435187340005,10,6,Ductal basal
1678,8W_R1,8W,CAAAGAATCAGCTGAT-1,11532,4027,0.026014568158168577,10,6,Ductal basal
1682,8W_R1,8W,CAACAACGTGAGTTTC-1,6607,2230,0.03027092477675193,23,3,Ductal suprabasal
1686,8W_R1,8W,CAACAGTAGCCGTCGT-1,8640,3973,0.02314814814814815,10,0,Ductal basal
1688,8W_R1,8W,CAACAGTCAAGTCGTT-1,2709,1499,0.18456995201181248,7,2,Ductal basal
1694,8W_R1,8W,CAACAGTTCTCTCTAA-1,7403,2573,0.040524111846548694,7,2,Ductal basal
1704,8W_R1,8W,CAACCTCGTGAGACCA-1,4148,2268,0.1205400192864031,22,8,Acinar basal
1705,8W_R1,8W,CAACCTCTCATACGAC-1,8935,2713,0.02238388360380526,10,6,Ductal basal
1708,8W_R1,8W,CAACGATCACGAGGTA-1,4067,2180,0.8359970494221785,9,1,Ductular
1710,8W_R1,8W,CAACGATTCCATTCAT-1,9443,3479,0.031769564756962826,10,0,Ductal basal
1711,8W_R1,8W,CAACGATTCTGTACAG-1,7118,3119,0.08429334082607474,10,6,Ductal basal
1716,8W_R1,8W,CAAGACTCAAGACAAT-1,4149,2042,0.07230657989877079,10,6,Ductal basal
1721,8W_R1,8W,CAAGACTGTGCACAAG-1,5216,2717,0.057515337423312884,10,6,Ductal basal
1724,8W_R1,8W,CAAGACTTCCTCTAAT-1,4871,2232,0.0,10,6,Ductal basal
1725,8W_R1,8W,CAAGACTTCGTTCGCT-1,8483,2835,0.28291877873393845,7,6,Ductal basal
1726,8W_R1,8W,CAAGAGGAGAATCTAG-1,3511,1954,0.05696382796923954,25,8,Acinar basal
1736,8W_R1,8W,CAAGCTAGTCCGTTTC-1,4673,2475,0.0,10,6,Ductal basal
1745,8W_R1,8W,CAATACGAGAAGCCTG-1,5543,2650,0.036081544290095614,16,4,Orifice
1749,8W_R1,8W,CAATACGGTAGGCAAC-1,3961,2242,0.025246149962130777,12,5,Ductal basal
1750,8W_R1,8W,CAATACGGTTTCGCTC-1,13629,4243,0.014674590945777386,24,3,Ductal suprabasal
1755,8W_R1,8W,CAATCGAGTTAAGAAC-1,7809,3081,0.0384172109104879,10,6,Ductal basal
1758,8W_R1,8W,CAATCGATCGGCTGTG-1,10588,4077,0.06611258027956177,20,0,Ductal basal
1763,8W_R1,8W,CAATGACCACTGAGGA-1,11952,3924,0.3430388219544846,24,3,Ductal suprabasal
1767,8W_R1,8W,CAATTTCAGCACACCC-1,6909,2791,0.07236937328122739,22,7,Differentiating meibocyte
1773,8W_R1,8W,CAATTTCGTTCGGCGT-1,1733,1141,0.05770340450086555,9,1,Ductular
1775,8W_R1,8W,CACAACAGTCGTACTA-1,8338,3251,0.07195970256656273,25,9,Ductal basal
1783,8W_R1,8W,CACACAATCTGGTCAA-1,9480,3072,0.09493670886075949,10,6,Ductal basal
1785,8W_R1,8W,CACAGATAGGGAGGTG-1,9966,4162,0.30102347983142685,22,8,Acinar basal
1786,8W_R1,8W,CACAGATCACGTACAT-1,6913,2964,0.17358599739621003,16,4,Orifice
1787,8W_R1,8W,CACAGATCATCAACCA-1,14123,4088,0.04248389152446364,25,6,Ductal basal
1789,8W_R1,8W,CACAGATGTGCGTTTA-1,8275,3122,0.04833836858006042,12,5,Ductal basal
1791,8W_R1,8W,CACAGATTCAGGTGTT-1,2860,1639,0.06993006993006994,20,8,Acinar basal
1799,8W_R1,8W,CACAGGCGTTGAAGTA-1,5098,2603,0.13730874852883485,20,3,Ductal suprabasal
1804,8W_R1,8W,CACATGAAGGGCAGGA-1,4242,2081,0.023573785950023574,24,3,Ductal suprabasal
1808,8W_R1,8W,CACATGAGTTGCTCGG-1,4368,1825,0.11446886446886448,35,10,Differentiated meibocyte
1813,8W_R1,8W,CACCAAAGTCTTCAAG-1,12513,3903,0.15983377287620873,24,3,Ductal suprabasal
1814,8W_R1,8W,CACCAAATCCATCTAT-1,10964,3769,0.036483035388544326,10,6,Ductal basal
1818,8W_R1,8W,CACCAAATCGCGATCG-1,5033,2441,0.059606596463341946,24,3,Ductal suprabasal
1823,8W_R1,8W,CACCGTTGTTTCCAAG-1,13495,4220,0.051871063356798815,25,9,Ductal basal
1829,8W_R1,8W,CACGAATAGTATCCTG-1,5738,2540,0.05228302544440572,10,6,Ductal basal
1831,8W_R1,8W,CACGAATCAGCTGTCG-1,10491,3667,0.047659898961014205,25,9,Ductal basal
1841,8W_R1,8W,CACGGGTTCGGTCGGT-1,7085,2858,0.04234297812279464,12,5,Ductal basal
1846,8W_R1,8W,CACGTTCGTGGATACG-1,5736,2383,0.10460251046025104,10,6,Ductal basal
1847,8W_R1,8W,CACGTTCGTGGCGCTT-1,6157,2771,0.04872502842293325,10,6,Ductal basal
1850,8W_R1,8W,CACGTTCTCTTACACT-1,7503,2681,0.026656004264960682,10,6,Ductal basal
1851,8W_R1,8W,CACGTTCTCTTTGCGC-1,10118,3588,0.11860051393556038,29,7,Differentiating meibocyte
1859,8W_R1,8W,CACTAAGGTCGTCGGT-1,4167,2484,0.28797696184305255,10,6,Ductal basal
1864,8W_R1,8W,CACTGAACAAAGCAAT-1,10344,3655,0.11600928074245939,10,0,Ductal basal
1869,8W_R1,8W,CACTGGGAGGTTAGTA-1,3529,1866,0.11334655709832814,10,6,Ductal basal
1870,8W_R1,8W,CACTGGGGTCCCGTGA-1,7689,3038,0.052022369618936144,10,0,Ductal basal
1871,8W_R1,8W,CACTGGGGTGGTCCCA-1,1844,1077,0.4880694143167028,9,3,Ductal suprabasal
1873,8W_R1,8W,CACTGTCAGACTTCAC-1,2895,1471,0.17271157167530224,29,7,Differentiating meibocyte
1880,8W_R1,8W,CACTGTCTCGCTGCGA-1,1799,1170,0.22234574763757642,20,3,Ductal suprabasal
1881,8W_R1,8W,CACTGTCTCGTGGGTC-1,6544,2559,0.04584352078239609,16,4,Orifice
1882,8W_R1,8W,CACTTCGAGGACGCTA-1,3528,1858,0.1984126984126984,10,6,Ductal basal
1884,8W_R1,8W,CACTTCGCAATTGTGC-1,11244,3803,0.044468160796869445,10,6,Ductal basal
1887,8W_R1,8W,CACTTCGCAGTTTCAG-1,9391,3784,0.06389095942924077,25,9,Ductal basal
1892,8W_R1,8W,CAGAGCCGTGATTAGA-1,8097,3623,0.061751265900950966,25,6,Ductal basal
1893,8W_R1,8W,CAGAGCCGTGTCTTCC-1,2104,1300,0.19011406844106463,24,3,Ductal suprabasal
1896,8W_R1,8W,CAGATACGTATGAAAC-1,3831,2004,0.07830853563038372,10,6,Ductal basal
1918,8W_R1,8W,CAGCAGCCATCCGTGG-1,8690,3446,0.04602991944764096,10,0,Ductal basal
1938,8W_R1,8W,CAGGCCACACAGTCCG-1,13177,4186,0.03794490399939288,24,3,Ductal suprabasal
1939,8W_R1,8W,CAGGCCACACTCCTTG-1,7245,2529,0.06901311249137336,10,6,Ductal basal
1942,8W_R1,8W,CAGGCCATCCATCGTC-1,6061,2509,0.01649892756970797,7,6,Ductal basal
1944,8W_R1,8W,CAGGGCTAGAGTTGTA-1,7714,2907,0.37593984962406013,23,3,Ductal suprabasal
1952,8W_R1,8W,CAGGTATCAAATGGTA-1,4503,2255,0.08882966910948256,10,6,Ductal basal
1957,8W_R1,8W,CAGTTAGGTGGCAACA-1,7320,2654,0.0546448087431694,16,4,Orifice
1958,8W_R1,8W,CAGTTAGGTGGTAATA-1,10265,3940,0.4188991719434973,10,0,Ductal basal
1962,8W_R1,8W,CAGTTAGTCTAGTGTG-1,8328,2606,0.08405379442843419,10,6,Ductal basal
1963,8W_R1,8W,CAGTTCCAGCAGCACA-1,7915,3128,0.05053695514845231,10,6,Ductal basal
1969,8W_R1,8W,CATAAGCAGGTTGAGC-1,3728,1967,0.1072961373390558,23,1,Ductular
1975,8W_R1,8W,CATAAGCTCTAGGCCG-1,4999,2244,0.060012002400480095,16,4,Orifice
1978,8W_R1,8W,CATACAGCAACGTATC-1,5892,2683,0.016972165648336725,24,4,Orifice
1979,8W_R1,8W,CATACAGCAGACAAAT-1,4450,2116,0.06741573033707865,10,6,Ductal basal
1984,8W_R1,8W,CATACCCAGGATACCG-1,3236,1685,0.030902348578491962,12,5,Ductal basal
1992,8W_R1,8W,CATACTTCAACCGCTG-1,13684,4155,0.029231218941829874,29,7,Differentiating meibocyte
1994,8W_R1,8W,CATACTTGTCCACGCA-1,12265,3789,0.008153281695882593,10,6,Ductal basal
2000,8W_R1,8W,CATAGACAGCAAGCCA-1,8571,3682,0.12833975032084938,22,8,Acinar basal
2007,8W_R1,8W,CATCAAGCAATGCAGG-1,3129,1769,0.09587727708533077,16,4,Orifice
2011,8W_R1,8W,CATCAAGTCGCGCTGA-1,6467,2720,0.015463120457708365,10,6,Ductal basal
2014,8W_R1,8W,CATCCACCAAAGGCAC-1,6759,2826,0.05918035212309513,10,6,Ductal basal
2016,8W_R1,8W,CATCCACGTCGAATGG-1,4003,2211,0.1498875843117662,10,6,Ductal basal
2017,8W_R1,8W,CATCCACGTCGAGATG-1,2345,1397,0.08528784648187633,23,1,Ductular
2028,8W_R1,8W,CATCCGTCACATCATG-1,6029,2825,0.06634599436059048,10,6,Ductal basal
2030,8W_R1,8W,CATCCGTCATATGAAG-1,3547,2046,0.028192839018889203,25,9,Ductal basal
2031,8W_R1,8W,CATCCGTCATCCCACT-1,9010,3317,0.04439511653718091,9,1,Ductular
2038,8W_R1,8W,CATCGCTCACCAGCCA-1,10126,3904,0.019751135690302193,10,6,Ductal basal
2039,8W_R1,8W,CATCGCTCAGGGAATC-1,10634,3879,0.12224938875305623,22,8,Acinar basal
2043,8W_R1,8W,CATCGGGAGCGTCAGA-1,1046,784,0.0,9,1,Ductular
2046,8W_R1,8W,CATCGGGCAGAAATTG-1,8730,3817,0.03436426116838488,10,6,Ductal basal
2050,8W_R1,8W,CATCGGGTCCACTGGG-1,4417,2117,0.13583880461851935,10,6,Ductal basal
2065,8W_R1,8W,CATGAGTGTTTACACG-1,5173,2439,0.05799342741156003,10,6,Ductal basal
2069,8W_R1,8W,CATGCAAGTCGAATGG-1,3300,1806,0.06060606060606061,10,6,Ductal basal
2070,8W_R1,8W,CATGCAAGTGTAAACA-1,4896,2250,0.10212418300653596,16,4,Orifice
2077,8W_R1,8W,CATGCCTTCTTCTGTA-1,13851,4482,0.07219695328857123,10,6,Ductal basal
2081,8W_R1,8W,CATGCGGGTATCTCTT-1,6348,2966,0.0315059861373661,20,3,Ductal suprabasal
2082,8W_R1,8W,CATGCGGGTCTGCCTT-1,9379,3603,0.010662117496534812,20,3,Ductal suprabasal
2083,8W_R1,8W,CATGCGGGTCTTGAAC-1,9530,3670,0.04197271773347324,10,6,Ductal basal
2086,8W_R1,8W,CATGCGGTCCGCACTT-1,5560,2415,0.4856115107913669,35,7,Differentiating meibocyte
2090,8W_R1,8W,CATGCTCAGAGACAAG-1,7180,3047,0.1392757660167131,10,6,Ductal basal
2094,8W_R1,8W,CATGCTCCAGCTCGGT-1,6320,2162,0.015822784810126583,7,6,Ductal basal
2096,8W_R1,8W,CATGCTCGTTACACAC-1,9663,3766,0.0517437648763324,25,9,Ductal basal
2100,8W_R1,8W,CATGGATGTAGCTAAA-1,3150,1741,0.09523809523809523,23,1,Ductular
2104,8W_R1,8W,CATGGATTCTGTTGGA-1,8406,3616,0.04758505829169641,20,3,Ductal suprabasal
2111,8W_R1,8W,CATGGTAGTTACAGCT-1,4044,2021,0.04945598417408506,22,8,Acinar basal
2114,8W_R1,8W,CATGGTATCTGCGGCA-1,7729,3224,0.4010868158882132,24,3,Ductal suprabasal
2116,8W_R1,8W,CATTCATCACCTTCCA-1,2614,1591,0.11476664116296864,22,8,Acinar basal
2119,8W_R1,8W,CATTCATGTGGTCTTA-1,5072,2690,0.11829652996845426,20,3,Ductal suprabasal
2122,8W_R1,8W,CATTCCGAGCCTCGTG-1,5677,2868,0.10568962480183196,22,8,Acinar basal
2123,8W_R1,8W,CATTCCGCAAGACTGG-1,2799,1550,0.07145409074669525,10,6,Ductal basal
2131,8W_R1,8W,CATTCTACAGTGGCTC-1,7943,3042,0.03776910487221453,10,5,Ductal basal
2132,8W_R1,8W,CATTCTACATGTTCAG-1,6209,2822,0.016105653084232566,10,6,Ductal basal
2137,8W_R1,8W,CATTGAGGTTTCGTAG-1,4363,2353,0.068760027504011,22,8,Acinar basal
2144,8W_R1,8W,CATTGCCGTGTTTCTT-1,5529,2045,0.05425935973955508,10,6,Ductal basal
2146,8W_R1,8W,CATTGCCTCCGTGGCA-1,7846,3318,0.11470813153199083,25,9,Ductal basal
2150,8W_R1,8W,CATTGTTCAACTGCTA-1,5604,2677,0.08922198429693076,16,4,Orifice
2151,8W_R1,8W,CATTGTTCATCTGTTT-1,1960,1120,0.05102040816326531,35,7,Differentiating meibocyte
2152,8W_R1,8W,CATTGTTGTAGATCCT-1,8372,3497,0.0358337314859054,25,2,Ductal basal
2157,8W_R1,8W,CATTTCACATGACAAA-1,4576,2258,0.06555944055944056,10,6,Ductal basal
2165,8W_R1,8W,CCAAGCGAGTGCACCC-1,6313,2864,0.0792016473942658,10,6,Ductal basal
2167,8W_R1,8W,CCAAGCGCAGGCTACC-1,3464,1964,0.14434180138568128,10,6,Ductal basal
2172,8W_R1,8W,CCAAGCGGTGTGCCTG-1,4067,2087,0.17211703958691912,24,3,Ductal suprabasal
2174,8W_R1,8W,CCAATGAAGAAGTATC-1,4470,2369,0.0,10,6,Ductal basal
2179,8W_R1,8W,CCAATGAGTCCTGTCT-1,8967,3526,0.078064012490242,25,9,Ductal basal
2184,8W_R1,8W,CCAATTTGTGTCCTAA-1,8497,3151,0.023537719195010003,10,6,Ductal basal
2189,8W_R1,8W,CCACAAACAAGTATAG-1,3517,1822,0.11373329542223486,7,6,Ductal basal
2194,8W_R1,8W,CCACAAATCCGTCCTA-1,3349,1488,0.11943863839952225,23,3,Ductal suprabasal
2200,8W_R1,8W,CCACACTGTCACGACC-1,10375,3970,0.08674698795180723,20,3,Ductal suprabasal
2201,8W_R1,8W,CCACACTGTTGTACGT-1,8639,3143,0.19678203495774976,22,8,Acinar basal
2203,8W_R1,8W,CCACACTTCGAATGCT-1,11813,3859,0.025395750444425637,24,3,Ductal suprabasal
2206,8W_R1,8W,CCACCATAGGTTAGTA-1,5856,2452,0.03415300546448088,20,3,Ductal suprabasal
2209,8W_R1,8W,CCACCATCAGCCGTTG-1,6399,2787,0.10939209251445538,24,3,Ductal suprabasal
2210,8W_R1,8W,CCACCATCATAGTCGT-1,7154,3024,0.27956388034665924,20,3,Ductal suprabasal
2212,8W_R1,8W,CCACGAGAGTAGCAAT-1,3028,1741,0.0,16,4,Orifice
2221,8W_R1,8W,CCACGTTTCACTGCTC-1,8687,3523,0.0,10,6,Ductal basal
2222,8W_R1,8W,CCACTTGAGCAGCAGT-1,7982,3253,0.11275369581558506,10,6,Ductal basal
2223,8W_R1,8W,CCACTTGCAAGCCCAC-1,5199,2637,0.05770340450086555,25,9,Ductal basal
2225,8W_R1,8W,CCACTTGTCCGAGATT-1,11776,4163,0.042459239130434784,10,0,Ductal basal
2229,8W_R1,8W,CCATAAGCATCCTAAG-1,12107,3728,0.04129842240026431,16,4,Orifice
2230,8W_R1,8W,CCATAAGGTGGCAACA-1,4152,2244,0.04816955684007707,10,0,Ductal basal
2239,8W_R1,8W,CCATCACCATAAGCGG-1,11280,3795,0.24822695035460995,24,3,Ductal suprabasal
2248,8W_R1,8W,CCCAACTTCGCACGAC-1,9196,3831,0.08699434536755112,20,8,Acinar basal
2253,8W_R1,8W,CCCGAAGCACGCAGTC-1,4112,2015,0.048638132295719845,35,10,Differentiated meibocyte
2263,8W_R1,8W,CCCGGAATCTAGATCG-1,3546,1685,0.1692047377326565,35,10,Differentiated meibocyte
2282,8W_R1,8W,CCCTCAATCTCCATAT-1,3353,1702,0.08947211452430659,16,4,Orifice
2299,8W_R1,8W,CCGAACGTCAAAGCCT-1,6313,2946,0.015840329478853162,24,1,Ductular
2302,8W_R1,8W,CCGATCTAGCGTATAA-1,8603,3463,0.1162385214460072,10,6,Ductal basal
2305,8W_R1,8W,CCGATCTGTCGCAACC-1,7573,3512,0.06602403274792025,25,9,Ductal basal
2312,8W_R1,8W,CCGATGGCACTTTAGG-1,5458,2475,0.10993037742762918,10,6,Ductal basal
2319,8W_R1,8W,CCGCAAGTCGAGTACT-1,4346,2002,0.09203865623561897,24,3,Ductal suprabasal
2322,8W_R1,8W,CCGGACATCGTCGATA-1,2942,1658,0.06798096532970768,23,1,Ductular
2327,8W_R1,8W,CCGGGTAAGTTGCGCC-1,8186,3457,0.048863913999511364,20,3,Ductal suprabasal
2332,8W_R1,8W,CCGGGTACAGCTGAGA-1,2934,1724,0.136332651670075,20,3,Ductal suprabasal
2334,8W_R1,8W,CCGGGTAGTACCGTCG-1,10399,4241,0.02884892778151745,22,8,Acinar basal
2336,8W_R1,8W,CCGGGTATCAATCCAG-1,7827,2787,0.025552574421873003,10,6,Ductal basal
2337,8W_R1,8W,CCGGGTATCATCGCAA-1,8811,3524,0.022698899103393486,10,6,Ductal basal
2338,8W_R1,8W,CCGGTAGAGAGGGCGA-1,4034,2039,0.1487357461576599,10,6,Ductal basal
2340,8W_R1,8W,CCGGTAGAGCGTGAAC-1,4219,2224,0.0711068973690448,10,6,Ductal basal
2341,8W_R1,8W,CCGGTAGAGGACAAGA-1,4932,2570,0.04055150040551501,10,6,Ductal basal
2346,8W_R1,8W,CCGGTGAAGATCGCTT-1,4503,2150,0.02220741727737064,9,1,Ductular
2347,8W_R1,8W,CCGGTGAGTATCGTTG-1,13765,4371,0.02179440610243371,29,7,Differentiating meibocyte
2351,8W_R1,8W,CCGGTGATCTGAATGC-1,1772,1063,0.39503386004514673,35,7,Differentiating meibocyte
2353,8W_R1,8W,CCGTAGGCATACGCAT-1,6139,2048,0.0814464896562958,7,6,Ductal basal
2354,8W_R1,8W,CCGTAGGTCAGTCACA-1,7118,2779,0.1264400112391121,10,6,Ductal basal
2358,8W_R1,8W,CCGTGAGAGGATGGCT-1,5517,2791,0.09062896501721951,10,0,Ductal basal
2362,8W_R1,8W,CCGTGAGTCGGCTGGT-1,1601,975,0.18738288569643974,23,1,Ductular
2366,8W_R1,8W,CCGTTCAAGGCTCAAG-1,12406,4319,0.032242463324197966,10,6,Ductal basal
2368,8W_R1,8W,CCGTTCAGTATCAAGA-1,3420,1642,0.11695906432748539,10,6,Ductal basal
2369,8W_R1,8W,CCGTTCATCCCTCTCC-1,11013,4111,0.08172160174339417,10,0,Ductal basal
2371,8W_R1,8W,CCTAACCAGGGCCAAT-1,3318,1844,0.18083182640144665,35,7,Differentiating meibocyte
2379,8W_R1,8W,CCTAAGACAATCAGCT-1,7455,3098,0.08048289738430583,9,1,Ductular
2381,8W_R1,8W,CCTAAGACAGTGTGGA-1,8666,3452,0.04615739672282484,10,6,Ductal basal
2382,8W_R1,8W,CCTAAGAGTACAAGCG-1,4382,2095,0.09128251939753537,23,1,Ductular
2386,8W_R1,8W,CCTAAGATCTTTGGAG-1,2273,1280,1.9357677078750553,35,10,Differentiated meibocyte
2387,8W_R1,8W,CCTACGTAGAGTGACC-1,5724,2377,0.052410901467505246,10,6,Ductal basal
2392,8W_R1,8W,CCTACGTGTATCGAGG-1,3317,1899,0.06029544769369913,22,8,Acinar basal
2398,8W_R1,8W,CCTATCGAGTCTGGTT-1,11502,4083,0.02608242044861763,22,8,Acinar basal
2399,8W_R1,8W,CCTATCGAGTGCTAGG-1,8696,3448,0.045998160073597055,29,7,Differentiating meibocyte
2401,8W_R1,8W,CCTATCGCATACACCA-1,7669,2851,0.013039509714434737,16,4,Orifice
2418,8W_R1,8W,CCTCAGTTCAAGAGGC-1,6989,3239,0.08584919158677923,10,6,Ductal basal
2426,8W_R1,8W,CCTCATGTCTAGTGAC-1,4715,2258,0.04241781548250265,9,1,Ductular
2427,8W_R1,8W,CCTCCAACAAAGACGC-1,8757,3477,0.0342583076396026,22,8,Acinar basal
2432,8W_R1,8W,CCTCCAAGTGAGATTA-1,5610,2802,0.017825311942959002,29,7,Differentiating meibocyte
2434,8W_R1,8W,CCTCCAATCAAGCGTT-1,4655,2062,0.15037593984962408,10,6,Ductal basal
2438,8W_R1,8W,CCTCCTCCACGCTTAA-1,5610,2848,0.053475935828877004,24,3,Ductal suprabasal
2440,8W_R1,8W,CCTCCTCGTCGGCTAC-1,3236,1721,0.0927070457354759,10,6,Ductal basal
2441,8W_R1,8W,CCTCCTCTCGTGGTAT-1,16309,4337,0.018394751364277394,10,6,Ductal basal
2442,8W_R1,8W,CCTCTAGAGAGAACCC-1,9806,3553,0.040791352233326535,10,6,Ductal basal
2445,8W_R1,8W,CCTCTAGCAGGATCTT-1,11769,3913,0.01699379726399864,10,6,Ductal basal
2448,8W_R1,8W,CCTCTAGGTGTAAACA-1,3167,1730,0.0947268708556994,25,9,Ductal basal
2450,8W_R1,8W,CCTCTAGGTTCTCACC-1,2802,1338,0.35688793718772305,16,4,Orifice
2452,8W_R1,8W,CCTCTAGTCGTGTGGC-1,10357,3707,0.019310611180843873,24,3,Ductal suprabasal
2453,8W_R1,8W,CCTCTCCAGTCGCCAC-1,3164,1765,0.03160556257901391,10,6,Ductal basal
2455,8W_R1,8W,CCTCTCCCAGCACGAA-1,4708,2239,0.0637213254035684,16,4,Orifice
2456,8W_R1,8W,CCTCTCCGTTGTAAAG-1,4599,2273,0.06523157208088715,20,3,Ductal suprabasal
2463,8W_R1,8W,CCTGCATTCCTATTTG-1,12644,3724,0.007908889591901298,16,4,Orifice
2464,8W_R1,8W,CCTGTTGCACGACAGA-1,10679,3893,0.10300589942878546,20,6,Ductal basal
2468,8W_R1,8W,CCTTCAGAGAGTGTTA-1,6236,3011,0.14432328415651058,10,6,Ductal basal
2469,8W_R1,8W,CCTTCAGAGCCTAACT-1,2996,1563,0.0,23,1,Ductular
2471,8W_R1,8W,CCTTCAGAGTTGTAAG-1,7285,3072,0.013726835964310225,25,9,Ductal basal
2479,8W_R1,8W,CCTTGTGGTTTACCTT-1,8250,3265,0.03636363636363636,16,4,Orifice
2480,8W_R1,8W,CCTTGTGTCGAACCAT-1,6783,2826,0.11794191360754828,9,4,Orifice
2481,8W_R1,8W,CCTTGTGTCGAATGCT-1,5311,2359,0.13180192054227077,22,8,Acinar basal
2483,8W_R1,8W,CCTTTGGAGCCATTCA-1,11654,3924,0.04290372404324695,10,6,Ductal basal
2487,8W_R1,8W,CCTTTGGCACCGTGCA-1,10183,3866,0.3928115486595306,23,6,Ductal basal
2488,8W_R1,8W,CCTTTGGCACGTAACT-1,7486,2644,0.05343307507347048,7,2,Ductal basal
2493,8W_R1,8W,CGAAGGAAGCGCGTTC-1,1981,1295,0.2523977788995457,10,6,Ductal basal
2495,8W_R1,8W,CGAAGGACAATAGTGA-1,8094,3477,0.012354830738818878,25,8,Acinar basal
2498,8W_R1,8W,CGAAGGAGTAGGAGGG-1,4857,2342,0.2882437718756434,10,6,Ductal basal
2504,8W_R1,8W,CGAAGGATCGATACAC-1,8776,3308,0.07976298997265269,10,6,Ductal basal
2510,8W_R1,8W,CGAAGTTAGCTGAGCA-1,5549,2580,0.05406379527842854,16,4,Orifice
2512,8W_R1,8W,CGAAGTTAGTATCTGC-1,4047,2107,0.2718062762540153,16,4,Orifice
2513,8W_R1,8W,CGAAGTTGTATGCTAC-1,2792,1471,0.07163323782234957,29,7,Differentiating meibocyte
2535,8W_R1,8W,CGAGGCTAGATGACAT-1,4786,2317,0.10447137484329294,25,9,Ductal basal
2541,8W_R1,8W,CGAGTGCAGTCGGCAA-1,4887,2419,0.16369961121342336,24,3,Ductal suprabasal
2542,8W_R1,8W,CGAGTGCCATCTCCCA-1,4111,2037,0.07297494526879104,29,7,Differentiating meibocyte
2543,8W_R1,8W,CGAGTGCTCTTGGAAC-1,9986,2994,0.08011215701982777,16,4,Orifice
2544,8W_R1,8W,CGAGTTAGTAGTAAGT-1,8695,3148,0.08050603795284647,10,6,Ductal basal
2551,8W_R1,8W,CGATCGGAGCTCTATG-1,1329,857,0.07524454477050413,9,1,Ductular
2557,8W_R1,8W,CGATGGCAGTTGAAGT-1,6247,2700,0.09604610212902193,29,7,Differentiating meibocyte
2558,8W_R1,8W,CGATGGCAGTTTCAGC-1,6623,2491,0.10569228446323418,10,6,Ductal basal
2567,8W_R1,8W,CGCAGGTCAGATCCAT-1,2213,1212,0.7230004518752825,35,10,Differentiated meibocyte
2569,8W_R1,8W,CGCAGGTCATGTGACT-1,9323,3028,0.23597554435267615,24,3,Ductal suprabasal
2571,8W_R1,8W,CGCAGGTGTGGACTGA-1,4015,2307,0.049813200498132,12,5,Ductal basal
2578,8W_R1,8W,CGCATGGAGAATCGTA-1,5195,2467,0.057747834456207896,10,6,Ductal basal
2579,8W_R1,8W,CGCATGGAGTGGTGGT-1,1692,1088,0.3546099290780142,10,6,Ductal basal
2584,8W_R1,8W,CGCATGGTCTAGGCCG-1,2843,1587,0.035174111853675694,20,3,Ductal suprabasal
2590,8W_R1,8W,CGCCATTCATCTGTTT-1,7756,3021,0.0515729757607014,10,6,Ductal basal
2593,8W_R1,8W,CGCCATTTCCTAGCGG-1,11598,4226,0.043110881186411446,24,3,Ductal suprabasal
2597,8W_R1,8W,CGCGTGAGTAGTCACT-1,5288,2623,0.056732223903177004,25,9,Ductal basal
2598,8W_R1,8W,CGCGTGAGTCGCCTAG-1,8846,3299,0.18087271082975356,24,3,Ductal suprabasal
2599,8W_R1,8W,CGCGTGAGTTGACGGA-1,10759,4073,0.0836508969235059,23,1,Ductular
2600,8W_R1,8W,CGCGTGATCAAAGGTA-1,7204,3208,0.0971682398667407,25,9,Ductal basal
2602,8W_R1,8W,CGCGTGATCCTACAAG-1,7514,3069,0.039925472451424006,22,8,Acinar basal
2603,8W_R1,8W,CGCGTGATCGTAGGGA-1,5004,2507,0.05995203836930455,20,3,Ductal suprabasal
2605,8W_R1,8W,CGGAACCAGGCTATCT-1,5679,2498,0.05282620179609086,10,2,Ductal basal
2609,8W_R1,8W,CGGAACCGTGGATACG-1,2887,1596,0.06927606511950121,10,0,Ductal basal
2610,8W_R1,8W,CGGAACCTCCCTGTTG-1,2469,1385,0.12150668286755771,35,7,Differentiating meibocyte
2612,8W_R1,8W,CGGAACCTCGCATTGA-1,9544,3676,0.041911148365465216,10,6,Ductal basal
2615,8W_R1,8W,CGGAATTAGGCTTCCG-1,3620,2061,0.08287292817679558,24,3,Ductal suprabasal
2628,8W_R1,8W,CGGAGAAAGGATTTCC-1,6710,3029,0.029806259314456036,10,6,Ductal basal
2633,8W_R1,8W,CGGAGAAGTCTACAGT-1,4083,2023,0.04898359049718344,23,1,Ductular
2643,8W_R1,8W,CGGCAGTCAGCGACAA-1,3539,2080,0.028256569652444195,20,3,Ductal suprabasal
2649,8W_R1,8W,CGGGCATAGAGAGTGA-1,8216,3325,0.10954235637779942,16,1,Ductular
2650,8W_R1,8W,CGGGCATAGCCTTTCC-1,3647,1998,0.027419797093501508,22,8,Acinar basal
2657,8W_R1,8W,CGGGCATGTTAGAAAC-1,1971,1146,0.10147133434804667,29,7,Differentiating meibocyte
2658,8W_R1,8W,CGGGCATTCGTGCAGC-1,6019,2517,0.033228110981890685,10,6,Ductal basal
2662,8W_R1,8W,CGGGTGTGTAGGTCAG-1,1944,1309,0.30864197530864196,9,4,Orifice
2665,8W_R1,8W,CGGGTGTTCTTGCAAG-1,3014,1709,0.06635700066357,35,7,Differentiating meibocyte
2668,8W_R1,8W,CGGTCAGAGGCACCAA-1,3995,2011,0.0750938673341677,10,6,Ductal basal
2670,8W_R1,8W,CGGTCAGGTCGAATGG-1,2703,1457,0.14798372179060304,35,7,Differentiating meibocyte
2680,8W_R1,8W,CGTAAGTGTCGCACGT-1,4428,2287,0.022583559168925023,10,6,Ductal basal
2681,8W_R1,8W,CGTAAGTGTTAAACCC-1,5495,2437,0.03639672429481347,22,8,Acinar basal
2683,8W_R1,8W,CGTAAGTTCTTCCCGA-1,5942,2570,0.286098956580276,29,7,Differentiating meibocyte
2692,8W_R1,8W,CGTAGTACAGATGCGA-1,4582,2259,0.06547359231776517,10,6,Ductal basal
2693,8W_R1,8W,CGTAGTAGTGACGCCT-1,10754,3802,0.037195462153617256,24,3,Ductal suprabasal
2694,8W_R1,8W,CGTAGTAGTGCTAGCC-1,13504,3898,0.02221563981042654,24,3,Ductal suprabasal
2695,8W_R1,8W,CGTAGTATCCTTACCG-1,2697,1614,0.29662588060808304,16,4,Orifice
2697,8W_R1,8W,CGTCAAAAGGTCTTTG-1,12171,3995,0.09037876920548846,12,5,Ductal basal
2700,8W_R1,8W,CGTCAAAGTCTTCGAA-1,6849,2895,0.11680537304716017,12,5,Ductal basal
2702,8W_R1,8W,CGTCCATCACGCAAAG-1,11830,4022,0.0591715976331361,10,6,Ductal basal
2705,8W_R1,8W,CGTCCATCATCGAACT-1,4826,2322,0.10360547036883548,12,5,Ductal basal
2706,8W_R1,8W,CGTCCATGTGTCCCTT-1,3831,1980,0.05220569042025581,16,4,Orifice
2710,8W_R1,8W,CGTCCATTCGCTAAAC-1,5431,2416,0.11047689191677407,9,1,Ductular
2711,8W_R1,8W,CGTGAATAGAATCGAT-1,3377,1752,0.08883624518803672,23,1,Ductular
2713,8W_R1,8W,CGTGAATCAGGTCCGT-1,10800,4212,0.3611111111111111,10,6,Ductal basal
2717,8W_R1,8W,CGTGAATTCACCATGA-1,6816,2970,0.04401408450704226,10,6,Ductal basal
2719,8W_R1,8W,CGTGATACACACCGCA-1,4046,2210,0.3213049925852694,10,0,Ductal basal
2722,8W_R1,8W,CGTGATATCGAGTCTA-1,2763,1679,0.036192544335866814,9,1,Ductular
2725,8W_R1,8W,CGTGCTTAGGTCTACT-1,6045,2733,0.04962779156327543,10,6,Ductal basal
2729,8W_R1,8W,CGTGCTTGTGCATTTG-1,1942,1217,0.25746652935118436,23,3,Ductal suprabasal
2735,8W_R1,8W,CGTGTCTGTTCGAGCC-1,8255,3222,0.08479709267110841,20,3,Ductal suprabasal
2738,8W_R1,8W,CGTTAGAAGCAATTAG-1,9583,3370,0.04174058228112282,10,6,Ductal basal
2741,8W_R1,8W,CGTTCTGAGATGGCAC-1,11519,3930,0.026043927424255577,10,6,Ductal basal
2743,8W_R1,8W,CGTTCTGCATAGATCC-1,4183,2073,0.04781257470714798,10,6,Ductal basal
2744,8W_R1,8W,CGTTCTGGTGCCTAAT-1,5930,2812,0.0505902192242833,10,0,Ductal basal
2751,8W_R1,8W,CGTTGGGGTACTCCCT-1,7462,2813,0.04020369874028411,10,6,Ductal basal
2754,8W_R1,8W,CGTTGGGTCTTGCGCT-1,4859,2546,0.1234821979831241,10,0,Ductal basal
2764,8W_R1,8W,CTAACTTGTGACTGTT-1,10873,3840,0.01839418743676998,29,7,Differentiating meibocyte
2765,8W_R1,8W,CTAACTTTCACTGATG-1,4858,2551,0.06175380815150268,20,3,Ductal suprabasal
2766,8W_R1,8W,CTAACTTTCTATACTC-1,3030,1603,0.066006600660066,24,3,Ductal suprabasal
2767,8W_R1,8W,CTAACTTTCTCTGAGA-1,6742,2675,0.04449718184514981,10,6,Ductal basal
2774,8W_R1,8W,CTAAGTGGTACCCAGC-1,5513,2519,0.10883366588064573,24,3,Ductal suprabasal
2775,8W_R1,8W,CTAAGTGGTGAGGAAA-1,10084,4052,0.039666798889329634,12,5,Ductal basal
2779,8W_R1,8W,CTACAGAAGCACTCTA-1,9449,3583,0.06349878293999364,10,3,Ductal suprabasal
2780,8W_R1,8W,CTACAGAAGCAGTAAT-1,5743,2606,0.08706251088281386,16,4,Orifice
2791,8W_R1,8W,CTACATTGTACGACAG-1,9302,3347,0.09675338636852289,10,6,Ductal basal
2794,8W_R1,8W,CTACCCAAGTCGGCAA-1,3800,1959,0.13157894736842105,10,6,Ductal basal
2807,8W_R1,8W,CTACGGGAGGCCTGAA-1,6203,2540,0.0967273899725939,16,4,Orifice
2810,8W_R1,8W,CTACGGGGTACGGATG-1,3381,1969,0.11830819284235432,16,4,Orifice
2812,8W_R1,8W,CTACGGGTCATTGGTG-1,9146,3648,0.03280122457905095,10,6,Ductal basal
2816,8W_R1,8W,CTACTATGTAGGTACG-1,7834,3308,0.025529742149604292,20,3,Ductal suprabasal
2821,8W_R1,8W,CTAGACAAGTCTGCGC-1,8662,3338,0.057723389517432465,10,6,Ductal basal
2822,8W_R1,8W,CTAGACACAAATAAGC-1,6978,2484,0.08598452278589853,10,6,Ductal basal
2826,8W_R1,8W,CTAGACACATAACGGG-1,9993,3754,0.03002101471029721,29,7,Differentiating meibocyte
2830,8W_R1,8W,CTAGGTACAAAGACGC-1,7794,2975,0.06415191172696946,20,3,Ductal suprabasal
2832,8W_R1,8W,CTAGGTAGTGGTCCCA-1,9737,3764,0.06162062236828592,20,3,Ductal suprabasal
2835,8W_R1,8W,CTATAGGGTTATGTGC-1,4700,2324,0.0425531914893617,12,5,Ductal basal
2838,8W_R1,8W,CTATCTAAGAGTCTTC-1,10337,3826,0.04836993324949212,10,6,Ductal basal
2840,8W_R1,8W,CTATCTACACAAATCC-1,5305,2185,0.0942507068803016,10,6,Ductal basal
2844,8W_R1,8W,CTATCTAGTATTAAGG-1,4381,2064,0.045651677699155443,10,6,Ductal basal
2850,8W_R1,8W,CTCAAGAAGAAATCCA-1,4208,2260,0.02376425855513308,16,4,Orifice
2852,8W_R1,8W,CTCAAGACACGGTCTG-1,5096,2487,0.05886970172684458,22,8,Acinar basal
2854,8W_R1,8W,CTCAAGAGTTAATCGC-1,7468,2813,0.05356186395286556,10,6,Ductal basal
2856,8W_R1,8W,CTCAAGATCTATCGGA-1,10862,3780,0.03682563063892469,29,7,Differentiating meibocyte
2857,8W_R1,8W,CTCAAGATCTTGGTCC-1,10814,3722,0.07397817643795081,10,6,Ductal basal
2858,8W_R1,8W,CTCAATTAGAACTTCC-1,5534,2586,0.03614022406938923,22,8,Acinar basal
2863,8W_R1,8W,CTCACTGAGAATGTTG-1,1691,1144,0.17740981667652278,20,1,Ductular
2864,8W_R1,8W,CTCACTGAGCACACAG-1,1743,1080,0.17211703958691912,23,3,Ductal suprabasal
2865,8W_R1,8W,CTCACTGAGCTCTATG-1,11500,3761,0.043478260869565216,12,5,Ductal basal
2872,8W_R1,8W,CTCAGAAAGTCTCTGA-1,8172,3480,0.012236906510034264,24,3,Ductal suprabasal
2881,8W_R1,8W,CTCAGGGAGGACGCTA-1,4310,2372,0.02320185614849188,22,8,Acinar basal
2882,8W_R1,8W,CTCAGGGCATGATAGA-1,1708,1053,0.4098360655737705,23,1,Ductular
2884,8W_R1,8W,CTCAGGGGTCGTATGT-1,1644,1100,0.12165450121654502,9,1,Ductular
2906,8W_R1,8W,CTCATTAAGCTGAAAT-1,3919,2196,0.5358509823934677,12,1,Ductular
2910,8W_R1,8W,CTCATTAGTAGTACGG-1,3045,1662,0.6896551724137931,35,7,Differentiating meibocyte
2912,8W_R1,8W,CTCATTATCATTCATC-1,6675,2876,0.0299625468164794,10,6,Ductal basal
2916,8W_R1,8W,CTCCAACGTAGATTGA-1,5121,2708,0.23432923257176333,22,8,Acinar basal
2922,8W_R1,8W,CTCCACAGTGTCCCTT-1,10909,3944,0.027500229168576404,10,6,Ductal basal
2925,8W_R1,8W,CTCCATGAGCAAGTGC-1,3435,1958,0.20378457059679767,10,0,Ductal basal
2928,8W_R1,8W,CTCCATGGTTCGTAAC-1,7516,3227,0.03991484832357637,24,3,Ductal suprabasal
2929,8W_R1,8W,CTCCATGTCAGATTGC-1,4465,2350,0.044792833146696534,10,6,Ductal basal
2934,8W_R1,8W,CTCCCAAGTACGTGTT-1,3582,1739,0.02791736460078169,10,6,Ductal basal
2939,8W_R1,8W,CTCCCTCCATGGCTAT-1,6429,2867,0.07777259293824856,10,0,Ductal basal
2940,8W_R1,8W,CTCCCTCGTACTGACT-1,10608,3766,0.037707390648567124,9,1,Ductular
2942,8W_R1,8W,CTCCCTCGTTGACTAC-1,11777,4077,0.06792901418018171,10,6,Ductal basal
2946,8W_R1,8W,CTCCGATAGACTACGG-1,2996,1733,0.03337783711615487,10,0,Ductal basal
2950,8W_R1,8W,CTCCTCCGTATCGCAT-1,12308,3977,0.04874878128046799,22,8,Acinar basal
2955,8W_R1,8W,CTCCTTTGTTATTCTC-1,13602,4256,0.007351860020585208,25,9,Ductal basal
2969,8W_R1,8W,CTCTCGAAGTCCCGAC-1,14195,4240,0.056357872490313494,10,6,Ductal basal
2972,8W_R1,8W,CTCTCGACACTTCATT-1,22881,4242,0.01748175341986801,16,4,Orifice
2977,8W_R1,8W,CTCTGGTGTCTTGCTC-1,4086,2116,0.07342143906020558,23,1,Ductular
2981,8W_R1,8W,CTGAATGAGGTGCAGT-1,2538,1523,0.1182033096926714,10,6,Ductal basal
2986,8W_R1,8W,CTGAGCGGTATACCCA-1,2261,1430,0.22114108801415305,10,6,Ductal basal
2991,8W_R1,8W,CTGAGCGTCTTTGCAT-1,2624,1624,0.26676829268292684,16,4,Orifice
2995,8W_R1,8W,CTGAGGCCACATAGCT-1,6754,3268,0.059224163458691144,10,6,Ductal basal
3006,8W_R1,8W,CTGCAGGCAGAGGACT-1,10962,4172,0.06385696040868455,20,3,Ductal suprabasal
3008,8W_R1,8W,CTGCAGGGTCGCGTCA-1,5315,2556,0.15051740357478832,12,2,Ductal basal
3010,8W_R1,8W,CTGCAGGTCAGGAAGC-1,11744,4167,0.05960490463215259,10,6,Ductal basal
3017,8W_R1,8W,CTGCATCGTGACTCTA-1,5220,2766,0.09578544061302681,22,8,Acinar basal
3019,8W_R1,8W,CTGCCATAGAGTTCGG-1,3946,2217,0.025342118601115054,10,6,Ductal basal
3020,8W_R1,8W,CTGCCATAGATTACCC-1,8831,2714,0.0905899671611369,10,6,Ductal basal
3021,8W_R1,8W,CTGCCATAGGCCATAG-1,7970,3414,0.13801756587202008,29,7,Differentiating meibocyte
3025,8W_R1,8W,CTGCCATGTCCAAGAG-1,2409,1378,0.12453300124533001,23,1,Ductular
3027,8W_R1,8W,CTGCCATTCGACACTA-1,6294,2718,0.1271051795360661,10,6,Ductal basal
3030,8W_R1,8W,CTGCCTAAGGAAGTCC-1,4060,1886,0.1477832512315271,7,6,Ductal basal
3034,8W_R1,8W,CTGCCTATCGTCGCTT-1,6367,2139,0.0785299198994817,7,6,Ductal basal
3037,8W_R1,8W,CTGCGAGAGAGTTGAT-1,6498,3081,0.07694675284702986,10,6,Ductal basal
3038,8W_R1,8W,CTGCGAGAGCATAGGC-1,4717,2401,0.2967988128047488,24,3,Ductal suprabasal
3040,8W_R1,8W,CTGCGAGAGTATAGGT-1,2961,1767,0.10131712259371835,10,6,Ductal basal
3043,8W_R1,8W,CTGCGAGTCATCCTAT-1,10292,3981,0.10687912942090945,10,6,Ductal basal
3044,8W_R1,8W,CTGCGAGTCTGAGGTT-1,4156,2242,0.0962463907603465,24,3,Ductal suprabasal
3045,8W_R1,8W,CTGCTCAAGAGTGTTA-1,1826,1115,0.21905805038335158,23,1,Ductular
3053,8W_R1,8W,CTGCTCAGTTCTTAGG-1,5843,2530,0.03422899195618689,24,3,Ductal suprabasal
3062,8W_R1,8W,CTGGACGTCACCGCTT-1,5910,2504,0.18612521150592215,10,6,Ductal basal
3067,8W_R1,8W,CTGGTCTCAGCGAGTA-1,6271,2686,0.09567852017222134,10,6,Ductal basal
3068,8W_R1,8W,CTGGTCTCAGTGAGCA-1,7868,3253,1.1438739196746313,23,1,Ductular
3070,8W_R1,8W,CTGGTCTGTCATCACA-1,9248,3672,0.10813148788927336,22,8,Acinar basal
3072,8W_R1,8W,CTGGTCTTCGTGACTA-1,9624,3684,0.0831255195344971,22,8,Acinar basal
3077,8W_R1,8W,CTGTACCGTCTAGGCC-1,7487,3352,0.3071991451849873,12,5,Ductal basal
3079,8W_R1,8W,CTGTAGAAGTTCCGTA-1,3131,1761,0.06387735547748323,10,6,Ductal basal
3082,8W_R1,8W,CTGTAGAGTCGAGATG-1,11933,4324,0.04190061174893153,10,6,Ductal basal
3097,8W_R1,8W,CTGTCGTGTTCTCGTC-1,3305,1699,0.1210287443267776,10,6,Ductal basal
3109,8W_R1,8W,CTGTGAACAATTGTGC-1,8384,3183,0.023854961832061067,10,6,Ductal basal
3115,8W_R1,8W,CTGTGAATCGGCTATA-1,5889,2765,0.05094243504839531,9,1,Ductular
3118,8W_R1,8W,CTGTGGGCAATTGAAG-1,4569,2251,0.02188662727073758,29,7,Differentiating meibocyte
3124,8W_R1,8W,CTTACCGTCTCATGCC-1,6406,2697,0.06244146113019045,29,7,Differentiating meibocyte
3128,8W_R1,8W,CTTAGGAAGCCTGGAA-1,2895,1677,0.0690846286701209,10,6,Ductal basal
3134,8W_R1,8W,CTTAGGACAGGTGGAT-1,4323,2189,0.023132084200786492,10,6,Ductal basal
3136,8W_R1,8W,CTTAGGAGTAGTCGGA-1,10655,4294,0.009385265133740028,10,6,Ductal basal
3142,8W_R1,8W,CTTCAATAGTTTGTCG-1,7923,3387,0.02524296352391771,24,3,Ductal suprabasal
3149,8W_R1,8W,CTTCCGAAGCCAAGCA-1,3920,2144,0.025510204081632654,20,3,Ductal suprabasal
3150,8W_R1,8W,CTTCCGAAGCCGATCC-1,3569,1877,0.11207621182404036,10,0,Ductal basal
3152,8W_R1,8W,CTTCCGACATCCGAGC-1,4520,2134,0.022123893805309734,24,3,Ductal suprabasal
3153,8W_R1,8W,CTTCCGAGTTGGGAAC-1,4797,2429,0.06253908692933083,10,6,Ductal basal
3169,8W_R1,8W,CTTCTAAGTTGCTCAA-1,5570,2720,0.08976660682226212,10,6,Ductal basal
3174,8W_R1,8W,CTTCTCTGTGGGAGAG-1,3490,1946,0.1146131805157593,20,3,Ductal suprabasal
3175,8W_R1,8W,CTTCTCTTCATGTCTT-1,7584,3130,0.09229957805907173,24,3,Ductal suprabasal
3176,8W_R1,8W,CTTCTCTTCCTGGTCT-1,21603,4330,0.032402907003656896,29,7,Differentiating meibocyte
3183,8W_R1,8W,CTTGAGAGTCGGCACT-1,3808,2010,0.1838235294117647,10,6,Ductal basal
3184,8W_R1,8W,CTTGAGAGTCGGTACC-1,2309,1467,0.08661758336942399,10,0,Ductal basal
3188,8W_R1,8W,CTTGAGATCTCATTAC-1,7050,2809,0.05673758865248227,20,3,Ductal suprabasal
3189,8W_R1,8W,CTTGATTGTCCCTGAG-1,2591,1547,0.1543805480509456,10,6,Ductal basal
3191,8W_R1,8W,CTTGATTTCCTCATAT-1,11669,3508,0.042848573142514355,10,6,Ductal basal
3194,8W_R1,8W,CTTTCAACATCCAACA-1,7837,3151,0.03827995406405512,10,6,Ductal basal
3195,8W_R1,8W,CTTTCAAGTACAAAGT-1,3024,1639,0.03306878306878307,23,1,Ductular
3201,8W_R1,8W,CTTTCAATCGTAGAGG-1,3891,2225,0.10280133641737343,10,6,Ductal basal
3207,8W_R1,8W,GAAACCTAGAATCGAT-1,4690,2232,0.06396588486140725,10,6,Ductal basal
3210,8W_R1,8W,GAAACCTCACATGACT-1,3119,1633,0.0,10,6,Ductal basal
3213,8W_R1,8W,GAAACCTGTCCAAGAG-1,7138,3032,0.05603810591202018,12,5,Ductal basal
3215,8W_R1,8W,GAAACCTGTGTTTACG-1,3671,1978,0.299645873059112,20,3,Ductal suprabasal
3218,8W_R1,8W,GAAACCTTCTCAACGA-1,5366,2405,0.03727171077152441,24,3,Ductal suprabasal
3222,8W_R1,8W,GAAATGAGTACAAGCG-1,6916,2543,0.014459224985540774,24,3,Ductal suprabasal
3225,8W_R1,8W,GAAATGATCCTAGCTC-1,9157,3990,0.03276182155727859,20,6,Ductal basal
3240,8W_R1,8W,GAACGTTAGCAATTCC-1,6205,2213,0.06446414182111201,7,6,Ductal basal
3242,8W_R1,8W,GAACGTTCACGCGCTA-1,2220,1136,1.6216216216216217,35,10,Differentiated meibocyte
3244,8W_R1,8W,GAACGTTGTAGAGGAA-1,3464,1810,0.37528868360277134,35,7,Differentiating meibocyte
3246,8W_R1,8W,GAACTGTCAACCGGAA-1,2456,1232,0.04071661237785017,23,3,Ductal suprabasal
3248,8W_R1,8W,GAACTGTTCGGCATCG-1,11573,4235,0.22466084852674328,20,3,Ductal suprabasal
3250,8W_R1,8W,GAAGAATAGCCTTTCC-1,4831,2092,0.062098944317946596,10,6,Ductal basal
3259,8W_R1,8W,GAAGAATGTACATTGC-1,11571,3935,0.051853772361939325,10,6,Ductal basal
3261,8W_R1,8W,GAAGAATTCATGAAAG-1,8655,3683,0.18486424032351242,20,6,Ductal basal
3264,8W_R1,8W,GAAGCCCCAGAAATCA-1,7717,2946,0.03887521057405728,16,4,Orifice
3269,8W_R1,8W,GAAGCCCTCAACCGAT-1,7589,3223,0.05270786664909738,10,6,Ductal basal
3273,8W_R1,8W,GAAGCGAAGCCACAAG-1,5896,2859,0.0,24,3,Ductal suprabasal
3275,8W_R1,8W,GAAGCGACACAGTACT-1,4943,2529,0.04046125834513453,10,6,Ductal basal
3278,8W_R1,8W,GAAGGACAGAGTCGAC-1,5288,2536,0.037821482602118005,24,3,Ductal suprabasal
3280,8W_R1,8W,GAAGGACCAGGCGATA-1,2096,1320,0.1431297709923664,9,1,Ductular
3281,8W_R1,8W,GAAGGACCATAGGAGC-1,6355,2804,0.06294256490952006,10,6,Ductal basal
3283,8W_R1,8W,GAAGGACGTCGTGATT-1,4827,2337,0.1243008079552517,10,6,Ductal basal
3284,8W_R1,8W,GAAGGACGTCTCTCAC-1,5279,2586,0.11365788975184693,10,6,Ductal basal
3285,8W_R1,8W,GAAGGACGTGTAACGG-1,2951,1641,0.10166045408336156,10,6,Ductal basal
3289,8W_R1,8W,GAAGGACTCGTGGCGT-1,6507,2807,0.01536806516059628,10,6,Ductal basal
3290,8W_R1,8W,GAAGGACTCTAAGGAA-1,5078,2454,0.17723513194170934,10,6,Ductal basal
3300,8W_R1,8W,GAAGTAACAACCGCTG-1,11163,3777,0.08062348830959419,20,3,Ductal suprabasal
3314,8W_R1,8W,GAATCACCAGTTCCAA-1,14352,4279,0.04180602006688963,24,3,Ductal suprabasal
3315,8W_R1,8W,GAATCACGTAACCAGG-1,5028,2232,0.03977724741447892,10,6,Ductal basal
3321,8W_R1,8W,GAATCACTCACCCATC-1,5742,2477,0.06966213862765587,10,6,Ductal basal
3328,8W_R1,8W,GAATCGTTCTGGTCAA-1,6312,3020,0.06337135614702154,25,9,Ductal basal
3335,8W_R1,8W,GACACGCGTCCAGCGT-1,2608,1476,0.7668711656441718,35,7,Differentiating meibocyte
3336,8W_R1,8W,GACACGCTCCTTCTGG-1,1568,1062,0.12755102040816327,20,3,Ductal suprabasal
3339,8W_R1,8W,GACAGCCAGAGGTGCT-1,3805,2021,0.026281208935611037,10,6,Ductal basal
3341,8W_R1,8W,GACAGCCCATGGCTGC-1,6056,2820,0.09907529722589167,10,6,Ductal basal
3342,8W_R1,8W,GACAGCCCATTACGGT-1,5549,2658,0.1261488556496666,16,4,Orifice
3343,8W_R1,8W,GACAGCCGTCCAACGC-1,4052,1915,0.04935834155972359,10,6,Ductal basal
3347,8W_R1,8W,GACATCACAGTAACAA-1,2494,1567,1.2429831595829992,20,3,Ductal suprabasal
3353,8W_R1,8W,GACCAATGTCGTATTG-1,6518,2958,0.13807916538815587,22,8,Acinar basal
3355,8W_R1,8W,GACCAATTCGCTAGCG-1,5924,2666,0.05064145847400405,10,6,Ductal basal
3373,8W_R1,8W,GACCGTGAGTTTGTCG-1,9427,3664,0.0848626286199215,24,0,Ductal basal
3374,8W_R1,8W,GACCGTGCATCTTAGG-1,10468,3443,0.028658769583492547,25,1,Ductular
3377,8W_R1,8W,GACCGTGGTATGGGAC-1,3281,1868,0.06095702529716549,12,5,Ductal basal
3378,8W_R1,8W,GACCGTGGTCTACGTA-1,5688,2638,0.07032348804500703,10,6,Ductal basal
3379,8W_R1,8W,GACCGTGGTGGAAGTC-1,11849,4395,0.025318592286268884,10,6,Ductal basal
3380,8W_R1,8W,GACCGTGTCATAGCAC-1,9683,3633,0.041309511515026334,22,8,Acinar basal
3383,8W_R1,8W,GACCTTCCATTGTACG-1,9755,3554,0.04100461301896464,25,9,Ductal basal
3387,8W_R1,8W,GACCTTCGTGAGGATC-1,5291,2541,0.0756000756000756,20,2,Ductal basal
3389,8W_R1,8W,GACCTTCTCAATCGGT-1,4002,2039,0.22488755622188905,25,3,Ductal suprabasal
3397,8W_R1,8W,GACGCTGTCCCAACTC-1,7756,2832,0.0515729757607014,10,6,Ductal basal
3399,8W_R1,8W,GACGTTAAGCTAGATA-1,9156,3564,0.043687199650502405,22,8,Acinar basal
3400,8W_R1,8W,GACGTTATCAAAGCCT-1,5763,2373,0.10411244143675169,23,1,Ductular
3409,8W_R1,8W,GACTATGGTTTACTTC-1,9892,3756,0.0303275374039628,9,1,Ductular
3410,8W_R1,8W,GACTATGTCACTTATC-1,9084,3067,0.011008366358432409,16,4,Orifice
3411,8W_R1,8W,GACTATGTCTTGGCTC-1,6449,3017,0.031012560086835166,12,5,Ductal basal
3414,8W_R1,8W,GACTCAAAGATTGGGC-1,4921,2372,0.0203210729526519,10,6,Ductal basal
3416,8W_R1,8W,GACTCAAGTTCAGCGC-1,3716,1704,0.05382131324004305,7,6,Ductal basal
3420,8W_R1,8W,GACTCTCCAACACAGG-1,9958,3500,0.09037959429604338,10,6,Ductal basal
3421,8W_R1,8W,GACTCTCCAGAAACCG-1,10644,3783,0.06576475009394964,10,6,Ductal basal
3423,8W_R1,8W,GACTCTCGTGACGTCC-1,3695,1890,0.08119079837618402,16,4,Orifice
3425,8W_R1,8W,GACTGATAGTTGGAAT-1,8397,3416,0.07145409074669525,25,9,Ductal basal
3429,8W_R1,8W,GACTGATTCGACGAGA-1,4571,2256,0.06563115292058631,29,7,Differentiating meibocyte
3430,8W_R1,8W,GACTGATTCGATACTG-1,1474,866,2.03527815468114,35,10,Differentiated meibocyte
3431,8W_R1,8W,GACTTCCCACAGTACT-1,9361,3612,0.09614357440444397,24,3,Ductal suprabasal
3435,8W_R1,8W,GACTTCCTCCATGATG-1,3698,2019,0.05408328826392645,10,6,Ductal basal
3436,8W_R1,8W,GAGAAATCACCAAAGG-1,10004,4151,0.0899640143942423,22,8,Acinar basal
3437,8W_R1,8W,GAGAAATGTAGCTTTG-1,4028,2129,0.6206554121151936,35,7,Differentiating meibocyte
3439,8W_R1,8W,GAGAAATTCAATCGGT-1,1377,854,0.8714596949891068,35,10,Differentiated meibocyte
3441,8W_R1,8W,GAGAAATTCCGGCAGT-1,6395,3149,0.09382329945269742,25,8,Acinar basal
3443,8W_R1,8W,GAGAAATTCGGACGTC-1,7813,3356,0.06399590426212723,24,3,Ductal suprabasal
3445,8W_R1,8W,GAGACCCAGTCACGAG-1,4967,2373,0.14093013891685122,9,4,Orifice
3452,8W_R1,8W,GAGACCCGTTGGGACA-1,4845,2516,0.02063983488132095,9,1,Ductular
3454,8W_R1,8W,GAGACTTTCCCGAGAC-1,8026,3225,0.074757039621231,20,3,Ductal suprabasal
3467,8W_R1,8W,GAGCCTGCATATCTCT-1,14269,4335,0.06307379634171982,10,6,Ductal basal
3489,8W_R1,8W,GAGGCCTAGAGTGTTA-1,12702,4420,0.07872775940796725,10,6,Ductal basal
3495,8W_R1,8W,GAGGGATCAGAGGTAC-1,4926,2396,0.0,20,3,Ductal suprabasal
3497,8W_R1,8W,GAGGGATTCAGTAGGG-1,3990,1810,0.10025062656641603,10,6,Ductal basal
3499,8W_R1,8W,GAGGGATTCCTGGTCT-1,14546,4360,0.03437371098583803,10,6,Ductal basal
3502,8W_R1,8W,GAGGGTACATTCTCTA-1,5578,2510,0.07171029042667623,10,6,Ductal basal
3507,8W_R1,8W,GAGGGTATCCTTATAC-1,7446,3264,0.013430029546065002,25,9,Ductal basal
3508,8W_R1,8W,GAGGGTATCGCATTAG-1,2379,1441,0.08406893652795291,10,6,Ductal basal
3512,8W_R1,8W,GAGTCATCATCAGTGT-1,4731,2367,0.08454872120059184,10,6,Ductal basal
3519,8W_R1,8W,GAGTCTAGTACGTAGG-1,7287,3380,0.02744613695622341,23,1,Ductular
3520,8W_R1,8W,GAGTCTAGTCTGTGAT-1,4076,2277,0.14720314033366044,9,1,Ductular
3530,8W_R1,8W,GAGTGAGGTGTCCACG-1,3664,1910,0.08187772925764192,10,6,Ductal basal
3531,8W_R1,8W,GAGTGAGTCAGACCCG-1,4057,2087,0.024648755237860486,10,6,Ductal basal
3542,8W_R1,8W,GAGTGTTGTTTAGAGA-1,4379,1967,0.22836263987211694,10,6,Ductal basal
3543,8W_R1,8W,GAGTTACAGAGGGTGG-1,14734,4325,0.0407221392697163,10,6,Ductal basal
3546,8W_R1,8W,GAGTTACTCTCGTCAC-1,9613,2779,0.052012899199001345,7,6,Ductal basal
3547,8W_R1,8W,GAGTTGTAGCCACAAG-1,8767,3777,0.045625641610585146,20,3,Ductal suprabasal
3553,8W_R1,8W,GAGTTGTCAGGATCTT-1,5905,2695,0.05080440304826418,22,8,Acinar basal
3558,8W_R1,8W,GAGTTTGCACAGTGAG-1,5002,2355,0.03998400639744103,12,5,Ductal basal
3563,8W_R1,8W,GAGTTTGGTTGGCCTG-1,8815,3103,0.03403289846851957,23,1,Ductular
3564,8W_R1,8W,GAGTTTGGTTTCACTT-1,8495,3237,0.047086521483225424,10,6,Ductal basal
3566,8W_R1,8W,GATAGAAAGACTTCCA-1,10217,4209,0.01957521777429774,25,9,Ductal basal
3573,8W_R1,8W,GATAGAATCCTCGCAT-1,2794,1560,0.03579098067287043,10,6,Ductal basal
3580,8W_R1,8W,GATAGCTGTTGAGAGC-1,4458,2349,0.13458950201884254,22,8,Acinar basal
3581,8W_R1,8W,GATAGCTTCCATCACC-1,7096,2779,0.07046223224351747,22,8,Acinar basal
3590,8W_R1,8W,GATCAGTCAAAGACGC-1,5942,2841,0.03365870077415012,10,6,Ductal basal
3596,8W_R1,8W,GATCATGGTAACTAAG-1,7704,3113,0.02596053997923157,7,6,Ductal basal
3597,8W_R1,8W,GATCATGGTACAGAGC-1,10321,4163,0.05813390175370604,16,4,Orifice
3598,8W_R1,8W,GATCATGGTACGCTAT-1,5234,2543,0.03821169277799007,20,3,Ductal suprabasal
3608,8W_R1,8W,GATCCCTCATCGCTAA-1,10300,3659,0.08737864077669903,20,3,Ductal suprabasal
3609,8W_R1,8W,GATCCCTTCCACATAG-1,4364,2324,0.13748854262144822,22,8,Acinar basal
3610,8W_R1,8W,GATCCCTTCCCAGGCA-1,7263,3235,0.0688420762770205,20,3,Ductal suprabasal
3612,8W_R1,8W,GATCGTAGTTCCGTTC-1,10004,3930,0.1799280287884846,24,6,Ductal basal
3620,8W_R1,8W,GATGAGGAGATTGGGC-1,6479,3175,0.03086896125945362,29,7,Differentiating meibocyte
3627,8W_R1,8W,GATGATCGTCGTTGCG-1,3104,1769,0.09664948453608248,16,4,Orifice
3632,8W_R1,8W,GATGATCTCGAACGCC-1,5265,2694,0.01899335232668566,22,8,Acinar basal
3639,8W_R1,8W,GATGCTATCTATACTC-1,3672,1921,0.054466230936819175,24,3,Ductal suprabasal
3640,8W_R1,8W,GATGGAGAGTTTCGGT-1,7954,3218,0.15086748805632386,9,1,Ductular
3643,8W_R1,8W,GATGGAGTCCTTATGT-1,7403,2991,0.040524111846548694,10,6,Ductal basal
3644,8W_R1,8W,GATGGAGTCGAGATGG-1,5497,2503,0.07276696379843552,10,6,Ductal basal
3647,8W_R1,8W,GATGTTGAGACCACGA-1,4989,2576,0.020044097013429546,20,3,Ductal suprabasal
3648,8W_R1,8W,GATGTTGAGGAATTAC-1,4818,2460,0.08302200083022,22,8,Acinar basal
3650,8W_R1,8W,GATGTTGCAGAGCCCT-1,5854,2842,0.01708233686368295,24,3,Ductal suprabasal
3658,8W_R1,8W,GATGTTGTCTGCGTCT-1,5950,3009,0.05042016806722689,10,0,Ductal basal
3665,8W_R1,8W,GATTCGAGTCTGCATA-1,13927,4118,0.028721189057226967,10,6,Ductal basal
3671,8W_R1,8W,GATTCTTCATGCCGCA-1,3588,1759,0.055741360089186176,12,5,Ductal basal
3674,8W_R1,8W,GATTCTTTCTGCTTAT-1,7597,3130,0.05265236277477951,24,3,Ductal suprabasal
3675,8W_R1,8W,GATTGGTAGGTGGCTA-1,6078,2867,0.016452780519907863,20,3,Ductal suprabasal
3681,8W_R1,8W,GATTTCTGTTCAAACC-1,9535,3405,0.04195070791819612,9,1,Ductular
3689,8W_R1,8W,GCAACATTCCGATGCG-1,9945,3847,0.030165912518853696,25,9,Ductal basal
3691,8W_R1,8W,GCAACCGAGAGGGTGG-1,6081,2817,0.09866798223976321,9,1,Ductular
3692,8W_R1,8W,GCAACCGAGTGTCATC-1,6552,3290,0.15262515262515264,10,0,Ductal basal
3694,8W_R1,8W,GCAACCGCACGCGCTA-1,12641,4247,0.023732299659837038,10,6,Ductal basal
3701,8W_R1,8W,GCAACCGGTCATGGCC-1,2433,1265,1.0275380189066996,35,7,Differentiating meibocyte
3704,8W_R1,8W,GCACATACAACCGGAA-1,1807,1187,0.11068068622025456,10,6,Ductal basal
3706,8W_R1,8W,GCACATACAAGCGAAC-1,6291,2655,0.07947862025115243,24,3,Ductal suprabasal
3708,8W_R1,8W,GCACATAGTCCCGCAA-1,4437,2242,0.0676132521974307,20,1,Ductular
3712,8W_R1,8W,GCACGGTTCTACGGGC-1,4851,2463,0.04122861265718408,24,3,Ductal suprabasal
3718,8W_R1,8W,GCACGTGGTCATGGCC-1,3527,1752,0.08505812305075135,10,6,Ductal basal
3723,8W_R1,8W,GCACGTGTCTCGTCGT-1,5713,2882,0.05251181515841065,20,3,Ductal suprabasal
3724,8W_R1,8W,GCACTAAAGAGGTTAT-1,9047,3523,0.06632032718028076,20,3,Ductal suprabasal
3734,8W_R1,8W,GCACTAATCTAGTACG-1,7361,2925,0.08151066431191414,10,0,Ductal basal
3738,8W_R1,8W,GCAGCCACACCCTTAC-1,6508,2778,0.06146281499692685,22,7,Differentiating meibocyte
3740,8W_R1,8W,GCAGCCAGTATAGGAT-1,6863,3017,0.10199621156928457,20,3,Ductal suprabasal
3747,8W_R1,8W,GCAGCTGCAGCCGTCA-1,9558,3609,0.31387319522912743,22,6,Ductal basal
3749,8W_R1,8W,GCAGCTGGTGACCGTC-1,3783,1944,0.07930214115781126,24,3,Ductal suprabasal
3751,8W_R1,8W,GCAGGCTGTGCGTTTA-1,4964,2398,0.06043513295729251,29,7,Differentiating meibocyte
3758,8W_R1,8W,GCAGTTACAATTGAAG-1,6335,2937,0.0473559589581689,10,6,Ductal basal
3759,8W_R1,8W,GCAGTTACAGCATTGT-1,5365,2445,0.11183597390493942,9,1,Ductular
3765,8W_R1,8W,GCATCGGAGAGTGGCT-1,3335,1657,0.11994002998500748,35,7,Differentiating meibocyte
3769,8W_R1,8W,GCATCGGCACCTCTGT-1,2737,1475,0.21921812203142127,9,1,Ductular
3772,8W_R1,8W,GCATCTCAGCCGATAG-1,3928,2064,0.07637474541751527,22,8,Acinar basal
3775,8W_R1,8W,GCATCTCCATTGGCAT-1,5478,2803,0.07301935012778386,10,0,Ductal basal
3776,8W_R1,8W,GCATCTCGTACGTGTT-1,7631,2959,0.19656663608963437,16,4,Orifice
3778,8W_R1,8W,GCATGATAGCTACGTT-1,3766,2097,0.05310674455655868,12,5,Ductal basal
3780,8W_R1,8W,GCATGATCATGAGGGT-1,5836,2721,0.034270047978067174,25,9,Ductal basal
3783,8W_R1,8W,GCATTAGCACTCGATA-1,6758,3010,0.10358094110683633,20,3,Ductal suprabasal
3784,8W_R1,8W,GCATTAGCATGCCATA-1,12760,3810,0.047021943573667714,10,6,Ductal basal
3789,8W_R1,8W,GCCAACGAGATGGTCG-1,3106,1598,0.03219575016097875,7,6,Ductal basal
3791,8W_R1,8W,GCCAACGCATCATTTC-1,6464,2800,0.01547029702970297,12,1,Ductular
3793,8W_R1,8W,GCCAACGTCGACATTG-1,10273,2858,0.04867127421395892,7,6,Ductal basal
3800,8W_R1,8W,GCCAGCATCGACGCGT-1,9541,4126,0.031443244942878104,25,9,Ductal basal
3802,8W_R1,8W,GCCAGCATCTAGTTCT-1,4770,2003,0.06289308176100629,10,6,Ductal basal
3803,8W_R1,8W,GCCAGCATCTTTCCAA-1,7321,2892,0.027318672312525608,10,6,Ductal basal
3804,8W_R1,8W,GCCAGGTAGTGATTCC-1,2941,1799,0.034002040122407345,10,0,Ductal basal
3817,8W_R1,8W,GCCATGGAGTGAATAC-1,4727,2519,0.10577533319229956,10,6,Ductal basal
3821,8W_R1,8W,GCCATTCGTGTGCTTA-1,2053,1235,0.2922552362396493,10,6,Ductal basal
3823,8W_R1,8W,GCCATTCTCGTAACTG-1,9614,2806,0.10401497815685459,7,2,Ductal basal
3831,8W_R1,8W,GCCCAGACACATATGC-1,6248,2824,0.016005121638924456,10,0,Ductal basal
3833,8W_R1,8W,GCCCGAAAGACAACAT-1,5255,2334,0.07611798287345385,10,6,Ductal basal
3836,8W_R1,8W,GCCCGAAAGGAAGAAC-1,3875,2037,0.12903225806451613,10,6,Ductal basal
3837,8W_R1,8W,GCCCGAACATTCGATG-1,5504,2430,0.036337209302325583,9,1,Ductular
3839,8W_R1,8W,GCCCGAATCAAATAGG-1,2864,1735,0.0,9,1,Ductular
3853,8W_R1,8W,GCCGTGAAGTAGAATC-1,5531,2676,0.10847947929849937,25,9,Ductal basal
3859,8W_R1,8W,GCCTGTTAGAAGTATC-1,7231,2837,0.11063476697552206,9,1,Ductular
3860,8W_R1,8W,GCCTGTTAGCGTCAGA-1,6308,3165,0.07926442612555486,20,3,Ductal suprabasal
3867,8W_R1,8W,GCGAGAAGTCGAACGA-1,4159,2270,0.0721327242125511,10,6,Ductal basal
3875,8W_R1,8W,GCGATCGGTAGTGTGG-1,9587,3643,0.01043079169708981,12,6,Ductal basal
3878,8W_R1,8W,GCGATCGTCCCTTCCC-1,6103,2892,0.08192692118630182,10,6,Ductal basal
3885,8W_R1,8W,GCGGAAAGTTTGCCGG-1,3743,2198,0.05343307507347048,20,3,Ductal suprabasal
3887,8W_R1,8W,GCGGATCCAAGTATAG-1,8526,3114,0.02345765892563922,16,4,Orifice
3889,8W_R1,8W,GCGGATCGTCCTCAGG-1,5904,2582,0.11856368563685636,12,5,Ductal basal
3891,8W_R1,8W,GCGGATCGTGGCATCC-1,4103,2212,0.04874482086278333,25,9,Ductal basal
3899,8W_R1,8W,GCGTGCATCTCTTAAC-1,2767,1579,0.21684134441633537,10,0,Ductal basal
3901,8W_R1,8W,GCGTTTCGTCAACATC-1,9998,3944,0.020004000800160033,10,6,Ductal basal
3902,8W_R1,8W,GCGTTTCTCAAACTGC-1,2838,1597,0.07047216349541931,22,8,Acinar basal
3903,8W_R1,8W,GCGTTTCTCAGAACCT-1,4343,2390,0.023025558369790467,25,8,Acinar basal
3905,8W_R1,8W,GCTACAAGTAATGTGA-1,5698,2516,0.05265005265005265,24,3,Ductal suprabasal
3909,8W_R1,8W,GCTACAATCCTCTGCA-1,3005,1690,0.06655574043261231,10,6,Ductal basal
3910,8W_R1,8W,GCTACAATCTATACGG-1,4631,2232,0.1295616497516735,29,7,Differentiating meibocyte
3913,8W_R1,8W,GCTACCTAGGATGGCT-1,5196,2514,0.0962278675904542,20,3,Ductal suprabasal
3914,8W_R1,8W,GCTACCTCATGACTAC-1,8187,2851,0.02442897276169537,23,1,Ductular
3916,8W_R1,8W,GCTCAAAAGGTTCTTG-1,13621,4239,0.3817634534909331,16,2,Ductal basal
3922,8W_R1,8W,GCTGAATGTAGGTAGC-1,10708,3936,0.018677624206200973,10,6,Ductal basal
3923,8W_R1,8W,GCTGAATGTCTGCGCA-1,11283,4388,0.017725782150137374,25,9,Ductal basal
3924,8W_R1,8W,GCTGAATTCTGCTCTG-1,6784,3111,0.0,16,4,Orifice
3925,8W_R1,8W,GCTGCAGAGCACCGTC-1,9168,3646,0.06544502617801047,10,6,Ductal basal
3926,8W_R1,8W,GCTGCAGCAAACCGGA-1,4382,2162,0.09128251939753537,16,4,Orifice
3930,8W_R1,8W,GCTGGGTAGTTGAATG-1,5968,2767,0.3853887399463807,24,3,Ductal suprabasal
3934,8W_R1,8W,GCTGGGTCATAGAAAC-1,6748,2879,0.014819205690574985,9,1,Ductular
3947,8W_R1,8W,GCTTTCGAGATGGCAC-1,6958,3151,0.2012072434607646,25,9,Ductal basal
3958,8W_R1,8W,GGAACCCGTGTGTACT-1,6453,3074,0.09298000929800093,25,6,Ductal basal
3966,8W_R1,8W,GGAATCTAGAGGGCGA-1,2787,1453,0.07176175098672408,7,2,Ductal basal
3967,8W_R1,8W,GGAATCTAGGTGATCG-1,4537,2355,0.13224597751818382,24,3,Ductal suprabasal
3970,8W_R1,8W,GGAATCTTCGGTCACG-1,9916,3621,0.19160951996772893,24,3,Ductal suprabasal
3972,8W_R1,8W,GGAATGGAGTGGCGAT-1,7314,3280,0.0957068635493574,22,8,Acinar basal
3977,8W_R1,8W,GGACGTCAGTGTTGAA-1,9666,3297,0.04138216428719222,16,4,Orifice
3979,8W_R1,8W,GGACGTCGTCGGTGTC-1,4459,2241,0.06727965911639382,9,1,Ductular
3985,8W_R1,8W,GGAGAACCAGCTAACT-1,6073,2910,0.09879795817553103,25,9,Ductal basal
3990,8W_R1,8W,GGAGAACTCCTATGGA-1,6482,2965,0.061709348966368406,10,6,Ductal basal
3992,8W_R1,8W,GGAGATGAGACGATAT-1,3558,1989,0.056211354693648116,10,6,Ductal basal
3993,8W_R1,8W,GGAGATGAGCCAAGTG-1,3535,1818,0.4243281471004243,35,10,Differentiated meibocyte
4009,8W_R1,8W,GGAGGATAGGATTTGA-1,5043,2512,0.1189767995240928,10,6,Ductal basal
4011,8W_R1,8W,GGAGGATTCGTGAGAG-1,4323,2354,0.18505667360629194,20,3,Ductal suprabasal
4018,8W_R1,8W,GGAGGTAGTACCCGCA-1,2378,1431,0.0,10,6,Ductal basal
4024,8W_R1,8W,GGAGGTATCGTGGCGT-1,4311,2334,0.16237531895151935,29,7,Differentiating meibocyte
4028,8W_R1,8W,GGATCTACAACGACTT-1,4593,2296,0.06531678641410843,20,3,Ductal suprabasal
4030,8W_R1,8W,GGATCTACAAGTATAG-1,3508,1867,0.05701254275940707,16,4,Orifice
4031,8W_R1,8W,GGATCTACACAGTCGC-1,3556,1902,0.05624296962879641,16,4,Orifice
4034,8W_R1,8W,GGATCTATCAGACCTA-1,7679,3378,0.052090115900507876,10,6,Ductal basal
4040,8W_R1,8W,GGATGTTTCTGGGATT-1,5633,2679,0.05325758920646192,24,3,Ductal suprabasal
4044,8W_R1,8W,GGCACGTGTGTGGACA-1,14422,4146,0.006933851060879213,10,6,Ductal basal
4047,8W_R1,8W,GGCAGTCAGGGCATGT-1,10808,3690,0.07401924500370095,10,6,Ductal basal
4052,8W_R1,8W,GGCAGTCCATTACTCT-1,5119,2590,0.0586051963274077,20,3,Ductal suprabasal
4055,8W_R1,8W,GGCGTCACAACTGTGT-1,3310,1838,0.060422960725075525,10,6,Ductal basal
4056,8W_R1,8W,GGCGTCACACGCTGTG-1,7843,3333,0.02550044625780951,10,6,Ductal basal
4057,8W_R1,8W,GGCGTCAGTAGCTGTT-1,9255,3486,0.05402485143165856,9,1,Ductular
4067,8W_R1,8W,GGCTTGGGTCAACACT-1,6876,2884,0.07271669575334497,24,3,Ductal suprabasal
4072,8W_R1,8W,GGCTTTCCAATCTGCA-1,11406,4209,0.01753463089601964,10,6,Ductal basal
4078,8W_R1,8W,GGGAAGTAGCAGAAAG-1,2974,1791,0.0,24,3,Ductal suprabasal
4082,8W_R1,8W,GGGAAGTCAGTCTGGC-1,5015,2643,0.019940179461615155,10,6,Ductal basal
4099,8W_R1,8W,GGGACAATCACCGACG-1,3977,2064,0.15086748805632386,10,6,Ductal basal
4105,8W_R1,8W,GGGACCTGTGTAACGG-1,16122,4499,0.037216226274655755,25,6,Ductal basal
4108,8W_R1,8W,GGGACTCAGGGAGGTG-1,4676,2244,0.0427715996578272,29,7,Differentiating meibocyte
4110,8W_R1,8W,GGGACTCTCGGAGATG-1,11214,4122,0.13376136971642588,20,3,Ductal suprabasal
4111,8W_R1,8W,GGGACTCTCTCACCCA-1,7033,2741,0.014218683349921797,10,6,Ductal basal
4112,8W_R1,8W,GGGAGATAGAAATTCG-1,2207,1225,0.8155867693701857,35,7,Differentiating meibocyte
4114,8W_R1,8W,GGGAGATAGCCTCAGC-1,4752,2130,0.08417508417508417,16,4,Orifice
4115,8W_R1,8W,GGGAGATAGTTTGCTG-1,7174,2696,0.2648452746027321,29,7,Differentiating meibocyte
4116,8W_R1,8W,GGGAGATGTCGTAATC-1,3004,1844,0.06657789613848203,23,1,Ductular
4118,8W_R1,8W,GGGAGATGTGTTACTG-1,8276,3484,0.8941517641372644,5,0,Ductal basal
4120,8W_R1,8W,GGGAGATTCCCTATTA-1,5972,2606,0.05023442732752846,10,6,Ductal basal
4121,8W_R1,8W,GGGAGATTCGCTCTAC-1,7791,3322,0.10268258246694903,20,3,Ductal suprabasal
4124,8W_R1,8W,GGGAGTAAGTTCACTG-1,6273,2929,0.1434720229555237,16,4,Orifice
4128,8W_R1,8W,GGGAGTAGTTGCGGCT-1,5937,2957,0.01684352366515075,10,6,Ductal basal
4129,8W_R1,8W,GGGATCCAGGTACAAT-1,2206,1361,0.22665457842248413,16,4,Orifice
4136,8W_R1,8W,GGGATCCTCTGGAAGG-1,3426,2006,0.14594279042615294,20,3,Ductal suprabasal
4138,8W_R1,8W,GGGATGACAGTGCGCT-1,2715,1468,0.29465930018416203,10,0,Ductal basal
4144,8W_R1,8W,GGGCCATAGGATGTTA-1,4826,2397,0.06216328222130128,9,1,Ductular
4147,8W_R1,8W,GGGCCATAGTCATAGA-1,5874,2835,0.034048348655090224,25,8,Acinar basal
4148,8W_R1,8W,GGGCCATCAACTCGAT-1,10406,3681,0.04804920238324044,10,6,Ductal basal
4149,8W_R1,8W,GGGCCATTCCGAACGC-1,5773,2637,0.08661008141347654,12,5,Ductal basal
4153,8W_R1,8W,GGGCGTTGTAACGCGA-1,2425,1542,0.2061855670103093,10,6,Ductal basal
4155,8W_R1,8W,GGGCGTTGTGGTATGG-1,4734,1956,0.06337135614702154,7,6,Ductal basal
4156,8W_R1,8W,GGGCGTTTCCCGGTAG-1,3872,2185,0.05165289256198347,10,0,Ductal basal
4159,8W_R1,8W,GGGCTACAGTATTAGG-1,4455,2126,0.08978675645342313,10,0,Ductal basal
4161,8W_R1,8W,GGGCTACTCCGCTAGG-1,4566,2286,0.0657030223390276,10,6,Ductal basal
4162,8W_R1,8W,GGGCTACTCGACCATA-1,4096,2278,0.0244140625,10,6,Ductal basal
4163,8W_R1,8W,GGGCTACTCGTGGGAA-1,3452,1959,0.11587485515643105,10,6,Ductal basal
4164,8W_R1,8W,GGGCTCAAGATTACCC-1,5573,2536,0.05383097075183922,22,8,Acinar basal
4168,8W_R1,8W,GGGTAGAAGTAATTGG-1,6043,2847,0.03309614429918915,10,6,Ductal basal
4169,8W_R1,8W,GGGTAGAAGTAGGCCA-1,5324,2656,0.0,24,3,Ductal suprabasal
4170,8W_R1,8W,GGGTAGAGTAGACACG-1,3368,1856,0.08907363420427554,10,6,Ductal basal
4176,8W_R1,8W,GGGTAGATCGTGCACG-1,7217,2940,0.04156851877511431,16,4,Orifice
4182,8W_R1,8W,GGGTATTGTAGCGATG-1,3687,1880,0.027122321670735017,10,6,Ductal basal
4183,8W_R1,8W,GGGTATTGTTGTTGTG-1,5154,2547,0.038804811796662786,20,3,Ductal suprabasal
4193,8W_R1,8W,GGGTCTGCAGGTATGG-1,6058,3105,0.08253549026081215,25,9,Ductal basal
4200,8W_R1,8W,GGGTGAAAGCAGTAAT-1,8280,3766,0.18115942028985507,20,3,Ductal suprabasal
4201,8W_R1,8W,GGGTGAAGTGACCTGC-1,11226,4107,0.026723677177979688,10,0,Ductal basal
4202,8W_R1,8W,GGGTGAATCTGGGCCA-1,7908,3456,0.05058168942842691,29,7,Differentiating meibocyte
4204,8W_R1,8W,GGGTGTCAGAACGTGC-1,3325,1750,0.0,9,1,Ductular
4207,8W_R1,8W,GGGTGTCCACAAGCTT-1,10943,4336,0.04569130951293064,20,3,Ductal suprabasal
4209,8W_R1,8W,GGGTGTCGTACCCAGC-1,5886,2907,0.05096839959225281,10,6,Ductal basal
4210,8W_R1,8W,GGGTGTCGTACTGGGA-1,10721,3847,0.4010819886204645,10,6,Ductal basal
4212,8W_R1,8W,GGGTGTCGTCGCTGCA-1,1933,1146,0.2586652871184687,29,7,Differentiating meibocyte
4218,8W_R1,8W,GGGTGTCTCTGTCGTC-1,12846,2966,2.4365561264206756,23,3,Ductal suprabasal
4219,8W_R1,8W,GGGTTATAGCAGATAT-1,4030,2010,0.1488833746898263,10,6,Ductal basal
4225,8W_R1,8W,GGGTTATTCGTTGTGA-1,9582,3938,0.031308703819661866,22,8,Acinar basal
4227,8W_R1,8W,GGGTTTACACTAGAGG-1,6626,3110,0.030184123151222455,10,6,Ductal basal
4228,8W_R1,8W,GGGTTTAGTAGGAAAG-1,4342,2365,0.09212344541685859,12,4,Orifice
4234,8W_R1,8W,GGTAACTGTGGACAGT-1,5550,2790,0.09009009009009009,10,0,Ductal basal
4235,8W_R1,8W,GGTAACTGTTACGCCG-1,3659,1976,0.10931948619841486,24,3,Ductal suprabasal
4239,8W_R1,8W,GGTAATCAGACGACTG-1,4554,2168,0.15371102327624067,10,6,Ductal basal
4242,8W_R1,8W,GGTAATCGTTTACGAC-1,3386,1870,0.05906674542232723,9,1,Ductular
4252,8W_R1,8W,GGTCACGCAAAGGCTG-1,1923,1033,0.20800832033281333,24,3,Ductal suprabasal
4256,8W_R1,8W,GGTCACGTCTCTCTAA-1,5609,2263,0.33874130861116064,23,1,Ductular
4258,8W_R1,8W,GGTCTGGGTGATATAG-1,4729,2107,0.04229223937407486,7,6,Ductal basal
4264,8W_R1,8W,GGTGAAGCAACCACGC-1,2529,1340,0.11862396204033215,29,7,Differentiating meibocyte
4265,8W_R1,8W,GGTGAAGCAATGGCAG-1,4784,2305,0.06270903010033445,10,6,Ductal basal
4266,8W_R1,8W,GGTGAAGCACAAGTGG-1,2923,1753,0.06842285323297981,16,4,Orifice
4267,8W_R1,8W,GGTGAAGTCCACCCTA-1,4388,2120,0.11394712853236097,10,6,Ductal basal
4270,8W_R1,8W,GGTGATTCAATTCTCT-1,9107,3381,0.07686395080707148,10,6,Ductal basal
4276,8W_R1,8W,GGTGATTTCCGATGCG-1,11891,4140,0.1261458245732066,20,3,Ductal suprabasal
4284,8W_R1,8W,GGTGGCTTCTTCTGTA-1,6267,2952,0.015956598053295037,10,6,Ductal basal
4285,8W_R1,8W,GGTGTCGCAACATCGT-1,3832,2047,0.07828810020876827,10,6,Ductal basal
4291,8W_R1,8W,GGTGTTAGTTTGATCG-1,5755,2645,0.13900955690703737,24,1,Ductular
4296,8W_R1,8W,GGTTAACGTAAGTTGA-1,13720,4253,0.007288629737609329,20,3,Ductal suprabasal
4297,8W_R1,8W,GGTTAACGTGATGGCA-1,3182,1770,0.0,24,3,Ductal suprabasal
4298,8W_R1,8W,GGTTAACTCCCTAGGG-1,4000,2055,0.125,7,6,Ductal basal
4305,8W_R1,8W,GGTTCTCCACTGAGTT-1,6479,3195,0.07717240314863405,22,8,Acinar basal
4310,8W_R1,8W,GGTTGTAGTCCTACAA-1,5638,2351,0.12415750266051792,29,7,Differentiating meibocyte
4311,8W_R1,8W,GGTTGTAGTTGACTAC-1,6248,2909,0.11203585147247119,20,3,Ductal suprabasal
4314,8W_R1,8W,GTAACACAGCAAGTGC-1,5968,2924,0.03351206434316354,10,0,Ductal basal
4320,8W_R1,8W,GTAACACTCGTTATCT-1,3996,1742,0.07507507507507508,7,6,Ductal basal
4322,8W_R1,8W,GTAACCAAGAGCAGAA-1,11825,4169,0.042283298097251586,24,3,Ductal suprabasal
4327,8W_R1,8W,GTAACCAGTCCGACGT-1,4318,2262,0.1621120889300602,16,4,Orifice
4328,8W_R1,8W,GTAACCATCACAACCA-1,12951,4195,0.02316423442205235,16,4,Orifice
4331,8W_R1,8W,GTAACCATCTTACACT-1,5367,2492,0.05589714924538849,10,6,Ductal basal
4342,8W_R1,8W,GTAATCGGTATACCCA-1,8387,3681,0.04769285799451532,12,5,Ductal basal
4345,8W_R1,8W,GTAATGCAGGAGACCT-1,2452,1361,0.040783034257748776,10,6,Ductal basal
4349,8W_R1,8W,GTAATGCCAATAGGAT-1,3126,1352,0.1599488163787588,23,3,Ductal suprabasal
4352,8W_R1,8W,GTAATGCCATAATCCG-1,2066,1274,0.0,23,1,Ductular
4354,8W_R1,8W,GTAATGCGTACGCTTA-1,6650,2686,0.06015037593984962,9,1,Ductular
4355,8W_R1,8W,GTAATGCGTAGTGCGA-1,4608,2313,0.06510416666666666,16,4,Orifice
4357,8W_R1,8W,GTAATGCTCCGTGGTG-1,9835,3626,0.020335536349771224,25,9,Ductal basal
4359,8W_R1,8W,GTACAACGTAGCGTCC-1,2363,1402,0.12695725772323319,20,3,Ductal suprabasal
4360,8W_R1,8W,GTACAACGTCACGTGC-1,2896,1636,0.17265193370165746,10,6,Ductal basal
4365,8W_R1,8W,GTACAACTCTAGGAAA-1,5359,3056,0.4478447471543199,25,3,Ductal suprabasal
4367,8W_R1,8W,GTACAGTCACTATCCC-1,2766,1630,0.18076644974692696,10,6,Ductal basal
4372,8W_R1,8W,GTAGAAAAGTATAACG-1,6949,3361,0.08634335875665564,25,8,Acinar basal
4390,8W_R1,8W,GTAGAGGTCCCTATTA-1,3660,2046,0.0546448087431694,20,3,Ductal suprabasal
4391,8W_R1,8W,GTAGAGGTCCTAGCTC-1,8532,3521,0.02344116268166901,24,3,Ductal suprabasal
4393,8W_R1,8W,GTAGATCAGCGTCTGC-1,4300,2341,0.09302325581395349,10,6,Ductal basal
4394,8W_R1,8W,GTAGATCAGCTTGTGT-1,3929,2090,0.025451768897938407,10,6,Ductal basal
4402,8W_R1,8W,GTAGCTAAGAGCAGTC-1,8604,3329,0.1510925151092515,16,4,Orifice
4403,8W_R1,8W,GTAGCTACAAGGCAAC-1,2951,1702,0.16943409013893596,23,1,Ductular
4405,8W_R1,8W,GTAGCTAGTACTCCGG-1,6796,2728,0.04414361389052383,7,2,Ductal basal
4419,8W_R1,8W,GTATTGGAGGGTACAC-1,3058,1563,1.079136690647482,29,7,Differentiating meibocyte
4423,8W_R1,8W,GTATTTCAGATTGACA-1,5749,2505,0.08697164724299877,10,6,Ductal basal
4430,8W_R1,8W,GTATTTCTCGGCATAT-1,8124,3167,0.02461841457410143,24,3,Ductal suprabasal
4433,8W_R1,8W,GTCAAACCACGGATCC-1,2959,1792,0.1013856032443393,24,3,Ductal suprabasal
4435,8W_R1,8W,GTCAAACGTCGTATTG-1,10265,4015,0.07793472966390648,25,9,Ductal basal
4437,8W_R1,8W,GTCAAGTAGAGGTCGT-1,9015,3680,0.055463117027176934,22,8,Acinar basal
4442,8W_R1,8W,GTCACGGCAAACCACT-1,2858,1596,0.31490552834149754,20,3,Ductal suprabasal
4445,8W_R1,8W,GTCACTCCATACTGAC-1,15574,4353,0.044946706048542444,12,5,Ductal basal
4448,8W_R1,8W,GTCACTCTCCATTTCA-1,8729,3531,0.04582426394776034,25,6,Ductal basal
4449,8W_R1,8W,GTCACTCTCGTCGACG-1,6719,2814,0.04464950141390088,24,3,Ductal suprabasal
4456,8W_R1,8W,GTCAGCGTCGGTCACG-1,7638,3300,0.02618486514794449,24,3,Ductal suprabasal
4461,8W_R1,8W,GTCATGAAGAGGTCAC-1,4333,2219,0.04615739672282484,10,6,Ductal basal
4463,8W_R1,8W,GTCATGACAGAGGGTT-1,6832,2855,0.07318501170960189,16,4,Orifice
4466,8W_R1,8W,GTCATGATCCCAAGTA-1,4186,2303,0.047778308647873864,10,6,Ductal basal
4469,8W_R1,8W,GTCATTTAGTCGAATA-1,3063,1731,0.1958863858961802,10,6,Ductal basal
4473,8W_R1,8W,GTCATTTTCTGACGCG-1,5953,2693,0.016798252981689906,10,6,Ductal basal
4476,8W_R1,8W,GTCCACTCAAGGTCTT-1,6090,2669,0.016420361247947456,29,7,Differentiating meibocyte
4484,8W_R1,8W,GTCCCATAGTCCTGTA-1,8770,3376,0.02280501710376283,20,2,Ductal basal
4485,8W_R1,8W,GTCCCATCAAGTGACG-1,3714,1977,0.16155088852988692,5,0,Ductal basal
4486,8W_R1,8W,GTCCCATCAGCAGATG-1,4678,2375,0.06412997007268063,9,1,Ductular
4493,8W_R1,8W,GTCCTCAAGACGCATG-1,13597,4425,0.08825476207987057,10,6,Ductal basal
4500,8W_R1,8W,GTCCTCATCATTCATC-1,3823,2012,0.209259743656814,9,3,Ductal suprabasal
4503,8W_R1,8W,GTCGAATCATATTCGG-1,9737,3686,0.03081031118414296,10,6,Ductal basal
4505,8W_R1,8W,GTCGCGAAGTTGCCCG-1,4069,2130,0.1228803145736053,23,1,Ductular
4516,8W_R1,8W,GTCGTAATCCAAGAGG-1,5029,2639,0.059654006760787436,20,3,Ductal suprabasal
4518,8W_R1,8W,GTCGTTCCAACAGCCC-1,2451,1416,0.1631986944104447,22,7,Differentiating meibocyte
4519,8W_R1,8W,GTCGTTCGTAAGGAGA-1,6365,2808,0.15710919088766695,29,7,Differentiating meibocyte
4520,8W_R1,8W,GTCGTTCGTGGCCACT-1,7372,2583,0.05425935973955508,7,6,Ductal basal
4521,8W_R1,8W,GTCTACCAGCTAGATA-1,11669,3812,0.03427885851401148,10,6,Ductal basal
4523,8W_R1,8W,GTCTACCGTACCTATG-1,3959,2023,0.0,24,3,Ductal suprabasal
4525,8W_R1,8W,GTCTACCTCACGATCA-1,8300,2916,0.4457831325301205,10,6,Ductal basal
4529,8W_R1,8W,GTCTAGACAGGTCCGT-1,6519,2792,0.07669888019634913,10,6,Ductal basal
4534,8W_R1,8W,GTCTCACGTTGGGTAG-1,3418,1928,0.14628437682855472,10,6,Ductal basal
4538,8W_R1,8W,GTCTGTCCACGATAGG-1,4966,2330,0.12082158679017317,10,6,Ductal basal
4543,8W_R1,8W,GTCTTTAAGCATCCCG-1,2160,1321,0.0462962962962963,10,0,Ductal basal
4546,8W_R1,8W,GTCTTTACAGTCTTCC-1,4684,1899,0.08539709649871904,7,6,Ductal basal
4572,8W_R1,8W,GTGATGTGTCGTTCAA-1,5594,2618,0.03575259206292456,9,1,Ductular
4573,8W_R1,8W,GTGATGTGTCTGATAC-1,3559,1994,0.0561955605507165,29,7,Differentiating meibocyte
4580,8W_R1,8W,GTGCACGAGGCCTAAG-1,5273,2434,0.056893608951261145,10,6,Ductal basal
4581,8W_R1,8W,GTGCACGAGGGTCAAC-1,5555,2446,0.09000900090009001,10,6,Ductal basal
4583,8W_R1,8W,GTGCACGCACCATAAC-1,10922,4034,0.03662332906061161,10,6,Ductal basal
4586,8W_R1,8W,GTGCACGTCAAGTCGT-1,4608,2089,0.043402777777777776,29,7,Differentiating meibocyte
4589,8W_R1,8W,GTGCAGCAGCATTGTC-1,4281,2280,0.1401541695865452,23,1,Ductular
4591,8W_R1,8W,GTGCAGCAGTACCGGA-1,4599,2320,0.1304631441617743,10,6,Ductal basal
4592,8W_R1,8W,GTGCAGCAGTCGTCTA-1,7193,3157,0.0834144306965105,29,7,Differentiating meibocyte
4593,8W_R1,8W,GTGCAGCCAGAGGAAA-1,3281,2047,0.5486132276744895,22,7,Differentiating meibocyte
4598,8W_R1,8W,GTGCGTGAGTGCCCGT-1,6415,2884,0.03117692907248636,10,6,Ductal basal
4600,8W_R1,8W,GTGCGTGGTAGTCACT-1,13572,4424,0.022104332449160033,10,6,Ductal basal
4602,8W_R1,8W,GTGCGTGTCAAAGGAT-1,3963,2144,0.10093363613424174,10,6,Ductal basal
4606,8W_R1,8W,GTGCTGGAGCTGGTGA-1,3592,1797,0.13919821826280623,10,6,Ductal basal
4608,8W_R1,8W,GTGCTGGCATTGAAGA-1,8112,3329,0.0616370808678501,22,8,Acinar basal
4612,8W_R1,8W,GTGCTTCAGAAACTAC-1,10772,3933,0.02784998143334571,20,3,Ductal suprabasal
4613,8W_R1,8W,GTGCTTCAGCGCACAA-1,5072,2554,0.09858044164037855,25,9,Ductal basal
4617,8W_R1,8W,GTGCTTCGTGGACAGT-1,2306,1540,0.04336513443191674,20,3,Ductal suprabasal
4620,8W_R1,8W,GTGCTTCTCCCTTTGG-1,6289,2943,0.4293210367307998,20,3,Ductal suprabasal
4623,8W_R1,8W,GTGGAAGAGGCCTGCT-1,6080,2552,0.06578947368421052,16,4,Orifice
4626,8W_R1,8W,GTGGAAGGTAATGATG-1,8609,3572,0.09292600766639564,10,6,Ductal basal
4627,8W_R1,8W,GTGGAAGTCGAGCTGC-1,7028,3175,1.3090495162208309,25,1,Ductular
4630,8W_R1,8W,GTGGAGAGTTGATGTC-1,7712,3077,0.1296680497925311,24,3,Ductal suprabasal
4634,8W_R1,8W,GTGGCGTAGTATGAAC-1,5232,2199,0.0191131498470948,10,6,Ductal basal
4637,8W_R1,8W,GTGGCGTCATCTTTCA-1,2685,1554,0.14897579143389197,10,2,Ductal basal
4639,8W_R1,8W,GTGGCGTGTGGATTTC-1,9041,3430,0.07742506359915939,24,3,Ductal suprabasal
4640,8W_R1,8W,GTGGCGTTCCGTAGGC-1,6474,3033,0.09267840593141798,24,3,Ductal suprabasal
4644,8W_R1,8W,GTGGGAAAGCGTGCTC-1,7667,3199,0.07825746706664928,10,6,Ductal basal
4646,8W_R1,8W,GTGGGAAGTGACAGGT-1,2046,1256,0.1466275659824047,10,2,Ductal basal
4648,8W_R1,8W,GTGGGAAGTGTTCAGT-1,2392,1309,0.33444816053511706,35,7,Differentiating meibocyte
4657,8W_R1,8W,GTGGTTATCGTTAGAC-1,4779,2323,0.04184975936388366,10,6,Ductal basal
4658,8W_R1,8W,GTGTAACCAACGTATC-1,5426,2566,0.07371913011426465,24,3,Ductal suprabasal
4659,8W_R1,8W,GTGTAACCATCATTGG-1,7689,3224,0.06502796202367017,10,6,Ductal basal
4661,8W_R1,8W,GTGTAACTCAAGCCTA-1,4974,2548,0.08041817450743868,10,6,Ductal basal
4680,8W_R1,8W,GTGTGGCGTAACATCC-1,6217,3023,0.0,22,8,Acinar basal
4686,8W_R1,8W,GTGTTAGGTACAGTCT-1,5955,2552,0.05037783375314861,10,6,Ductal basal
4687,8W_R1,8W,GTGTTAGGTGCTTATG-1,13873,4212,0.04324947740214806,20,3,Ductal suprabasal
4691,8W_R1,8W,GTGTTCCAGACTTCAC-1,7846,3314,0.49706856997196025,10,6,Ductal basal
4692,8W_R1,8W,GTGTTCCAGGAAACGA-1,5032,2434,0.0397456279809221,10,6,Ductal basal
4695,8W_R1,8W,GTGTTCCGTATCAGCT-1,3025,1792,0.1652892561983471,16,4,Orifice
4703,8W_R1,8W,GTTACCCAGTAATACG-1,8095,3119,0.012353304508956145,29,7,Differentiating meibocyte
4704,8W_R1,8W,GTTACCCAGTACAGCG-1,8965,3486,0.04461795872838818,24,3,Ductal suprabasal
4709,8W_R1,8W,GTTACCCGTACGTAGG-1,7433,3134,0.01345351809498184,10,6,Ductal basal
4712,8W_R1,8W,GTTACGACATGTAACC-1,2041,1302,0.14698677119059284,16,4,Orifice
4716,8W_R1,8W,GTTACGATCACCTTGC-1,11545,3490,0.0606323083585968,16,4,Orifice
4722,8W_R1,8W,GTTAGACAGTGTCATC-1,7865,3312,0.06357279084551812,20,3,Ductal suprabasal
4726,8W_R1,8W,GTTAGACGTCATCGCG-1,5220,2421,0.03831417624521073,10,6,Ductal basal
4731,8W_R1,8W,GTTAGACTCTCTCCGA-1,10345,3751,0.04833252779120348,25,9,Ductal basal
4732,8W_R1,8W,GTTAGACTCTCTCTTC-1,7319,3262,0.08197841235141412,29,7,Differentiating meibocyte
4735,8W_R1,8W,GTTAGTGGTCCGAAAG-1,7836,3184,0.05104645227156713,24,3,Ductal suprabasal
4740,8W_R1,8W,GTTATGGAGGAGCTGT-1,1425,981,0.07017543859649122,9,1,Ductular
4743,8W_R1,8W,GTTATGGGTAGTGTGG-1,5307,2636,0.03768607499528924,9,6,Ductal basal
4747,8W_R1,8W,GTTATGGGTTCGAGCC-1,7754,3153,0.10317255610007739,9,1,Ductular
4756,8W_R1,8W,GTTCATTTCGAACCTA-1,1913,1214,1.097752221641401,35,7,Differentiating meibocyte
4761,8W_R1,8W,GTTCCGTCATGTGGCC-1,5237,2459,0.057284704983769336,16,4,Orifice
4775,8W_R1,8W,GTTCGCTTCCATTGTT-1,10556,4052,0.0473664266767715,25,9,Ductal basal
4778,8W_R1,8W,GTTCTATCAGCACAAG-1,5040,2270,0.0992063492063492,10,6,Ductal basal
4779,8W_R1,8W,GTTCTATGTCACTGAT-1,6883,3196,0.10169984018596541,20,3,Ductal suprabasal
4780,8W_R1,8W,GTTCTATGTCGAGCTC-1,5330,2546,0.0,24,3,Ductal suprabasal
4781,8W_R1,8W,GTTCTATTCCGCAAAT-1,6053,2736,0.1156451346439782,16,4,Orifice
4784,8W_R1,8W,GTTCTATTCTGCTAGA-1,6883,3081,0.0726427429899753,22,8,Acinar basal
4785,8W_R1,8W,GTTGAACAGAAACTCA-1,6036,2842,0.14910536779324055,25,9,Ductal basal
4788,8W_R1,8W,GTTGAACGTCGATTTG-1,6718,3151,0.029770765108663295,10,6,Ductal basal
4796,8W_R1,8W,GTTGCGGCAGCGGTCT-1,5854,3004,0.11957635804578066,10,6,Ductal basal
4800,8W_R1,8W,GTTGCTCCACCGTACG-1,4841,2447,0.02065688907250568,10,0,Ductal basal
4805,8W_R1,8W,GTTGCTCTCCGATGTA-1,6363,2865,0.14144271570014144,29,7,Differentiating meibocyte
4806,8W_R1,8W,GTTGCTCTCCTACAAG-1,4860,2085,0.06172839506172839,7,6,Ductal basal
4808,8W_R1,8W,GTTGTAGAGCACTAGG-1,4709,2452,0.06370779358674877,10,6,Ductal basal
4812,8W_R1,8W,GTTGTAGGTACAGGTG-1,9992,3703,0.05004003202562049,10,6,Ductal basal
4814,8W_R1,8W,GTTGTAGGTCAGATTC-1,5483,2481,0.1823819077147547,10,6,Ductal basal
4816,8W_R1,8W,GTTGTAGGTTGCATTG-1,5114,2623,0.01955416503715291,10,6,Ductal basal
4817,8W_R1,8W,GTTGTAGGTTGCGTAT-1,2521,1438,0.07933359777865927,10,6,Ductal basal
4820,8W_R1,8W,GTTGTCCGTCTTCATT-1,7070,3023,0.042432814710042434,24,3,Ductal suprabasal
4831,8W_R1,8W,GTTGTGACATGACACT-1,9635,3397,0.05189413596263622,16,4,Orifice
4834,8W_R1,8W,GTTTACTCAATGTTGC-1,2325,1456,0.08602150537634409,10,6,Ductal basal
4838,8W_R1,8W,GTTTGGAAGGCGCTCT-1,7453,3300,0.013417415805715819,10,6,Ductal basal
4840,8W_R1,8W,GTTTGGATCTGGGCAC-1,5660,2678,0.10600706713780918,20,3,Ductal suprabasal
4842,8W_R1,8W,TAACACGAGAGATTCA-1,7004,3052,0.08566533409480297,10,6,Ductal basal
4848,8W_R1,8W,TAACACGGTGCAGATG-1,14102,4259,0.028364770954474542,10,6,Ductal basal
4851,8W_R1,8W,TAACACGTCCGGTAAT-1,8345,3401,0.07189934092270821,24,3,Ductal suprabasal
4853,8W_R1,8W,TAACCAGAGAACTCCT-1,6880,2723,0.0872093023255814,24,3,Ductal suprabasal
4854,8W_R1,8W,TAACCAGAGGGTTAAT-1,10023,3819,0.029931158335827598,10,6,Ductal basal
4855,8W_R1,8W,TAACCAGAGTAAACAC-1,9887,3601,0.08091433195104683,20,3,Ductal suprabasal
4857,8W_R1,8W,TAACCAGCAAGCACCC-1,6976,3073,0.04300458715596331,10,6,Ductal basal
4858,8W_R1,8W,TAACCAGCACAAGCTT-1,15176,4309,0.059304164470216136,24,1,Ductular
4860,8W_R1,8W,TAACCAGGTATCCCAA-1,5310,2368,0.2448210922787194,10,6,Ductal basal
4862,8W_R1,8W,TAACCAGGTTCGGTAT-1,1798,1109,1.2791991101223583,35,10,Differentiated meibocyte
4865,8W_R1,8W,TAACGACCAAGGTTGG-1,9463,3850,0.07397231321990912,10,6,Ductal basal
4868,8W_R1,8W,TAACGACGTGTTTGCA-1,5107,2376,0.9203054630898766,10,6,Ductal basal
4872,8W_R1,8W,TAACGACTCTCTGCTG-1,11230,4033,0.017809439002671415,24,3,Ductal suprabasal
4878,8W_R1,8W,TAACTTCCAGCTGTAT-1,3425,1658,0.2627737226277372,23,3,Ductal suprabasal
4884,8W_R1,8W,TAACTTCTCCTCACGT-1,6145,2556,0.03254678600488201,25,9,Ductal basal
4886,8W_R1,8W,TAACTTCTCTGATGGT-1,14291,4436,0.04198446574767336,10,0,Ductal basal
4890,8W_R1,8W,TAAGCCAGTCGAACAG-1,3216,1710,0.46641791044776115,10,6,Ductal basal
4895,8W_R1,8W,TAAGCGTCAACCAACT-1,3792,1880,0.026371308016877634,10,6,Ductal basal
4899,8W_R1,8W,TAAGCGTTCGACGCTG-1,9434,2935,0.0635997456010176,16,4,Orifice
4901,8W_R1,8W,TAAGTCGGTGTCATGT-1,4868,2258,0.12325390304026293,10,6,Ductal basal
4903,8W_R1,8W,TAAGTCGTCCTCTCGA-1,11504,3747,0.03477051460361613,10,6,Ductal basal
4905,8W_R1,8W,TAATCTCAGAATAACC-1,4332,2136,0.0,10,0,Ductal basal
4907,8W_R1,8W,TAATCTCGTGAATAAC-1,5298,2478,0.05662514156285391,16,4,Orifice
4909,8W_R1,8W,TAATCTCGTGTATTCG-1,5757,2485,0.20844189682126105,10,6,Ductal basal
4911,8W_R1,8W,TAATCTCGTTTGGAAA-1,5157,2484,0.11634671320535195,24,3,Ductal suprabasal
4917,8W_R1,8W,TAATTCCCATGCCATA-1,8775,3220,0.02279202279202279,24,3,Ductal suprabasal
4920,8W_R1,8W,TACAACGAGCAACAGC-1,4757,2485,0.1471515661130965,25,9,Ductal basal
4923,8W_R1,8W,TACAACGGTATTGACC-1,5904,2512,0.5420054200542005,10,0,Ductal basal
4924,8W_R1,8W,TACAACGTCCCTCTTT-1,12403,4035,0.016125131016689512,10,6,Ductal basal
4926,8W_R1,8W,TACACCCCATCTAACG-1,4564,2421,0.15337423312883436,24,3,Ductal suprabasal
4927,8W_R1,8W,TACACCCGTGGATTTC-1,10866,4188,0.018406037180195105,10,6,Ductal basal
4929,8W_R1,8W,TACACCCTCAACTCTT-1,5836,2972,0.034270047978067174,22,8,Acinar basal
4934,8W_R1,8W,TACAGGTCAGCTAACT-1,7229,2834,0.04149951583898188,10,6,Ductal basal
4935,8W_R1,8W,TACAGGTGTAGGCAGT-1,11863,4292,0.050577425609036504,20,1,Ductular
4939,8W_R1,8W,TACAGGTTCCTCACCA-1,10713,4229,0.05600672080649678,25,9,Ductal basal
4942,8W_R1,8W,TACATTCAGCCGATAG-1,2412,1414,0.12437810945273632,10,6,Ductal basal
4944,8W_R1,8W,TACATTCAGGATCATA-1,5423,1871,1.3461183846579385,24,3,Ductal suprabasal
4951,8W_R1,8W,TACATTCTCGTCTAAG-1,3830,1987,0.02610966057441253,16,4,Orifice
4955,8W_R1,8W,TACCCACCATCTCATT-1,6223,2886,0.06427767957576731,24,3,Ductal suprabasal
4957,8W_R1,8W,TACCCACGTCCCTGAG-1,9989,3855,0.3303633997397137,10,0,Ductal basal
4962,8W_R1,8W,TACCCGTGTAATCAGA-1,4918,2321,0.020333468889792598,10,6,Ductal basal
4963,8W_R1,8W,TACCCGTGTGTGTCGC-1,7933,3429,0.037816714988024705,12,5,Ductal basal
4968,8W_R1,8W,TACCGAACAATGAAAC-1,3638,1819,0.027487630566245192,24,3,Ductal suprabasal
4974,8W_R1,8W,TACCGAATCCAACTAG-1,4798,2216,0.041684035014589414,12,5,Ductal basal
4977,8W_R1,8W,TACCGGGAGCAGTCTT-1,11612,4263,0.05167068549776094,25,9,Ductal basal
4978,8W_R1,8W,TACCGGGCAAAGAACT-1,8851,3762,0.056490792000903844,22,3,Ductal suprabasal
4981,8W_R1,8W,TACCGGGGTCTCACAA-1,3953,2156,0.35416139640779154,22,8,Acinar basal
4982,8W_R1,8W,TACCGGGGTGCCGAAA-1,7704,3208,0.06490134994807892,10,6,Ductal basal
4987,8W_R1,8W,TACCTCGGTCCACATA-1,6982,2724,0.10025780578630766,10,6,Ductal basal
4991,8W_R1,8W,TACCTGCCATCCTTGC-1,8116,2570,0.03696402168555939,7,6,Ductal basal
4993,8W_R1,8W,TACCTGCGTAAGCTCT-1,4939,2461,0.060741040696497266,22,8,Acinar basal
4994,8W_R1,8W,TACCTGCGTACATACC-1,3556,1959,0.05624296962879641,10,6,Ductal basal
5003,8W_R1,8W,TACGGGCCAGGACTTT-1,3069,1678,0.13033561420658196,10,6,Ductal basal
5006,8W_R1,8W,TACGGGCGTAACAGGC-1,5809,2585,0.0860733344809778,16,4,Orifice
5015,8W_R1,8W,TACGGTACACGCGGTT-1,13001,4123,0.038458580109222366,10,2,Ductal basal
5017,8W_R1,8W,TACGGTAGTAGACGGT-1,3770,1925,0.05305039787798408,16,4,Orifice
5018,8W_R1,8W,TACGGTAGTCAAGCGA-1,8773,3420,0.06839165621794141,24,3,Ductal suprabasal
5019,8W_R1,8W,TACGGTATCGCGATCG-1,4968,2403,0.08051529790660225,10,6,Ductal basal
5025,8W_R1,8W,TACGTCCTCCAATGCA-1,4252,1951,0.11759172154280338,10,6,Ductal basal
5034,8W_R1,8W,TACTTACGTGTCTAAC-1,4415,2064,0.20385050962627407,10,6,Ductal basal
5035,8W_R1,8W,TACTTCAAGAGCAGAA-1,8508,3536,0.07052186177715092,25,9,Ductal basal
5038,8W_R1,8W,TACTTCACAACTCCAA-1,7676,3102,0.03908285565398645,9,1,Ductular
5040,8W_R1,8W,TACTTCACAGCCGGTT-1,5534,2633,0.14456089627755692,22,8,Acinar basal
5042,8W_R1,8W,TACTTCAGTGCTCCGA-1,10987,4253,0.01820333120961136,22,8,Acinar basal
5043,8W_R1,8W,TACTTCAGTTATCTGG-1,9945,3790,0.07038712921065862,23,1,Ductular
5047,8W_R1,8W,TACTTGTAGTAGACCG-1,4762,2280,0.125997480050399,9,1,Ductular
5048,8W_R1,8W,TACTTGTCAAAGACTA-1,3041,1665,2.236106543900033,24,3,Ductal suprabasal
5051,8W_R1,8W,TACTTGTGTAACATAG-1,2474,1409,0.12126111560226355,20,3,Ductal suprabasal
5053,8W_R1,8W,TACTTGTGTCATGCAT-1,8390,2969,0.05959475566150178,10,6,Ductal basal
5055,8W_R1,8W,TACTTGTGTTTCGTAG-1,4876,2349,0.020508613617719443,24,3,Ductal suprabasal
5060,8W_R1,8W,TAGACCATCGCAGTTA-1,10636,3653,0.028206092515983452,20,3,Ductal suprabasal
5073,8W_R1,8W,TAGATCGAGCACGTCC-1,9702,3830,0.08245722531436817,25,9,Ductal basal
5077,8W_R1,8W,TAGATCGCATCTCATT-1,3899,2039,0.15388561169530648,10,6,Ductal basal
5079,8W_R1,8W,TAGCACAAGAGGACTC-1,11482,4008,0.060964988677930675,20,3,Ductal suprabasal
5082,8W_R1,8W,TAGCACACAAGAAATC-1,3833,1985,0.10435690060005218,9,1,Ductular
5098,8W_R1,8W,TAGGTACAGTCACTAC-1,3762,2013,0.10632642211589581,10,6,Ductal basal
5104,8W_R1,8W,TAGGTACCATTCGATG-1,7122,3061,0.09828699803426004,20,3,Ductal suprabasal
5105,8W_R1,8W,TAGGTACGTGATCATC-1,8305,3708,0.10836845273931367,29,7,Differentiating meibocyte
5110,8W_R1,8W,TAGGTTGCAAATAGCA-1,7482,3021,0.05346164127238706,24,3,Ductal suprabasal
5121,8W_R1,8W,TAGTGCATCGAAACAA-1,7948,2952,0.0754906894816306,10,6,Ductal basal
5129,8W_R1,8W,TATACCTGTGTTCCAA-1,9444,3691,0.06353240152477764,24,3,Ductal suprabasal
5133,8W_R1,8W,TATATCCAGGAATCGC-1,5576,2578,0.0896700143472023,16,4,Orifice
5141,8W_R1,8W,TATCAGGAGTCCTGTA-1,7667,3130,0.0652145558888744,10,6,Ductal basal
5150,8W_R1,8W,TATCCTAGTTGTGGAG-1,6745,2850,0.014825796886582655,7,6,Ductal basal
5151,8W_R1,8W,TATCCTATCAACCTCC-1,5095,2316,0.07850834151128558,10,6,Ductal basal
5152,8W_R1,8W,TATCCTATCATACGAC-1,5879,2779,0.05102908657935023,24,0,Ductal basal
5154,8W_R1,8W,TATCGCCCACCAAAGG-1,8933,3460,0.03358334266203963,10,6,Ductal basal
5161,8W_R1,8W,TATCTGTGTCGATTCA-1,9799,3787,0.07143586080212266,20,1,Ductular
5165,8W_R1,8W,TATCTTGAGAAATCCA-1,8154,3100,0.02452783909737552,10,6,Ductal basal
5167,8W_R1,8W,TATCTTGAGCCTCTTC-1,7405,2986,0.05401755570560432,10,6,Ductal basal
5170,8W_R1,8W,TATCTTGGTTAAGACA-1,3773,2072,0.10601643254704478,20,3,Ductal suprabasal
5182,8W_R1,8W,TATTCCAGTCTCACGG-1,10876,4214,0.11952923869069511,24,3,Ductal suprabasal
5184,8W_R1,8W,TATTGCTCAATCGCAT-1,6345,2909,0.07880220646178093,25,9,Ductal basal
5185,8W_R1,8W,TATTGCTTCACCATAG-1,5781,2686,0.10378827192527244,16,4,Orifice
5187,8W_R1,8W,TATTGGGAGACCAAGC-1,4193,2439,0.21464345337467208,20,3,Ductal suprabasal
5189,8W_R1,8W,TATTGGGAGTAGATCA-1,7459,3513,0.040219868615095855,10,6,Ductal basal
5190,8W_R1,8W,TATTGGGGTACGGGAT-1,11258,3741,0.062178006750755015,10,6,Ductal basal
5192,8W_R1,8W,TATTGGGGTGGCAACA-1,7964,3224,0.03766951280763436,10,6,Ductal basal
5194,8W_R1,8W,TATTGGGTCGCTAAAC-1,14705,4439,0.00680040802448147,24,3,Ductal suprabasal
5195,8W_R1,8W,TATTTCGAGATACAGT-1,4875,2428,0.020512820512820513,10,6,Ductal basal
5196,8W_R1,8W,TATTTCGCAGAACTCT-1,11969,3927,0.05848441808004011,12,5,Ductal basal
5203,8W_R1,8W,TATTTCGTCCCTCTAG-1,4844,2215,0.020644095788604457,10,6,Ductal basal
5205,8W_R1,8W,TCAAGACAGTCTGCAT-1,3552,1980,0.08445945945945946,10,6,Ductal basal
5207,8W_R1,8W,TCAAGACCATGTCTAG-1,4912,2582,0.04071661237785017,24,3,Ductal suprabasal
5214,8W_R1,8W,TCAAGCAAGTAGTCCT-1,2530,1550,0.1976284584980237,10,6,Ductal basal
5220,8W_R1,8W,TCAAGCATCTGTAAGC-1,11740,3860,0.051107325383304945,24,3,Ductal suprabasal
5221,8W_R1,8W,TCAAGTGAGAGAGTTT-1,3831,2240,0.05220569042025581,10,0,Ductal basal
5222,8W_R1,8W,TCAAGTGAGGGTTGCA-1,7892,3391,0.06335529650278764,22,8,Acinar basal
5224,8W_R1,8W,TCAAGTGCAGGCTTGC-1,11081,4151,0.036097825106037366,10,6,Ductal basal
5225,8W_R1,8W,TCAAGTGGTGTATACC-1,7229,3310,0.04149951583898188,20,9,Ductal basal
5227,8W_R1,8W,TCAAGTGTCGTCGACG-1,4072,1904,0.07367387033398821,10,6,Ductal basal
5231,8W_R1,8W,TCAATCTTCTTCCGTG-1,12754,4294,0.03920338717265172,22,8,Acinar basal
5232,8W_R1,8W,TCAATTCAGCTAAGTA-1,10187,2898,0.019632865416707567,16,4,Orifice
5233,8W_R1,8W,TCAATTCGTACGTACT-1,14222,4454,0.05625087891998312,10,6,Ductal basal
5234,8W_R1,8W,TCAATTCTCACGTAGT-1,7938,3226,0.06298815822625346,22,8,Acinar basal
5239,8W_R1,8W,TCACAAGGTCTGTGAT-1,6753,3052,0.029616466755516067,10,0,Ductal basal
5244,8W_R1,8W,TCACACCAGGTCGAGT-1,5154,2477,0.11641443538998836,24,3,Ductal suprabasal
5246,8W_R1,8W,TCACACCCACAGCGCT-1,3805,1742,0.47306176084099866,29,7,Differentiating meibocyte
5249,8W_R1,8W,TCACACCGTTAAGTCC-1,3954,2059,0.05058168942842691,9,4,Orifice
5251,8W_R1,8W,TCACACCTCGACACCG-1,4951,2301,0.1817814582912543,12,5,Ductal basal
5253,8W_R1,8W,TCACATTAGGCATGCA-1,9394,3686,0.03193527783691718,10,6,Ductal basal
5257,8W_R1,8W,TCACATTTCCAAGAGG-1,2989,1659,0.7694881231180997,35,10,Differentiated meibocyte
5261,8W_R1,8W,TCACGCTAGGGAGGAC-1,9950,3360,0.08040201005025126,25,9,Ductal basal
5262,8W_R1,8W,TCACGCTAGTTACGAA-1,8449,3344,0.023671440407148775,24,3,Ductal suprabasal
5269,8W_R1,8W,TCACGGGCAGTTGAAA-1,12726,4440,0.13358478705013357,20,6,Ductal basal
5270,8W_R1,8W,TCACGGGCATGGCTGC-1,11517,4019,0.026048450117218028,20,3,Ductal suprabasal
5273,8W_R1,8W,TCACTATCACATTGTG-1,10557,3765,0.02841716396703609,10,6,Ductal basal
5274,8W_R1,8W,TCACTATCATTGAGGG-1,10003,4158,0.049985004498650405,22,8,Acinar basal
5277,8W_R1,8W,TCACTATTCCTCTGCA-1,12777,4483,0.08609219691633403,10,6,Ductal basal
5278,8W_R1,8W,TCACTATTCGTCTCAC-1,11192,3420,0.035739814152966405,25,9,Ductal basal
5280,8W_R1,8W,TCACTCGAGGATAATC-1,9306,3271,0.02149151085321298,10,6,Ductal basal
5281,8W_R1,8W,TCACTCGGTCCGATCG-1,9007,3442,0.03330742755634506,10,6,Ductal basal
5283,8W_R1,8W,TCACTCGGTTTCACAG-1,6634,3255,0.04522158577027434,22,8,Acinar basal
5287,8W_R1,8W,TCAGCAAAGGAGTACC-1,4557,2285,0.6363835856923414,10,0,Ductal basal
5301,8W_R1,8W,TCAGGGCAGTCAAGCG-1,9618,3786,0.031191515907673113,10,6,Ductal basal
5304,8W_R1,8W,TCAGGTAAGAGCCCAA-1,11174,4181,0.13424020046536603,10,6,Ductal basal
5308,8W_R1,8W,TCAGGTATCTTGGGCG-1,1722,1117,0.23228803716608595,22,8,Acinar basal
5312,8W_R1,8W,TCAGTCCCAGTCGGTC-1,8525,3109,0.03519061583577712,16,4,Orifice
5313,8W_R1,8W,TCAGTCCGTGACCGTC-1,5173,1966,0.0,7,6,Ductal basal
5318,8W_R1,8W,TCAGTGACAGAGATGC-1,7028,2737,0.0,29,7,Differentiating meibocyte
5327,8W_R1,8W,TCAGTTTTCCACTAGA-1,8160,3548,0.049019607843137254,10,6,Ductal basal
5337,8W_R1,8W,TCATATCAGACGTCCC-1,8366,3447,0.011953143676786996,10,6,Ductal basal
5340,8W_R1,8W,TCATATCCAACCGATT-1,2522,1608,0.11895321173671689,10,0,Ductal basal
5341,8W_R1,8W,TCATATCCATTGAGCT-1,4024,2293,0.17395626242544732,20,3,Ductal suprabasal
5345,8W_R1,8W,TCATATCTCGTACACA-1,4917,2335,0.02033760423022168,29,7,Differentiating meibocyte
5348,8W_R1,8W,TCATCATAGCCATTTG-1,8736,3811,0.011446886446886446,10,6,Ductal basal
5349,8W_R1,8W,TCATCATAGTGCCTCG-1,4266,2158,0.04688232536333802,10,6,Ductal basal
5355,8W_R1,8W,TCATCCGGTATCGGTT-1,2630,1563,0.11406844106463879,9,1,Ductular
5357,8W_R1,8W,TCATCCGTCAGAGCGA-1,2861,1761,0.034952813701502966,20,3,Ductal suprabasal
5364,8W_R1,8W,TCATGAGGTGGTCCCA-1,8754,3466,0.02284669865204478,10,6,Ductal basal
5369,8W_R1,8W,TCATGCCTCTGAGGTT-1,3588,2005,0.13935340022296544,29,7,Differentiating meibocyte
5374,8W_R1,8W,TCATGGAGTCCGGTGT-1,3412,1811,0.029308323563892142,9,1,Ductular
5375,8W_R1,8W,TCATGGAGTCCTCATC-1,8633,3550,0.03475037646241168,22,8,Acinar basal
5379,8W_R1,8W,TCATGTTCATCATGAC-1,7222,2909,0.04153973968429798,10,6,Ductal basal
5380,8W_R1,8W,TCATTACAGTAGTGCG-1,3790,1969,0.02638522427440633,7,6,Ductal basal
5383,8W_R1,8W,TCATTACGTATCGTAC-1,3526,2128,0.05672149744753262,25,9,Ductal basal
5384,8W_R1,8W,TCATTACGTGGGTTGA-1,3548,1860,0.16910935738444194,24,3,Ductal suprabasal
5395,8W_R1,8W,TCATTGTGTGAGAGGG-1,9584,4080,0.14607679465776294,24,6,Ductal basal
5401,8W_R1,8W,TCATTTGAGTGGAATT-1,10032,3595,0.04984051036682615,10,6,Ductal basal
5403,8W_R1,8W,TCATTTGCACTCTGCT-1,7869,3020,0.03812428516965307,23,1,Ductular
5420,8W_R1,8W,TCCAGAACAAGTGGGT-1,7690,2873,0.10403120936280884,9,1,Ductular
5423,8W_R1,8W,TCCAGAAGTGATTAGA-1,5756,2456,0.06949270326615706,7,6,Ductal basal
5425,8W_R1,8W,TCCAGAATCTTGGAAC-1,5595,2637,0.07149240393208221,16,4,Orifice
5427,8W_R1,8W,TCCATCGAGGTTAAAC-1,6045,2822,0.0827129859387924,20,3,Ductal suprabasal
5432,8W_R1,8W,TCCATGCAGGGCGAAG-1,4239,2162,0.04718093890068412,10,6,Ductal basal
5438,8W_R1,8W,TCCCACAGTCCGGATC-1,8799,3222,0.056824639163541316,24,3,Ductal suprabasal
5441,8W_R1,8W,TCCCAGTAGAGTAACT-1,5388,2581,0.07423904974016332,10,6,Ductal basal
5444,8W_R1,8W,TCCCAGTAGGTTTACC-1,4136,2179,0.09671179883945842,10,6,Ductal basal
5446,8W_R1,8W,TCCCAGTCAATGTTGC-1,10678,3632,0.028095148904289196,10,5,Ductal basal
5447,8W_R1,8W,TCCCAGTGTGTTCATG-1,9501,3779,0.01052520787285549,10,6,Ductal basal
5449,8W_R1,8W,TCCCAGTGTTGGTACT-1,1257,777,0.31821797931583135,35,10,Differentiated meibocyte
5452,8W_R1,8W,TCCCATGAGGTCATTC-1,11903,4229,0.05880870368814584,20,3,Ductal suprabasal
5463,8W_R1,8W,TCCCATGTCTATCGCC-1,3627,2058,0.27570995312930796,9,1,Ductular
5466,8W_R1,8W,TCCGAAACAGAGGTAC-1,6072,2372,0.016469038208168644,16,4,Orifice
5469,8W_R1,8W,TCCGATCCACATACGT-1,6340,2874,0.0946372239747634,10,6,Ductal basal
5475,8W_R1,8W,TCCGGGACAGTTGCGC-1,11396,4448,0.08775008775008776,10,6,Ductal basal
5480,8W_R1,8W,TCCGGGATCACAACCA-1,7085,3231,0.12702893436838392,10,6,Ductal basal
5486,8W_R1,8W,TCCGTGTTCGGTCACG-1,2053,1132,0.14612761811982464,10,6,Ductal basal
5488,8W_R1,8W,TCCTAATAGTTCCAGT-1,7719,3286,0.02591009198082653,10,6,Ductal basal
5497,8W_R1,8W,TCCTCCCCAATTGTGC-1,13516,3919,0.0665877478543948,24,3,Ductal suprabasal
5502,8W_R1,8W,TCCTCCCGTCACTAGT-1,2809,1415,0.0355998576005696,23,1,Ductular
5505,8W_R1,8W,TCCTCGACAGGATTCT-1,11035,4117,0.23561395559583143,16,4,Orifice
5506,8W_R1,8W,TCCTCGAGTGGCTTAT-1,4138,2206,0.1208313194780087,20,3,Ductal suprabasal
5510,8W_R1,8W,TCCTCTTCATTGTGCA-1,3730,1867,0.05361930294906167,16,4,Orifice
5511,8W_R1,8W,TCCTGCAAGACTTCAC-1,13898,4145,0.05756223917110376,12,5,Ductal basal
5516,8W_R1,8W,TCCTGCAGTACGAAAT-1,8975,3209,0.06685236768802229,10,6,Ductal basal
5518,8W_R1,8W,TCCTGCATCCATGATG-1,6749,2769,0.044451029782189955,12,5,Ductal basal
5519,8W_R1,8W,TCCTGCATCTTTCGAT-1,3053,1672,0.06550933508024893,10,6,Ductal basal
5520,8W_R1,8W,TCCTTCTAGGTGGTTG-1,7423,2740,0.2963761282500337,10,6,Ductal basal
5539,8W_R1,8W,TCCTTTCGTGTGTCGC-1,9093,3512,0.010997470581766195,25,9,Ductal basal
5540,8W_R1,8W,TCCTTTCTCATTCTTG-1,5530,2460,0.054249547920434,9,1,Ductular
5542,8W_R1,8W,TCCTTTCTCCATCCGT-1,10490,4023,0.028598665395614873,10,6,Ductal basal
5548,8W_R1,8W,TCGAAGTCACTTGAGT-1,10055,3615,0.08950770760815514,10,6,Ductal basal
5549,8W_R1,8W,TCGAAGTGTACAGTTC-1,5856,2694,0.06830601092896176,24,3,Ductal suprabasal
5551,8W_R1,8W,TCGAAGTTCTCAGGCG-1,9895,3813,0.09095502779181405,24,3,Ductal suprabasal
5555,8W_R1,8W,TCGACCTTCTCGTTTA-1,2607,1440,0.19179133103183738,10,6,Ductal basal
5557,8W_R1,8W,TCGACGGAGAAGGTAG-1,5789,2591,0.017274140611504576,20,3,Ductal suprabasal
5565,8W_R1,8W,TCGATTTAGCAATAGT-1,4693,2376,0.14915832090347325,10,6,Ductal basal
5570,8W_R1,8W,TCGATTTTCAGATTGC-1,10218,3618,0.02935995302407516,20,2,Ductal basal
5579,8W_R1,8W,TCGCACTGTCCACTTC-1,5164,2137,0.019364833462432226,7,6,Ductal basal
5581,8W_R1,8W,TCGCAGGGTGACAGCA-1,3468,1933,0.05767012687427912,10,6,Ductal basal
5589,8W_R1,8W,TCGCTCACATTGTGCA-1,8033,3145,0.012448649321548613,22,8,Acinar basal
5594,8W_R1,8W,TCGCTTGAGTTGTAAG-1,10435,3717,0.06708193579300431,20,3,Ductal suprabasal
5598,8W_R1,8W,TCGCTTGGTTTATGCG-1,5461,2744,0.054934993590917414,10,0,Ductal basal
5603,8W_R1,8W,TCGGATACAGGTATGG-1,5771,2937,0.03465603881476347,10,6,Ductal basal
5604,8W_R1,8W,TCGGATATCATGCGGC-1,4494,2344,0.04450378282153983,10,6,Ductal basal
5607,8W_R1,8W,TCGGGACAGTACCCTA-1,7686,3368,0.026021337496747333,10,6,Ductal basal
5608,8W_R1,8W,TCGGGACCACATTCTT-1,6834,2873,0.07316359379572725,16,4,Orifice
5610,8W_R1,8W,TCGGGACCAGACCGCT-1,7908,3727,0.10116337885685382,20,3,Ductal suprabasal
5618,8W_R1,8W,TCGGGACTCTTGATTC-1,9781,3711,0.07156732440445762,22,8,Acinar basal
5620,8W_R1,8W,TCGGGCAAGGGAGTGG-1,3652,2023,0.027382256297918947,24,3,Ductal suprabasal
5621,8W_R1,8W,TCGGGCAAGTTCTACG-1,4561,2118,0.08770006577504934,7,2,Ductal basal
5622,8W_R1,8W,TCGGGCACACAAGTGG-1,3080,1652,0.16233766233766234,10,6,Ductal basal
5625,8W_R1,8W,TCGGGTGCAAGGTCTT-1,6069,2311,0.13181743285549513,7,2,Ductal basal
5630,8W_R1,8W,TCGGGTGTCCCATGGG-1,7144,2866,0.06998880179171332,7,6,Ductal basal
5633,8W_R1,8W,TCGGTCTAGCGAGAAA-1,6143,2888,0.04883607357968419,24,3,Ductal suprabasal
5635,8W_R1,8W,TCGGTCTCAGCCGGTT-1,7184,3169,0.027839643652561245,24,3,Ductal suprabasal
5636,8W_R1,8W,TCGGTCTGTCGAGATG-1,3770,1838,0.07957559681697612,10,0,Ductal basal
5638,8W_R1,8W,TCGGTCTTCACAGTGT-1,5082,2397,0.23612750885478156,9,1,Ductular
5639,8W_R1,8W,TCGGTCTTCACGGAGA-1,2397,1471,0.2920317062995411,9,1,Ductular
5654,8W_R1,8W,TCGTGCTAGGTTGTTC-1,3674,2070,0.1360914534567229,22,7,Differentiating meibocyte
5656,8W_R1,8W,TCGTGCTGTCACTTAG-1,10851,3831,0.0184314809694959,22,8,Acinar basal
5657,8W_R1,8W,TCGTGCTGTGCTGATT-1,3489,1956,0.028661507595299514,16,4,Orifice
5664,8W_R1,8W,TCGTGGGTCGACGACC-1,3335,1924,0.02998500749625187,22,8,Acinar basal
5667,8W_R1,8W,TCTACATCAGACACCC-1,2447,1468,0.08173273395995095,10,0,Ductal basal
5669,8W_R1,8W,TCTACATTCAGAGCGA-1,5880,2885,0.06802721088435373,10,6,Ductal basal
5671,8W_R1,8W,TCTACCGCAAACCGGA-1,5293,2411,0.05667863215567731,10,6,Ductal basal
5676,8W_R1,8W,TCTATCACAGAGGAAA-1,5928,2865,0.016869095816464237,24,3,Ductal suprabasal
5681,8W_R1,8W,TCTCACGAGAAGTATC-1,6144,2767,0.03255208333333333,9,1,Ductular
5683,8W_R1,8W,TCTCACGAGTTAGTGA-1,2783,1658,0.10779734099892202,24,3,Ductal suprabasal
5685,8W_R1,8W,TCTCACGCAGCTGTGC-1,5408,2459,0.01849112426035503,10,6,Ductal basal
5689,8W_R1,8W,TCTCAGCAGGTAGATT-1,6413,2855,0.04677997816934352,10,6,Ductal basal
5694,8W_R1,8W,TCTCAGCTCTCGTGAA-1,9092,3525,0.08798944126704795,10,6,Ductal basal
5696,8W_R1,8W,TCTCCGAAGCGATGCA-1,3311,1914,0.5436424041075204,29,7,Differentiating meibocyte
5698,8W_R1,8W,TCTCCGACAAAGACGC-1,4063,2008,0.22151119862170812,10,6,Ductal basal
5699,8W_R1,8W,TCTCCGACAAGTTTGC-1,3079,1801,0.1948684637869438,22,8,Acinar basal
5711,8W_R1,8W,TCTGCCACAGAAATTG-1,5594,2339,0.1787629603146228,16,4,Orifice
5713,8W_R1,8W,TCTGCCAGTTCTAAGC-1,2048,1199,0.244140625,23,3,Ductal suprabasal
5720,8W_R1,8W,TCTGGCTGTACCAGAG-1,4080,2234,0.024509803921568627,20,3,Ductal suprabasal
5721,8W_R1,8W,TCTGGCTGTAGGCTGA-1,9076,3596,0.08814455707360071,10,0,Ductal basal
5722,8W_R1,8W,TCTGGCTGTGTTGACT-1,6475,2478,0.03088803088803089,10,6,Ductal basal
5731,8W_R1,8W,TCTGTCGCAGCGTGAA-1,2247,1294,0.8455718736092568,35,10,Differentiated meibocyte
5736,8W_R1,8W,TCTTAGTCAGGAGACT-1,7151,3171,0.055936232694728014,12,5,Ductal basal
5737,8W_R1,8W,TCTTAGTGTCAGGCAA-1,4947,2408,0.06064281382656155,12,5,Ductal basal
5738,8W_R1,8W,TCTTAGTTCGGCTGTG-1,3915,2129,0.10217113665389528,12,5,Ductal basal
5740,8W_R1,8W,TCTTCCTCAACATCGT-1,8563,2868,0.04671260072404532,16,4,Orifice
5742,8W_R1,8W,TCTTCCTGTGCCCTTT-1,10089,3501,0.019823570224997523,10,6,Ductal basal
5743,8W_R1,8W,TCTTCCTTCATCGGGC-1,4616,2297,0.06499133448873484,10,6,Ductal basal
5754,8W_R1,8W,TCTTTGAGTACGACAG-1,3842,2021,0.026028110359187923,20,3,Ductal suprabasal
5755,8W_R1,8W,TCTTTGATCACCTTAT-1,9592,4031,0.010425354462051709,10,6,Ductal basal
5758,8W_R1,8W,TGAACGTCATAGACTC-1,4918,2383,0.8133387555917039,22,8,Acinar basal
5759,8W_R1,8W,TGAACGTGTACTAAGA-1,5220,2696,0.05747126436781609,10,6,Ductal basal
5760,8W_R1,8W,TGAACGTTCAGTGTTG-1,8974,3426,0.04457321149988857,12,5,Ductal basal
5763,8W_R1,8W,TGAATCGAGCGCGTTC-1,1785,1038,0.8963585434173669,29,7,Differentiating meibocyte
5768,8W_R1,8W,TGAATCGGTCCAGCGT-1,8183,3258,0.03666137113528046,10,6,Ductal basal
5769,8W_R1,8W,TGAATCGGTGAGGATC-1,2330,1486,0.04291845493562232,10,0,Ductal basal
5770,8W_R1,8W,TGAATCGGTGTTCAGT-1,3624,1866,0.02759381898454746,10,6,Ductal basal
5772,8W_R1,8W,TGAATGCAGACATCCT-1,7119,2947,0.028093833403567917,10,6,Ductal basal
5774,8W_R1,8W,TGAATGCAGTCACTCA-1,4436,2214,0.022542831379621278,10,6,Ductal basal
5781,8W_R1,8W,TGACAGTGTCTTGCGG-1,4718,2292,0.0635862653666808,23,1,Ductular
5786,8W_R1,8W,TGACCCTTCCATTGTT-1,1756,1044,0.3416856492027335,35,10,Differentiated meibocyte
5787,8W_R1,8W,TGACCCTTCCGCAAAT-1,5950,2862,0.03361344537815126,10,0,Ductal basal
5788,8W_R1,8W,TGACGCGAGCTAGATA-1,8064,3450,0.01240079365079365,10,6,Ductal basal
5790,8W_R1,8W,TGACGCGCAGTTAAAG-1,7725,3324,0.1035598705501618,24,3,Ductal suprabasal
5796,8W_R1,8W,TGACTCCCAACCAACT-1,14485,4208,0.07594062823610631,10,6,Ductal basal
5802,8W_R1,8W,TGAGACTAGGGTGGGA-1,4406,2251,0.11348161597821153,23,1,Ductular
5804,8W_R1,8W,TGAGACTCATGGGCAA-1,4051,1976,0.024685262898049863,20,1,Ductular
5805,8W_R1,8W,TGAGACTGTATCGATC-1,7563,2956,0.039666798889329634,24,3,Ductal suprabasal
5807,8W_R1,8W,TGAGCATAGTTGCCCG-1,10206,4011,0.029394473838918283,20,3,Ductal suprabasal
5808,8W_R1,8W,TGAGCATCAATTTCGG-1,4003,2139,0.0,10,6,Ductal basal
5810,8W_R1,8W,TGAGCATTCAGGGATG-1,5982,2673,0.10030090270812438,23,4,Orifice
5815,8W_R1,8W,TGAGCGCTCTCTAGGA-1,12987,3863,0.030800030800030798,16,4,Orifice
5818,8W_R1,8W,TGAGGAGAGCAACCAG-1,5763,2512,0.01735207357279195,10,6,Ductal basal
5820,8W_R1,8W,TGAGGAGAGGTATAGT-1,11641,4105,0.16321621853792628,22,2,Ductal basal
5826,8W_R1,8W,TGAGGGACAAACGAGC-1,3093,1498,0.032331070158422244,7,6,Ductal basal
5839,8W_R1,8W,TGAGTCACACAAAGTA-1,11945,4426,0.02511511092507325,25,9,Ductal basal
5844,8W_R1,8W,TGAGTCATCGCCGATG-1,8859,3157,0.04515182300485382,24,3,Ductal suprabasal
5847,8W_R1,8W,TGATCAGAGAAGTGTT-1,4172,2279,0.0,10,6,Ductal basal
5848,8W_R1,8W,TGATCAGAGCCGAATG-1,10176,4243,0.009827044025157234,10,6,Ductal basal
5854,8W_R1,8W,TGATCAGTCACTCACC-1,15499,4489,0.01935608748951545,29,7,Differentiating meibocyte
5856,8W_R1,8W,TGATCAGTCCTCATAT-1,4254,1951,0.023507287259050304,10,6,Ductal basal
5858,8W_R1,8W,TGATCTTAGCCGATCC-1,4865,2308,0.06166495375128469,22,8,Acinar basal
5859,8W_R1,8W,TGATCTTAGCTAGTTC-1,4567,2169,0.19706590759798556,16,4,Orifice
5862,8W_R1,8W,TGATCTTCAGTCAGCC-1,5479,2271,0.09125752874612156,7,6,Ductal basal
5863,8W_R1,8W,TGATCTTGTCTCTCAC-1,8457,3331,0.023649048125812935,9,1,Ductular
5864,8W_R1,8W,TGATCTTGTTAGGAGC-1,7427,3111,0.13464386697185943,10,6,Ductal basal
5865,8W_R1,8W,TGATCTTTCCTGTACC-1,8581,3238,0.01165365342034728,10,6,Ductal basal
5873,8W_R1,8W,TGATGGTCAAGTGGAC-1,4036,2097,0.049554013875123884,9,1,Ductular
5875,8W_R1,8W,TGATGGTCAGACCTGC-1,3075,1443,0.13008130081300812,16,4,Orifice
5876,8W_R1,8W,TGATGGTCATAGTCGT-1,7127,2901,0.04209344745334643,23,1,Ductular
5881,8W_R1,8W,TGATTCTTCTTTGATC-1,10930,4161,0.036596523330283626,10,6,Ductal basal
5890,8W_R1,8W,TGATTTCTCTGGGTCG-1,11001,3985,0.0545404963185165,10,6,Ductal basal
5891,8W_R1,8W,TGCACGGAGACATACA-1,4117,2245,0.048579062424095217,20,3,Ductal suprabasal
5892,8W_R1,8W,TGCACGGAGCTCGGCT-1,6862,2639,0.02914602156805596,22,8,Acinar basal
5894,8W_R1,8W,TGCACGGCAGAATTCC-1,3416,1805,0.117096018735363,23,1,Ductular
5903,8W_R1,8W,TGCAGATCAGCTTCGG-1,13481,4192,0.03708923670350864,10,6,Ductal basal
5904,8W_R1,8W,TGCAGATCATAACTCG-1,2535,1443,0.27613412228796846,29,7,Differentiating meibocyte
5905,8W_R1,8W,TGCAGATGTCACTTAG-1,1501,929,0.39973351099267157,35,10,Differentiated meibocyte
5908,8W_R1,8W,TGCAGGCAGTAGATCA-1,9449,3771,0.08466504391999154,10,6,Ductal basal
5909,8W_R1,8W,TGCAGGCCAGCTGTTA-1,2966,1666,0.033715441672285906,10,6,Ductal basal
5910,8W_R1,8W,TGCAGGCCAGGCTTGC-1,5655,2175,0.1237842617152962,10,6,Ductal basal
5916,8W_R1,8W,TGCAGTATCAGGAGAC-1,1480,948,0.5405405405405406,9,1,Ductular
5927,8W_R1,8W,TGCATCCGTGACACAG-1,4541,2262,0.08808632459810614,10,6,Ductal basal
5929,8W_R1,8W,TGCATGAAGACGTCGA-1,3205,1883,0.062402496099843996,20,3,Ductal suprabasal
5932,8W_R1,8W,TGCATGACACGCAAAG-1,2756,1495,0.5805515239477503,22,8,Acinar basal
5935,8W_R1,8W,TGCATGAGTTGCACGC-1,5956,2806,0.08394895903290799,10,0,Ductal basal
5942,8W_R1,8W,TGCCGAGTCACTACTT-1,5998,2629,0.06668889629876625,10,6,Ductal basal
5947,8W_R1,8W,TGCGACGTCGTAGTGT-1,13605,4488,0.029400955531054755,10,6,Ductal basal
5954,8W_R1,8W,TGCGATACACCAATTG-1,3096,1741,0.09689922480620156,16,4,Orifice
5955,8W_R1,8W,TGCGATAGTAACTTCG-1,3224,1822,0.09305210918114144,23,1,Ductular
5958,8W_R1,8W,TGCGATAGTTTCGATG-1,4652,2225,0.0,9,1,Ductular
5962,8W_R1,8W,TGCGGCACATGACAGG-1,7154,2687,0.04193458205199888,10,6,Ductal basal
5967,8W_R1,8W,TGCTCCAAGGCTAAAT-1,10583,3848,0.037796466030426155,10,6,Ductal basal
5975,8W_R1,8W,TGCTCGTGTTCCATTT-1,6155,2715,0.08123476848090982,10,6,Ductal basal
5981,8W_R1,8W,TGCTTCGGTATGGGAC-1,3193,1532,0.06263701847792046,10,6,Ductal basal
5982,8W_R1,8W,TGCTTCGTCACACCGG-1,8788,3042,0.04551661356395084,35,7,Differentiating meibocyte
5984,8W_R1,8W,TGCTTCGTCTGGGCGT-1,12263,4044,0.032618445731060916,9,1,Ductular
5988,8W_R1,8W,TGGAACTAGCATGGGT-1,1709,1043,2.4575775307197194,35,7,Differentiating meibocyte
5989,8W_R1,8W,TGGAACTAGCGAGTAC-1,7699,3156,0.06494349915573451,12,5,Ductal basal
5992,8W_R1,8W,TGGAACTGTCAAAGCG-1,4414,2173,0.09062075215224287,10,6,Ductal basal
5994,8W_R1,8W,TGGAACTGTTCTAAGC-1,10415,3775,0.03840614498319731,10,6,Ductal basal
5997,8W_R1,8W,TGGAGAGAGGACACTG-1,11659,4033,0.09434771421219658,10,6,Ductal basal
5998,8W_R1,8W,TGGAGAGAGGGTTAGC-1,5645,2859,0.0354295837023915,20,3,Ductal suprabasal
6009,8W_R1,8W,TGGAGGACAGTCTACA-1,4382,2266,0.06846188954815154,10,5,Ductal basal
6015,8W_R1,8W,TGGAGGATCTGCTTAT-1,6889,2992,0.5080563216722311,24,3,Ductal suprabasal
6016,8W_R1,8W,TGGATCACACTTGAAC-1,9899,3511,0.04040812203252854,10,6,Ductal basal
6018,8W_R1,8W,TGGATCAGTATTGAGA-1,3304,1936,0.0,20,3,Ductal suprabasal
6020,8W_R1,8W,TGGATGTAGTGCCCGT-1,6141,2598,0.03256798567008631,10,6,Ductal basal
6021,8W_R1,8W,TGGATGTCAAACACGG-1,14976,4435,0.033386752136752136,24,2,Ductal basal
6026,8W_R1,8W,TGGCGTGCACGCGTGT-1,7009,3224,0.04280211157083749,22,7,Differentiating meibocyte
6032,8W_R1,8W,TGGGAAGAGTTAGAAC-1,6581,2684,0.1367573317125057,29,7,Differentiating meibocyte
6033,8W_R1,8W,TGGGAAGCACACACTA-1,4311,2073,0.06958942240779402,10,6,Ductal basal
6036,8W_R1,8W,TGGGAAGGTCCCAAAT-1,8533,3574,0.08203445447087777,10,6,Ductal basal
6039,8W_R1,8W,TGGGAAGTCTACGGGC-1,2032,1161,0.34448818897637795,16,4,Orifice
6044,8W_R1,8W,TGGGAGAGTCAAATCC-1,5445,2787,0.07346189164370982,10,6,Ductal basal
6046,8W_R1,8W,TGGGATTCAATAGGGC-1,10030,3554,0.02991026919242273,16,4,Orifice
6051,8W_R1,8W,TGGGCGTCACTGTGTA-1,6024,2767,0.049800796812749,10,6,Ductal basal
6055,8W_R1,8W,TGGGCGTGTTTGACAC-1,3889,2185,0.1285677552069941,12,5,Ductal basal
6063,8W_R1,8W,TGGGCTGGTGTGGACA-1,3640,1980,0.10989010989010989,20,3,Ductal suprabasal
6077,8W_R1,8W,TGGTACATCAAAGAAC-1,6669,3051,0.0749737591842855,10,6,Ductal basal
6078,8W_R1,8W,TGGTACATCCTCAGAA-1,4285,2260,0.5134189031505251,24,3,Ductal suprabasal
6081,8W_R1,8W,TGGTAGTAGTCTGGTT-1,7455,3118,0.04024144869215292,22,8,Acinar basal
6086,8W_R1,8W,TGGTAGTCATTGACAC-1,5928,2222,0.06747638326585695,10,6,Ductal basal
6089,8W_R1,8W,TGGTGATAGGATACAT-1,3031,1435,0.13196964698119432,7,6,Ductal basal
6090,8W_R1,8W,TGGTGATAGTATGTAG-1,4541,2321,0.0,12,5,Ductal basal
6091,8W_R1,8W,TGGTGATAGTGCCTCG-1,13914,4061,0.0215610176800345,24,3,Ductal suprabasal
6093,8W_R1,8W,TGGTGATTCAGTCCGG-1,6027,2652,0.08296001327360213,20,3,Ductal suprabasal
6094,8W_R1,8W,TGGTGATTCTAGCATG-1,8214,3387,0.17044071098125152,25,6,Ductal basal
6096,8W_R1,8W,TGGTTAGAGGCCTGCT-1,5407,2382,0.0924727205474385,10,6,Ductal basal
6098,8W_R1,8W,TGGTTAGGTCGACTTA-1,4815,2235,0.16614745586708204,23,1,Ductular
6107,8W_R1,8W,TGTAACGCACAACGCC-1,5058,2363,0.05931198102016608,23,1,Ductular
6114,8W_R1,8W,TGTAAGCCACGAAGAC-1,5248,2560,0.019054878048780487,10,6,Ductal basal
6115,8W_R1,8W,TGTAAGCCACTATCGA-1,6923,3090,0.043333814820164664,10,6,Ductal basal
6117,8W_R1,8W,TGTAAGCGTACGACAG-1,2396,1097,0.2921535893155259,23,3,Ductal suprabasal
6118,8W_R1,8W,TGTAAGCGTATGATCC-1,3997,2033,0.10007505629221916,23,1,Ductular
6120,8W_R1,8W,TGTAAGCGTCGTCTCT-1,1841,1066,0.05431830526887561,16,4,Orifice
6121,8W_R1,8W,TGTAAGCGTGCCTTTC-1,6117,2663,0.016347882949158083,16,4,Orifice
6122,8W_R1,8W,TGTAAGCGTGGTAACG-1,4452,2191,0.11230907457322552,29,7,Differentiating meibocyte
6127,8W_R1,8W,TGTACAGTCATGGATC-1,5020,2256,0.13944223107569723,9,1,Ductular
6129,8W_R1,8W,TGTACAGTCTGAACGT-1,4208,2229,0.02376425855513308,10,6,Ductal basal
6130,8W_R1,8W,TGTAGACAGATGCCGA-1,10705,4279,0.018682858477347034,10,6,Ductal basal
6132,8W_R1,8W,TGTAGACCACGGTAGA-1,9352,4010,0.0320786997433704,20,3,Ductal suprabasal
6133,8W_R1,8W,TGTAGACCAGGAACCA-1,4043,2108,0.17313875834776157,10,6,Ductal basal
6135,8W_R1,8W,TGTAGACTCATGCATG-1,7356,3372,0.12234910277324632,10,6,Ductal basal
6136,8W_R1,8W,TGTAGACTCTTCCACG-1,3200,1918,0.125,20,3,Ductal suprabasal
6138,8W_R1,8W,TGTCAGAAGCACTCCG-1,6734,3025,0.05940005940005939,10,3,Ductal suprabasal
6142,8W_R1,8W,TGTCAGAGTCGAAGCA-1,3792,1973,0.07911392405063292,10,6,Ductal basal
6148,8W_R1,8W,TGTCCACGTCCTGTTC-1,6459,2536,0.046446818392940084,10,6,Ductal basal
6157,8W_R1,8W,TGTCCCAGTTAGAAGT-1,13433,4381,0.014888706915804363,10,3,Ductal suprabasal
6158,8W_R1,8W,TGTCCCATCCATTGTT-1,3955,1941,0.1011378002528445,10,6,Ductal basal
6159,8W_R1,8W,TGTCCCATCGAACGCC-1,8028,3655,0.13702042850024912,20,3,Ductal suprabasal
6162,8W_R1,8W,TGTCCTGCAAGGCTTT-1,6330,2801,0.14218009478672985,10,6,Ductal basal
6166,8W_R1,8W,TGTCCTGGTTCCTACC-1,5823,2578,0.10303967027305513,24,3,Ductal suprabasal
6167,8W_R1,8W,TGTCCTGGTTCTTCAT-1,7262,3163,0.19278435692646653,10,6,Ductal basal
6168,8W_R1,8W,TGTCCTGTCATTTCCA-1,4646,2456,0.06457167455876023,10,6,Ductal basal
6171,8W_R1,8W,TGTGAGTAGTGTTGTC-1,4494,2293,0.022251891410769914,10,0,Ductal basal
6181,8W_R1,8W,TGTGATGTCCGTGGTG-1,3180,1808,0.06289308176100629,9,4,Orifice
6182,8W_R1,8W,TGTGATGTCGATTCCC-1,5679,2738,0.035217467864060575,10,0,Ductal basal
6183,8W_R1,8W,TGTGATGTCGTGGCTG-1,5483,2432,0.018238190771475468,16,4,Orifice
6194,8W_R1,8W,TGTGGCGCACGGTGTC-1,4779,2428,0.10462439840970915,12,5,Ductal basal
6196,8W_R1,8W,TGTGGCGGTACTGCGC-1,6643,2947,0.09032063826584374,25,9,Ductal basal
6201,8W_R1,8W,TGTGTGAAGGTCTGGA-1,11094,3936,0.01802776275464215,10,6,Ductal basal
6202,8W_R1,8W,TGTGTGACAAGGTCGA-1,2482,1554,0.12087026591458502,10,6,Ductal basal
6205,8W_R1,8W,TGTGTGAGTGCAACAG-1,6397,3182,0.06252931061435048,29,7,Differentiating meibocyte
6209,8W_R1,8W,TGTGTGATCCCTTGGT-1,3806,2049,0.0788229111928534,10,6,Ductal basal
6216,8W_R1,8W,TGTTACTGTCAATGGG-1,4322,2311,0.09254974548819991,22,8,Acinar basal
6217,8W_R1,8W,TGTTCATAGGTACCTT-1,7392,2414,0.040584415584415584,7,6,Ductal basal
6219,8W_R1,8W,TGTTCATCAAGCGGAT-1,3557,1984,0.11245431543435479,16,4,Orifice
6223,8W_R1,8W,TGTTCATTCGACTCCT-1,3523,1986,0.11353959693443089,10,0,Ductal basal
6228,8W_R1,8W,TGTTCTAAGACCAAAT-1,4221,2057,0.07107320540156362,10,6,Ductal basal
6229,8W_R1,8W,TGTTCTAAGCTCCGAC-1,3435,1835,0.08733624454148471,10,6,Ductal basal
6230,8W_R1,8W,TGTTCTAAGTGGCCTC-1,4619,2436,0.043299415457891316,10,0,Ductal basal
6236,8W_R1,8W,TGTTCTAGTTTCGATG-1,6294,2693,0.15888147442008263,25,9,Ductal basal
6237,8W_R1,8W,TGTTCTATCGGAGTGA-1,12329,4127,0.024332873712385433,7,6,Ductal basal
6238,8W_R1,8W,TGTTGAGAGTAACCTC-1,5131,2619,0.03897875657766517,24,3,Ductal suprabasal
6243,8W_R1,8W,TGTTGGAAGGTACCTT-1,14740,4308,0.020352781546811395,24,3,Ductal suprabasal
6244,8W_R1,8W,TGTTGGAAGGTCTACT-1,10271,3707,0.10709765358777139,24,3,Ductal suprabasal
6247,8W_R1,8W,TGTTGGAGTTACCCTC-1,2187,1280,0.7315957933241883,23,1,Ductular
6249,8W_R1,8W,TGTTGGATCGAGTGAG-1,8192,3586,0.15869140625,25,9,Ductal basal
6252,8W_R1,8W,TTAATCCTCATCACCC-1,5506,2658,0.03632401017072285,22,8,Acinar basal
6258,8W_R1,8W,TTACAGGGTTAATGAG-1,7694,2832,0.10397712503249285,10,6,Ductal basal
6264,8W_R1,8W,TTACCATGTAAGTTGA-1,6114,2846,0.2944062806673209,22,7,Differentiating meibocyte
6277,8W_R1,8W,TTACGTTAGTTGGCTT-1,4814,2280,0.04154549231408392,23,1,Ductular
6283,8W_R1,8W,TTAGGCAAGCTCCACG-1,5866,2868,0.08523695874531197,10,0,Ductal basal
6286,8W_R1,8W,TTAGGCATCGCAGTTA-1,4910,2098,0.0,10,6,Ductal basal
6292,8W_R1,8W,TTAGGGTGTGACTCTA-1,4622,2436,0.08654262224145391,9,1,Ductular
6301,8W_R1,8W,TTAGTCTTCGGAGATG-1,5227,2738,0.03826286588865506,24,3,Ductal suprabasal
6302,8W_R1,8W,TTATTGCAGGTACCTT-1,7277,2665,0.0687096330905593,10,6,Ductal basal
6304,8W_R1,8W,TTATTGCGTAGCTTAC-1,12023,4068,0.0499043499958413,10,6,Ductal basal
6307,8W_R1,8W,TTCAATCAGAGGCCAT-1,7107,2812,0.056282538342479246,10,6,Ductal basal
6314,8W_R1,8W,TTCAATCTCCGCAGTG-1,11027,3869,0.04534324839031468,12,5,Ductal basal
6316,8W_R1,8W,TTCAATCTCTGGTGGC-1,8360,2815,0.023923444976076555,24,3,Ductal suprabasal
6320,8W_R1,8W,TTCACCGTCCGTCAAA-1,6550,2307,0.1068702290076336,24,3,Ductal suprabasal
6321,8W_R1,8W,TTCACCGTCTCACCCA-1,4132,2284,0.12100677637947724,22,8,Acinar basal
6324,8W_R1,8W,TTCACGCAGATTGGGC-1,6533,2920,0.030613806826878923,16,4,Orifice
6327,8W_R1,8W,TTCACGCCATTCCTAT-1,11030,3238,0.04533091568449683,24,3,Ductal suprabasal
6329,8W_R1,8W,TTCACGCGTTATGACC-1,8382,3230,0.047721307563827246,10,6,Ductal basal
6337,8W_R1,8W,TTCAGGATCACTTTGT-1,3291,1736,0.27347310847766637,10,6,Ductal basal
6344,8W_R1,8W,TTCATTGCACGCTATA-1,9227,3641,0.054188793757450955,25,9,Ductal basal
6348,8W_R1,8W,TTCATTGTCGACGCTG-1,6706,2917,0.08947211452430659,24,3,Ductal suprabasal
6349,8W_R1,8W,TTCATTGTCGGACCAC-1,7229,2943,0.08299903167796376,20,3,Ductal suprabasal
6350,8W_R1,8W,TTCATTGTCGGCTCTT-1,6111,2663,0.0,10,6,Ductal basal
6351,8W_R1,8W,TTCCAATAGAGCTTTC-1,1765,1136,0.7365439093484419,29,7,Differentiating meibocyte
6360,8W_R1,8W,TTCCACGCAGGACATG-1,7424,2358,0.02693965517241379,10,6,Ductal basal
6368,8W_R1,8W,TTCCGGTCAAGAAACT-1,3844,2107,0.052029136316337155,12,5,Ductal basal
6369,8W_R1,8W,TTCCGGTGTACGACTT-1,8322,2953,0.08411439557798606,20,8,Acinar basal
6373,8W_R1,8W,TTCCGTGAGGTAACTA-1,8902,3472,0.03370029206919793,10,6,Ductal basal
6375,8W_R1,8W,TTCCGTGAGTTCAACC-1,6777,3018,0.029511583296443857,25,9,Ductal basal
6377,8W_R1,8W,TTCCGTGCACTGCATA-1,4163,2029,0.0720634158059092,10,6,Ductal basal
6378,8W_R1,8W,TTCCGTGGTTAGAGTA-1,3715,2172,0.026917900403768503,20,3,Ductal suprabasal
6382,8W_R1,8W,TTCCTAAAGTGTTGAA-1,2458,1570,0.4882017900732303,20,3,Ductal suprabasal
6384,8W_R1,8W,TTCCTAAGTCATCCGG-1,7602,3369,0.07892659826361484,22,8,Acinar basal
6387,8W_R1,8W,TTCCTAATCCGTGGGT-1,3200,1801,0.09375,22,8,Acinar basal
6394,8W_R1,8W,TTCCTCTTCCAAGCTA-1,7073,3086,0.11310617842499647,9,6,Ductal basal
6398,8W_R1,8W,TTCCTTCCAAAGGAGA-1,11528,3735,0.06939625260235947,16,4,Orifice
6399,8W_R1,8W,TTCCTTCGTACTCGCG-1,3991,2281,0.05011275369581559,29,7,Differentiating meibocyte
6400,8W_R1,8W,TTCCTTCGTTTCCATT-1,8353,3496,0.011971746677840296,25,9,Ductal basal
6415,8W_R1,8W,TTCGCTGTCCTATGGA-1,4299,2130,0.06978367062107467,20,3,Ductal suprabasal
6421,8W_R1,8W,TTCGGTCGTCTGCCTT-1,5842,2693,0.15405682985279015,29,7,Differentiating meibocyte
6422,8W_R1,8W,TTCGGTCTCAAACCTG-1,5161,2335,0.0968804495252858,23,1,Ductular
6425,8W_R1,8W,TTCTAACCAACAAAGT-1,8397,3156,0.03572704537334762,24,3,Ductal suprabasal
6432,8W_R1,8W,TTCTAGTTCCATAAGC-1,3742,1784,0.053447354355959376,35,7,Differentiating meibocyte
6435,8W_R1,8W,TTCTAGTTCCTTGACC-1,15683,4349,0.01912899317732577,24,3,Ductal suprabasal
6442,8W_R1,8W,TTCTCTCCAGCACAAG-1,9832,3494,0.20341741253051263,24,3,Ductal suprabasal
6444,8W_R1,8W,TTCTCTCGTAGCGCTC-1,4403,2314,0.04542357483533954,10,6,Ductal basal
6446,8W_R1,8W,TTCTCTCGTCGCGGTT-1,6326,2759,0.03161555485298767,16,4,Orifice
6454,8W_R1,8W,TTCTGTATCTATCACT-1,11091,4339,0.027048958615093318,22,6,Ductal basal
6458,8W_R1,8W,TTCTTGACATGTGTCA-1,2808,1639,0.07122507122507123,12,5,Ductal basal
6464,8W_R1,8W,TTGAACGGTAGCTCGC-1,5533,2668,0.07229351165732875,10,6,Ductal basal
6470,8W_R1,8W,TTGACCCTCGTCTACC-1,6412,2944,0.09357454772301933,10,6,Ductal basal
6471,8W_R1,8W,TTGAGTGAGGAAAGTG-1,5265,2894,0.11396011396011395,10,8,Acinar basal
6481,8W_R1,8W,TTGATGGTCCAGCAAT-1,10393,3689,0.1539497738862696,20,3,Ductal suprabasal
6483,8W_R1,8W,TTGCATTAGAGCAGAA-1,2733,1740,0.07317965605561653,9,4,Orifice
6485,8W_R1,8W,TTGCATTAGTGCTCGC-1,2736,1516,0.18274853801169588,10,6,Ductal basal
6491,8W_R1,8W,TTGCCTGCAACGGTAG-1,6780,3023,0.029498525073746312,10,6,Ductal basal
6496,8W_R1,8W,TTGCCTGGTGACTGAG-1,8932,3608,0.03358710255261979,25,9,Ductal basal
6498,8W_R1,8W,TTGCCTGTCAAAGCCT-1,7395,3278,0.04056795131845842,10,6,Ductal basal
6500,8W_R1,8W,TTGCGTCAGCAAGTGC-1,5441,2593,0.01837897445322551,10,6,Ductal basal
6503,8W_R1,8W,TTGCGTCCAGTCGTTA-1,5519,2440,0.03623844899438304,7,6,Ductal basal
6504,8W_R1,8W,TTGCGTCGTCCAAAGG-1,3385,1609,0.059084194977843424,7,2,Ductal basal
6507,8W_R1,8W,TTGCGTCTCACTTATC-1,4935,2490,0.04052684903748733,20,3,Ductal suprabasal
6511,8W_R1,8W,TTGCGTCTCGCTTGCT-1,4792,2359,0.06260434056761269,10,6,Ductal basal
6516,8W_R1,8W,TTGCTGCGTTACCCAA-1,4270,2340,0.023419203747072598,25,9,Ductal basal
6520,8W_R1,8W,TTGGATGCACTGGCGT-1,10526,3707,0.08550256507695231,23,10,Differentiated meibocyte
6521,8W_R1,8W,TTGGATGGTAACGATA-1,6097,2668,0.06560603575528948,20,3,Ductal suprabasal
6522,8W_R1,8W,TTGGATGGTACAGTTC-1,4505,2446,0.08879023307436182,24,3,Ductal suprabasal
6523,8W_R1,8W,TTGGATGTCTGTGCTC-1,9233,2838,0.04332286364128669,24,3,Ductal suprabasal
6534,8W_R1,8W,TTGGGCGCACGACGTC-1,6689,2921,0.05979967110180894,10,0,Ductal basal
6535,8W_R1,8W,TTGGGCGGTGATACCT-1,7560,3053,0.03968253968253968,24,3,Ductal suprabasal
6538,8W_R1,8W,TTGGGCGTCTTTCCGG-1,4672,1981,0.021404109589041095,7,6,Ductal basal
6539,8W_R1,8W,TTGGGTAAGATGAACT-1,11899,4090,0.03361627027481301,22,8,Acinar basal
6541,8W_R1,8W,TTGGGTAAGTGGTTGG-1,4159,1829,0.024044241404183698,10,6,Ductal basal
6543,8W_R1,8W,TTGGGTACACAAATAG-1,13757,4265,0.08722832012793487,12,5,Ductal basal
6545,8W_R1,8W,TTGGGTAGTGACAGGT-1,4143,2267,0.0724112961622013,10,6,Ductal basal
6548,8W_R1,8W,TTGGTTTAGATACCAA-1,4526,1385,0.15466195315952277,23,3,Ductal suprabasal
6551,8W_R1,8W,TTGGTTTCAAGAGTTA-1,2215,1416,0.7223476297968396,25,9,Ductal basal
6554,8W_R1,8W,TTGGTTTGTGCGGCTT-1,5260,2466,0.11406844106463879,10,6,Ductal basal
6556,8W_R1,8W,TTGTGGACAGTAGAAT-1,3194,1854,0.0,16,4,Orifice
6557,8W_R1,8W,TTGTGGACATACAGAA-1,2547,1427,0.03926187671770711,10,2,Ductal basal
6561,8W_R1,8W,TTGTGTTAGGAGTATT-1,4267,1867,0.04687133817670495,7,2,Ductal basal
6564,8W_R1,8W,TTGTGTTGTGATTAGA-1,5147,2627,0.3302894890227317,10,0,Ductal basal
6566,8W_R1,8W,TTGTGTTTCCACTAGA-1,2417,1421,0.08274720728175423,10,0,Ductal basal
6567,8W_R1,8W,TTGTTCAAGCCAGTAG-1,6007,2722,0.0166472448809722,20,3,Ductal suprabasal
6569,8W_R1,8W,TTGTTCACAGAGATTA-1,6489,2629,0.03082139004469102,29,7,Differentiating meibocyte
6570,8W_R1,8W,TTGTTCAGTGACCTGC-1,3578,1895,0.08384572386808273,23,3,Ductal suprabasal
6574,8W_R1,8W,TTGTTGTGTGTTGATC-1,12340,3467,0.03241491085899514,24,3,Ductal suprabasal
6575,8W_R1,8W,TTGTTGTGTTAAGAAC-1,6869,2750,0.05823263939438055,16,4,Orifice
6590,8W_R1,8W,TTTACCAGTATCAAGA-1,7899,3479,0.063299151791366,10,6,Ductal basal
6594,8W_R1,8W,TTTACGTAGTATGGAT-1,7029,3275,0.014226774790155071,10,6,Ductal basal
6595,8W_R1,8W,TTTACGTCAGTAGTTC-1,6289,3218,0.03180155827635554,20,3,Ductal suprabasal
6597,8W_R1,8W,TTTACGTGTGATGAAT-1,7300,3214,0.0,9,4,Orifice
6603,8W_R1,8W,TTTACTGCATCCTAAG-1,4547,2337,0.04398504508467121,24,3,Ductal suprabasal
6604,8W_R1,8W,TTTACTGCATTGCTGA-1,3765,1811,0.9561752988047808,35,7,Differentiating meibocyte
6605,8W_R1,8W,TTTACTGTCTGCATGA-1,2626,1524,0.26656511805026656,24,3,Ductal suprabasal
6608,8W_R1,8W,TTTAGTCCATCAACCA-1,10846,4285,0.11063986723215931,25,9,Ductal basal
6610,8W_R1,8W,TTTAGTCGTGATACTC-1,2891,1773,0.13836042891732964,22,8,Acinar basal
6613,8W_R1,8W,TTTATGCAGAGCAGAA-1,3821,1888,0.07851347814708191,10,2,Ductal basal
6618,8W_R1,8W,TTTCACATCGAGAATA-1,7115,3177,0.014054813773717499,20,3,Ductal suprabasal
6621,8W_R1,8W,TTTCAGTGTAACAGTA-1,1519,927,0.39499670836076367,35,7,Differentiating meibocyte
6622,8W_R1,8W,TTTCAGTGTAGAGCTG-1,6864,3153,0.07284382284382285,10,6,Ductal basal
6623,8W_R1,8W,TTTCAGTGTCTCGGGT-1,2925,1658,0.10256410256410256,10,6,Ductal basal
6625,8W_R1,8W,TTTCATGAGGACTGGT-1,1388,833,0.36023054755043227,35,10,Differentiated meibocyte
6627,8W_R1,8W,TTTCATGCAAGCGCAA-1,1722,1172,0.4645760743321719,9,4,Orifice
6630,8W_R1,8W,TTTCATGGTATCATGC-1,6997,3123,0.08575103615835358,10,6,Ductal basal
6633,8W_R1,8W,TTTCCTCAGCAAACAT-1,5850,2581,0.06837606837606838,10,6,Ductal basal
6636,8W_R1,8W,TTTCCTCTCTTCTAAC-1,15148,4208,0.006601531555320834,20,3,Ductal suprabasal
6645,8W_R1,8W,TTTGACTAGATGGTCG-1,11801,4089,0.033895432590458435,25,9,Ductal basal
6652,8W_R1,8W,TTTGATCCAGCCCAGT-1,6561,2949,0.030483158055174518,22,8,Acinar basal
6661,8W_R1,8W,TTTGGTTAGCGCACAA-1,11182,4255,0.04471472008585226,20,3,Ductal suprabasal
6667,8W_R1,8W,TTTGGTTTCAGCCTTC-1,7953,2837,0.05029548598013328,10,6,Ductal basal
6669,8W_R1,8W,TTTGTTGCACGCGCAT-1,13154,3405,0.03040900106431504,24,3,Ductal suprabasal
6673,8W_R1,8W,TTTGTTGTCAGACCTA-1,8042,3215,0.09947774185525989,23,0,Ductal basal
6680,8W_R2,8W,AAACCCAGTTCTAACG-1,6023,2630,0.09961813049975095,10,6,Ductal basal
6683,8W_R2,8W,AAACGAAAGCGGGTAT-1,4944,2588,0.30339805825242716,10,2,Ductal basal
6684,8W_R2,8W,AAACGAAAGCTTTCTT-1,1561,1037,0.19218449711723257,35,7,Differentiating meibocyte
6686,8W_R2,8W,AAACGAAAGTAAACTG-1,692,526,0.0,9,1,Ductular
6692,8W_R2,8W,AAACGAAGTCCGGATC-1,8330,3725,0.34813925570228094,5,0,Ductal basal
6694,8W_R2,8W,AAACGAATCCATAGAC-1,4680,2289,0.1495726495726496,16,4,Orifice
6703,8W_R2,8W,AAACGCTGTGTACATC-1,1175,800,0.0851063829787234,9,1,Ductular
6707,8W_R2,8W,AAAGAACAGTCCGCCA-1,2733,1667,0.0,9,9,Ductal basal
6717,8W_R2,8W,AAAGAACTCGTTAGTG-1,3397,1925,0.14718869590815425,10,2,Ductal basal
6721,8W_R2,8W,AAAGGATAGCTAAATG-1,2903,1433,0.2755769893213917,7,2,Ductal basal
6727,8W_R2,8W,AAAGGATGTCCTGTCT-1,4019,2062,0.1244090569793481,7,2,Ductal basal
6729,8W_R2,8W,AAAGGATGTGGTTTGT-1,2518,1623,0.3971405877680699,7,2,Ductal basal
6734,8W_R2,8W,AAAGGGCCAGTCAGCC-1,8343,3756,0.03595828838547285,25,9,Ductal basal
6738,8W_R2,8W,AAAGGGCGTGGCTAGA-1,7549,2786,1.4703934295933236,29,7,Differentiating meibocyte
6742,8W_R2,8W,AAAGGTAAGGATAATC-1,6283,3029,0.3342352379436575,22,8,Acinar basal
6743,8W_R2,8W,AAAGGTACACGCGGTT-1,4376,2311,0.3656307129798903,12,5,Ductal basal
6746,8W_R2,8W,AAAGGTAGTAGAGACC-1,2570,1567,0.11673151750972763,12,5,Ductal basal
6751,8W_R2,8W,AAAGTCCAGGTTACAA-1,6671,2907,0.8244640983360816,7,3,Ductal suprabasal
6757,8W_R2,8W,AAAGTCCTCAGGAAGC-1,9079,3673,0.06608657341116864,12,5,Ductal basal
6759,8W_R2,8W,AAAGTGAAGACCACGA-1,5345,2775,0.13096351730589337,35,10,Differentiated meibocyte
6764,8W_R2,8W,AAAGTGAAGTTGGCTT-1,4591,2485,0.08712698758440428,25,9,Ductal basal
6766,8W_R2,8W,AAAGTGACACCGTCGA-1,2785,1600,0.1436265709156194,9,1,Ductular
6768,8W_R2,8W,AAAGTGAGTCAACGCC-1,5752,2645,0.1043115438108484,9,1,Ductular
6774,8W_R2,8W,AAATGGAAGGATACAT-1,4159,2292,0.09617696561673479,12,5,Ductal basal
6775,8W_R2,8W,AAATGGAAGGGTGAGG-1,2421,1622,0.24783147459727387,9,1,Ductular
6776,8W_R2,8W,AAATGGACAACACGTT-1,2255,1357,0.08869179600886917,7,1,Ductular
6778,8W_R2,8W,AAATGGACAGATTCGT-1,2630,1703,0.19011406844106463,24,3,Ductal suprabasal
6779,8W_R2,8W,AAATGGAGTTTACGTG-1,9424,3910,0.1273344651952462,25,9,Ductal basal
6781,8W_R2,8W,AAATGGATCTGCAGCG-1,5762,2519,0.13884068031933355,12,4,Orifice
6783,8W_R2,8W,AACAAAGAGCCACCGT-1,4011,2371,0.3241087010720518,24,3,Ductal suprabasal
6784,8W_R2,8W,AACAAAGCAGTTGAAA-1,2850,1693,0.2807017543859649,9,1,Ductular
6785,8W_R2,8W,AACAAAGCATCAGCTA-1,5418,2524,0.29531192321889993,12,4,Orifice
6789,8W_R2,8W,AACAAAGGTGAAAGTT-1,1941,1365,0.20607934054611027,9,1,Ductular
6792,8W_R2,8W,AACAAAGTCTCGGCTT-1,3905,2101,0.07682458386683738,23,1,Ductular
6805,8W_R2,8W,AACAACCTCCAGGACC-1,6101,2832,0.21307982297983935,12,4,Orifice
6814,8W_R2,8W,AACAAGAGTCCTCAGG-1,2065,1349,0.14527845036319612,7,2,Ductal basal
6816,8W_R2,8W,AACAAGATCGCGGACT-1,2464,1552,0.12175324675324675,24,3,Ductal suprabasal
6819,8W_R2,8W,AACACACAGTTGCGAG-1,11216,4387,0.09807417974322397,25,0,Ductal basal
6820,8W_R2,8W,AACACACCACCTTCCA-1,3486,1905,0.17211703958691912,9,1,Ductular
6830,8W_R2,8W,AACAGGGCATGCGGTC-1,5140,2624,0.038910505836575876,29,7,Differentiating meibocyte
6832,8W_R2,8W,AACAGGGTCATTTGCT-1,4957,2608,0.12104095218882388,5,0,Ductal basal
6833,8W_R2,8W,AACAGGGTCGAATGCT-1,6638,3081,0.07532389273877674,22,8,Acinar basal
6837,8W_R2,8W,AACCAACAGAGTTGAT-1,4940,2199,0.16194331983805668,16,4,Orifice
6838,8W_R2,8W,AACCAACAGCCGATCC-1,5901,3024,0.1694628029147602,20,3,Ductal suprabasal
6842,8W_R2,8W,AACCAACCACCGGAAA-1,4731,2410,0.2113718030014796,23,1,Ductular
6844,8W_R2,8W,AACCAACGTAGGTACG-1,3915,2174,0.10217113665389528,5,0,Ductal basal
6849,8W_R2,8W,AACCACAAGCGTTAGG-1,3348,1883,0.05973715651135006,23,1,Ductular
6851,8W_R2,8W,AACCACACACCCTCTA-1,8269,2811,0.14512032893941226,7,2,Ductal basal
6856,8W_R2,8W,AACCACAGTTCTGACA-1,7967,3601,0.12551776076314797,5,0,Ductal basal
6857,8W_R2,8W,AACCACAGTTGACGGA-1,4484,2347,0.11150758251561106,16,4,Orifice
6860,8W_R2,8W,AACCATGCACTGCGTG-1,3467,1993,0.2884338044418806,12,5,Ductal basal
6866,8W_R2,8W,AACCATGTCTGAGTCA-1,5198,2701,0.038476337052712584,5,0,Ductal basal
6872,8W_R2,8W,AACCCAAAGTGTAGAT-1,1887,1207,0.21197668256491786,23,1,Ductular
6877,8W_R2,8W,AACCCAAGTATGACAA-1,5526,3134,0.09048136083966703,25,9,Ductal basal
6881,8W_R2,8W,AACCCAATCTATCGGA-1,1302,979,0.0,22,8,Acinar basal
6884,8W_R2,8W,AACCTGAAGCACTCTA-1,3634,1843,0.0550357732526142,12,1,Ductular
6886,8W_R2,8W,AACCTGAAGGTTCCGC-1,5345,2398,0.11225444340505146,7,2,Ductal basal
6889,8W_R2,8W,AACCTGAGTACGGATG-1,5670,2934,0.12345679012345678,20,3,Ductal suprabasal
6890,8W_R2,8W,AACCTGATCCTCGCAT-1,3979,2024,0.12565971349585323,22,8,Acinar basal
6894,8W_R2,8W,AACCTTTCAATGGCCC-1,3723,2012,0.13430029546065003,9,1,Ductular
6896,8W_R2,8W,AACCTTTCACGGCCAT-1,2166,1325,0.23084025854108958,12,5,Ductal basal
6907,8W_R2,8W,AACGAAAGTAGCGTCC-1,4062,2006,0.17232890201870998,16,4,Orifice
6916,8W_R2,8W,AACGGGAAGAGCCCAA-1,2801,1857,0.1785076758300607,20,3,Ductal suprabasal
6922,8W_R2,8W,AACGGGACACAACGTT-1,5643,2874,0.0886053517632465,25,3,Ductal suprabasal
6924,8W_R2,8W,AACGGGAGTTATCCAG-1,3813,2205,0.1835824809861002,24,3,Ductal suprabasal
6925,8W_R2,8W,AACGGGATCAGTGTGT-1,3819,2323,0.05236973029588898,20,3,Ductal suprabasal
6933,8W_R2,8W,AACGTCAGTTACGTAC-1,9777,3831,0.07159660427534008,29,7,Differentiating meibocyte
6934,8W_R2,8W,AACGTCAGTTTCGTAG-1,4564,2321,0.175284837861525,16,4,Orifice
6938,8W_R2,8W,AACGTCATCTAGACCA-1,2564,1526,0.27301092043681746,7,2,Ductal basal
6941,8W_R2,8W,AACTTCTAGCTAAACA-1,1262,898,2.6148969889064975,22,8,Acinar basal
6942,8W_R2,8W,AACTTCTAGGTTTGAA-1,6352,3214,0.17317380352644837,22,7,Differentiating meibocyte
6945,8W_R2,8W,AACTTCTGTCAGATTC-1,5638,3002,0.1418942887548776,22,7,Differentiating meibocyte
6948,8W_R2,8W,AAGAACAAGAATCCCT-1,4318,2097,0.20842982862436313,22,8,Acinar basal
6949,8W_R2,8W,AAGAACAAGCCTGAGA-1,4053,2221,0.1480384900074019,16,4,Orifice
6952,8W_R2,8W,AAGAACACAGGCACAA-1,5568,2633,0.7902298850574714,16,4,Orifice
6956,8W_R2,8W,AAGAACATCATTTGGG-1,2940,1883,0.10204081632653061,25,9,Ductal basal
6962,8W_R2,8W,AAGACAAAGAATTCAG-1,3684,2076,0.13572204125950055,9,3,Ductal suprabasal
6964,8W_R2,8W,AAGACAAAGCGATGGT-1,5069,2604,0.13809429867824027,5,0,Ductal basal
6966,8W_R2,8W,AAGACAAAGTTGTACC-1,8528,3436,0.05863039399624766,16,4,Orifice
6967,8W_R2,8W,AAGACAACAAGAATAC-1,6743,2898,0.10381135992881506,10,6,Ductal basal
6968,8W_R2,8W,AAGACAACAAGCCATT-1,4024,2302,0.91948310139165,5,0,Ductal basal
6969,8W_R2,8W,AAGACAAGTAGCGTAG-1,3461,1783,0.1444669170759896,23,1,Ductular
6972,8W_R2,8W,AAGACAATCCACATAG-1,5099,2620,0.11767013139831341,20,3,Ductal suprabasal
6977,8W_R2,8W,AAGACTCCAAACCACT-1,3449,1933,0.14496955639315745,9,1,Ductular
6979,8W_R2,8W,AAGACTCCAATGAGCG-1,6402,3404,0.10934083099031554,5,0,Ductal basal
6980,8W_R2,8W,AAGACTCGTAAGATTG-1,4307,2066,0.162526120269329,23,1,Ductular
6982,8W_R2,8W,AAGACTCGTGTATACC-1,3062,1814,0.16329196603527107,10,2,Ductal basal
6989,8W_R2,8W,AAGACTCTCGAGGCAA-1,3188,1829,0.3136762860727729,23,1,Ductular
6992,8W_R2,8W,AAGATAGAGGCTCTCG-1,4886,2691,0.020466639377814164,10,0,Ductal basal
6998,8W_R2,8W,AAGATAGGTATGAAAC-1,1154,835,0.08665511265164644,24,3,Ductal suprabasal
6999,8W_R2,8W,AAGATAGGTTGCGGCT-1,3110,1851,0.09646302250803858,5,0,Ductal basal
7000,8W_R2,8W,AAGATAGTCTGTCCCA-1,4705,2529,0.51009564293305,10,6,Ductal basal
7002,8W_R2,8W,AAGCATCAGCTTAAGA-1,1740,1220,0.5172413793103449,24,3,Ductal suprabasal
7003,8W_R2,8W,AAGCATCAGGCTTCCG-1,2783,1717,0.5749191519942508,23,1,Ductular
7006,8W_R2,8W,AAGCATCCAGCTGTTA-1,2906,1694,0.3097040605643496,7,2,Ductal basal
7008,8W_R2,8W,AAGCATCGTAAGACCG-1,4406,2020,0.20426690876078077,7,2,Ductal basal
7011,8W_R2,8W,AAGCATCGTTGGTACT-1,3946,2134,0.1773948302078054,7,2,Ductal basal
7014,8W_R2,8W,AAGCATCTCGCGTGCA-1,3141,1773,0.06367398917542184,22,8,Acinar basal
7016,8W_R2,8W,AAGCCATCAACCCGCA-1,6116,2738,0.0817527795945062,22,8,Acinar basal
7017,8W_R2,8W,AAGCCATCAGGATGAC-1,3298,1316,0.3638568829593693,23,3,Ductal suprabasal
7021,8W_R2,8W,AAGCCATGTTGTATGC-1,2983,1736,0.16761649346295676,10,0,Ductal basal
7027,8W_R2,8W,AAGCGAGAGTAAATGC-1,4891,2235,0.18401144960130852,7,2,Ductal basal
7034,8W_R2,8W,AAGCGAGGTGTTCGTA-1,2830,1726,0.10600706713780918,20,3,Ductal suprabasal
7036,8W_R2,8W,AAGCGAGTCGTTCTAT-1,3065,1739,0.13050570962479607,16,4,Orifice
7040,8W_R2,8W,AAGCGTTGTCGCGGTT-1,4811,2599,0.08314279775514445,12,5,Ductal basal
7050,8W_R2,8W,AAGGAATAGGTTGTTC-1,3683,1788,0.1629106706489275,23,1,Ductular
7052,8W_R2,8W,AAGGAATAGTTGTCAC-1,4156,2286,0.0962463907603465,29,7,Differentiating meibocyte
7056,8W_R2,8W,AAGGAATTCAGCGCGT-1,7271,3226,0.15128593040847202,5,0,Ductal basal
7059,8W_R2,8W,AAGGAATTCGCACGAC-1,2440,1464,0.32786885245901637,10,0,Ductal basal
7061,8W_R2,8W,AAGGTAAAGCCGATAG-1,3479,1866,0.31618281115263003,9,2,Ductal basal
7066,8W_R2,8W,AAGGTAACATCTTAGG-1,1523,1056,0.13131976362442546,23,1,Ductular
7069,8W_R2,8W,AAGGTAATCACTTTGT-1,2898,1768,0.03450655624568668,20,8,Acinar basal
7070,8W_R2,8W,AAGGTAATCATGAGTC-1,3896,1997,0.07700205338809035,22,8,Acinar basal
7072,8W_R2,8W,AAGGTAATCTTTCTAG-1,5891,2746,0.03395009336275675,5,0,Ductal basal
7075,8W_R2,8W,AAGTACCCAGAAGTGC-1,5401,2853,0.3332716163673394,25,9,Ductal basal
7076,8W_R2,8W,AAGTACCCAGAGGTTG-1,6490,3148,0.09244992295839753,10,5,Ductal basal
7082,8W_R2,8W,AAGTACCTCGTTGTGA-1,4817,2571,0.2075980900975711,5,0,Ductal basal
7085,8W_R2,8W,AAGTCGTCACTCCCTA-1,5521,2835,0.03622532149972831,24,3,Ductal suprabasal
7087,8W_R2,8W,AAGTCGTCAGCGGATA-1,3783,2116,0.10573618821041501,20,3,Ductal suprabasal
7089,8W_R2,8W,AAGTCGTGTGCGTGCT-1,2779,1880,0.035984166966534725,22,8,Acinar basal
7099,8W_R2,8W,AAGTGAAGTTTCACTT-1,1298,882,0.15408320493066258,9,1,Ductular
7106,8W_R2,8W,AAGTTCGGTTCCTAAG-1,3422,1810,0.14611338398597312,12,5,Ductal basal
7107,8W_R2,8W,AAGTTCGGTTCTCTAT-1,1391,933,0.28756290438533433,20,3,Ductal suprabasal
7108,8W_R2,8W,AAGTTCGTCATCGCTC-1,4327,2378,0.06933210076265311,25,9,Ductal basal
7112,8W_R2,8W,AATAGAGAGCTGCGAA-1,2204,1379,0.18148820326678766,16,4,Orifice
7114,8W_R2,8W,AATAGAGAGGAGACCT-1,3329,2017,0.15019525382997898,10,0,Ductal basal
7119,8W_R2,8W,AATAGAGCACGTACTA-1,3360,1923,0.1488095238095238,9,0,Ductal basal
7125,8W_R2,8W,AATCACGCAACAAGAT-1,2644,1602,0.264750378214826,16,4,Orifice
7132,8W_R2,8W,AATCGACCAACATACC-1,8778,3825,0.14809751651856914,10,6,Ductal basal
7133,8W_R2,8W,AATCGACCATCTTCGC-1,4488,2287,0.11140819964349377,9,1,Ductular
7140,8W_R2,8W,AATCGTGAGACTCGAG-1,2183,1335,0.0,9,1,Ductular
7144,8W_R2,8W,AATCGTGAGTTGCCTA-1,3307,1744,0.12095554883580284,12,5,Ductal basal
7145,8W_R2,8W,AATCGTGCATAATGAG-1,7800,3360,0.10256410256410256,12,5,Ductal basal
7155,8W_R2,8W,AATGAAGCAGCGGTTC-1,1401,1016,0.21413276231263384,22,8,Acinar basal
7157,8W_R2,8W,AATGAAGCATGTCTAG-1,9205,3965,0.05431830526887561,25,9,Ductal basal
7158,8W_R2,8W,AATGAAGGTCCAGGTC-1,3592,2161,0.16703786191536749,10,6,Ductal basal
7161,8W_R2,8W,AATGAAGTCGTGGACC-1,2740,1662,0.25547445255474455,5,0,Ductal basal
7164,8W_R2,8W,AATGACCGTATCATGC-1,5879,2553,0.03401939105290015,9,1,Ductular
7168,8W_R2,8W,AATGACCTCGAGAATA-1,2173,1370,0.09203865623561897,7,2,Ductal basal
7173,8W_R2,8W,AATGCCACAATCCTTT-1,3697,2007,0.18934271030565322,16,4,Orifice
7175,8W_R2,8W,AATGCCACACTCTAGA-1,5743,2513,0.10447501305937663,16,4,Orifice
7176,8W_R2,8W,AATGCCACATAATCCG-1,3613,2060,0.1383891502906172,23,1,Ductular
7177,8W_R2,8W,AATGCCAGTCATCTAG-1,2301,1370,0.0869187309865276,16,4,Orifice
7178,8W_R2,8W,AATGCCATCAGTGATC-1,6389,3105,0.21912662388480203,9,1,Ductular
7180,8W_R2,8W,AATGGAAAGGCGAACT-1,1851,1227,0.10804970286331712,16,4,Orifice
7181,8W_R2,8W,AATGGAAAGGTAGCCA-1,3860,2180,0.05181347150259067,25,9,Ductal basal
7182,8W_R2,8W,AATGGAAAGGTCGTAG-1,5588,2802,0.05368647100930566,12,5,Ductal basal
7184,8W_R2,8W,AATGGAACAATAGAGT-1,2834,1786,0.07057163020465773,10,6,Ductal basal
7188,8W_R2,8W,AATGGAAGTTTACTGG-1,3269,1760,0.03059039461609055,7,2,Ductal basal
7189,8W_R2,8W,AATGGAATCCGCTGTT-1,3305,1976,0.15128593040847202,16,4,Orifice
7194,8W_R2,8W,AATGGCTAGTCACTCA-1,2820,1709,0.1773049645390071,9,1,Ductular
7195,8W_R2,8W,AATGGCTCACAGAAGC-1,2053,1351,0.1948368241597662,9,1,Ductular
7202,8W_R2,8W,AATGGCTGTGTCCACG-1,2249,1324,0.17785682525566918,7,2,Ductal basal
7203,8W_R2,8W,AATGGCTGTTGAGAGC-1,5602,2866,0.12495537308104249,12,5,Ductal basal
7205,8W_R2,8W,AATTCCTAGACTGAGC-1,2516,1561,0.0,20,2,Ductal basal
7206,8W_R2,8W,AATTCCTAGCACACAG-1,2133,1440,0.42194092827004215,20,3,Ductal suprabasal
7210,8W_R2,8W,AATTCCTAGTGGAAAG-1,2410,1613,0.08298755186721991,22,7,Differentiating meibocyte
7211,8W_R2,8W,AATTCCTCAGGCTATT-1,2703,1624,0.11098779134295228,9,1,Ductular
7212,8W_R2,8W,AATTCCTCAGTCAGTT-1,1159,833,0.08628127696289906,20,3,Ductal suprabasal
7218,8W_R2,8W,AATTCCTTCAAGGCTT-1,5920,2839,0.13513513513513514,12,5,Ductal basal
7220,8W_R2,8W,AATTCCTTCGAAACAA-1,1410,902,0.2127659574468085,35,7,Differentiating meibocyte
7226,8W_R2,8W,AATTTCCCAGTGACCC-1,6597,3048,0.03031681067151736,29,7,Differentiating meibocyte
7228,8W_R2,8W,AATTTCCCATCATGAC-1,2420,1439,0.2066115702479339,7,2,Ductal basal
7230,8W_R2,8W,AATTTCCTCCTACAAG-1,4658,2122,0.08587376556462001,16,2,Ductal basal
7233,8W_R2,8W,ACAAAGACAATCAAGA-1,4608,2654,0.06510416666666666,25,9,Ductal basal
7234,8W_R2,8W,ACAAAGACACGTTGGC-1,7421,3409,0.22907963886268698,12,5,Ductal basal
7237,8W_R2,8W,ACAACCAAGACCATTC-1,5361,2808,0.09326618168252192,22,8,Acinar basal
7238,8W_R2,8W,ACAACCAAGATCACTC-1,6713,3124,0.17875763444063758,20,3,Ductal suprabasal
7239,8W_R2,8W,ACAACCAAGCTACTAC-1,6476,2890,0.06176652254478073,20,3,Ductal suprabasal
7240,8W_R2,8W,ACAACCAAGGTCGTAG-1,2758,1687,0.0725163161711385,5,0,Ductal basal
7245,8W_R2,8W,ACAACCAGTCGCACGT-1,10357,4057,0.06758713913295356,10,6,Ductal basal
7250,8W_R2,8W,ACAAGCTTCAAGCCCG-1,5150,2414,0.15533980582524273,10,6,Ductal basal
7257,8W_R2,8W,ACACAGTAGTAGAGTT-1,2906,1614,0.13764624913971094,23,1,Ductular
7259,8W_R2,8W,ACACAGTGTACGATCT-1,6774,2950,0.08857395925597875,7,2,Ductal basal
7261,8W_R2,8W,ACACAGTGTTATCTGG-1,3191,1834,0.12535255405828893,23,1,Ductular
7264,8W_R2,8W,ACACCAAAGAGTCCGA-1,6261,3235,0.07985944737262418,22,8,Acinar basal
7266,8W_R2,8W,ACACCAAAGGTAGATT-1,3896,2439,0.051334702258726904,22,8,Acinar basal
7268,8W_R2,8W,ACACCAAAGTAGCAAT-1,3448,2088,0.11600928074245939,10,0,Ductal basal
7270,8W_R2,8W,ACACCAAGTAGCTGAG-1,2991,1802,0.06686726847208291,7,3,Ductal suprabasal
7277,8W_R2,8W,ACACGCGAGCAGCCCT-1,8966,3245,0.1115324559446799,23,1,Ductular
7278,8W_R2,8W,ACACGCGAGCTGAGCA-1,6055,2712,0.16515276630883566,9,1,Ductular
7288,8W_R2,8W,ACACGCGTCGGTCGGT-1,2382,1512,0.041981528127623846,12,5,Ductal basal
7290,8W_R2,8W,ACACGCGTCTCTGACC-1,1829,1231,0.054674685620557675,22,8,Acinar basal
7291,8W_R2,8W,ACACTGAAGGCACGAT-1,10462,4324,0.05735041101127892,25,0,Ductal basal
7296,8W_R2,8W,ACACTGAGTTTGATCG-1,4112,2484,0.19455252918287938,22,8,Acinar basal
7297,8W_R2,8W,ACACTGATCAGGGTAG-1,4074,2293,0.09818360333824251,5,0,Ductal basal
7304,8W_R2,8W,ACAGAAAAGGATTTCC-1,1920,1263,0.10416666666666667,7,2,Ductal basal
7310,8W_R2,8W,ACAGAAAGTTTAGAGA-1,2898,1698,0.1725327812284334,29,7,Differentiating meibocyte
7313,8W_R2,8W,ACAGAAATCGTCGGGT-1,3695,2095,0.08119079837618402,5,0,Ductal basal
7317,8W_R2,8W,ACAGCCGCACAGGATG-1,6591,3128,0.4855105446821423,20,3,Ductal suprabasal
7320,8W_R2,8W,ACAGCCGGTCTCACGG-1,4632,2461,0.1295336787564767,20,1,Ductular
7323,8W_R2,8W,ACAGCCGTCTCGGCTT-1,3453,1922,0.11584129742253113,12,5,Ductal basal
7325,8W_R2,8W,ACAGGGAAGAAATCCA-1,1852,1284,0.16198704103671707,22,3,Ductal suprabasal
7331,8W_R2,8W,ACAGGGACAGCTCGGT-1,3743,2088,0.10686615014694097,12,4,Orifice
7332,8W_R2,8W,ACAGGGACATGAATCC-1,2976,1616,0.10080645161290322,12,5,Ductal basal
7333,8W_R2,8W,ACAGGGAGTAGCACGA-1,2679,1430,0.597237775289287,7,2,Ductal basal
7339,8W_R2,8W,ACATCCCAGCTACGTT-1,10814,3416,0.08322544849269466,24,3,Ductal suprabasal
7343,8W_R2,8W,ACATCCCCAGCCCAGT-1,1408,930,0.4971590909090909,35,7,Differentiating meibocyte
7347,8W_R2,8W,ACATCCCTCGGCCCAA-1,5664,2522,0.05296610169491525,29,7,Differentiating meibocyte
7352,8W_R2,8W,ACATCGAGTGAACCGA-1,2891,1764,0.10377032168799724,9,4,Orifice
7366,8W_R2,8W,ACATGCACACGACTAT-1,9830,3997,0.20345879959308238,20,3,Ductal suprabasal
7374,8W_R2,8W,ACATTTCAGATGTTAG-1,3642,2214,0.10982976386600769,22,8,Acinar basal
7375,8W_R2,8W,ACATTTCAGCCTCGTG-1,1727,1116,0.2895193977996526,7,3,Ductal suprabasal
7378,8W_R2,8W,ACATTTCGTCCACGCA-1,10107,4039,0.11872959335114278,5,0,Ductal basal
7379,8W_R2,8W,ACATTTCGTCCGAAGA-1,2583,1547,0.11614401858304298,23,1,Ductular
7387,8W_R2,8W,ACCAAACAGTCTGCGC-1,2967,1674,0.23592854735422988,9,1,Ductular
7388,8W_R2,8W,ACCAAACCAAGAATGT-1,3419,1850,0.058496636443404505,7,2,Ductal basal
7393,8W_R2,8W,ACCAAACGTACTCGTA-1,1559,1022,0.3207184092366902,35,7,Differentiating meibocyte
7395,8W_R2,8W,ACCAAACGTCCCACGA-1,7972,3432,0.050175614651279475,22,7,Differentiating meibocyte
7401,8W_R2,8W,ACCAACAAGGCTGGAT-1,1721,1073,0.2324230098779779,35,7,Differentiating meibocyte
7408,8W_R2,8W,ACCAACATCCGCTGTT-1,4872,2754,0.08210180623973727,22,8,Acinar basal
7413,8W_R2,8W,ACCACAAAGCTCGGCT-1,3602,2130,0.44419766796224325,20,3,Ductal suprabasal
7422,8W_R2,8W,ACCATTTAGTCATCGT-1,5896,2878,0.05088195386702849,9,1,Ductular
7426,8W_R2,8W,ACCATTTTCATTGTGG-1,2262,1425,0.1326259946949602,20,3,Ductal suprabasal
7428,8W_R2,8W,ACCATTTTCGCCTTTG-1,5067,2688,0.11841326228537595,5,0,Ductal basal
7432,8W_R2,8W,ACCCAAACAGTAGGAC-1,5116,2735,0.13682564503518374,10,0,Ductal basal
7438,8W_R2,8W,ACCCAAATCACCTTAT-1,3099,1671,0.12907389480477574,12,5,Ductal basal
7440,8W_R2,8W,ACCCAAATCTTTGATC-1,4163,2168,1.4893105933221236,10,0,Ductal basal
7441,8W_R2,8W,ACCCTCAAGGAAGTCC-1,4549,2095,0.10991426687183997,7,2,Ductal basal
7442,8W_R2,8W,ACCCTCACACGGCACT-1,6600,3243,0.07575757575757576,5,0,Ductal basal
7445,8W_R2,8W,ACCCTCACATCGATAC-1,3339,1680,0.02994908655286014,7,2,Ductal basal
7447,8W_R2,8W,ACCCTCAGTAGAGTTA-1,2311,1485,0.3028991778450887,23,1,Ductular
7448,8W_R2,8W,ACCCTCAGTATCGTGT-1,3660,2089,0.1366120218579235,9,1,Ductular
7449,8W_R2,8W,ACCCTCAGTCACTACA-1,5113,2665,0.15646391550948563,12,5,Ductal basal
7452,8W_R2,8W,ACCCTCAGTTGTCATG-1,3766,1968,0.10621348911311736,7,2,Ductal basal
7455,8W_R2,8W,ACCCTTGCAAACCACT-1,10198,3974,0.03922337713277113,12,4,Orifice
7457,8W_R2,8W,ACCCTTGCACGCCACA-1,2236,1319,0.08944543828264759,12,5,Ductal basal
7464,8W_R2,8W,ACCGTTCAGAGCAGAA-1,2941,1782,0.20401224073444407,35,9,Ductal basal
7471,8W_R2,8W,ACCTACCAGCGGCTCT-1,3691,2068,0.1083717149823896,9,1,Ductular
7473,8W_R2,8W,ACCTACCCAGTGCGCT-1,4401,2306,0.0681663258350375,12,4,Orifice
7481,8W_R2,8W,ACCTGAAAGGCACTAG-1,4660,2533,0.2145922746781116,29,7,Differentiating meibocyte
7485,8W_R2,8W,ACCTGAACACTATGTG-1,2987,1885,0.2008704385671242,22,8,Acinar basal
7486,8W_R2,8W,ACCTGAACACTGTGAT-1,6186,2647,0.11315874555447786,20,3,Ductal suprabasal
7489,8W_R2,8W,ACCTGAAGTTTCGACA-1,2213,1501,0.18075011296882063,9,1,Ductular
7490,8W_R2,8W,ACCTGAATCACAGTGT-1,2967,1731,0.06740815638692282,9,1,Ductular
7491,8W_R2,8W,ACCTGAATCATAAGGA-1,3900,1998,0.07692307692307693,24,3,Ductal suprabasal
7492,8W_R2,8W,ACCTGAATCTCATTGT-1,4946,2510,0.10109179134654267,10,0,Ductal basal
7501,8W_R2,8W,ACCTGTCGTCCAGCGT-1,6388,3089,0.2035065748278021,12,5,Ductal basal
7507,8W_R2,8W,ACGATCACAAGTGGTG-1,3593,1888,0.13915947676036738,23,1,Ductular
7508,8W_R2,8W,ACGATCACACAAACGG-1,5047,2596,0.059441252229046955,22,8,Acinar basal
7509,8W_R2,8W,ACGATCACACGGTAGA-1,4052,2211,0.09871668311944717,9,1,Ductular
7512,8W_R2,8W,ACGATCAGTCTTGAGT-1,3224,2102,0.12406947890818859,25,9,Ductal basal
7521,8W_R2,8W,ACGATGTAGTATGGCG-1,5768,2545,0.27739251040221913,12,4,Orifice
7524,8W_R2,8W,ACGATGTCATCTCAAG-1,4523,2491,0.17687375635640062,9,1,Ductular
7525,8W_R2,8W,ACGATGTGTACTGACT-1,5170,2493,0.03868471953578336,24,3,Ductal suprabasal
7526,8W_R2,8W,ACGATGTGTATGCTTG-1,2108,1379,0.2846299810246679,16,4,Orifice
7529,8W_R2,8W,ACGATGTTCAGAGTTC-1,2672,1532,0.14970059880239522,24,3,Ductal suprabasal
7530,8W_R2,8W,ACGATGTTCATATGGC-1,2320,1464,0.21551724137931033,24,3,Ductal suprabasal
7531,8W_R2,8W,ACGATGTTCCTACCGT-1,2843,1692,0.1055223355610271,9,1,Ductular
7536,8W_R2,8W,ACGCACGAGGTCACTT-1,3642,1952,0.2745744096650192,16,4,Orifice
7539,8W_R2,8W,ACGCACGGTCAGGTAG-1,6006,3003,0.0999000999000999,24,3,Ductal suprabasal
7540,8W_R2,8W,ACGCACGGTCGGCACT-1,2491,1562,0.24086712163789645,7,2,Ductal basal
7548,8W_R2,8W,ACGGAAGCAGTTCCAA-1,8579,3789,0.16318918288844855,25,9,Ductal basal
7560,8W_R2,8W,ACGGGTCTCATGCGGC-1,3910,2274,0.23017902813299232,12,5,Ductal basal
7565,8W_R2,8W,ACGGTCGAGGATAATC-1,4563,2106,0.17532325224632916,7,2,Ductal basal
7566,8W_R2,8W,ACGGTCGAGTGGAAAG-1,3983,2245,0.10042681395932714,12,5,Ductal basal
7569,8W_R2,8W,ACGGTCGCAGGTTTAC-1,4433,2252,0.18046469659372885,24,3,Ductal suprabasal
7572,8W_R2,8W,ACGGTCGCATCTGGGC-1,7197,3090,0.20842017507294708,12,5,Ductal basal
7574,8W_R2,8W,ACGGTCGGTGTTTGCA-1,7203,3507,0.15271414688324308,12,5,Ductal basal
7577,8W_R2,8W,ACGGTCGTCGTTAGAC-1,2112,1274,0.4261363636363636,7,2,Ductal basal
7588,8W_R2,8W,ACGTAACAGTCTGGAG-1,2985,1777,0.06700167504187605,9,1,Ductular
7590,8W_R2,8W,ACGTAACCAATGAGCG-1,1983,1258,0.15128593040847202,10,0,Ductal basal
7592,8W_R2,8W,ACGTAACGTTAATGAG-1,2478,1467,0.12106537530266344,9,1,Ductular
7597,8W_R2,8W,ACGTACAGTGCATCTA-1,3021,1813,0.033101621979477,5,0,Ductal basal
7599,8W_R2,8W,ACGTACATCAAATGAG-1,3466,2072,0.14425851125216388,9,1,Ductular
7600,8W_R2,8W,ACGTACATCTGTGTGA-1,6438,3063,0.07766387076731904,12,9,Ductal basal
7601,8W_R2,8W,ACGTAGTAGACGGAAA-1,2855,1829,0.24518388791593695,20,3,Ductal suprabasal
7605,8W_R2,8W,ACGTAGTAGGGTTAGC-1,4611,2302,0.13012361743656475,23,1,Ductular
7608,8W_R2,8W,ACGTAGTGTGGCCCAT-1,3070,1727,0.26058631921824105,12,5,Ductal basal
7611,8W_R2,8W,ACGTAGTTCCTTATCA-1,4278,2497,0.04675081813931744,20,3,Ductal suprabasal
7612,8W_R2,8W,ACGTAGTTCGTTGTAG-1,6089,2648,0.1478075217605518,16,4,Orifice
7613,8W_R2,8W,ACGTCCTAGCAACTTC-1,4376,2331,0.11425959780621572,22,8,Acinar basal
7615,8W_R2,8W,ACGTCCTAGGGTAGCT-1,6728,3119,0.16349583828775266,22,8,Acinar basal
7621,8W_R2,8W,ACGTCCTGTCGATTCA-1,3836,2057,0.10427528675703858,23,1,Ductular
7624,8W_R2,8W,ACGTCCTTCCGCTGTT-1,3193,1845,0.2192295646727216,20,3,Ductal suprabasal
7625,8W_R2,8W,ACGTCCTTCGAGTCTA-1,14112,4337,0.13463718820861678,7,2,Ductal basal
7635,8W_R2,8W,ACGTTCCTCCTTCTTC-1,5048,2483,0.05942947702060222,20,3,Ductal suprabasal
7637,8W_R2,8W,ACTACGAAGAAGTCAT-1,2430,1486,0.24691358024691357,12,5,Ductal basal
7639,8W_R2,8W,ACTACGACAAACACCT-1,9218,3666,0.05424170101974398,10,2,Ductal basal
7641,8W_R2,8W,ACTACGACAAGGCAAC-1,3372,1798,0.1779359430604982,10,0,Ductal basal
7642,8W_R2,8W,ACTACGACAATACCTG-1,11369,4392,1.2050312252616764,25,0,Ductal basal
7646,8W_R2,8W,ACTACGAGTATTTCCT-1,3348,1983,0.2986857825567503,29,7,Differentiating meibocyte
7651,8W_R2,8W,ACTACGATCGTAGTCA-1,3877,2259,0.3353108073252515,10,0,Ductal basal
7653,8W_R2,8W,ACTATCTAGTCTGCAT-1,6095,2532,0.14766201804757997,16,4,Orifice
7654,8W_R2,8W,ACTATCTCAAGTGTCT-1,3741,2249,0.13365410318096765,20,3,Ductal suprabasal
7656,8W_R2,8W,ACTATCTCAGAGGTTG-1,2939,1662,0.10207553589656344,16,4,Orifice
7658,8W_R2,8W,ACTATCTGTTAAGCAA-1,3224,1804,0.09305210918114144,16,4,Orifice
7659,8W_R2,8W,ACTATCTTCATTACGG-1,4119,2232,0.048555474629764506,9,1,Ductular
7664,8W_R2,8W,ACTATGGAGCGTTACT-1,2083,1386,0.19203072491598655,9,1,Ductular
7667,8W_R2,8W,ACTATGGCAACCGATT-1,1171,800,0.4269854824935952,35,7,Differentiating meibocyte
7670,8W_R2,8W,ACTATGGGTGATACTC-1,3019,1857,0.033123550844650546,25,9,Ductal basal
7672,8W_R2,8W,ACTATGGGTGTGTCCG-1,3088,1766,0.1295336787564767,5,2,Ductal basal
7673,8W_R2,8W,ACTATGGGTTCAAACC-1,2225,1441,0.0449438202247191,9,1,Ductular
7674,8W_R2,8W,ACTATGGGTTGGGATG-1,3148,1968,0.1905972045743329,9,1,Ductular
7676,8W_R2,8W,ACTATGGTCGTTCTAT-1,4880,2363,0.14344262295081966,9,1,Ductular
7683,8W_R2,8W,ACTATTCGTGGTCCCA-1,2702,1622,0.22205773501110287,10,0,Ductal basal
7685,8W_R2,8W,ACTATTCTCCTACGAA-1,2836,1741,0.14104372355430184,5,0,Ductal basal
7687,8W_R2,8W,ACTATTCTCTTCGGTC-1,3565,2113,0.028050490883590466,25,9,Ductal basal
7690,8W_R2,8W,ACTCCCAAGCCTTTGA-1,5617,2721,0.01780309773900659,25,3,Ductal suprabasal
7691,8W_R2,8W,ACTCCCAAGGAAACGA-1,2143,1255,0.09332711152589827,7,2,Ductal basal
7694,8W_R2,8W,ACTCCCACACCCTGAG-1,8665,3539,0.06924408540103866,24,3,Ductal suprabasal
7695,8W_R2,8W,ACTCCCACACGAGGAT-1,4949,2609,0.08082440897150939,9,1,Ductular
7696,8W_R2,8W,ACTCCCACACTGGACC-1,4253,2185,0.11756407241946862,7,2,Ductal basal
7698,8W_R2,8W,ACTCCCACAGACGCTC-1,1711,1093,0.11689070718877849,16,4,Orifice
7699,8W_R2,8W,ACTCCCACAGTGTGGA-1,3481,2023,0.11490950876185005,25,9,Ductal basal
7700,8W_R2,8W,ACTCCCACATAGGTAA-1,5375,2510,0.13023255813953488,7,2,Ductal basal
7701,8W_R2,8W,ACTCCCAGTCCCGTGA-1,7119,3226,0.09832841691248771,16,4,Orifice
7708,8W_R2,8W,ACTCTCGCAAGCAGGT-1,1798,1073,0.16685205784204674,23,3,Ductal suprabasal
7711,8W_R2,8W,ACTCTCGCAGTGGTGA-1,2024,1364,0.04940711462450593,9,1,Ductular
7713,8W_R2,8W,ACTCTCGTCAGACATC-1,2567,1618,0.19477989871445267,16,4,Orifice
7717,8W_R2,8W,ACTCTCGTCTGAACGT-1,3677,2209,0.16317650258362795,25,9,Ductal basal
7720,8W_R2,8W,ACTGATGCAGTAGTTC-1,3985,2350,0.05018820577164366,22,8,Acinar basal
7723,8W_R2,8W,ACTGATGTCACGAGGA-1,10427,4427,0.12467632108947924,22,8,Acinar basal
7724,8W_R2,8W,ACTGATGTCAGAGCAG-1,4084,2380,0.22037218413320275,20,3,Ductal suprabasal
7727,8W_R2,8W,ACTGCAACACCAAATC-1,11154,4117,0.08965393580778196,16,4,Orifice
7728,8W_R2,8W,ACTGCAACACTCCGGA-1,1165,832,0.6008583690987125,35,7,Differentiating meibocyte
7733,8W_R2,8W,ACTGTCCAGCAATTAG-1,1845,1200,0.16260162601626016,23,1,Ductular
7736,8W_R2,8W,ACTGTCCAGGTTAGTA-1,4503,2284,0.1554519209415945,16,4,Orifice
7741,8W_R2,8W,ACTGTCCGTCGCATGC-1,5666,2845,0.10589481115425345,5,0,Ductal basal
7743,8W_R2,8W,ACTGTCCTCAATCAGC-1,7557,3312,0.11909487892020643,9,1,Ductular
7745,8W_R2,8W,ACTGTCCTCTCACGAA-1,11106,3834,0.063028993336935,16,4,Orifice
7746,8W_R2,8W,ACTGTGAAGATAGCTA-1,3325,1940,0.06015037593984962,12,5,Ductal basal
7748,8W_R2,8W,ACTGTGAAGCATGATA-1,2616,1693,0.191131498470948,10,0,Ductal basal
7755,8W_R2,8W,ACTGTGATCGCCAATA-1,6494,2998,0.015398829688943641,24,3,Ductal suprabasal
7756,8W_R2,8W,ACTGTGATCTCACTCG-1,5052,2305,0.23752969121140144,7,0,Ductal basal
7760,8W_R2,8W,ACTTAGGTCAAGCCGC-1,3531,1838,0.1416029453412631,10,6,Ductal basal
7764,8W_R2,8W,ACTTATCAGCAGCGAT-1,10757,4073,0.027888816584549597,35,7,Differentiating meibocyte
7766,8W_R2,8W,ACTTATCAGCATGATA-1,6991,3455,0.11443284222571878,20,3,Ductal suprabasal
7767,8W_R2,8W,ACTTATCCAAAGGTTA-1,5118,2653,0.09769441187964048,22,7,Differentiating meibocyte
7772,8W_R2,8W,ACTTATCGTGTATTGC-1,6342,2999,0.0946073793755913,10,2,Ductal basal
7781,8W_R2,8W,ACTTCCGCAATTAGGA-1,2212,1454,0.18083182640144665,5,0,Ductal basal
7787,8W_R2,8W,ACTTCGCAGGGTACAC-1,6955,3213,0.043134435657800146,25,9,Ductal basal
7788,8W_R2,8W,ACTTCGCCAACCTATG-1,1874,1151,0.16008537886872998,9,1,Ductular
7796,8W_R2,8W,ACTTTCACAACAAAGT-1,3066,1755,0.06523157208088715,12,1,Ductular
7798,8W_R2,8W,ACTTTCACACTAAACC-1,3499,2091,0.14289797084881395,5,0,Ductal basal
7800,8W_R2,8W,ACTTTCACATAATGAG-1,2733,1780,0.10976948408342481,24,3,Ductal suprabasal
7801,8W_R2,8W,ACTTTCAGTAGGAGTC-1,2248,1366,0.0889679715302491,7,2,Ductal basal
7805,8W_R2,8W,ACTTTCAGTTAAAGTG-1,2743,1579,0.10936930368209989,25,9,Ductal basal
7806,8W_R2,8W,ACTTTCATCAGACCCG-1,1003,722,0.19940179461615154,35,7,Differentiating meibocyte
7808,8W_R2,8W,ACTTTCATCGCGTAGC-1,3651,1966,0.027389756231169543,16,4,Orifice
7809,8W_R2,8W,ACTTTGTAGAGACAAG-1,1496,1083,0.3342245989304813,24,3,Ductal suprabasal
7815,8W_R2,8W,ACTTTGTGTAGTATAG-1,3154,1814,0.03170577045022194,16,4,Orifice
7819,8W_R2,8W,ACTTTGTTCGACACCG-1,2647,1706,0.07555723460521345,22,8,Acinar basal
7820,8W_R2,8W,AGAAATGAGACGTCCC-1,5331,2516,0.03751641343087601,16,4,Orifice
7823,8W_R2,8W,AGAAATGAGGACGCAT-1,4509,2171,0.332667997338656,7,2,Ductal basal
7824,8W_R2,8W,AGAAATGAGGCTCTAT-1,2635,1732,0.2656546489563567,24,2,Ductal basal
7828,8W_R2,8W,AGAAATGGTGAGGATC-1,4465,2274,0.022396416573348267,23,1,Ductular
7829,8W_R2,8W,AGAAATGGTTTCTTAC-1,3860,2128,0.025906735751295335,16,4,Orifice
7831,8W_R2,8W,AGAAATGTCGCTAAAC-1,5606,2780,0.3389225829468427,9,0,Ductal basal
7832,8W_R2,8W,AGAACAAAGAGTGTTA-1,1448,1039,0.20718232044198895,20,2,Ductal basal
7833,8W_R2,8W,AGAACAACAAATGGAT-1,5571,2718,0.08975049362771495,9,1,Ductular
7835,8W_R2,8W,AGAACAAGTCGCATTA-1,4163,2273,0.048042277203939464,24,3,Ductal suprabasal
7839,8W_R2,8W,AGAACAATCACGGGCT-1,1626,1037,0.18450184501845018,12,1,Ductular
7843,8W_R2,8W,AGAACAATCGGAACTT-1,3795,2208,0.21080368906455862,24,1,Ductular
7847,8W_R2,8W,AGAACCTGTGATCATC-1,7387,3045,0.13537295248409367,22,8,Acinar basal
7853,8W_R2,8W,AGAAGCGCACCTGCAG-1,6779,2720,0.20652013571323202,16,4,Orifice
7856,8W_R2,8W,AGAAGCGGTGACTGTT-1,6480,3353,0.0925925925925926,20,8,Acinar basal
7857,8W_R2,8W,AGAAGCGTCACTAGCA-1,1684,1138,0.11876484560570072,29,7,Differentiating meibocyte
7859,8W_R2,8W,AGAAGCGTCCGTGGGT-1,4368,2473,0.18315018315018314,24,3,Ductal suprabasal
7860,8W_R2,8W,AGAAGCGTCGCAGAGA-1,1146,845,0.2617801047120419,7,2,Ductal basal
7862,8W_R2,8W,AGAAGCGTCTCCATAT-1,4757,2487,0.1471515661130965,24,3,Ductal suprabasal
7863,8W_R2,8W,AGAAGCGTCTTCTGTA-1,3951,1982,0.12655024044545685,12,5,Ductal basal
7865,8W_R2,8W,AGAAGTACAACTGGTT-1,3002,1807,0.899400399733511,12,5,Ductal basal
7866,8W_R2,8W,AGAAGTACAATTTCGG-1,3014,1727,0.13271400132714,7,2,Ductal basal
7870,8W_R2,8W,AGAAGTAGTACTGAGG-1,7287,3348,0.08233841086867023,24,3,Ductal suprabasal
7874,8W_R2,8W,AGAAGTATCTGTCAGA-1,1368,982,0.07309941520467836,23,1,Ductular
7875,8W_R2,8W,AGACAAAAGAACAGGA-1,1171,824,0.4269854824935952,35,10,Differentiated meibocyte
7876,8W_R2,8W,AGACAAAAGAAGGTAG-1,3179,1876,0.06291286568103177,9,1,Ductular
7877,8W_R2,8W,AGACAAACAGGACATG-1,2708,1626,0.14771048744460857,25,8,Acinar basal
7881,8W_R2,8W,AGACAAAGTTCGGCTG-1,5009,2669,0.13974845278498702,5,0,Ductal basal
7882,8W_R2,8W,AGACAAAGTTGGGAAC-1,3716,2167,0.08073196986006459,5,0,Ductal basal
7883,8W_R2,8W,AGACAAATCGAGCCAC-1,1645,1125,0.48632218844984804,9,5,Ductal basal
7885,8W_R2,8W,AGACACTAGACTGTTC-1,3533,2045,0.11321822813472968,22,8,Acinar basal
7887,8W_R2,8W,AGACACTAGTTGCATC-1,3085,1836,0.0,7,3,Ductal suprabasal
7891,8W_R2,8W,AGACACTGTTTGAACC-1,8828,3750,0.1925690983235161,22,2,Ductal basal
7900,8W_R2,8W,AGACAGGAGGATCATA-1,3320,1913,0.18072289156626506,24,1,Ductular
7903,8W_R2,8W,AGACAGGAGTGGAAAG-1,3906,2306,0.17921146953405018,9,3,Ductal suprabasal
7905,8W_R2,8W,AGACAGGCACAAAGTA-1,3766,2126,1.6197557089750398,24,3,Ductal suprabasal
7912,8W_R2,8W,AGACAGGTCGTACCTC-1,8938,3829,0.07831729693443723,24,4,Orifice
7920,8W_R2,8W,AGACCATCATCTAACG-1,1761,1209,0.17035775127768313,12,5,Ductal basal
7923,8W_R2,8W,AGACCATTCATGGCCG-1,4030,2187,0.24813895781637718,12,5,Ductal basal
7924,8W_R2,8W,AGACCATTCGCTCTCA-1,2887,1682,0.10391409767925182,12,5,Ductal basal
7926,8W_R2,8W,AGACCCGCAGTCGTTA-1,3515,1691,0.1991465149359886,12,5,Ductal basal
7931,8W_R2,8W,AGACCCGTCGATTGAC-1,3034,1791,0.03295978905735003,7,5,Ductal basal
7932,8W_R2,8W,AGACTCAAGAGTGGCT-1,4200,2442,0.30952380952380953,20,3,Ductal suprabasal
7936,8W_R2,8W,AGACTCAGTGCATACT-1,2183,1366,0.22904260192395787,20,3,Ductal suprabasal
7939,8W_R2,8W,AGACTCATCCTAGCCT-1,4232,2344,0.0945179584120983,9,1,Ductular
7940,8W_R2,8W,AGACTCATCTGAATCG-1,2666,1637,0.11252813203300824,24,3,Ductal suprabasal
7941,8W_R2,8W,AGAGAATAGACGCAGT-1,4612,2252,0.17346053772766695,22,8,Acinar basal
7942,8W_R2,8W,AGAGAATAGGATTTGA-1,4623,2516,0.06489292667099286,5,0,Ductal basal
7950,8W_R2,8W,AGAGAATGTTAGCGGA-1,9684,4278,0.10326311441553077,22,8,Acinar basal
7952,8W_R2,8W,AGAGAATTCAATGCAC-1,2278,1400,0.13169446883230904,7,2,Ductal basal
7956,8W_R2,8W,AGAGAGCAGCATGGGT-1,2219,1434,0.3605227579990987,24,3,Ductal suprabasal
7961,8W_R2,8W,AGAGAGCGTATAATGG-1,3782,2076,0.1850872554204125,29,7,Differentiating meibocyte
7975,8W_R2,8W,AGAGCAGGTGCCTACG-1,2313,1437,0.08646779074794639,12,5,Ductal basal
7978,8W_R2,8W,AGAGCCCCAAACACCT-1,5119,2567,0.07814026176987693,20,3,Ductal suprabasal
7979,8W_R2,8W,AGAGCCCCAATCGAAA-1,5725,2644,0.17467248908296942,16,4,Orifice
7984,8W_R2,8W,AGAGCCCGTCATCACA-1,4854,2487,0.10300782859497322,22,8,Acinar basal
7985,8W_R2,8W,AGAGCCCGTCGGCACT-1,5320,2790,0.15037593984962408,10,2,Ductal basal
7989,8W_R2,8W,AGAGCCCTCATGGCCG-1,1750,1190,0.2285714285714286,12,5,Ductal basal
7990,8W_R2,8W,AGAGCCCTCGTAGTGT-1,5123,2444,0.17567831348819052,7,2,Ductal basal
7997,8W_R2,8W,AGATAGAAGGTTAAAC-1,3158,2002,0.06333122229259025,22,7,Differentiating meibocyte
7998,8W_R2,8W,AGATAGAAGGTTTACC-1,4387,2384,0.15956234328698427,12,5,Ductal basal
7999,8W_R2,8W,AGATAGACAGCAGACA-1,7255,2794,0.13783597518952445,7,2,Ductal basal
8001,8W_R2,8W,AGATAGATCAGACAAA-1,3288,1808,0.18248175182481752,16,4,Orifice
8003,8W_R2,8W,AGATCCAAGCAACAAT-1,988,690,0.30364372469635625,35,7,Differentiating meibocyte
8004,8W_R2,8W,AGATCCACAACAAAGT-1,4950,2607,0.0404040404040404,20,3,Ductal suprabasal
8008,8W_R2,8W,AGATCCAGTGCCCGTA-1,5181,2573,0.05790387955993051,16,4,Orifice
8010,8W_R2,8W,AGATCCATCTCCTACG-1,1460,959,2.671232876712329,23,3,Ductal suprabasal
8013,8W_R2,8W,AGATCGTAGTTCGGTT-1,3948,2419,0.1773049645390071,22,8,Acinar basal
8015,8W_R2,8W,AGATCGTCACGTCGGT-1,2613,1735,0.07654037504783774,22,8,Acinar basal
8016,8W_R2,8W,AGATCGTCAGGCCCTA-1,6540,2968,0.045871559633027525,9,2,Ductal basal
8029,8W_R2,8W,AGATGAACAATGGGTG-1,962,688,0.31185031185031187,23,3,Ductal suprabasal
8034,8W_R2,8W,AGATGAAGTACAGTCT-1,2806,1726,0.14255167498218105,5,0,Ductal basal
8035,8W_R2,8W,AGATGAAGTCTACATG-1,4239,2339,0.07077140835102619,20,1,Ductular
8042,8W_R2,8W,AGATGCTCACACTGGC-1,6408,2559,0.2028714107365793,7,2,Ductal basal
8043,8W_R2,8W,AGATGCTCATTCTCCG-1,6533,2785,0.19898974437471298,12,1,Ductular
8044,8W_R2,8W,AGATGCTGTACCTTCC-1,6959,3275,0.3017674953297888,22,8,Acinar basal
8046,8W_R2,8W,AGATGCTGTGTCCAAT-1,5318,2570,0.07521624670928921,16,4,Orifice
8051,8W_R2,8W,AGCATCAAGCTCATAC-1,3679,2099,0.1359064963305246,5,0,Ductal basal
8054,8W_R2,8W,AGCATCAAGTGTTCAC-1,5309,2481,0.18835938971557734,16,4,Orifice
8056,8W_R2,8W,AGCATCATCGCATTAG-1,6796,3056,0.13243084167157151,10,6,Ductal basal
8058,8W_R2,8W,AGCCAATAGAGCCGAT-1,9557,4087,0.21973422622161765,5,0,Ductal basal
8063,8W_R2,8W,AGCCAATTCCACATAG-1,4767,2707,0.10488777008600797,5,0,Ductal basal
8066,8W_R2,8W,AGCCAATTCGTCCATC-1,10478,3868,0.10498186676846727,24,3,Ductal suprabasal
8071,8W_R2,8W,AGCCACGCAGCTACTA-1,2336,1420,0.08561643835616438,7,2,Ductal basal
8072,8W_R2,8W,AGCCACGCATGGCCAC-1,4901,2557,0.16323199347072026,5,0,Ductal basal
8089,8W_R2,8W,AGCGATTGTGGGTATG-1,7382,3326,0.135464643727987,9,2,Ductal basal
8094,8W_R2,8W,AGCGCCAAGCCAACCC-1,3379,1910,0.2663509914175792,10,0,Ductal basal
8099,8W_R2,8W,AGCGCCACATGGGATG-1,1542,1060,0.19455252918287938,35,7,Differentiating meibocyte
8102,8W_R2,8W,AGCGCCAGTGTTCGAT-1,2262,1486,0.2652519893899204,23,1,Ductular
8110,8W_R2,8W,AGCGCTGCACAGTGAG-1,2552,1624,0.3134796238244514,12,5,Ductal basal
8113,8W_R2,8W,AGCGTATAGGTATCTC-1,4428,2411,0.13550135501355012,9,1,Ductular
8116,8W_R2,8W,AGCGTATAGTTAACGA-1,4035,2038,0.07434944237918216,22,8,Acinar basal
8120,8W_R2,8W,AGCGTATGTCACTACA-1,3568,2250,0.08408071748878924,20,3,Ductal suprabasal
8121,8W_R2,8W,AGCGTATGTGGTCAAG-1,4345,2304,0.20713463751438435,25,9,Ductal basal
8123,8W_R2,8W,AGCGTATTCATTCGGA-1,4254,2245,0.07052186177715092,23,1,Ductular
8130,8W_R2,8W,AGCGTCGGTACGTAGG-1,2193,1494,0.045599635202918376,9,1,Ductular
8131,8W_R2,8W,AGCGTCGGTCACTACA-1,2193,1334,0.1823985408116735,12,5,Ductal basal
8132,8W_R2,8W,AGCGTCGGTGTTAAAG-1,1178,927,0.0,16,4,Orifice
8134,8W_R2,8W,AGCGTCGGTTGGTAGG-1,850,661,0.1176470588235294,9,1,Ductular
8135,8W_R2,8W,AGCGTCGTCCGAGGCT-1,656,550,0.3048780487804878,29,7,Differentiating meibocyte
8140,8W_R2,8W,AGCTACACAAGAGTGC-1,5827,2797,0.06864595846919512,16,4,Orifice
8142,8W_R2,8W,AGCTACACATGTGCTA-1,2783,1649,0.10779734099892202,7,2,Ductal basal
8144,8W_R2,8W,AGCTACATCTCATAGG-1,4069,2289,0.04915212582944212,24,3,Ductal suprabasal
8150,8W_R2,8W,AGCTCAACATTCGGGC-1,12090,4386,0.11579818031430934,25,9,Ductal basal
8155,8W_R2,8W,AGCTTCCAGGTAAGTT-1,3741,1995,0.10692328254477412,7,2,Ductal basal
8158,8W_R2,8W,AGCTTCCGTTATTCCT-1,3726,2053,0.08051529790660225,12,5,Ductal basal
8161,8W_R2,8W,AGCTTCCTCCTAGCTC-1,3741,2032,0.10692328254477412,12,5,Ductal basal
8172,8W_R2,8W,AGGAAATTCTTTACAC-1,2175,1475,0.04597701149425287,25,9,Ductal basal
8175,8W_R2,8W,AGGAATAGTCACCGCA-1,4557,2575,0.3511081852095677,10,0,Ductal basal
8178,8W_R2,8W,AGGAATATCGAACACT-1,3544,2008,0.16930022573363432,5,0,Ductal basal
8179,8W_R2,8W,AGGAATATCGCTCCTA-1,4311,1920,0.2319647413593134,7,2,Ductal basal
8180,8W_R2,8W,AGGACGAAGAGGATCC-1,6667,2921,0.25498725063746813,12,5,Ductal basal
8183,8W_R2,8W,AGGACGACAGTGTGCC-1,2954,1801,0.3046716316858497,5,0,Ductal basal
8188,8W_R2,8W,AGGACGATCTTACACT-1,7239,3388,0.17958281530598147,22,8,Acinar basal
8191,8W_R2,8W,AGGACTTAGTTGGCTT-1,5401,2542,0.07406035919274209,12,5,Ductal basal
8193,8W_R2,8W,AGGACTTGTGCCAAGA-1,2528,1562,0.15822784810126583,5,0,Ductal basal
8194,8W_R2,8W,AGGACTTGTTCTCACC-1,2228,1380,0.2244165170556553,7,2,Ductal basal
8195,8W_R2,8W,AGGACTTTCCGAACGC-1,5753,2840,0.15644011819920042,29,7,Differentiating meibocyte
8196,8W_R2,8W,AGGACTTTCGCGTGCA-1,3737,2015,0.16055659620016055,16,4,Orifice
8197,8W_R2,8W,AGGACTTTCGGTCACG-1,4568,2471,0.08756567425569177,23,1,Ductular
8201,8W_R2,8W,AGGAGGTAGATCCAAA-1,2219,1358,0.0,7,2,Ductal basal
8206,8W_R2,8W,AGGAGGTCACTGCATA-1,5957,3137,0.1342957864696995,20,3,Ductal suprabasal
8207,8W_R2,8W,AGGAGGTGTAGACAAT-1,4035,2156,0.14869888475836432,23,1,Ductular
8213,8W_R2,8W,AGGAGGTTCATGGAGG-1,1249,871,0.16012810248198558,29,7,Differentiating meibocyte
8217,8W_R2,8W,AGGATAAAGTCATGCT-1,3715,2192,0.21534320323014802,9,1,Ductular
8222,8W_R2,8W,AGGATAAGTACGAGTG-1,5801,2981,0.08619203585588692,25,9,Ductal basal
8224,8W_R2,8W,AGGATAATCTCGTGGG-1,1758,1196,0.11376564277588168,9,1,Ductular
8229,8W_R2,8W,AGGATCTAGTTGGAAT-1,3785,2186,0.21136063408190223,5,0,Ductal basal
8233,8W_R2,8W,AGGATCTTCCGGACGT-1,5464,2549,0.09150805270863836,12,5,Ductal basal
8236,8W_R2,8W,AGGCATTAGTGTAGAT-1,4253,2247,0.16458970138725607,16,4,Orifice
8237,8W_R2,8W,AGGCATTGTAGACTGG-1,1563,1059,0.19193857965451055,9,1,Ductular
8239,8W_R2,8W,AGGCATTTCAGTCTTT-1,2390,1343,2.2175732217573225,5,0,Ductal basal
8240,8W_R2,8W,AGGCATTTCTCCATAT-1,1332,931,0.37537537537537535,35,7,Differentiating meibocyte
8242,8W_R2,8W,AGGCCACAGGTAACTA-1,4742,2593,0.18979333614508645,5,0,Ductal basal
8249,8W_R2,8W,AGGCCACGTCTCAGGC-1,2180,1391,0.09174311926605505,23,1,Ductular
8253,8W_R2,8W,AGGCCACTCTCATGGA-1,10676,4459,0.16860247283626825,22,8,Acinar basal
8259,8W_R2,8W,AGGCTGCGTACATTGC-1,3967,2320,0.17645576002016636,20,3,Ductal suprabasal
8264,8W_R2,8W,AGGCTGCTCGCTTACC-1,4532,2319,0.0441306266548985,24,3,Ductal suprabasal
8265,8W_R2,8W,AGGCTGCTCTTACCGC-1,4514,2580,0.08861320336730173,10,0,Ductal basal
8268,8W_R2,8W,AGGGAGTAGGAATTAC-1,793,576,0.25220680958385877,35,7,Differentiating meibocyte
8277,8W_R2,8W,AGGGAGTGTTGGACCC-1,2765,1746,1.8806509945750454,35,7,Differentiating meibocyte
8280,8W_R2,8W,AGGGCCTCAAGTCGTT-1,4822,2620,0.18664454583160514,20,3,Ductal suprabasal
8281,8W_R2,8W,AGGGCCTCATAGCTGT-1,3706,2171,0.18888289260658392,20,3,Ductal suprabasal
8287,8W_R2,8W,AGGGCCTTCAAACTGC-1,5837,3110,0.06852835360630462,25,9,Ductal basal
8288,8W_R2,8W,AGGGCCTTCACGGGAA-1,2565,1534,0.1949317738791423,9,1,Ductular
8292,8W_R2,8W,AGGGCTCCAAGGCAAC-1,4621,2468,0.4111664141960614,20,3,Ductal suprabasal
8294,8W_R2,8W,AGGGCTCCAGTTACCA-1,4651,2379,0.23650827778972264,20,3,Ductal suprabasal
8301,8W_R2,8W,AGGGCTCTCCTTGAAG-1,5490,2735,0.3460837887067395,20,3,Ductal suprabasal
8302,8W_R2,8W,AGGGCTCTCTCGCTCA-1,9242,3236,0.14066219433023155,7,2,Ductal basal
8304,8W_R2,8W,AGGGTCCAGATTGGGC-1,2609,1524,0.2683020314296665,23,1,Ductular
8306,8W_R2,8W,AGGGTCCCAACTCATG-1,4410,2501,0.3401360544217687,10,0,Ductal basal
8310,8W_R2,8W,AGGGTCCGTGAAGCGT-1,2309,1556,0.12992637505413598,9,1,Ductular
8311,8W_R2,8W,AGGGTCCGTGCCGGTT-1,3582,1863,0.2233389168062535,23,1,Ductular
8312,8W_R2,8W,AGGGTCCGTGTTCGAT-1,3684,2065,0.21715526601520088,12,5,Ductal basal
8313,8W_R2,8W,AGGGTCCTCAAGCCTA-1,3205,1830,0.187207488299532,23,1,Ductular
8314,8W_R2,8W,AGGGTGAAGCTCTTCC-1,10330,3959,0.17424975798644723,12,5,Ductal basal
8316,8W_R2,8W,AGGGTGAAGGTGCTAG-1,3690,1946,0.1897018970189702,7,2,Ductal basal
8328,8W_R2,8W,AGGGTTTAGAGAGGGC-1,9006,3430,0.19986675549633579,29,2,Ductal basal
8333,8W_R2,8W,AGGGTTTCACCGTGGT-1,4863,2442,0.10281719103434094,9,1,Ductular
8336,8W_R2,8W,AGGGTTTCATTGACTG-1,7308,3575,0.05473453749315819,25,9,Ductal basal
8340,8W_R2,8W,AGGGTTTTCTGTAACG-1,3646,1997,0.13713658804168952,12,5,Ductal basal
8345,8W_R2,8W,AGGTAGGGTAGTCACT-1,1689,1176,0.0,20,3,Ductal suprabasal
8347,8W_R2,8W,AGGTAGGTCGTGACTA-1,2555,1627,0.11741682974559686,12,5,Ductal basal
8351,8W_R2,8W,AGGTCATCAGTAACAA-1,3587,2075,0.05575689991636465,10,2,Ductal basal
8353,8W_R2,8W,AGGTCATCATCGTTCC-1,8314,3627,0.7216742843396681,29,7,Differentiating meibocyte
8358,8W_R2,8W,AGGTCTAAGCTGTACT-1,9099,3945,0.05495109352676118,9,5,Ductal basal
8360,8W_R2,8W,AGGTCTACAAGAGGTC-1,1378,913,3.0478955007256894,24,3,Ductal suprabasal
8362,8W_R2,8W,AGGTCTACACGAAGAC-1,4833,2653,0.10345541071798055,5,0,Ductal basal
8363,8W_R2,8W,AGGTCTACACTAACCA-1,6572,3237,0.12172854534388314,16,4,Orifice
8369,8W_R2,8W,AGGTCTATCGAACGCC-1,5578,2755,0.017927572606669058,5,0,Ductal basal
8370,8W_R2,8W,AGGTCTATCGCCAGTG-1,3001,1778,0.03332222592469177,7,1,Ductular
8372,8W_R2,8W,AGGTGTTAGAAATTCG-1,2983,1741,0.16761649346295676,12,5,Ductal basal
8377,8W_R2,8W,AGGTGTTCAATGACCT-1,2058,1421,0.1457725947521866,22,8,Acinar basal
8378,8W_R2,8W,AGGTGTTCACTGTGAT-1,3878,2339,0.18050541516245489,20,3,Ductal suprabasal
8379,8W_R2,8W,AGGTGTTTCACGTCCT-1,8129,3414,0.06150818058801821,16,4,Orifice
8381,8W_R2,8W,AGGTTACAGTTCCATG-1,1433,1018,0.34891835310537334,29,7,Differentiating meibocyte
8384,8W_R2,8W,AGGTTACCAGCCGGTT-1,2473,1436,0.20218358269308534,12,5,Ductal basal
8388,8W_R2,8W,AGGTTACTCATTGGTG-1,4734,2461,0.021123785382340516,5,0,Ductal basal
8392,8W_R2,8W,AGGTTGTAGGATAATC-1,4085,2104,0.2692778457772338,16,4,Orifice
8393,8W_R2,8W,AGGTTGTCAGGGTCTC-1,8464,3287,0.08270321361058601,23,1,Ductular
8394,8W_R2,8W,AGGTTGTCATAGATCC-1,11117,4490,0.06296662768732572,20,3,Ductal suprabasal
8403,8W_R2,8W,AGTAACCCAAGTGTCT-1,7945,3381,0.1132787916928886,12,5,Ductal basal
8406,8W_R2,8W,AGTAACCCATCCTATT-1,2744,1683,0.18221574344023322,12,5,Ductal basal
8409,8W_R2,8W,AGTAACCGTGCATACT-1,2499,1514,0.08003201280512205,20,8,Acinar basal
8411,8W_R2,8W,AGTAACCTCCTGGGTG-1,5330,2682,0.150093808630394,5,0,Ductal basal
8412,8W_R2,8W,AGTACCAAGAATTGTG-1,6157,2649,0.14617508526879974,7,2,Ductal basal
8418,8W_R2,8W,AGTACCACACGCTATA-1,5849,2952,0.05129081894340913,25,9,Ductal basal
8423,8W_R2,8W,AGTACCAGTGACTGAG-1,3256,1903,0.12285012285012285,23,1,Ductular
8425,8W_R2,8W,AGTACCAGTGTAACGG-1,4906,2425,0.24459845087647777,5,0,Ductal basal
8426,8W_R2,8W,AGTACCAGTTCGGCCA-1,6081,2992,0.049333991119881605,9,1,Ductular
8427,8W_R2,8W,AGTACCATCATGTCAG-1,2857,1733,0.10500525026251313,20,3,Ductal suprabasal
8437,8W_R2,8W,AGTACTGGTAGTACGG-1,1942,1280,0.10298661174047373,22,8,Acinar basal
8439,8W_R2,8W,AGTACTGGTTGCAACT-1,4878,2506,0.04100041000410004,5,0,Ductal basal
8440,8W_R2,8W,AGTACTGGTTGTGCAT-1,4777,2540,0.04186728072011723,5,0,Ductal basal
8444,8W_R2,8W,AGTACTGTCTTGCAAG-1,4406,2269,0.5220154334997731,9,1,Ductular
8451,8W_R2,8W,AGTAGTCAGGTCGAGT-1,3358,1844,0.02977963073257892,20,2,Ductal basal
8459,8W_R2,8W,AGTAGTCTCGGAGTGA-1,6164,3280,0.17845554834523036,12,5,Ductal basal
8463,8W_R2,8W,AGTCAACCAGAGTTCT-1,12526,4226,0.17563467986587897,20,3,Ductal suprabasal
8468,8W_R2,8W,AGTCAACTCAGATGCT-1,4771,2601,0.16767973171242925,29,7,Differentiating meibocyte
8476,8W_R2,8W,AGTCACAGTTGTGCAT-1,5741,2740,0.13934854554955584,10,6,Ductal basal
8477,8W_R2,8W,AGTCACAGTTTGACAC-1,4736,2231,0.16891891891891891,12,5,Ductal basal
8486,8W_R2,8W,AGTCATGGTACTTGTG-1,5331,2915,0.11254924029262803,22,8,Acinar basal
8488,8W_R2,8W,AGTCATGTCAACTGAC-1,9739,3960,0.11294794126707054,5,0,Ductal basal
8490,8W_R2,8W,AGTCATGTCGCGTGAC-1,2402,1515,0.12489592006661115,23,1,Ductular
8506,8W_R2,8W,AGTGACTTCTGAGATC-1,6256,2138,0.1118925831202046,23,3,Ductal suprabasal
8507,8W_R2,8W,AGTGATCAGCATCCTA-1,4875,2163,0.26666666666666666,7,2,Ductal basal
8513,8W_R2,8W,AGTGATCCATGGAGAC-1,5465,2619,0.05489478499542544,29,7,Differentiating meibocyte
8514,8W_R2,8W,AGTGATCGTACGCTAT-1,4472,2367,0.15652951699463327,23,1,Ductular
8517,8W_R2,8W,AGTGATCGTGCATGTT-1,12531,4270,0.07980209081477935,24,3,Ductal suprabasal
8523,8W_R2,8W,AGTGATCTCGGCTCTT-1,8047,3186,0.08698893997763142,23,1,Ductular
8529,8W_R2,8W,AGTGCCGCAAATAAGC-1,7323,3436,0.27311211252219036,29,7,Differentiating meibocyte
8533,8W_R2,8W,AGTGCCGCATTCAGGT-1,6649,2726,0.1052789893217025,7,2,Ductal basal
8535,8W_R2,8W,AGTGCCGGTATGTCAC-1,2357,1421,0.21213406873143828,9,1,Ductular
8538,8W_R2,8W,AGTGCCGTCACGAACT-1,6599,2930,0.3182300348537657,7,2,Ductal basal
8543,8W_R2,8W,AGTGTTGAGGACAAGA-1,2011,1370,0.0,20,3,Ductal suprabasal
8546,8W_R2,8W,AGTGTTGGTGAATAAC-1,3227,1725,0.5577936163619461,7,2,Ductal basal
8547,8W_R2,8W,AGTGTTGGTTATCTGG-1,11833,4346,0.0929603650807065,5,0,Ductal basal
8551,8W_R2,8W,AGTTAGCAGCATGCAG-1,4923,2493,0.08125126955108673,23,1,Ductular
8555,8W_R2,8W,AGTTAGCCACTGGAAG-1,4830,2227,0.10351966873706005,7,2,Ductal basal
8556,8W_R2,8W,AGTTAGCGTAGTGGCA-1,3292,2189,0.212636695018226,22,8,Acinar basal
8565,8W_R2,8W,AGTTCCCCAGGTATGG-1,5393,2349,0.07417022065640645,20,3,Ductal suprabasal
8568,8W_R2,8W,AGTTCCCGTCGTGATT-1,4151,2248,2.914960250542038,29,7,Differentiating meibocyte
8569,8W_R2,8W,AGTTCCCGTGTGCCTG-1,1369,1002,0.07304601899196494,24,3,Ductal suprabasal
8571,8W_R2,8W,AGTTCGAAGGACTGGT-1,2524,1461,0.31695721077654515,7,2,Ductal basal
8572,8W_R2,8W,AGTTCGAAGGTTCAGG-1,4041,2359,0.024746349913387776,9,3,Ductal suprabasal
8579,8W_R2,8W,AGTTCGATCTCAAAGC-1,1431,847,0.1397624039133473,23,1,Ductular
8580,8W_R2,8W,AGTTCGATCTTACACT-1,5048,2586,0.15847860538827258,24,3,Ductal suprabasal
8582,8W_R2,8W,ATACCGAAGCGTACAG-1,4217,2290,0.2608489447474508,12,5,Ductal basal
8585,8W_R2,8W,ATACCGACACCATTCC-1,5393,2489,0.055627665492304836,23,1,Ductular
8594,8W_R2,8W,ATACCTTTCACGGGCT-1,3793,2304,0.10545742156604272,20,3,Ductal suprabasal
8597,8W_R2,8W,ATACTTCCAAAGGCTG-1,6979,3252,0.07164350193437455,9,1,Ductular
8599,8W_R2,8W,ATACTTCGTAGCTTAC-1,3288,1673,0.06082725060827251,7,2,Ductal basal
8600,8W_R2,8W,ATACTTCGTATGGTAA-1,1645,1161,0.24316109422492402,29,7,Differentiating meibocyte
8602,8W_R2,8W,ATACTTCTCCCAACTC-1,3795,2103,0.026350461133069828,9,1,Ductular
8606,8W_R2,8W,ATAGACCGTCATCCGG-1,9153,3713,0.06555227794165848,9,1,Ductular
8608,8W_R2,8W,ATAGACCGTTAGAGTA-1,2300,1411,0.13043478260869568,9,1,Ductular
8609,8W_R2,8W,ATAGAGAAGCTGCCTG-1,4217,2328,0.11856770215793219,5,0,Ductal basal
8611,8W_R2,8W,ATAGAGACAGCGGTCT-1,2957,1817,0.3043625295908015,12,5,Ductal basal
8613,8W_R2,8W,ATAGAGAGTGTCTAAC-1,3168,1968,0.0,9,1,Ductular
8621,8W_R2,8W,ATAGGCTGTGAGAGGG-1,4294,2354,0.09315323707498836,25,8,Acinar basal
8623,8W_R2,8W,ATATCCTAGGAGCTGT-1,3972,2467,0.0755287009063444,25,9,Ductal basal
8624,8W_R2,8W,ATATCCTAGTATGCAA-1,4224,2178,0.11837121212121213,12,5,Ductal basal
8629,8W_R2,8W,ATATCCTGTCTCTCCA-1,4607,2438,0.0,24,3,Ductal suprabasal
8630,8W_R2,8W,ATATCCTGTCTTGAGT-1,3004,1921,0.06657789613848203,22,8,Acinar basal
8635,8W_R2,8W,ATATCCTTCCCAGGCA-1,2392,1504,0.1254180602006689,20,3,Ductal suprabasal
8637,8W_R2,8W,ATCACAGCACTTTATC-1,4772,2331,0.12573344509639564,25,5,Ductal basal
8642,8W_R2,8W,ATCACAGTCCGATAGT-1,2959,1718,0.23656640757012504,7,2,Ductal basal
8643,8W_R2,8W,ATCACAGTCGACGCTG-1,5935,2869,0.08424599831508003,23,3,Ductal suprabasal
8644,8W_R2,8W,ATCACAGTCGAGTTGT-1,6294,3262,0.11121703209405784,25,9,Ductal basal
8645,8W_R2,8W,ATCACAGTCGGAGCAA-1,5757,2810,0.1563314226159458,7,2,Ductal basal
8646,8W_R2,8W,ATCACAGTCTTTCCAA-1,3430,1928,0.1457725947521866,10,2,Ductal basal
8649,8W_R2,8W,ATCACGACAATTGAAG-1,6953,3316,0.5896735222206242,22,7,Differentiating meibocyte
8651,8W_R2,8W,ATCACGACACGCTATA-1,3074,1840,0.13012361743656475,24,1,Ductular
8653,8W_R2,8W,ATCACGACATTCAGGT-1,5697,3010,0.22819027558364052,22,8,Acinar basal
8655,8W_R2,8W,ATCACGATCATGCCGG-1,1114,721,0.17953321364452424,23,3,Ductal suprabasal
8657,8W_R2,8W,ATCACGATCGGAGTAG-1,2700,1729,0.2222222222222222,9,1,Ductular
8669,8W_R2,8W,ATCACTTTCCAACACA-1,4338,2120,0.13831258644536654,16,4,Orifice
8671,8W_R2,8W,ATCAGGTAGCGGGTTA-1,2821,1764,0.38993264799716415,24,3,Ductal suprabasal
8674,8W_R2,8W,ATCAGGTAGGTTCCAT-1,2334,1441,0.34275921165381323,10,6,Ductal basal
8676,8W_R2,8W,ATCAGGTCACATATGC-1,1121,759,3.2114183764495987,23,3,Ductal suprabasal
8677,8W_R2,8W,ATCAGGTCACATTCGA-1,5506,2593,0.09081002542680712,12,4,Orifice
8679,8W_R2,8W,ATCAGGTGTGCCCAGT-1,3903,2055,0.25621316935690497,12,5,Ductal basal
8680,8W_R2,8W,ATCAGGTTCCCGTTCA-1,3925,2257,0.15286624203821655,20,3,Ductal suprabasal
8682,8W_R2,8W,ATCAGGTTCGCACGGT-1,3450,1821,0.14492753623188406,16,4,Orifice
8683,8W_R2,8W,ATCATTCAGGAGGCAG-1,1720,1149,0.11627906976744186,23,1,Ductular
8685,8W_R2,8W,ATCATTCCAGCACAAG-1,3564,1999,0.1964085297418631,5,0,Ductal basal
8686,8W_R2,8W,ATCATTCCAGGCACAA-1,9695,3722,0.7632800412583806,5,0,Ductal basal
8694,8W_R2,8W,ATCATTCTCCCTATTA-1,6715,2490,0.14892032762472077,7,2,Ductal basal
8695,8W_R2,8W,ATCATTCTCGAGGCAA-1,5016,2361,0.17942583732057416,16,4,Orifice
8700,8W_R2,8W,ATCCACCGTTAGAGAT-1,5591,2609,0.12520121624038635,12,5,Ductal basal
8703,8W_R2,8W,ATCCATTAGAAGTCTA-1,3563,1960,0.25259612685938815,12,5,Ductal basal
8708,8W_R2,8W,ATCCATTGTCTTTATC-1,956,683,0.3138075313807531,35,7,Differentiating meibocyte
8712,8W_R2,8W,ATCCATTTCTTTCAGT-1,3874,2178,0.18069179143004646,23,1,Ductular
8728,8W_R2,8W,ATCCGTCCACTTACAG-1,8139,3595,0.08600565179997544,9,1,Ductular
8736,8W_R2,8W,ATCCTATGTGACCGAA-1,3241,2148,2.0364085158901575,29,7,Differentiating meibocyte
8740,8W_R2,8W,ATCGATGAGCAGCGAT-1,3674,1907,0.1360914534567229,7,2,Ductal basal
8741,8W_R2,8W,ATCGATGAGGACCCAA-1,1928,1305,0.3630705394190871,35,7,Differentiating meibocyte
8752,8W_R2,8W,ATCGCCTAGGACAGTC-1,2803,1569,0.10702818408847663,7,2,Ductal basal
8754,8W_R2,8W,ATCGCCTAGGCCCACT-1,5764,2874,0.260235947258848,9,9,Ductal basal
8755,8W_R2,8W,ATCGCCTCAAAGAACT-1,5528,2764,0.12662807525325614,9,1,Ductular
8757,8W_R2,8W,ATCGCCTCAGGCTCTG-1,5489,2883,0.18218254691200583,9,1,Ductular
8758,8W_R2,8W,ATCGCCTCATGCCGGT-1,7927,3507,0.012615112905260501,20,3,Ductal suprabasal
8760,8W_R2,8W,ATCGCCTGTATCCTCC-1,9620,4083,0.062370062370062374,22,8,Acinar basal
8763,8W_R2,8W,ATCGCCTGTTCTCCCA-1,2662,1704,0.18782870022539444,22,8,Acinar basal
8765,8W_R2,8W,ATCGCCTTCCGAGATT-1,5715,2930,0.12248468941382328,20,3,Ductal suprabasal
8769,8W_R2,8W,ATCGGATAGGAACTAT-1,9407,3930,0.06378228978420325,12,0,Ductal basal
8771,8W_R2,8W,ATCGGATCAGATCCAT-1,2421,1524,0.16522098306484925,9,4,Orifice
8784,8W_R2,8W,ATCGGCGCAGGCTCTG-1,6540,3222,0.3363914373088685,22,8,Acinar basal
8791,8W_R2,8W,ATCGGCGTCCTCTTTC-1,2996,1757,0.16688918558077437,24,3,Ductal suprabasal
8792,8W_R2,8W,ATCGGCGTCGAATCCA-1,951,690,0.10515247108307045,35,7,Differentiating meibocyte
8796,8W_R2,8W,ATCGTAGAGTTGAAGT-1,5232,2444,0.05733944954128441,7,2,Ductal basal
8798,8W_R2,8W,ATCGTAGCAGGCGTTC-1,8166,3589,0.26940974773450893,24,3,Ductal suprabasal
8799,8W_R2,8W,ATCGTAGCATCTGGGC-1,4869,2524,0.7804477305401519,20,3,Ductal suprabasal
8802,8W_R2,8W,ATCGTAGTCGCAGTCG-1,3850,1989,0.07792207792207792,10,2,Ductal basal
8806,8W_R2,8W,ATCGTCCAGGTCCTGC-1,5653,2699,0.12382805589952238,9,1,Ductular
8807,8W_R2,8W,ATCGTCCAGTAGGTTA-1,2545,1464,0.35363457760314343,7,2,Ductal basal
8812,8W_R2,8W,ATCGTCCCATGGGCAA-1,1984,1321,0.10080645161290322,9,1,Ductular
8813,8W_R2,8W,ATCGTCCGTCTTACAG-1,5142,2626,0.1750291715285881,12,5,Ductal basal
8819,8W_R2,8W,ATCGTGAAGAGAACCC-1,5293,2283,0.15114301908180616,7,2,Ductal basal
8823,8W_R2,8W,ATCGTGACAATGACCT-1,7670,3537,0.10430247718383312,25,9,Ductal basal
8826,8W_R2,8W,ATCGTGAGTAGCGATG-1,7260,3107,0.13774104683195593,24,3,Ductal suprabasal
8830,8W_R2,8W,ATCGTGATCGGTCTAA-1,7692,3356,0.0390015600624025,29,7,Differentiating meibocyte
8831,8W_R2,8W,ATCTCTAAGCGTACAG-1,5210,2772,0.1727447216890595,24,3,Ductal suprabasal
8832,8W_R2,8W,ATCTCTAAGCTGGAGT-1,8540,3807,1.2997658079625294,24,3,Ductal suprabasal
8833,8W_R2,8W,ATCTCTAAGTTGGCGA-1,4886,2815,0.1023331968890708,5,0,Ductal basal
8834,8W_R2,8W,ATCTCTACAACTCCCT-1,1308,872,0.0764525993883792,23,1,Ductular
8835,8W_R2,8W,ATCTCTACAAGGCCTC-1,9088,3382,0.09903169014084506,24,3,Ductal suprabasal
8836,8W_R2,8W,ATCTCTACAATCGTCA-1,4691,2392,0.12790449797484546,16,4,Orifice
8839,8W_R2,8W,ATCTCTACATAACCCA-1,1889,1252,0.10587612493382743,9,4,Orifice
8844,8W_R2,8W,ATCTCTATCATTGGTG-1,3066,1781,0.06523157208088715,24,3,Ductal suprabasal
8846,8W_R2,8W,ATCTCTATCGCATTAG-1,4300,2277,0.11627906976744186,29,7,Differentiating meibocyte
8847,8W_R2,8W,ATCTCTATCTGTGTGA-1,1753,1173,0.2852253280091272,7,2,Ductal basal
8848,8W_R2,8W,ATCTTCAAGGCCTTGC-1,3113,2013,0.064246707356248,22,8,Acinar basal
8850,8W_R2,8W,ATCTTCAAGTAATTGG-1,4755,2308,0.042060988433228176,24,3,Ductal suprabasal
8851,8W_R2,8W,ATCTTCAAGTTGTCAC-1,2226,1476,0.13477088948787064,12,5,Ductal basal
8852,8W_R2,8W,ATCTTCACAAGCACCC-1,7331,3368,0.06820351930159596,5,0,Ductal basal
8856,8W_R2,8W,ATCTTCACAGGCTCTG-1,1735,1091,0.2881844380403458,23,3,Ductal suprabasal
8857,8W_R2,8W,ATCTTCAGTACCCGAC-1,4500,2401,0.0,12,5,Ductal basal
8858,8W_R2,8W,ATCTTCAGTAGCCAGA-1,2837,1827,0.07049700387733521,22,8,Acinar basal
8860,8W_R2,8W,ATCTTCAGTCCTGTTC-1,3215,1876,0.031104199066874026,22,8,Acinar basal
8868,8W_R2,8W,ATGAAAGAGGGCGAGA-1,3343,1899,0.08973975471133712,9,1,Ductular
8874,8W_R2,8W,ATGAAAGCAGATCCAT-1,3352,1961,0.14916467780429593,22,8,Acinar basal
8875,8W_R2,8W,ATGAAAGGTCCAGGTC-1,2784,1719,0.10775862068965517,12,5,Ductal basal
8880,8W_R2,8W,ATGACCAAGAATCGCG-1,7902,3300,0.240445456846368,12,5,Ductal basal
8884,8W_R2,8W,ATGACCAGTCGTGGTC-1,1697,1177,0.05892751915144372,29,7,Differentiating meibocyte
8888,8W_R2,8W,ATGACCATCTTAGGAC-1,5470,2783,0.07312614259597806,22,8,Acinar basal
8892,8W_R2,8W,ATGAGGGCAAGCAGGT-1,2359,1414,0.1695633743111488,23,1,Ductular
8895,8W_R2,8W,ATGAGGGGTCGTCATA-1,2814,1801,0.10660980810234541,7,2,Ductal basal
8900,8W_R2,8W,ATGAGTCCAGGATCTT-1,2934,1635,0.10224948875255625,7,2,Ductal basal
8901,8W_R2,8W,ATGAGTCCATGAAGGC-1,2869,1808,0.10456605088881143,23,3,Ductal suprabasal
8905,8W_R2,8W,ATGAGTCGTCTTCCGT-1,4022,1849,0.12431626056688214,23,1,Ductular
8909,8W_R2,8W,ATGAGTCTCGGAAGGT-1,6279,3202,0.15926102882624624,20,3,Ductal suprabasal
8910,8W_R2,8W,ATGATCGAGAGTTGTA-1,2413,1747,0.08288437629506838,20,8,Acinar basal
8915,8W_R2,8W,ATGATCGTCACCATGA-1,818,623,0.36674816625916873,29,7,Differentiating meibocyte
8918,8W_R2,8W,ATGATCGTCGGCGATC-1,2320,1531,0.47413793103448276,25,9,Ductal basal
8919,8W_R2,8W,ATGATCGTCTATGTGG-1,4793,2667,0.12518255789693303,22,8,Acinar basal
8920,8W_R2,8W,ATGCATGCAAAGCTAA-1,4407,2116,0.24960290447016112,12,5,Ductal basal
8921,8W_R2,8W,ATGCATGCAAGATCCT-1,3904,2039,0.07684426229508197,7,4,Orifice
8922,8W_R2,8W,ATGCATGCAGAGAGGG-1,6527,3029,0.061283897655890915,16,4,Orifice
8924,8W_R2,8W,ATGCATGGTAACAAGT-1,6693,2932,0.059763932466756306,16,4,Orifice
8929,8W_R2,8W,ATGCATGTCAAGGACG-1,5488,2617,0.12755102040816327,7,2,Ductal basal
8931,8W_R2,8W,ATGCATGTCACTGATG-1,4377,2328,0.04569339730408956,25,9,Ductal basal
8936,8W_R2,8W,ATGCCTCAGTGACCTT-1,5390,2504,0.2597402597402597,35,10,Differentiated meibocyte
8937,8W_R2,8W,ATGCCTCCAAAGGTTA-1,5806,2846,0.05167068549776094,16,4,Orifice
8939,8W_R2,8W,ATGCCTCGTGGTCTGC-1,4197,2203,0.19061234214915415,16,4,Orifice
8941,8W_R2,8W,ATGCCTCTCGTCACCT-1,5332,2544,0.15003750937734434,23,1,Ductular
8942,8W_R2,8W,ATGCGATAGCAGTAAT-1,5655,2742,0.21220159151193632,9,1,Ductular
8947,8W_R2,8W,ATGCGATGTCTGGTTA-1,1376,958,0.2180232558139535,35,10,Differentiated meibocyte
8951,8W_R2,8W,ATGCGATTCGCATTGA-1,5556,2513,0.16198704103671707,16,4,Orifice
8953,8W_R2,8W,ATGGAGGAGCGAAACC-1,2512,1568,0.19904458598726116,12,5,Ductal basal
8958,8W_R2,8W,ATGGAGGCACTGCGTG-1,5377,2502,0.1301841175376604,23,1,Ductular
8960,8W_R2,8W,ATGGAGGCATCAGTCA-1,6184,3115,0.11319534282018111,20,1,Ductular
8965,8W_R2,8W,ATGGATCAGGCTCTCG-1,5331,2646,0.22509848058525606,5,0,Ductal basal
8980,8W_R2,8W,ATGGGAGAGACATCCT-1,3178,1778,0.18879798615481436,5,0,Ductal basal
8986,8W_R2,8W,ATGGGAGAGGCAGGTT-1,4537,2394,0.04408199250606128,12,0,Ductal basal
8988,8W_R2,8W,ATGGGAGAGTTGTACC-1,4312,2261,0.02319109461966605,24,3,Ductal suprabasal
8994,8W_R2,8W,ATGGGAGCAGTTCTAG-1,6211,2928,0.16100466913540493,16,4,Orifice
8995,8W_R2,8W,ATGGGAGGTCCACGCA-1,4590,2470,1.6557734204793026,20,3,Ductal suprabasal
8999,8W_R2,8W,ATGGGTTAGCACTTTG-1,1295,928,0.8494208494208495,23,3,Ductal suprabasal
9000,8W_R2,8W,ATGGGTTAGTAGACCG-1,11031,4396,0.09971897380110598,25,9,Ductal basal
9002,8W_R2,8W,ATGGGTTCAATTGTGC-1,7978,3159,0.0501378791677112,24,3,Ductal suprabasal
9003,8W_R2,8W,ATGGGTTCAGCTGGTC-1,4248,2222,0.11770244821092278,12,5,Ductal basal
9004,8W_R2,8W,ATGGGTTGTATCTTCT-1,3953,2185,0.05059448520111307,12,5,Ductal basal
9006,8W_R2,8W,ATGGGTTGTTAGAAAC-1,13888,4435,1.2744815668202765,5,0,Ductal basal
9008,8W_R2,8W,ATGGGTTTCATCTCTA-1,8091,3386,0.012359411692003462,24,3,Ductal suprabasal
9013,8W_R2,8W,ATGGTTGGTCGCATGC-1,5699,2738,0.14037550447446923,5,0,Ductal basal
9015,8W_R2,8W,ATGGTTGGTGGCATCC-1,4128,2260,0.09689922480620156,7,2,Ductal basal
9017,8W_R2,8W,ATGTCCCAGACCTCAT-1,4025,2355,0.1987577639751553,5,0,Ductal basal
9025,8W_R2,8W,ATGTCCCTCTGTCGCT-1,3345,1727,0.4185351270553065,7,2,Ductal basal
9027,8W_R2,8W,ATGTCTTAGAATCGAT-1,2388,1518,0.16750418760469013,7,5,Ductal basal
9029,8W_R2,8W,ATGTCTTAGCACCAGA-1,9402,3682,0.031908104658583285,22,7,Differentiating meibocyte
9033,8W_R2,8W,ATGTCTTCAGCTACAT-1,3823,2264,0.07847240387130526,20,3,Ductal suprabasal
9035,8W_R2,8W,ATGTCTTCAGTAGATA-1,2791,1813,0.03582945180938731,5,0,Ductal basal
9037,8W_R2,8W,ATGTCTTGTCAGCGTC-1,3987,2256,0.025081514923501375,5,0,Ductal basal
9040,8W_R2,8W,ATTACCTAGGCAGGGA-1,2286,1346,0.17497812773403326,29,7,Differentiating meibocyte
9041,8W_R2,8W,ATTACCTAGGCCATAG-1,4955,2677,0.12108980827447023,5,0,Ductal basal
9043,8W_R2,8W,ATTACCTGTCCCGCAA-1,4208,2037,0.16634980988593154,12,5,Ductal basal
9046,8W_R2,8W,ATTACCTGTTGTTGCA-1,2756,1629,0.2539912917271408,12,5,Ductal basal
9049,8W_R2,8W,ATTACCTTCAGGAGAC-1,5641,2369,0.9218223719198724,16,4,Orifice
9055,8W_R2,8W,ATTACTCAGATGGGCT-1,4955,2453,0.10090817356205853,22,8,Acinar basal
9056,8W_R2,8W,ATTACTCAGCTTTCCC-1,3802,2140,0.052603892688058915,10,6,Ductal basal
9058,8W_R2,8W,ATTACTCCATACTTTC-1,5416,2407,0.03692762186115214,7,2,Ductal basal
9062,8W_R2,8W,ATTACTCTCAGTCCGG-1,5253,2625,1.1612411955073292,23,1,Ductular
9065,8W_R2,8W,ATTATCCAGCCTCGTG-1,1646,1186,0.24301336573511542,22,8,Acinar basal
9066,8W_R2,8W,ATTATCCAGGAAGAAC-1,4615,2087,0.23835319609967495,7,2,Ductal basal
9067,8W_R2,8W,ATTATCCCAACTCATG-1,7077,3552,0.028260562385191465,20,3,Ductal suprabasal
9071,8W_R2,8W,ATTATCCGTGCGAGTA-1,3117,1745,0.25665704202759065,12,4,Orifice
9072,8W_R2,8W,ATTATCCTCGACTCCT-1,9943,3902,0.21120386201347682,20,3,Ductal suprabasal
9076,8W_R2,8W,ATTCACTAGAGTGACC-1,2692,1706,0.22288261515601782,10,6,Ductal basal
9079,8W_R2,8W,ATTCACTCAAGAGATT-1,3235,1985,0.0,5,0,Ductal basal
9086,8W_R2,8W,ATTCAGGCAACACAAA-1,10526,4170,0.16150484514535435,5,6,Ductal basal
9087,8W_R2,8W,ATTCAGGCAAGGCCTC-1,6139,3028,0.06515719172503665,20,3,Ductal suprabasal
9088,8W_R2,8W,ATTCAGGCACCCTAAA-1,6258,2955,0.20773410035155004,5,0,Ductal basal
9089,8W_R2,8W,ATTCAGGCAGAGAGGG-1,9959,4187,0.1305351942966161,25,9,Ductal basal
9091,8W_R2,8W,ATTCAGGTCTTTGCGC-1,4038,2255,0.04952947003467063,24,3,Ductal suprabasal
9092,8W_R2,8W,ATTCATCAGAGTTGTA-1,2720,1640,0.11029411764705882,5,0,Ductal basal
9094,8W_R2,8W,ATTCATCCAAACTCGT-1,1338,909,0.0,24,3,Ductal suprabasal
9098,8W_R2,8W,ATTCATCGTAGCGTTT-1,3603,1872,0.16652789342214822,16,4,Orifice
9103,8W_R2,8W,ATTCCATAGCCAAGGT-1,1978,1278,0.10111223458038424,5,0,Ductal basal
9106,8W_R2,8W,ATTCCATCACGTATAC-1,2927,1755,0.0341646737273659,9,1,Ductular
9110,8W_R2,8W,ATTCCATTCCATTCAT-1,1474,1030,0.13568521031207598,9,4,Orifice
9112,8W_R2,8W,ATTCCCGCAGATTTCG-1,2451,1545,0.24479804161566704,9,1,Ductular
9113,8W_R2,8W,ATTCCCGCATCAGTGT-1,2282,1314,0.26292725679228746,23,1,Ductular
9114,8W_R2,8W,ATTCCCGCATGGATCT-1,936,671,0.5341880341880342,23,3,Ductal suprabasal
9115,8W_R2,8W,ATTCCCGGTCGAACGA-1,4394,2164,0.06827492034592626,7,2,Ductal basal
9117,8W_R2,8W,ATTCCCGTCATCACCC-1,4584,2426,0.13089005235602094,9,1,Ductular
9118,8W_R2,8W,ATTCCCGTCCACGTAA-1,3830,2213,0.0783289817232376,9,1,Ductular
9119,8W_R2,8W,ATTCCCGTCCACTAGA-1,6664,3062,0.07503001200480193,16,4,Orifice
9122,8W_R2,8W,ATTCCTAAGGAGACCT-1,3099,1881,0.12907389480477574,25,9,Ductal basal
9125,8W_R2,8W,ATTCCTAAGGTTCTTG-1,3230,1870,0.09287925696594426,29,7,Differentiating meibocyte
9127,8W_R2,8W,ATTCCTAGTGCCTAAT-1,5128,2590,0.1170046801872075,20,3,Ductal suprabasal
9128,8W_R2,8W,ATTCCTATCAACCGAT-1,1753,1195,0.11409013120365087,29,7,Differentiating meibocyte
9130,8W_R2,8W,ATTCGTTAGGGTCACA-1,1210,863,0.3305785123966942,22,7,Differentiating meibocyte
9133,8W_R2,8W,ATTCGTTGTAGGATAT-1,1908,1195,0.052410901467505246,16,4,Orifice
9139,8W_R2,8W,ATTCTACAGGAGAGGC-1,2158,1485,0.04633920296570899,25,8,Acinar basal
9140,8W_R2,8W,ATTCTACAGTTTGAGA-1,4231,2234,0.09454029780193808,20,3,Ductal suprabasal
9142,8W_R2,8W,ATTCTACCAACTTCTT-1,4775,2551,0.0837696335078534,25,9,Ductal basal
9146,8W_R2,8W,ATTCTACGTGTAGCAG-1,1987,1143,0.10065425264217413,7,2,Ductal basal
9150,8W_R2,8W,ATTCTACTCGTAGGAG-1,4436,2436,0.045085662759242556,25,9,Ductal basal
9152,8W_R2,8W,ATTCTTGAGCGCCTAC-1,2991,1802,0.10030090270812438,12,5,Ductal basal
9155,8W_R2,8W,ATTCTTGCACAGCCTG-1,8566,3617,0.15176278309596078,20,3,Ductal suprabasal
9157,8W_R2,8W,ATTCTTGTCGGTTCAA-1,2615,1581,0.03824091778202677,23,3,Ductal suprabasal
9163,8W_R2,8W,ATTGGGTTCGTAGTGT-1,2277,1484,0.2635046113306983,20,3,Ductal suprabasal
9166,8W_R2,8W,ATTGTTCAGGGCTAAC-1,2629,1708,0.26626093571700266,25,9,Ductal basal
9170,8W_R2,8W,ATTGTTCGTCGAGCTC-1,3202,1807,0.3123048094940662,7,2,Ductal basal
9171,8W_R2,8W,ATTGTTCGTCTTGAGT-1,1932,1292,0.2070393374741201,29,7,Differentiating meibocyte
9181,8W_R2,8W,ATTTACCTCGTGTTCC-1,3122,1829,0.3203074951953876,5,0,Ductal basal
9185,8W_R2,8W,ATTTCACCACAGAGCA-1,7298,2921,0.20553576322280076,7,2,Ductal basal
9186,8W_R2,8W,ATTTCACCAGAGTCAG-1,2588,1704,0.1545595054095827,20,9,Ductal basal
9198,8W_R2,8W,ATTTCTGTCATCGCAA-1,3688,2125,0.08134490238611713,12,5,Ductal basal
9203,8W_R2,8W,CAAAGAAAGCCTCAGC-1,1702,1212,0.17626321974148063,20,3,Ductal suprabasal
9207,8W_R2,8W,CAAAGAAAGTATAACG-1,4773,2498,0.06285355122564425,20,3,Ductal suprabasal
9208,8W_R2,8W,CAAAGAAAGTCGGCAA-1,3767,2026,0.15927794000530926,7,2,Ductal basal
9215,8W_R2,8W,CAACAACAGGTTCCAT-1,5974,2725,0.03347840642785404,5,0,Ductal basal
9217,8W_R2,8W,CAACAACCAGGTGACA-1,6041,3069,0.16553550736633008,24,3,Ductal suprabasal
9221,8W_R2,8W,CAACAACTCAGTCAGT-1,3239,1848,0.030873726458783574,12,5,Ductal basal
9231,8W_R2,8W,CAACAGTCAGGAACCA-1,6036,3050,0.09940357852882703,12,1,Ductular
9232,8W_R2,8W,CAACAGTCATCCCACT-1,8145,3324,0.11049723756906078,12,4,Orifice
9239,8W_R2,8W,CAACCAAAGTATGTAG-1,2417,1550,0.08274720728175423,9,1,Ductular
9243,8W_R2,8W,CAACCAAGTGTAAATG-1,2197,1287,0.22758306781975418,7,2,Ductal basal
9244,8W_R2,8W,CAACCAAGTTGTAGCT-1,1617,984,0.6184291898577613,7,0,Ductal basal
9245,8W_R2,8W,CAACCTCAGACCTGGA-1,1969,1310,0.050787201625190445,9,1,Ductular
9246,8W_R2,8W,CAACCTCAGATGCGAC-1,2287,1463,0.0,16,4,Orifice
9247,8W_R2,8W,CAACCTCAGCAGTACG-1,1931,1186,0.4660797514241326,35,7,Differentiating meibocyte
9249,8W_R2,8W,CAACCTCAGTATGAAC-1,3457,1838,0.11570726063060456,22,8,Acinar basal
9250,8W_R2,8W,CAACCTCCACATGAAA-1,5614,2401,0.08906305664410402,7,2,Ductal basal
9253,8W_R2,8W,CAACCTCTCACCGCTT-1,6968,3076,0.07175660160734788,9,1,Ductular
9256,8W_R2,8W,CAACCTCTCCTTATCA-1,8507,3955,0.023510050546608676,25,8,Acinar basal
9257,8W_R2,8W,CAACGATAGAGAGTGA-1,6227,3257,0.12847277982977356,25,9,Ductal basal
9258,8W_R2,8W,CAACGATAGATACCAA-1,11598,4109,0.10346611484738748,24,3,Ductal suprabasal
9259,8W_R2,8W,CAACGATAGGATTACA-1,5502,2951,0.1817520901490367,20,8,Acinar basal
9261,8W_R2,8W,CAACGATCAACACGTT-1,2545,1570,0.11787819253438114,20,3,Ductal suprabasal
9262,8W_R2,8W,CAACGATCAACCAACT-1,1810,1219,0.2762430939226519,9,1,Ductular
9264,8W_R2,8W,CAACGATGTTGGGAAC-1,5119,2548,0.0586051963274077,22,8,Acinar basal
9270,8W_R2,8W,CAACGGCCACATACGT-1,1966,1275,0.10172939979654119,9,1,Ductular
9271,8W_R2,8W,CAACGGCCACCATTCC-1,6000,3000,0.08333333333333334,22,8,Acinar basal
9272,8W_R2,8W,CAACGGCCATCGTTCC-1,5831,2845,0.17149717029669012,5,6,Ductal basal
9273,8W_R2,8W,CAACGGCCATCTCATT-1,1960,1183,1.5816326530612244,24,3,Ductal suprabasal
9275,8W_R2,8W,CAACGGCGTGGATGAC-1,3396,1856,0.029446407538280327,12,5,Ductal basal
9285,8W_R2,8W,CAAGACTGTGGTCTTA-1,1999,1277,0.1500750375187594,12,5,Ductal basal
9289,8W_R2,8W,CAAGACTTCGTCGCTT-1,4055,2415,0.14796547472256474,25,9,Ductal basal
9291,8W_R2,8W,CAAGACTTCTCGTCGT-1,1065,789,0.6572769953051643,24,3,Ductal suprabasal
9296,8W_R2,8W,CAAGAGGCAATTGCTG-1,4216,2237,0.09487666034155598,24,3,Ductal suprabasal
9303,8W_R2,8W,CAAGAGGGTTGCTAGT-1,4130,2163,0.14527845036319612,23,1,Ductular
9305,8W_R2,8W,CAAGCTAAGCACTCAT-1,5459,2399,0.12822861329913904,7,2,Ductal basal
9307,8W_R2,8W,CAAGCTACAATAGTCC-1,4500,2372,0.13333333333333333,9,1,Ductular
9309,8W_R2,8W,CAAGCTACAGCGTAGA-1,6879,3492,0.2035179531908708,22,8,Acinar basal
9311,8W_R2,8W,CAAGCTAGTACCACGC-1,8483,3400,0.17682423670871153,16,4,Orifice
9314,8W_R2,8W,CAAGCTAGTTTGTGGT-1,3554,2042,0.08441193021947102,29,7,Differentiating meibocyte
9316,8W_R2,8W,CAAGCTATCTACTTCA-1,5212,2166,0.03837298541826554,23,1,Ductular
9317,8W_R2,8W,CAAGGGAAGGAGCTGT-1,1823,1275,0.054854635216675815,20,1,Ductular
9318,8W_R2,8W,CAAGGGAAGTCTGTAC-1,10123,4244,0.019756989034871088,10,0,Ductal basal
9320,8W_R2,8W,CAAGGGAAGTTGCGCC-1,5082,2563,0.6099960645415191,29,7,Differentiating meibocyte
9322,8W_R2,8W,CAAGGGACACTGGCGT-1,3983,2008,0.1506402209389907,7,2,Ductal basal
9328,8W_R2,8W,CAAGGGAGTGGATGAC-1,2835,1776,0.07054673721340389,10,0,Ductal basal
9329,8W_R2,8W,CAAGGGAGTTCGTGCG-1,1335,1002,0.22471910112359553,22,8,Acinar basal
9330,8W_R2,8W,CAAGGGATCGACGCTG-1,3265,1676,0.4287901990811639,23,1,Ductular
9335,8W_R2,8W,CAATACGAGGTAGATT-1,4073,2346,0.12275963663147557,9,1,Ductular
9336,8W_R2,8W,CAATACGAGTCGCCAC-1,3023,1751,0.09923916639100232,10,2,Ductal basal
9337,8W_R2,8W,CAATACGTCAGTGATC-1,2824,1725,0.28328611898017,24,3,Ductal suprabasal
9339,8W_R2,8W,CAATCGAAGGGAGATA-1,4998,2794,0.24009603841536614,20,3,Ductal suprabasal
9342,8W_R2,8W,CAATCGACAAGTGGTG-1,4257,2427,0.3288700963119568,7,1,Ductular
9344,8W_R2,8W,CAATCGACAGCACGAA-1,2113,1387,0.28395646000946523,9,1,Ductular
9349,8W_R2,8W,CAATGACAGGTAGGCT-1,7724,3626,0.24598653547384777,22,7,Differentiating meibocyte
9361,8W_R2,8W,CAATTTCGTACGAGCA-1,3326,1721,0.3607937462417318,12,5,Ductal basal
9362,8W_R2,8W,CAATTTCGTACTCCCT-1,3218,1740,0.3107520198881293,35,7,Differentiating meibocyte
9366,8W_R2,8W,CAATTTCTCCACCTGT-1,5245,2761,0.3050524308865586,22,8,Acinar basal
9370,8W_R2,8W,CACAACAAGTCGGCCT-1,1401,969,0.21413276231263384,29,7,Differentiating meibocyte
9372,8W_R2,8W,CACAACACAAGACGAC-1,4952,2655,0.08077544426494346,25,9,Ductal basal
9375,8W_R2,8W,CACAACACAGTCTCTC-1,4379,2285,0.06850879196163508,12,5,Ductal basal
9377,8W_R2,8W,CACAACAGTGAGATTA-1,3555,2270,0.19690576652601968,22,8,Acinar basal
9379,8W_R2,8W,CACAACATCCCAGGCA-1,10584,4102,0.10393046107331821,10,6,Ductal basal
9381,8W_R2,8W,CACACAAAGGAATGTT-1,5263,2771,0.09500285008550256,12,5,Ductal basal
9385,8W_R2,8W,CACACAACATTGTGCA-1,8043,3461,0.14919806042521447,24,3,Ductal suprabasal
9388,8W_R2,8W,CACACAAGTTCACGAT-1,4623,2474,0.23794073112697384,9,1,Ductular
9397,8W_R2,8W,CACAGATAGGAACGAA-1,1981,1272,0.4543160020191822,35,10,Differentiated meibocyte
9398,8W_R2,8W,CACAGATAGGCGTTAG-1,3222,1890,0.15518311607697083,12,5,Ductal basal
9400,8W_R2,8W,CACAGATGTCGGTAAG-1,1211,906,0.2477291494632535,9,3,Ductal suprabasal
9407,8W_R2,8W,CACAGGCAGTGATCGG-1,6423,3235,0.06227619492449011,24,3,Ductal suprabasal
9409,8W_R2,8W,CACAGGCCAAGAGGTC-1,10556,4127,0.15157256536566882,29,7,Differentiating meibocyte
9410,8W_R2,8W,CACAGGCCACCCTAAA-1,4588,2408,0.15257192676547515,20,3,Ductal suprabasal
9412,8W_R2,8W,CACAGGCGTAGACACG-1,3679,2122,0.7338950801848328,10,0,Ductal basal
9414,8W_R2,8W,CACAGGCGTCGATTCA-1,1977,1295,0.3540718259989884,22,8,Acinar basal
9419,8W_R2,8W,CACAGGCTCTGGCCTT-1,5777,2738,0.12117015752120479,12,4,Orifice
9427,8W_R2,8W,CACATGACACATGGTT-1,10128,3915,0.08886255924170616,12,5,Ductal basal
9429,8W_R2,8W,CACATGAGTCGCTGCA-1,6359,2992,0.11008020128951093,16,4,Orifice
9432,8W_R2,8W,CACATGATCATGGATC-1,5046,2387,0.2576298057867618,12,1,Ductular
9434,8W_R2,8W,CACATGATCTCGGCTT-1,6156,2416,0.11371020142949967,22,3,Ductal suprabasal
9435,8W_R2,8W,CACCAAAAGAGAGCCT-1,3744,2078,0.13354700854700854,12,5,Ductal basal
9436,8W_R2,8W,CACCAAAAGAGCTTTC-1,2150,1274,0.09302325581395349,12,5,Ductal basal
9439,8W_R2,8W,CACCAAACACGGTAGA-1,10070,3926,0.029791459781529295,29,7,Differentiating meibocyte
9443,8W_R2,8W,CACCAAAGTCTGTGCG-1,6997,3234,0.10004287551807918,5,5,Ductal basal
9446,8W_R2,8W,CACCAAAGTGTTCGTA-1,1404,958,0.4273504273504274,35,7,Differentiating meibocyte
9448,8W_R2,8W,CACCAAATCAAGTCGT-1,4532,2367,0.11032656663724624,25,8,Acinar basal
9449,8W_R2,8W,CACCAAATCCGTGGGT-1,4085,2264,0.2203182374541004,16,4,Orifice
9454,8W_R2,8W,CACCGTTCATACCACA-1,7525,3285,0.10631229235880399,20,8,Acinar basal
9455,8W_R2,8W,CACCGTTCATCAGCTA-1,11542,4299,0.08664009703690868,22,8,Acinar basal
9457,8W_R2,8W,CACCGTTGTCAAGGCA-1,5473,2785,0.16444363237712406,20,3,Ductal suprabasal
9458,8W_R2,8W,CACCGTTGTCACGCTG-1,5504,2927,0.19985465116279072,25,9,Ductal basal
9459,8W_R2,8W,CACCGTTGTCATAACC-1,4561,2200,0.21925016443762332,16,4,Orifice
9462,8W_R2,8W,CACCGTTGTTTACCAG-1,4448,2514,0.3147482014388489,22,8,Acinar basal
9466,8W_R2,8W,CACCGTTTCGCGGACT-1,2496,1570,0.1201923076923077,20,3,Ductal suprabasal
9469,8W_R2,8W,CACGAATAGCTGGCCT-1,10539,4423,0.02846569883290635,20,3,Ductal suprabasal
9478,8W_R2,8W,CACGAATTCCCACAGG-1,10042,3804,0.9958175662218682,29,7,Differentiating meibocyte
9480,8W_R2,8W,CACGAATTCGGATAAA-1,7158,3260,0.06985191394244203,5,0,Ductal basal
9486,8W_R2,8W,CACGGGTGTCTGGTTA-1,4124,2238,0.7516973811833172,12,5,Ductal basal
9489,8W_R2,8W,CACGGGTTCGGCATAT-1,4947,2538,1.0713563776025874,24,3,Ductal suprabasal
9492,8W_R2,8W,CACGTGGAGTGCCCGT-1,6821,3057,0.07330303474563847,9,1,Ductular
9496,8W_R2,8W,CACGTGGGTAGGTAGC-1,3631,1948,0.1101624896722666,10,0,Ductal basal
9500,8W_R2,8W,CACGTGGGTGTGGTCC-1,13307,4448,0.09017810175095814,29,7,Differentiating meibocyte
9506,8W_R2,8W,CACGTTCCACCTGATA-1,4399,2167,0.11366219595362581,9,1,Ductular
9507,8W_R2,8W,CACGTTCCATCTTTCA-1,2629,1585,0.07607455306200077,9,1,Ductular
9508,8W_R2,8W,CACGTTCCATGAGATA-1,2353,1385,0.08499787505312367,23,1,Ductular
9509,8W_R2,8W,CACGTTCCATTGAGCT-1,13253,3945,0.09054553685957896,16,4,Orifice
9511,8W_R2,8W,CACGTTCGTAGTTACC-1,5294,2786,0.05666792595391009,5,0,Ductal basal
9512,8W_R2,8W,CACGTTCGTATCGTAC-1,2661,1597,0.26305900037579855,10,0,Ductal basal
9514,8W_R2,8W,CACGTTCGTGCCTGCA-1,2954,1717,0.06770480704129993,7,3,Ductal suprabasal
9519,8W_R2,8W,CACTAAGCACTTGAAC-1,5421,2798,0.8669987087253275,22,8,Acinar basal
9525,8W_R2,8W,CACTAAGGTCCCTCAT-1,7502,3291,0.2266062383364436,25,9,Ductal basal
9531,8W_R2,8W,CACTAAGTCCTGCCAT-1,7747,3258,0.07744933522653931,12,5,Ductal basal
9533,8W_R2,8W,CACTGAAAGAGCCGAT-1,6976,3168,0.20068807339449543,10,6,Ductal basal
9537,8W_R2,8W,CACTGAACATACCATG-1,2410,1508,0.16597510373443983,16,4,Orifice
9538,8W_R2,8W,CACTGAACATGCGTGC-1,1753,1146,0.22818026240730174,9,1,Ductular
9539,8W_R2,8W,CACTGAAGTACTAAGA-1,4616,2175,0.15164644714038128,12,5,Ductal basal
9541,8W_R2,8W,CACTGAAGTCTGTAGT-1,6724,3294,0.074360499702558,25,9,Ductal basal
9547,8W_R2,8W,CACTGGGAGAGAAGGT-1,5648,2782,0.1593484419263456,10,0,Ductal basal
9549,8W_R2,8W,CACTGGGAGCTGGTGA-1,3931,2251,0.22894937674891885,20,1,Ductular
9555,8W_R2,8W,CACTGTCAGAAACCCG-1,3166,1935,0.06317119393556538,20,3,Ductal suprabasal
9556,8W_R2,8W,CACTGTCCATCTGGGC-1,2956,1751,0.10148849797023003,5,0,Ductal basal
9558,8W_R2,8W,CACTGTCCATTATGCG-1,7097,2782,0.1409046075806679,7,2,Ductal basal
9559,8W_R2,8W,CACTGTCGTGAATATG-1,3861,1989,0.0777000777000777,7,2,Ductal basal
9562,8W_R2,8W,CACTTCGAGCCGTTGC-1,4207,2141,0.07130972189208462,7,1,Ductular
9567,8W_R2,8W,CACTTCGGTCGTTCAA-1,7868,3284,0.10167768174885612,16,4,Orifice
9573,8W_R2,8W,CAGAGCCCAGGTCCGT-1,4099,1679,0.3659429129055867,16,4,Orifice
9574,8W_R2,8W,CAGAGCCCAGGTTTAC-1,4641,2431,0.06464124111182934,12,5,Ductal basal
9575,8W_R2,8W,CAGAGCCCATGAATCC-1,4598,2310,0.19573727707698999,10,0,Ductal basal
9577,8W_R2,8W,CAGAGCCTCATCTGTT-1,4596,2546,0.3263707571801566,22,8,Acinar basal
9581,8W_R2,8W,CAGATACAGGAGAGTA-1,5225,2630,0.1339712918660287,10,0,Ductal basal
9588,8W_R2,8W,CAGATACTCAAACGTC-1,3847,1976,0.1819599688068625,7,2,Ductal basal
9595,8W_R2,8W,CAGATCACATAACCCA-1,7311,3432,0.04103405826836274,10,6,Ductal basal
9599,8W_R2,8W,CAGATCATCGTTGTAG-1,2925,1832,0.10256410256410256,7,2,Ductal basal
9602,8W_R2,8W,CAGATTGAGTAAACGT-1,3174,1885,0.0630119722747322,9,4,Orifice
9605,8W_R2,8W,CAGATTGTCGAATCCA-1,2610,1549,0.3448275862068966,9,1,Ductular
9607,8W_R2,8W,CAGCAATAGACTCTAC-1,8211,3578,0.10960906101571063,10,6,Ductal basal
9610,8W_R2,8W,CAGCAATCAAAGTATG-1,9512,3564,0.1576955424726661,24,3,Ductal suprabasal
9616,8W_R2,8W,CAGCAATGTATCCCAA-1,10003,3859,0.07997600719784065,16,4,Orifice
9625,8W_R2,8W,CAGCACGCAAGCAGGT-1,6662,3168,0.12008405884118883,10,6,Ductal basal
9627,8W_R2,8W,CAGCACGGTACAGAGC-1,6483,3282,0.12339966065093322,5,0,Ductal basal
9630,8W_R2,8W,CAGCACGGTGTAGCAG-1,4741,2474,0.3163889474794347,29,7,Differentiating meibocyte
9632,8W_R2,8W,CAGCACGTCAAACCTG-1,5535,2938,0.03613369467028004,25,9,Ductal basal
9633,8W_R2,8W,CAGCACGTCCAAAGGG-1,3528,2109,0.17006802721088435,5,0,Ductal basal
9634,8W_R2,8W,CAGCACGTCTCTCTAA-1,6466,2862,0.18558614290133002,7,2,Ductal basal
9637,8W_R2,8W,CAGCAGCAGTTGCCCG-1,2914,1690,0.13726835964310227,9,1,Ductular
9643,8W_R2,8W,CAGCCAGAGTCGAGGT-1,5605,2574,0.16057091882247992,16,4,Orifice
9644,8W_R2,8W,CAGCCAGAGTGCAACG-1,11398,4282,0.21933672574135812,29,7,Differentiating meibocyte
9647,8W_R2,8W,CAGCCAGGTACCGCGT-1,4051,2326,0.37027894347074797,9,1,Ductular
9649,8W_R2,8W,CAGCCAGGTATCGTGT-1,1641,1078,0.4875076173065204,16,4,Orifice
9651,8W_R2,8W,CAGCCAGTCCACAGCG-1,5758,2935,0.0868357068426537,12,5,Ductal basal
9652,8W_R2,8W,CAGCCAGTCTCAACCC-1,3521,1837,0.2272081794944618,23,3,Ductal suprabasal
9653,8W_R2,8W,CAGCCAGTCTGTCGTC-1,4983,2640,0.22075055187637968,20,3,Ductal suprabasal
9655,8W_R2,8W,CAGCGTGAGAGTCTGG-1,2901,1689,0.44812133746983795,12,5,Ductal basal
9656,8W_R2,8W,CAGCGTGAGCATCGAG-1,7070,3463,0.08486562942008487,25,9,Ductal basal
9657,8W_R2,8W,CAGCGTGAGCCTCCAG-1,6702,3068,0.11936735302894659,23,1,Ductular
9658,8W_R2,8W,CAGCGTGAGGGATGTC-1,5179,2647,0.07723498744931453,5,0,Ductal basal
9659,8W_R2,8W,CAGCGTGAGTGAGCCA-1,1861,1207,0.2686727565824825,9,4,Orifice
9661,8W_R2,8W,CAGCGTGGTAGGTTTC-1,4795,2392,0.145985401459854,12,5,Ductal basal
9674,8W_R2,8W,CAGGCCACACCGTACG-1,5836,2813,0.15421521590130224,12,5,Ductal basal
9676,8W_R2,8W,CAGGCCAGTAGGCTCC-1,5470,2765,0.10968921389396709,5,0,Ductal basal
9681,8W_R2,8W,CAGGCCATCTGTAAGC-1,3620,2015,0.11049723756906078,12,5,Ductal basal
9683,8W_R2,8W,CAGGGCTAGCTCACTA-1,2884,1785,0.13869625520110956,10,6,Ductal basal
9689,8W_R2,8W,CAGGGCTCATTGTCGA-1,4008,2140,0.09980039920159679,9,1,Ductular
9699,8W_R2,8W,CAGGTATCATCGATAC-1,2826,1672,0.10615711252653928,10,2,Ductal basal
9700,8W_R2,8W,CAGGTATTCCCATAAG-1,3132,1954,0.031928480204342274,5,5,Ductal basal
9702,8W_R2,8W,CAGGTATTCTAGTTCT-1,3189,1673,0.03135779241141424,16,4,Orifice
9703,8W_R2,8W,CAGTGCGAGAAACTGT-1,8254,3388,0.10903804216137629,22,8,Acinar basal
9707,8W_R2,8W,CAGTGCGAGGTGAGCT-1,4176,2356,0.21551724137931033,25,8,Acinar basal
9712,8W_R2,8W,CAGTGCGCAAGTTCGT-1,2440,1624,0.08196721311475409,25,9,Ductal basal
9719,8W_R2,8W,CAGTGCGGTCAACATC-1,3443,1787,0.2904443799012489,7,2,Ductal basal
9720,8W_R2,8W,CAGTGCGGTGCATCTA-1,5428,2793,0.1105379513633014,20,3,Ductal suprabasal
9721,8W_R2,8W,CAGTGCGGTTCGATTG-1,5498,2648,0.18188432157148052,12,5,Ductal basal
9731,8W_R2,8W,CAGTTAGGTTCTCACC-1,10882,4293,0.8362433376217606,9,0,Ductal basal
9736,8W_R2,8W,CAGTTCCAGATAGTCA-1,4686,2498,0.06402048655569782,23,1,Ductular
9738,8W_R2,8W,CAGTTCCAGCTGACTT-1,9902,4191,0.08079175924055745,5,0,Ductal basal
9739,8W_R2,8W,CAGTTCCAGCTGTTCA-1,4198,2221,0.28585040495474034,9,1,Ductular
9740,8W_R2,8W,CAGTTCCAGGAATGTT-1,3995,2225,0.2503128911138924,9,1,Ductular
9742,8W_R2,8W,CAGTTCCCAGATCATC-1,7679,3066,0.3255632243781742,7,2,Ductal basal
9744,8W_R2,8W,CAGTTCCCATGACAGG-1,5603,2825,0.0,10,0,Ductal basal
9751,8W_R2,8W,CATAAGCAGAGGATCC-1,3355,2017,0.20864381520119224,25,9,Ductal basal
9753,8W_R2,8W,CATAAGCCACAACCGC-1,7259,3544,0.06888001102080177,25,9,Ductal basal
9754,8W_R2,8W,CATAAGCCACATGAAA-1,8661,3815,0.09236808682600162,5,0,Ductal basal
9757,8W_R2,8W,CATAAGCGTGGCATCC-1,3261,1902,0.0,10,2,Ductal basal
9758,8W_R2,8W,CATAAGCTCCTACTGC-1,6113,2758,0.17994438082774414,23,1,Ductular
9767,8W_R2,8W,CATACCCCAACCAATC-1,4662,2391,0.1716001716001716,22,8,Acinar basal
9777,8W_R2,8W,CATACTTGTGGAGGTT-1,2459,1585,0.20333468889792597,9,1,Ductular
9784,8W_R2,8W,CATACTTTCGTGGAAG-1,4313,2493,0.20867145838163692,20,3,Ductal suprabasal
9785,8W_R2,8W,CATACTTTCTCCACTG-1,4239,2174,0.04718093890068412,9,1,Ductular
9786,8W_R2,8W,CATAGACAGAAGCGGG-1,4706,2271,0.08499787505312367,7,2,Ductal basal
9793,8W_R2,8W,CATAGACGTTTGCCGG-1,3153,1756,0.12686330478908975,9,1,Ductular
9795,8W_R2,8W,CATCAAGAGATGCGAC-1,2734,1602,0.4023408924652524,12,5,Ductal basal
9802,8W_R2,8W,CATCAAGGTATGATCC-1,4279,2299,0.18695956999298902,12,5,Ductal basal
9805,8W_R2,8W,CATCAAGTCCACTTCG-1,6689,3040,2.0331888174615043,10,0,Ductal basal
9810,8W_R2,8W,CATCCACAGCGTCTGC-1,2092,1431,0.33460803059273425,9,1,Ductular
9815,8W_R2,8W,CATCCACCATGACGGA-1,6359,2588,0.20443465953766315,16,2,Ductal basal
9819,8W_R2,8W,CATCCACTCAAGGAGC-1,5010,2318,0.07984031936127745,12,5,Ductal basal
9822,8W_R2,8W,CATCCACTCGATACAC-1,2651,1737,0.2263296869105998,9,1,Ductular
9826,8W_R2,8W,CATCCCAAGTGAGTTA-1,4267,2085,0.2343566908835247,7,2,Ductal basal
9831,8W_R2,8W,CATCCCACAGTTACCA-1,8720,3439,0.08027522935779817,29,7,Differentiating meibocyte
9834,8W_R2,8W,CATCCCAGTTGGGTTT-1,3474,1918,0.17271157167530224,12,5,Ductal basal
9835,8W_R2,8W,CATCCCATCGGCTCTT-1,2533,1668,0.2763521515988946,22,8,Acinar basal
9839,8W_R2,8W,CATCCGTCAGGAATAT-1,2649,1636,0.3020007550018875,9,1,Ductular
9844,8W_R2,8W,CATCCGTTCCAAATGC-1,6583,3236,0.10633449794926325,10,6,Ductal basal
9846,8W_R2,8W,CATCCGTTCCATCTCG-1,12181,4224,0.04925703965191692,12,1,Ductular
9848,8W_R2,8W,CATCCGTTCGAACGCC-1,5578,2395,0.10756543564001435,7,2,Ductal basal
9849,8W_R2,8W,CATCGCTAGCTGGAGT-1,8846,3664,0.22609088853719198,29,7,Differentiating meibocyte
9857,8W_R2,8W,CATCGGGAGCAAATGT-1,5290,2715,0.11342155009451795,29,7,Differentiating meibocyte
9861,8W_R2,8W,CATCGGGAGTGAGGCT-1,6022,2570,0.033211557622052475,23,1,Ductular
9863,8W_R2,8W,CATCGGGCATACCAGT-1,7276,3079,0.2473886750962067,22,2,Ductal basal
9864,8W_R2,8W,CATCGGGCATAGATCC-1,6480,2362,0.2932098765432099,7,2,Ductal basal
9868,8W_R2,8W,CATCGGGGTCCACAGC-1,5515,2447,0.2538531278331822,16,4,Orifice
9872,8W_R2,8W,CATCGTCCAGACCTGC-1,6680,2844,0.3143712574850299,29,7,Differentiating meibocyte
9888,8W_R2,8W,CATGAGTCAGGTGGAT-1,1487,937,0.13449899125756556,29,7,Differentiating meibocyte
9892,8W_R2,8W,CATGAGTTCCGCAACG-1,8402,3550,0.119019281123542,24,3,Ductal suprabasal
9893,8W_R2,8W,CATGAGTTCGTAATGC-1,5176,2685,0.13523956723338484,10,0,Ductal basal
9896,8W_R2,8W,CATGCAAAGGTCCGAA-1,3630,1930,0.7988980716253443,7,2,Ductal basal
9900,8W_R2,8W,CATGCAAGTACGACAG-1,5554,2449,0.12603528988116672,7,2,Ductal basal
9902,8W_R2,8W,CATGCAAGTCTCTCTG-1,4592,2473,0.10888501742160278,10,5,Ductal basal
9909,8W_R2,8W,CATGCCTAGCTAGATA-1,9624,3227,0.07273482959268496,16,4,Orifice
9915,8W_R2,8W,CATGCCTGTTCCGCGA-1,4641,2314,1.6375781081663436,5,0,Ductal basal
9918,8W_R2,8W,CATGCCTTCTATACGG-1,3912,2246,0.23006134969325154,9,1,Ductular
9920,8W_R2,8W,CATGCGGAGCGAATGC-1,3851,2201,0.10386912490262269,10,6,Ductal basal
9924,8W_R2,8W,CATGCGGGTCATCTAG-1,3465,2031,0.11544011544011544,24,3,Ductal suprabasal
9928,8W_R2,8W,CATGCGGGTGTCTCCT-1,7066,3576,0.18397962071893575,20,9,Ductal basal
9938,8W_R2,8W,CATGCTCTCACGATCA-1,6497,2937,0.12313375404032631,22,8,Acinar basal
9939,8W_R2,8W,CATGCTCTCAGACTGT-1,4166,2262,0.04800768122899664,9,1,Ductular
9942,8W_R2,8W,CATGCTCTCCCTCAAC-1,4379,2178,0.04567252797442339,12,5,Ductal basal
9944,8W_R2,8W,CATGGATAGCATGATA-1,5410,2808,0.09242144177449169,24,3,Ductal suprabasal
9945,8W_R2,8W,CATGGATAGGGAGTTC-1,3363,1909,0.05947071067499256,9,1,Ductular
9946,8W_R2,8W,CATGGATAGTGAGGTC-1,4139,2279,0.16912297656438754,5,0,Ductal basal
9951,8W_R2,8W,CATGGATGTCCACTCT-1,1971,1289,0.2536783358701167,7,2,Ductal basal
9959,8W_R2,8W,CATGGTACAAATTGGA-1,11104,4413,0.07204610951008646,5,0,Ductal basal
9966,8W_R2,8W,CATGGTATCAGGAAGC-1,8524,3862,0.02346316283435007,25,9,Ductal basal
9973,8W_R2,8W,CATTCATAGTGCCCGT-1,5573,2792,0.16149291225551768,12,1,Ductular
9974,8W_R2,8W,CATTCATCAATTTCCT-1,7194,3324,0.055601890464275786,10,6,Ductal basal
9975,8W_R2,8W,CATTCATGTAGAGTTA-1,4894,2647,0.7764609726195342,20,3,Ductal suprabasal
9979,8W_R2,8W,CATTCATTCCAGTGCG-1,2728,1596,0.1466275659824047,9,1,Ductular
9984,8W_R2,8W,CATTCCGCAGTCGAGA-1,6501,3006,0.18458698661744347,23,2,Ductal basal
9985,8W_R2,8W,CATTCCGTCACGGGAA-1,3365,2016,0.1485884101040119,5,0,Ductal basal
9986,8W_R2,8W,CATTCCGTCACGTAGT-1,3370,1829,0.2373887240356083,10,0,Ductal basal
9987,8W_R2,8W,CATTCCGTCTCAAAGC-1,4125,2342,0.14545454545454545,10,0,Ductal basal
9988,8W_R2,8W,CATTCCGTCTCGTCGT-1,3293,1857,0.12146978439113272,12,4,Orifice
9991,8W_R2,8W,CATTCTACATTCAGCA-1,2616,1652,0.0382262996941896,10,0,Ductal basal
9992,8W_R2,8W,CATTCTAGTCAGTCCG-1,967,654,0.1034126163391934,16,4,Orifice
9993,8W_R2,8W,CATTCTAGTCGGTGTC-1,5145,2572,0.09718172983479105,24,1,Ductular
9996,8W_R2,8W,CATTCTATCACCTGTC-1,5622,2696,0.30238349341871223,9,1,Ductular
9998,8W_R2,8W,CATTGAGAGAAACTCA-1,12657,3964,0.03160306549735324,16,4,Orifice
9999,8W_R2,8W,CATTGAGAGAATACAC-1,3161,1928,0.09490667510281556,9,1,Ductular
10002,8W_R2,8W,CATTGAGCATAGTCGT-1,2394,1490,0.7101086048454469,29,7,Differentiating meibocyte
10006,8W_R2,8W,CATTGAGGTGAGTCAG-1,7222,3006,0.11077263915812793,7,2,Ductal basal
10008,8W_R2,8W,CATTGAGTCTCTATAC-1,2710,1603,0.14760147601476015,7,1,Ductular
10010,8W_R2,8W,CATTGCCAGTTGTAGA-1,4210,2252,0.38004750593824227,20,3,Ductal suprabasal
10013,8W_R2,8W,CATTGCCGTCTAACGT-1,6950,2913,0.11510791366906474,23,1,Ductular
10014,8W_R2,8W,CATTGCCTCAAGTGGG-1,4404,2201,0.045413260672116255,35,7,Differentiating meibocyte
10022,8W_R2,8W,CATTGTTCACTTGTCC-1,11258,4070,0.044412861964825016,9,1,Ductular
10026,8W_R2,8W,CATTGTTGTTTCCCAC-1,3710,2064,0.05390835579514825,20,3,Ductal suprabasal
10028,8W_R2,8W,CATTGTTTCCATCTGC-1,10505,4235,0.11423131841980008,24,3,Ductal suprabasal
10029,8W_R2,8W,CATTGTTTCGAGTCTA-1,3019,1617,0.09937065253395165,7,2,Ductal basal
10032,8W_R2,8W,CATTTCACAAAGACTA-1,1456,986,0.4807692307692308,25,9,Ductal basal
10034,8W_R2,8W,CATTTCAGTTCGTGCG-1,2728,1778,0.21994134897360706,22,8,Acinar basal
10057,8W_R2,8W,CCAATTTCATACAGAA-1,9399,4192,0.06383657835939993,25,9,Ductal basal
10064,8W_R2,8W,CCAATTTTCATCGCCT-1,3019,1864,0.06624710168930109,12,5,Ductal basal
10065,8W_R2,8W,CCAATTTTCCATGCAA-1,8671,3536,0.13839234229039327,10,0,Ductal basal
10069,8W_R2,8W,CCACAAAAGCGAGAAA-1,2180,1404,0.09174311926605505,16,4,Orifice
10071,8W_R2,8W,CCACAAACAATTCACG-1,3881,1756,0.0515331100231899,7,2,Ductal basal
10073,8W_R2,8W,CCACAAACATGCCGGT-1,2162,1427,0.23126734505087881,9,1,Ductular
10074,8W_R2,8W,CCACAAACATTGAGCT-1,8500,3645,0.10588235294117646,16,4,Orifice
10075,8W_R2,8W,CCACAAATCGTCTAAG-1,1393,1014,0.21536252692031585,23,3,Ductal suprabasal
10078,8W_R2,8W,CCACACTAGCGGCTCT-1,6119,2603,0.08171269815329302,16,4,Orifice
10084,8W_R2,8W,CCACACTGTATCAGCT-1,8885,3321,0.09003939223410241,7,2,Ductal basal
10089,8W_R2,8W,CCACCATCAGTCGTTA-1,5324,2772,0.18782870022539444,22,8,Acinar basal
10090,8W_R2,8W,CCACCATCATAGGAGC-1,6088,3101,0.0821287779237845,24,3,Ductal suprabasal
10092,8W_R2,8W,CCACCATGTACCACGC-1,5529,2543,0.14469162597214685,25,1,Ductular
10093,8W_R2,8W,CCACCATGTATCGAGG-1,2866,1753,0.13956734124214934,20,3,Ductal suprabasal
10096,8W_R2,8W,CCACCATGTGTCTAAC-1,4297,2251,0.23272050267628577,5,0,Ductal basal
10097,8W_R2,8W,CCACCATTCAATCTCT-1,8247,3608,0.09700497150478962,9,2,Ductal basal
10098,8W_R2,8W,CCACGAGAGCTGGAGT-1,6012,3168,0.14970059880239522,5,0,Ductal basal
10100,8W_R2,8W,CCACGAGCAAGCAGGT-1,2739,1579,0.29207740051113545,7,2,Ductal basal
10101,8W_R2,8W,CCACGAGGTCGGCCTA-1,9717,4212,0.06174745291756715,5,0,Ductal basal
10102,8W_R2,8W,CCACGAGGTGCATTTG-1,7433,3405,0.12108166285483654,25,9,Ductal basal
10109,8W_R2,8W,CCACGTTAGAAATTCG-1,3553,2057,0.14072614691809737,7,2,Ductal basal
10110,8W_R2,8W,CCACGTTAGGATTTCC-1,4352,2191,0.2757352941176471,12,5,Ductal basal
10113,8W_R2,8W,CCACGTTTCCCAGGAC-1,7007,3307,0.14271442842871412,10,6,Ductal basal
10115,8W_R2,8W,CCACTTGAGATAGCAT-1,3965,1978,0.05044136191677175,22,8,Acinar basal
10120,8W_R2,8W,CCACTTGGTCAAATCC-1,16422,4465,0.09134088417975886,25,9,Ductal basal
10123,8W_R2,8W,CCACTTGTCACCATCC-1,10687,3402,0.07485730326564986,29,7,Differentiating meibocyte
10128,8W_R2,8W,CCATAAGAGTGAATAC-1,4178,2463,0.23934897079942558,22,8,Acinar basal
10130,8W_R2,8W,CCATAAGCACTTTATC-1,6187,2758,0.09697753353806368,9,1,Ductular
10137,8W_R2,8W,CCATAAGTCGAAACAA-1,1968,1278,0.3048780487804878,7,2,Ductal basal
10138,8W_R2,8W,CCATCACAGAATCGTA-1,2633,1607,0.11393847322445878,16,4,Orifice
10139,8W_R2,8W,CCATCACAGCGTGTTT-1,4613,2346,0.26013440277476696,10,6,Ductal basal
10140,8W_R2,8W,CCATCACAGGTCCAGA-1,4203,2376,0.04758505829169641,5,2,Ductal basal
10141,8W_R2,8W,CCATCACAGGTTGAGC-1,9381,3871,0.14923782112781153,16,4,Orifice
10150,8W_R2,8W,CCCAACTAGGTCGTAG-1,2621,1654,1.6405951926745517,22,7,Differentiating meibocyte
10151,8W_R2,8W,CCCAACTAGTAGGGTC-1,1137,786,0.43975373790677225,29,7,Differentiating meibocyte
10157,8W_R2,8W,CCCAACTGTACTGCCG-1,3452,2014,0.2317497103128621,7,2,Ductal basal
10163,8W_R2,8W,CCCAACTTCGGCTGGT-1,3271,1989,0.12228676245796392,9,1,Ductular
10167,8W_R2,8W,CCCATTGAGGCTCACC-1,1534,1010,0.2607561929595828,35,10,Differentiated meibocyte
10171,8W_R2,8W,CCCATTGCAGGGACTA-1,2169,1216,0.5532503457814661,24,3,Ductal suprabasal
10179,8W_R2,8W,CCCATTGGTTCGAAGG-1,4728,2679,0.08460236886632826,29,7,Differentiating meibocyte
10189,8W_R2,8W,CCCGAAGGTATGCGTT-1,8339,3651,0.1798776831754407,20,3,Ductal suprabasal
10190,8W_R2,8W,CCCGAAGGTGTATTCG-1,7669,3038,0.16951362628765157,7,2,Ductal basal
10196,8W_R2,8W,CCCGAAGTCTCAACCC-1,14220,4438,0.08438818565400844,16,4,Orifice
10197,8W_R2,8W,CCCGAAGTCTCGTGGG-1,4693,2377,0.06392499467291711,24,3,Ductal suprabasal
10206,8W_R2,8W,CCCGGAACAAGTATCC-1,4230,2337,0.07092198581560284,25,9,Ductal basal
10208,8W_R2,8W,CCCGGAACACTACCGG-1,7432,3122,0.16146393972012918,24,3,Ductal suprabasal
10212,8W_R2,8W,CCCTAACAGAAGTCTA-1,6716,3114,0.1340083382966051,22,8,Acinar basal
10214,8W_R2,8W,CCCTAACAGAGTGACC-1,3132,1857,0.41507024265644954,12,5,Ductal basal
10219,8W_R2,8W,CCCTAACCAGCTCGGT-1,7723,3481,0.12948336138806163,10,0,Ductal basal
10223,8W_R2,8W,CCCTAACTCCGTGCGA-1,3908,2211,0.127942681678608,10,0,Ductal basal
10231,8W_R2,8W,CCCTCAAGTAGAGATT-1,3599,2077,0.2500694637399277,9,1,Ductular
10234,8W_R2,8W,CCCTCAAGTGATGGCA-1,10263,3661,0.18513105329825588,24,2,Ductal basal
10235,8W_R2,8W,CCCTCAATCCATCGTC-1,7949,3107,0.1258019876714052,24,3,Ductal suprabasal
10241,8W_R2,8W,CCCTCTCAGTGGTTAA-1,947,674,0.42238648363252373,35,7,Differentiating meibocyte
10242,8W_R2,8W,CCCTCTCAGTTCGCAT-1,4245,1911,0.44758539458186103,7,2,Ductal basal
10243,8W_R2,8W,CCCTCTCCAGCTTCGG-1,5352,2125,0.07473841554559044,16,4,Orifice
10244,8W_R2,8W,CCCTCTCCATCAACCA-1,3379,1951,0.08878366380585972,22,8,Acinar basal
10247,8W_R2,8W,CCCTCTCGTTGTGCAT-1,5417,2406,0.1846040243677312,7,2,Ductal basal
10252,8W_R2,8W,CCCTGATCAGTAACGG-1,4431,2211,0.18054615211013314,12,5,Ductal basal
10255,8W_R2,8W,CCCTGATCATGGAGAC-1,3117,1988,0.28873917228103946,22,8,Acinar basal
10257,8W_R2,8W,CCCTGATGTGAGGCAT-1,4994,2433,0.14016820184221065,16,4,Orifice
10258,8W_R2,8W,CCCTGATGTGTATTGC-1,2452,1607,0.1631321370309951,23,1,Ductular
10262,8W_R2,8W,CCCTGATTCCTCACGT-1,3216,1952,0.06218905472636816,20,3,Ductal suprabasal
10270,8W_R2,8W,CCCTTAGCATAACTCG-1,11566,4212,0.44094760504928243,22,8,Acinar basal
10271,8W_R2,8W,CCCTTAGGTATTTCGG-1,2407,1530,0.1661819692563357,10,0,Ductal basal
10273,8W_R2,8W,CCCTTAGGTTTCTATC-1,5204,2780,0.5572636433512683,20,3,Ductal suprabasal
10276,8W_R2,8W,CCCTTAGTCGCTGCGA-1,1405,964,0.42704626334519574,23,1,Ductular
10279,8W_R2,8W,CCGAACGAGCGTGTTT-1,2816,1646,0.2840909090909091,7,2,Ductal basal
10284,8W_R2,8W,CCGAACGCATTCGATG-1,3270,1754,0.21406727828746178,12,5,Ductal basal
10288,8W_R2,8W,CCGAACGTCCCATAGA-1,8258,3573,0.1453136352627755,12,5,Ductal basal
10289,8W_R2,8W,CCGAACGTCCCTCTCC-1,8801,3562,0.14771048744460857,22,7,Differentiating meibocyte
10294,8W_R2,8W,CCGATCTCAATCCTAG-1,6912,3341,0.13020833333333331,9,1,Ductular
10296,8W_R2,8W,CCGATCTGTATCCTTT-1,7486,3388,0.06679134384183809,22,8,Acinar basal
10298,8W_R2,8W,CCGATCTGTTAGAGAT-1,8295,3557,0.12055455093429776,24,3,Ductal suprabasal
10302,8W_R2,8W,CCGATCTTCTTTGCAT-1,3437,1919,0.17457084666860634,23,1,Ductular
10306,8W_R2,8W,CCGATGGAGTCGCCCA-1,3123,1750,0.06404098623118795,22,8,Acinar basal
10308,8W_R2,8W,CCGATGGCACTAGTAC-1,6779,2894,0.0737571913261543,5,0,Ductal basal
10322,8W_R2,8W,CCGCAAGGTAACATCC-1,5117,2482,0.0586281024037522,23,1,Ductular
10323,8W_R2,8W,CCGGACAAGAGCACTG-1,6086,3040,0.13144922773578707,7,2,Ductal basal
10325,8W_R2,8W,CCGGACAAGCCTAGGA-1,1820,1137,2.142857142857143,16,4,Orifice
10328,8W_R2,8W,CCGGACAAGTACTGTC-1,4475,2307,0.22346368715083798,7,2,Ductal basal
10329,8W_R2,8W,CCGGACAAGTCCCGGT-1,5891,2621,0.1188253267696486,16,4,Orifice
10330,8W_R2,8W,CCGGACACAAGTTGGG-1,3567,1943,0.19624334174376226,9,5,Ductal basal
10337,8W_R2,8W,CCGGACATCATTGTTC-1,3146,1837,0.06357279084551812,23,1,Ductular
10338,8W_R2,8W,CCGGACATCTACGCAA-1,7407,3526,0.08100445524503848,29,7,Differentiating meibocyte
10358,8W_R2,8W,CCGGTAGAGCCGGATA-1,4209,2222,0.11879306248515087,16,4,Orifice
10364,8W_R2,8W,CCGGTAGCATAACTCG-1,10796,4290,1.0281585772508337,22,8,Acinar basal
10366,8W_R2,8W,CCGGTAGGTTAGCTAC-1,8714,3415,0.05737893045673629,5,0,Ductal basal
10367,8W_R2,8W,CCGGTAGTCATGCGGC-1,5790,3011,0.535405872193437,20,3,Ductal suprabasal
10369,8W_R2,8W,CCGGTAGTCCGTATGA-1,4642,2335,0.043084877208099955,25,2,Ductal basal
10370,8W_R2,8W,CCGGTAGTCTGGTTGA-1,6308,3162,0.11097019657577678,22,8,Acinar basal
10373,8W_R2,8W,CCGGTGAGTTGGGATG-1,2543,1661,0.11797090051120723,20,3,Ductal suprabasal
10383,8W_R2,8W,CCGTAGGCATCGTCCT-1,2899,1748,0.3104518799586064,20,3,Ductal suprabasal
10384,8W_R2,8W,CCGTAGGGTGAACCGA-1,4009,2131,0.09977550511349464,24,3,Ductal suprabasal
10385,8W_R2,8W,CCGTAGGGTTGGGAAC-1,3312,1967,0.06038647342995169,22,8,Acinar basal
10386,8W_R2,8W,CCGTAGGTCACATTGG-1,3954,2277,0.278199291856348,22,8,Acinar basal
10387,8W_R2,8W,CCGTAGGTCACGTCCT-1,5591,2536,0.053657664103022716,12,4,Orifice
10389,8W_R2,8W,CCGTAGGTCGCAGAGA-1,5106,2957,0.2154328241284763,25,9,Ductal basal
10390,8W_R2,8W,CCGTAGGTCTCGGGAC-1,8427,4027,0.047466476800759466,25,8,Acinar basal
10395,8W_R2,8W,CCGTGAGCATTGACTG-1,1360,938,0.6617647058823529,29,7,Differentiating meibocyte
10397,8W_R2,8W,CCGTGAGGTGCGGTAA-1,4999,2471,0.18003600720144028,12,5,Ductal basal
10400,8W_R2,8W,CCGTGAGTCTAAACGC-1,7250,3334,0.08275862068965517,24,1,Ductular
10402,8W_R2,8W,CCGTTCAAGACTTAAG-1,5057,2424,0.15819655922483686,7,2,Ductal basal
10403,8W_R2,8W,CCGTTCAAGGAATGTT-1,3948,2256,0.050658561296859174,23,1,Ductular
10411,8W_R2,8W,CCGTTCATCCCTCTAG-1,1801,1195,0.055524708495280406,9,1,Ductular
10414,8W_R2,8W,CCTAACCAGTTGCTGT-1,3958,2295,0.17685699848408287,5,0,Ductal basal
10415,8W_R2,8W,CCTAACCCAAATCGGG-1,2777,1726,0.25207057976233344,20,3,Ductal suprabasal
10416,8W_R2,8W,CCTAACCCAGGCTACC-1,2644,1513,0.037821482602118005,16,4,Orifice
10417,8W_R2,8W,CCTAACCCAGGTACGA-1,4372,2126,0.1372369624885636,29,7,Differentiating meibocyte
10419,8W_R2,8W,CCTAACCTCACCATGA-1,6175,2902,0.09716599190283401,23,1,Ductular
10421,8W_R2,8W,CCTAACCTCGGTATGT-1,8703,3650,0.1838446512696771,29,7,Differentiating meibocyte
10426,8W_R2,8W,CCTAAGAGTCGCACAC-1,1313,954,0.2284843869002285,35,7,Differentiating meibocyte
10442,8W_R2,8W,CCTACGTTCTCAAAGC-1,3021,1874,0.132406487917908,10,0,Ductal basal
10447,8W_R2,8W,CCTATCGAGTTGCCTA-1,6455,3172,0.046475600309837335,25,9,Ductal basal
10457,8W_R2,8W,CCTCAACAGAAGATCT-1,4333,2311,0.4154165705054235,24,3,Ductal suprabasal
10462,8W_R2,8W,CCTCAACCAATAACGA-1,2111,1425,0.18948365703458078,20,3,Ductal suprabasal
10464,8W_R2,8W,CCTCAACGTGCATACT-1,4748,2243,0.18955349620893008,23,1,Ductular
10465,8W_R2,8W,CCTCAACTCACACCGG-1,3086,1851,0.09721322099805574,22,8,Acinar basal
10467,8W_R2,8W,CCTCAACTCGAGTGGA-1,1828,1062,1.2582056892778994,35,7,Differentiating meibocyte
10475,8W_R2,8W,CCTCACACATTCTCTA-1,3526,1891,0.22688598979013047,23,1,Ductular
10476,8W_R2,8W,CCTCACACATTGTGCA-1,6417,3051,0.4363409693002961,16,3,Ductal suprabasal
10479,8W_R2,8W,CCTCACAGTCAACATC-1,6842,3226,0.05846243788365975,25,9,Ductal basal
10480,8W_R2,8W,CCTCACAGTCGCTGCA-1,3129,1904,0.09587727708533077,5,2,Ductal basal
10484,8W_R2,8W,CCTCAGTCAAATGGTA-1,7470,3155,0.8032128514056224,20,3,Ductal suprabasal
10486,8W_R2,8W,CCTCAGTGTCGTTCAA-1,6302,2927,0.04760393525864805,7,4,Orifice
10487,8W_R2,8W,CCTCAGTGTGGCTGCT-1,7852,3333,0.10188487009679062,16,4,Orifice
10490,8W_R2,8W,CCTCAGTGTTGATCGT-1,2515,1700,0.2783300198807157,22,7,Differentiating meibocyte
10493,8W_R2,8W,CCTCATGAGAGTGAAG-1,1212,889,0.6600660066006601,23,3,Ductal suprabasal
10494,8W_R2,8W,CCTCATGAGCACCGTC-1,9758,4053,0.06148800983808157,25,9,Ductal basal
10498,8W_R2,8W,CCTCATGGTATGGTAA-1,7950,3315,0.12578616352201258,16,4,Orifice
10500,8W_R2,8W,CCTCATGGTGACCGAA-1,4559,2586,0.21934634788330776,5,9,Ductal basal
10507,8W_R2,8W,CCTCATGTCGTACACA-1,5627,2760,0.07108583614714768,5,0,Ductal basal
10509,8W_R2,8W,CCTCCAAAGAAGCCAC-1,5469,2712,0.16456390565002743,7,9,Ductal basal
10511,8W_R2,8W,CCTCCAACAACGGTAG-1,4698,2518,0.31928480204342274,20,3,Ductal suprabasal
10517,8W_R2,8W,CCTCCAATCACAACCA-1,4568,2266,0.08756567425569177,9,1,Ductular
10520,8W_R2,8W,CCTCCTCCAGCAGGAT-1,4317,2367,0.11582117211026176,22,8,Acinar basal
10525,8W_R2,8W,CCTCCTCGTATCGCTA-1,4397,2396,0.06822833750284285,22,8,Acinar basal
10528,8W_R2,8W,CCTCCTCTCACCATAG-1,2468,1503,0.28363047001620745,16,4,Orifice
10534,8W_R2,8W,CCTCTAGCACCACTGG-1,1619,1108,0.06176652254478073,12,5,Ductal basal
10535,8W_R2,8W,CCTCTAGCAGTGGTGA-1,4581,2327,0.13097576948264572,16,4,Orifice
10542,8W_R2,8W,CCTCTAGTCTCTTAAC-1,1298,933,0.3852080123266564,22,7,Differentiating meibocyte
10544,8W_R2,8W,CCTCTCCGTACGTGTT-1,4508,2376,0.044365572315882874,12,4,Orifice
10545,8W_R2,8W,CCTCTCCGTGTATACC-1,3116,1809,0.16046213093709885,29,7,Differentiating meibocyte
10548,8W_R2,8W,CCTCTCCTCTCTAGGA-1,10594,3620,0.056635831602794035,29,7,Differentiating meibocyte
10551,8W_R2,8W,CCTGCATCACCGTACG-1,5193,2501,0.11554015020219525,12,5,Ductal basal
10552,8W_R2,8W,CCTGCATCAGGTGAGT-1,7706,3584,0.19465351674020245,22,8,Acinar basal
10553,8W_R2,8W,CCTGCATGTAACATGA-1,8051,3304,0.13662899018755434,24,3,Ductal suprabasal
10554,8W_R2,8W,CCTGCATGTACAAGCG-1,5993,2496,0.3337226764558652,23,1,Ductular
10557,8W_R2,8W,CCTGCATTCCCTTGGT-1,11629,3908,0.06879353340785965,24,3,Ductal suprabasal
10565,8W_R2,8W,CCTGTTGTCTGCGAGC-1,4452,2124,0.15723270440251574,9,1,Ductular
10568,8W_R2,8W,CCTTCAGAGGTTGTTC-1,3135,1756,0.1594896331738437,5,0,Ductal basal
10569,8W_R2,8W,CCTTCAGAGTCTGCAT-1,5973,2952,0.15067805123053743,5,0,Ductal basal
10570,8W_R2,8W,CCTTCAGAGTGCGCTC-1,3648,2115,0.1918859649122807,29,7,Differentiating meibocyte
10572,8W_R2,8W,CCTTCAGCAATCGTCA-1,3262,1794,0.33721643163703247,16,4,Orifice
10573,8W_R2,8W,CCTTCAGCACATACGT-1,6447,2969,0.13959981386691486,9,1,Ductular
10580,8W_R2,8W,CCTTGTGAGGCACTCC-1,7211,3431,0.1664124254611011,5,0,Ductal basal
10581,8W_R2,8W,CCTTGTGAGGCTGGAT-1,6084,3135,0.06574621959237344,20,3,Ductal suprabasal
10585,8W_R2,8W,CCTTGTGGTCAATCTG-1,5436,2424,0.33112582781456956,7,2,Ductal basal
10587,8W_R2,8W,CCTTGTGTCAACTTTC-1,2258,1382,0.3100088573959256,23,1,Ductular
10591,8W_R2,8W,CCTTTGGAGGTGCAGT-1,1870,1266,0.16042780748663102,20,3,Ductal suprabasal
10595,8W_R2,8W,CCTTTGGGTCATCCGG-1,5572,2810,0.12562814070351758,22,8,Acinar basal
10597,8W_R2,8W,CCTTTGGTCCTTTAGT-1,2881,1636,0.24297119055883376,22,8,Acinar basal
10599,8W_R2,8W,CGAAGGAAGCGCTGAA-1,1386,1024,0.2886002886002886,22,8,Acinar basal
10600,8W_R2,8W,CGAAGGAAGGATCACG-1,7350,3135,0.20408163265306123,7,2,Ductal basal
10605,8W_R2,8W,CGAAGGAGTATAGCTC-1,6883,3360,0.11622838878396048,5,0,Ductal basal
10610,8W_R2,8W,CGAAGGATCCTGGTCT-1,3653,2125,0.3011223651793047,12,5,Ductal basal
10618,8W_R2,8W,CGAAGTTGTCGCATTA-1,2982,1849,0.0670690811535882,12,5,Ductal basal
10621,8W_R2,8W,CGAAGTTTCGGAATTC-1,10080,3933,0.10912698412698413,9,4,Orifice
10622,8W_R2,8W,CGAATTGAGCGATGGT-1,2844,1896,0.035161744022503515,25,8,Acinar basal
10626,8W_R2,8W,CGAATTGGTGGAATGC-1,2846,1741,0.07027406886858749,24,3,Ductal suprabasal
10629,8W_R2,8W,CGAATTGTCGTCGCTT-1,1002,680,1.2974051896207583,35,7,Differentiating meibocyte
10634,8W_R2,8W,CGACAGCCATCGATCA-1,3826,2034,0.18295870360690017,9,1,Ductular
10636,8W_R2,8W,CGACAGCGTCCGGTGT-1,7986,3449,0.15026296018031557,25,9,Ductal basal
10638,8W_R2,8W,CGACAGCGTGAGCAGT-1,8405,3874,0.1189767995240928,5,0,Ductal basal
10640,8W_R2,8W,CGACAGCTCGAAACAA-1,3401,1918,0.08820935019112026,10,6,Ductal basal
10641,8W_R2,8W,CGAGAAGAGAATCTAG-1,3829,2369,0.10446591799425438,25,5,Ductal basal
10645,8W_R2,8W,CGAGAAGCAGAACTCT-1,7964,3321,0.2887995981918634,29,7,Differentiating meibocyte
10647,8W_R2,8W,CGAGAAGGTAGCTTTG-1,3148,1818,0.12706480304955528,16,4,Orifice
10652,8W_R2,8W,CGAGGAAAGACACACG-1,2314,1456,0.17286084701815038,9,1,Ductular
10654,8W_R2,8W,CGAGGAAAGAGATTCA-1,4352,2399,0.13786764705882354,20,3,Ductal suprabasal
10666,8W_R2,8W,CGAGGCTCAAGCGCTC-1,2384,1437,0.12583892617449663,23,1,Ductular
10671,8W_R2,8W,CGAGGCTTCACCATGA-1,4941,2491,0.060716454159077116,7,2,Ductal basal
10672,8W_R2,8W,CGAGGCTTCCACTTTA-1,6934,3022,0.11537352177675222,10,0,Ductal basal
10673,8W_R2,8W,CGAGGCTTCTCCGTGT-1,6034,2642,0.06629101756711965,16,4,Orifice
10677,8W_R2,8W,CGAGTGCGTAATGATG-1,10715,4305,0.09332711152589827,9,1,Ductular
10678,8W_R2,8W,CGAGTGCGTAGGAAAG-1,2583,1441,0.34843205574912894,7,1,Ductular
10682,8W_R2,8W,CGAGTGCGTGCTCTTC-1,3584,1871,0.25111607142857145,9,1,Ductular
10687,8W_R2,8W,CGAGTTACAACGATCT-1,4366,2500,0.3435639028859368,9,1,Ductular
10692,8W_R2,8W,CGAGTTAGTTCCAGGC-1,4206,2410,0.0475511174512601,25,9,Ductal basal
10694,8W_R2,8W,CGAGTTATCTAAGGAA-1,5480,2400,0.18248175182481752,22,8,Acinar basal
10695,8W_R2,8W,CGATCGGAGCAATTAG-1,3160,2073,0.25316455696202533,23,1,Ductular
10696,8W_R2,8W,CGATCGGAGTTGTCGT-1,3827,2081,0.44421217663966556,35,7,Differentiating meibocyte
10702,8W_R2,8W,CGATCGGGTATCATGC-1,4439,2635,0.13516557783284522,22,8,Acinar basal
10704,8W_R2,8W,CGATCGGGTTGCTTGA-1,3823,1914,0.209259743656814,16,4,Orifice
10706,8W_R2,8W,CGATCGGTCATTGTTC-1,8621,3415,0.5567799559215868,29,7,Differentiating meibocyte
10713,8W_R2,8W,CGATGCGGTCAAATCC-1,2637,1600,0.18960940462646947,5,0,Ductal basal
10716,8W_R2,8W,CGATGCGTCCATCTGC-1,8374,3309,2.4002866013852397,29,7,Differentiating meibocyte
10720,8W_R2,8W,CGATGGCAGAAAGCGA-1,6668,2956,0.07498500299940013,5,0,Ductal basal
10724,8W_R2,8W,CGATGGCCATTAAGCC-1,9404,3744,0.19140791152700978,24,3,Ductal suprabasal
10728,8W_R2,8W,CGATGGCTCCGAAATC-1,6115,3167,0.13082583810302534,22,8,Acinar basal
10736,8W_R2,8W,CGCAGGTCAATACGCT-1,10226,4465,0.04889497359671426,29,7,Differentiating meibocyte
10737,8W_R2,8W,CGCAGGTCACAACCGC-1,8445,3433,0.11841326228537595,25,9,Ductal basal
10739,8W_R2,8W,CGCAGGTCAGACCCGT-1,9481,2658,0.2004008016032064,24,3,Ductal suprabasal
10749,8W_R2,8W,CGCATAACACGAAAGC-1,5356,2657,0.24271844660194172,24,3,Ductal suprabasal
10755,8W_R2,8W,CGCATAATCTTCACGC-1,3831,2243,0.18271991647089533,20,3,Ductal suprabasal
10756,8W_R2,8W,CGCATGGAGAATAACC-1,6779,2846,0.16226582091753947,7,3,Ductal suprabasal
10757,8W_R2,8W,CGCATGGAGTCATGAA-1,6144,2973,0.13020833333333331,10,6,Ductal basal
10758,8W_R2,8W,CGCATGGCAGTAGAGC-1,3171,1892,0.1892147587511826,25,9,Ductal basal
10760,8W_R2,8W,CGCATGGGTCTACATG-1,6611,2943,0.25714717894418393,10,6,Ductal basal
10761,8W_R2,8W,CGCATGGGTGACTCTA-1,4213,2123,0.09494422027059103,12,5,Ductal basal
10762,8W_R2,8W,CGCATGGGTGGCTAGA-1,4980,2674,0.8433734939759037,23,1,Ductular
10763,8W_R2,8W,CGCATGGGTTCAAAGA-1,3958,2168,0.07579585649317837,20,3,Ductal suprabasal
10767,8W_R2,8W,CGCATGGTCCGTGACG-1,4119,2080,0.19422189851905802,7,2,Ductal basal
10769,8W_R2,8W,CGCCAGAAGCGCCTCA-1,7815,3396,0.11516314779270634,24,3,Ductal suprabasal
10777,8W_R2,8W,CGCCAGATCGCAATGT-1,4908,2646,0.22412387938060307,5,0,Ductal basal
10780,8W_R2,8W,CGCCATTAGCACCTGC-1,4691,2159,0.2131741632914091,7,2,Ductal basal
10784,8W_R2,8W,CGCCATTCAGAGAGGG-1,5348,2835,0.14958863126402394,9,1,Ductular
10785,8W_R2,8W,CGCCATTGTATACCCA-1,6397,2843,0.04689698296076286,12,5,Ductal basal
10787,8W_R2,8W,CGCGTGAAGTCTAACC-1,7779,3368,0.07713073659853452,24,3,Ductal suprabasal
10789,8W_R2,8W,CGCGTGACACACAGAG-1,3478,1975,0.2587694077055779,12,5,Ductal basal
10793,8W_R2,8W,CGCGTGACATCAGCAT-1,5114,2524,0.11732499022291748,23,1,Ductular
10795,8W_R2,8W,CGCGTGATCAATGCAC-1,8104,3224,0.13573543928923987,16,4,Orifice
10796,8W_R2,8W,CGCGTGATCCGAGTGC-1,11176,4307,0.08947745168217609,22,8,Acinar basal
10797,8W_R2,8W,CGGAACCCATATCGGT-1,10532,4118,0.094948727687049,20,3,Ductal suprabasal
10799,8W_R2,8W,CGGAACCGTCACCCTT-1,4985,2571,0.6018054162487462,20,3,Ductal suprabasal
10800,8W_R2,8W,CGGAACCGTCGCAGTC-1,3256,2020,0.09213759213759214,7,2,Ductal basal
10802,8W_R2,8W,CGGAACCTCCCAGGAC-1,7201,3277,0.12498264129981948,25,9,Ductal basal
10803,8W_R2,8W,CGGAACCTCTCGCAGG-1,9556,3613,0.12557555462536626,12,5,Ductal basal
10805,8W_R2,8W,CGGAATTAGCGCACAA-1,9406,3561,0.7335743142674888,5,0,Ductal basal
10810,8W_R2,8W,CGGAATTTCATTGGTG-1,2272,1393,0.22007042253521128,22,8,Acinar basal
10814,8W_R2,8W,CGGACACAGCCTAACT-1,9725,3769,0.020565552699228794,9,1,Ductular
10815,8W_R2,8W,CGGACACAGGAACATT-1,2109,1323,0.2370791844476055,16,4,Orifice
10817,8W_R2,8W,CGGACACCAAGCTGTT-1,5805,2897,0.10335917312661498,20,3,Ductal suprabasal
10819,8W_R2,8W,CGGACACCACCATTCC-1,9413,4056,0.10623605651758207,9,1,Ductular
10822,8W_R2,8W,CGGACACTCAAGAATG-1,4787,2320,0.20889910173386256,35,10,Differentiated meibocyte
10823,8W_R2,8W,CGGACACTCAGCTCTC-1,10074,4029,0.06948580504268413,20,3,Ductal suprabasal
10827,8W_R2,8W,CGGACACTCTGCTTAT-1,10601,4066,0.4905197622865768,22,8,Acinar basal
10830,8W_R2,8W,CGGAGAAAGTAACCGG-1,7120,3293,0.05617977528089888,5,0,Ductal basal
10832,8W_R2,8W,CGGAGAACACTTTATC-1,3834,2201,0.2347417840375587,9,1,Ductular
10834,8W_R2,8W,CGGAGAAGTCATACCA-1,793,636,0.37831021437578816,9,1,Ductular
10835,8W_R2,8W,CGGAGAAGTTGTCTAG-1,2698,1581,0.2965159377316531,10,0,Ductal basal
10842,8W_R2,8W,CGGCAGTCATCAGCAT-1,2324,1509,0.387263339070568,25,8,Acinar basal
10848,8W_R2,8W,CGGGACTCAGCAGTGA-1,6593,3293,0.12134081601698772,16,0,Ductal basal
10851,8W_R2,8W,CGGGACTTCCAAATGC-1,7225,3139,0.16608996539792387,16,4,Orifice
10853,8W_R2,8W,CGGGACTTCGGTATGT-1,4590,2271,0.021786492374727667,23,1,Ductular
10854,8W_R2,8W,CGGGACTTCGGTGTTA-1,3989,2395,0.2757583354224116,20,1,Ductular
10858,8W_R2,8W,CGGGCATAGGCTGTAG-1,5479,2426,0.21901806899069176,29,7,Differentiating meibocyte
10862,8W_R2,8W,CGGGCATGTCCCGGTA-1,6276,2919,0.43021032504780116,16,4,Orifice
10864,8W_R2,8W,CGGGTCACACCCTGAG-1,9976,4282,0.17040898155573375,22,8,Acinar basal
10867,8W_R2,8W,CGGGTCACATTGACCA-1,1522,1038,4.599211563731932,7,0,Ductal basal
10868,8W_R2,8W,CGGGTCACATTGTACG-1,3703,2244,0.10802052389954091,22,8,Acinar basal
10870,8W_R2,8W,CGGGTCAGTAGCGTCC-1,4859,2439,0.14406256431364478,23,1,Ductular
10871,8W_R2,8W,CGGGTCAGTCTCCCTA-1,7408,3605,0.05399568034557236,12,5,Ductal basal
10873,8W_R2,8W,CGGGTCATCAGCTGAT-1,2863,1642,0.17464198393293748,20,3,Ductal suprabasal
10874,8W_R2,8W,CGGGTCATCCTTTAGT-1,9405,4092,0.07442849548112707,25,9,Ductal basal
10875,8W_R2,8W,CGGGTGTAGAAAGTCT-1,2765,1663,0.07233273056057866,12,5,Ductal basal
10885,8W_R2,8W,CGGGTGTGTCTGTGAT-1,2784,1707,0.28735632183908044,9,1,Ductular
10889,8W_R2,8W,CGGTCAGAGACCAAAT-1,11637,3779,0.30076480192489474,35,7,Differentiating meibocyte
10894,8W_R2,8W,CGGTCAGGTCCACAGC-1,3096,1727,0.2583979328165375,7,2,Ductal basal
10899,8W_R2,8W,CGGTCAGTCGGATAAA-1,6334,3191,0.11051468266498263,22,8,Acinar basal
10900,8W_R2,8W,CGTAAGTAGAGTGTTA-1,1288,959,0.3105590062111801,5,0,Ductal basal
10902,8W_R2,8W,CGTAAGTAGCTCGTGC-1,4453,2292,0.11228385358185494,25,9,Ductal basal
10903,8W_R2,8W,CGTAAGTAGGCAGGGA-1,2033,1240,0.1967535661583866,22,8,Acinar basal
10904,8W_R2,8W,CGTAAGTCAATCTCTT-1,4432,2434,0.04512635379061372,16,4,Orifice
10923,8W_R2,8W,CGTAATGTCAGGACGA-1,2242,1240,0.2676181980374665,23,3,Ductal suprabasal
10929,8W_R2,8W,CGTAGTAAGCACTCGC-1,2837,1789,0.07049700387733521,23,1,Ductular
10938,8W_R2,8W,CGTAGTATCCGGTAGC-1,6944,3308,0.08640552995391705,20,3,Ductal suprabasal
10942,8W_R2,8W,CGTCAAAAGCCATTGT-1,1402,928,0.42796005706134094,35,10,Differentiated meibocyte
10944,8W_R2,8W,CGTCAAAAGGAAAGGT-1,2357,1493,0.42426813746287656,20,3,Ductal suprabasal
10949,8W_R2,8W,CGTCAAACAGAACTTC-1,4395,2487,0.15927189988623436,20,3,Ductal suprabasal
10951,8W_R2,8W,CGTCAAAGTACCAGAG-1,2704,1668,0.1849112426035503,12,5,Ductal basal
10955,8W_R2,8W,CGTCAAAGTTTAGTCG-1,3944,2184,0.6338742393509128,16,4,Orifice
10959,8W_R2,8W,CGTCAAATCGCTACAA-1,4337,2468,0.09222965183306434,10,0,Ductal basal
10960,8W_R2,8W,CGTCAAATCGGACCAC-1,4760,2412,0.16806722689075632,16,4,Orifice
10965,8W_R2,8W,CGTCCATCAAGCGCTC-1,3956,2133,0.15166835187057634,16,4,Orifice
10966,8W_R2,8W,CGTCCATCAAGGCTTT-1,4840,2409,0.04132231404958678,12,5,Ductal basal
10974,8W_R2,8W,CGTGAATAGTTGGCTT-1,4982,2601,0.4215174628663188,22,1,Ductular
10976,8W_R2,8W,CGTGAATCATGTTCAG-1,2370,1516,0.21097046413502107,9,1,Ductular
10979,8W_R2,8W,CGTGAATGTCGCAGTC-1,3716,2136,0.05382131324004305,20,1,Ductular
10982,8W_R2,8W,CGTGATAAGAAGATCT-1,5757,3008,0.6079555323953447,22,8,Acinar basal
10984,8W_R2,8W,CGTGATAAGGCTGTAG-1,4415,2371,0.11325028312570783,25,9,Ductal basal
10985,8W_R2,8W,CGTGATACAACACAGG-1,1172,823,0.25597269624573377,35,7,Differentiating meibocyte
10987,8W_R2,8W,CGTGATACAGGCACAA-1,2478,1517,0.20177562550443903,9,1,Ductular
10989,8W_R2,8W,CGTGATAGTCCAGGTC-1,2702,1594,0.1850481125092524,10,2,Ductal basal
10990,8W_R2,8W,CGTGATAGTGGCTCTG-1,2032,1357,0.19685039370078738,9,4,Orifice
10991,8W_R2,8W,CGTGATAGTTTAGACC-1,4637,2570,0.06469700237222342,20,1,Ductular
10997,8W_R2,8W,CGTGCTTAGTACTGGG-1,4831,2183,0.08279859242392879,23,1,Ductular
10999,8W_R2,8W,CGTGCTTCAGTTGCGC-1,3060,1791,0.130718954248366,29,7,Differentiating meibocyte
11000,8W_R2,8W,CGTGCTTCATGACCCG-1,3268,1739,0.18359853121175032,23,1,Ductular
11006,8W_R2,8W,CGTGCTTGTTGTCATG-1,7528,3387,0.06641870350690755,9,5,Ductal basal
11010,8W_R2,8W,CGTGCTTTCTCCGAAA-1,4281,2343,0.21023125437981782,20,1,Ductular
11011,8W_R2,8W,CGTGTCTAGGCACAAC-1,2789,1644,0.14342058085335246,9,1,Ductular
11017,8W_R2,8W,CGTGTCTGTCGACTTA-1,4402,2300,0.2044525215810995,9,2,Ductal basal
11018,8W_R2,8W,CGTGTCTTCCTGGTCT-1,2633,1574,0.34181541967337636,9,1,Ductular
11019,8W_R2,8W,CGTGTCTTCTGGGAGA-1,3821,2114,0.3402250719706883,16,4,Orifice
11020,8W_R2,8W,CGTTAGAAGTATCCTG-1,3784,2157,0.15856236786469344,10,2,Ductal basal
11021,8W_R2,8W,CGTTAGACACTTTAGG-1,1864,1206,0.1609442060085837,20,2,Ductal basal
11026,8W_R2,8W,CGTTAGATCCTACACC-1,3072,1923,0.13020833333333331,10,0,Ductal basal
11029,8W_R2,8W,CGTTCTGCAATATCCG-1,6869,3194,0.05823263939438055,25,9,Ductal basal
11031,8W_R2,8W,CGTTCTGCATAGAATG-1,5986,2736,0.0835282325425994,16,4,Orifice
11032,8W_R2,8W,CGTTCTGGTCCACTCT-1,4130,1999,0.09685230024213075,10,0,Ductal basal
11033,8W_R2,8W,CGTTCTGGTCTTTCTA-1,12883,3905,0.054335170379569975,24,1,Ductular
11037,8W_R2,8W,CGTTCTGGTTTCACTT-1,5129,2779,0.09748488984207447,12,5,Ductal basal
11038,8W_R2,8W,CGTTCTGTCCATGCAA-1,5384,2468,0.13001485884101038,12,4,Orifice
11039,8W_R2,8W,CGTTCTGTCCTAGCGG-1,3501,1906,0.22850614110254214,16,4,Orifice
11041,8W_R2,8W,CGTTCTGTCTATTTCG-1,2196,1400,0.09107468123861566,7,5,Ductal basal
11042,8W_R2,8W,CGTTCTGTCTCGCGTT-1,3641,2086,0.16478989288656962,20,3,Ductal suprabasal
11046,8W_R2,8W,CGTTGGGGTTCGGGTC-1,8214,3419,0.15826637448259068,12,5,Ductal basal
11051,8W_R2,8W,CTAACCCCAAGTATAG-1,2021,1340,0.6927263730826323,35,10,Differentiated meibocyte
11058,8W_R2,8W,CTAACTTAGCCAGACA-1,7397,3394,0.05407597674733,12,5,Ductal basal
11061,8W_R2,8W,CTAACTTGTCGAATGG-1,4278,2524,0.16362786348761105,22,8,Acinar basal
11063,8W_R2,8W,CTAACTTGTGAATATG-1,4049,2291,0.09878982464806124,12,5,Ductal basal
11070,8W_R2,8W,CTAAGTGGTGAAGCGT-1,1971,1293,0.050735667174023336,10,6,Ductal basal
11072,8W_R2,8W,CTAAGTGGTTCGGTTA-1,5131,2769,0.1364256480218281,25,8,Acinar basal
11073,8W_R2,8W,CTAAGTGTCATGCCGG-1,2750,1630,0.07272727272727272,16,4,Orifice
11087,8W_R2,8W,CTACAGATCGCGAAGA-1,4007,1993,0.07486897928624905,9,1,Ductular
11088,8W_R2,8W,CTACAGATCGGTTAGT-1,3687,1864,0.08136696501220504,7,2,Ductal basal
11091,8W_R2,8W,CTACATTCACTAGTAC-1,10790,3931,0.11121408711770157,29,7,Differentiating meibocyte
11094,8W_R2,8W,CTACATTTCCGTCCTA-1,7415,3310,0.10788941335131491,16,4,Orifice
11096,8W_R2,8W,CTACCCAAGCGACTGA-1,3921,1916,0.204029584289722,7,2,Ductal basal
11097,8W_R2,8W,CTACCCAAGGTAGACC-1,4614,2490,0.17338534893801474,7,2,Ductal basal
11099,8W_R2,8W,CTACCCAAGTCTAACC-1,2871,1517,0.9752699407871821,24,3,Ductal suprabasal
11102,8W_R2,8W,CTACCCACACCCTCTA-1,3280,1646,0.03048780487804878,23,1,Ductular
11107,8W_R2,8W,CTACCCAGTTTGGGAG-1,7219,3541,0.12467100706469039,5,5,Ductal basal
11109,8W_R2,8W,CTACCTGCAACGATTC-1,4838,2393,0.18602728400165358,5,0,Ductal basal
11110,8W_R2,8W,CTACCTGCAATAAGGT-1,5053,2506,0.1781120126657431,12,5,Ductal basal
11111,8W_R2,8W,CTACCTGGTCCGACGT-1,4005,1941,0.12484394506866417,35,7,Differentiating meibocyte
11112,8W_R2,8W,CTACCTGTCACATACG-1,4952,2185,0.10096930533117932,16,4,Orifice
11120,8W_R2,8W,CTACGGGCACACGGTC-1,5230,2244,0.05736137667304016,29,7,Differentiating meibocyte
11122,8W_R2,8W,CTACTATAGAATAACC-1,4396,2530,0.15923566878980894,20,3,Ductal suprabasal
11124,8W_R2,8W,CTACTATAGACGAGCT-1,4992,2319,0.06009615384615385,16,1,Ductular
11129,8W_R2,8W,CTACTATCACCCAAGC-1,3386,1987,0.11813349084465447,10,0,Ductal basal
11130,8W_R2,8W,CTACTATCACCCGTAG-1,2658,1689,0.15048908954100826,20,3,Ductal suprabasal
11132,8W_R2,8W,CTACTATGTCTTCCGT-1,4229,2189,0.11823126034523528,12,5,Ductal basal
11133,8W_R2,8W,CTACTATGTGTTACTG-1,3461,2043,0.6067610517191563,29,7,Differentiating meibocyte
11134,8W_R2,8W,CTACTATGTTACCTTT-1,2688,1620,0.11160714285714285,9,1,Ductular
11136,8W_R2,8W,CTACTATTCAACACCA-1,3000,1617,0.1,7,2,Ductal basal
11138,8W_R2,8W,CTACTATTCCATGCAA-1,8115,3620,0.04929143561306223,5,0,Ductal basal
11139,8W_R2,8W,CTAGACAAGCAAGGAA-1,4641,2573,0.10773540185304892,22,3,Ductal suprabasal
11146,8W_R2,8W,CTAGACATCAGTCTTT-1,4372,2380,0.09149130832570906,24,3,Ductal suprabasal
11147,8W_R2,8W,CTAGACATCTCTAGGA-1,2471,1426,0.08093889113719142,7,2,Ductal basal
11151,8W_R2,8W,CTAGGTACAGAACCGA-1,2783,1599,0.10779734099892202,7,2,Ductal basal
11153,8W_R2,8W,CTAGGTAGTCAGGTGA-1,4048,2113,0.14822134387351776,20,3,Ductal suprabasal
11160,8W_R2,8W,CTATAGGCACGAGAAC-1,3937,2371,0.27940055880111764,22,8,Acinar basal
11161,8W_R2,8W,CTATAGGCACTTCAGA-1,4800,2285,0.08333333333333334,12,5,Ductal basal
11163,8W_R2,8W,CTATAGGCATCAGCTA-1,3971,2233,0.2014605892722236,20,3,Ductal suprabasal
11166,8W_R2,8W,CTATAGGGTTCACGAT-1,2692,1560,0.07429420505200594,12,1,Ductular
11173,8W_R2,8W,CTATCCGCAATGTCAC-1,3307,1770,0.21167221046265497,7,2,Ductal basal
11181,8W_R2,8W,CTATCTACACATTCTT-1,3141,1839,0.1591849729385546,9,1,Ductular
11186,8W_R2,8W,CTATCTAGTGTCCACG-1,2385,1529,0.16771488469601675,16,4,Orifice
11190,8W_R2,8W,CTCAACCAGCCTCACG-1,7514,2764,0.11977641735427201,7,2,Ductal basal
11194,8W_R2,8W,CTCAACCAGTATAGGT-1,6593,2982,0.09100561201274078,29,7,Differentiating meibocyte
11195,8W_R2,8W,CTCAACCCAACCGGAA-1,4905,2609,0.06116207951070336,10,0,Ductal basal
11196,8W_R2,8W,CTCAACCCACCTATCC-1,1702,1117,0.2937720329024677,7,4,Orifice
11198,8W_R2,8W,CTCAACCCATGCCATA-1,8163,3793,0.08575278696557638,20,3,Ductal suprabasal
11201,8W_R2,8W,CTCAAGAAGCTAATGA-1,7883,3316,0.13954078396549535,9,2,Ductal basal
11207,8W_R2,8W,CTCAAGAGTATGGGAC-1,3888,2189,0.1286008230452675,23,1,Ductular
11209,8W_R2,8W,CTCAATTAGAATCTAG-1,2635,1490,1.7457305502846299,24,3,Ductal suprabasal
11210,8W_R2,8W,CTCAATTAGAGGTTAT-1,3037,1664,0.09878169245966416,12,1,Ductular
11213,8W_R2,8W,CTCAATTGTCTGTAAC-1,12828,4427,0.6548175865294669,24,3,Ductal suprabasal
11215,8W_R2,8W,CTCAATTGTCTTCCGT-1,3220,1938,0.18633540372670807,20,3,Ductal suprabasal
11216,8W_R2,8W,CTCAATTGTGCTGATT-1,6410,2896,0.031201248049921998,20,3,Ductal suprabasal
11217,8W_R2,8W,CTCAATTGTGGGTATG-1,3085,1722,0.06482982171799027,9,1,Ductular
11221,8W_R2,8W,CTCACTGAGATTTGCC-1,6012,3114,0.049900199600798396,29,3,Ductal suprabasal
11243,8W_R2,8W,CTCAGGGAGGTCCGAA-1,6085,3062,0.18077239112571897,24,3,Ductal suprabasal
11249,8W_R2,8W,CTCAGGGTCATCGCTC-1,4360,2261,1.0321100917431194,5,0,Ductal basal
11250,8W_R2,8W,CTCAGGGTCCGCAAAT-1,5785,2970,0.05185825410544512,10,0,Ductal basal
11256,8W_R2,8W,CTCAGTCAGGTTACCT-1,6677,3086,0.10483750187209825,10,6,Ductal basal
11263,8W_R2,8W,CTCAGTCTCGGAAGGT-1,1152,823,0.08680555555555555,25,9,Ductal basal
11264,8W_R2,8W,CTCATCGAGCCTGCCA-1,4919,2039,0.1423053466151657,16,4,Orifice
11265,8W_R2,8W,CTCATCGCAAGGATGC-1,4836,2022,0.20678246484698098,16,4,Orifice
11269,8W_R2,8W,CTCATCGGTTGCAAGG-1,5690,2805,0.12302284710017575,12,5,Ductal basal
11270,8W_R2,8W,CTCATCGTCGCGTCGA-1,2661,1601,0.0751597143930853,23,1,Ductular
11271,8W_R2,8W,CTCATCGTCGCTACAA-1,842,594,0.831353919239905,35,10,Differentiated meibocyte
11274,8W_R2,8W,CTCATGCAGATCCTAC-1,3788,1937,0.07919746568109821,24,1,Ductular
11277,8W_R2,8W,CTCATGCCAATTCACG-1,6577,2725,0.18245400638589024,7,2,Ductal basal
11283,8W_R2,8W,CTCATGCGTATCTCTT-1,5153,2706,0.15524936929943722,9,1,Ductular
11285,8W_R2,8W,CTCATGCGTGATTCTG-1,3777,2108,0.052952078369075985,5,0,Ductal basal
11288,8W_R2,8W,CTCATGCTCTGAGAAA-1,1363,973,0.1467351430667645,10,0,Ductal basal
11296,8W_R2,8W,CTCATTAGTGTATTGC-1,3542,2201,0.4799548277809147,22,8,Acinar basal
11301,8W_R2,8W,CTCCAACAGGCTCAAG-1,2229,1471,0.0,5,0,Ductal basal
11302,8W_R2,8W,CTCCAACCAACGTATC-1,5756,2714,0.13898540653231412,9,4,Orifice
11304,8W_R2,8W,CTCCAACGTTCCCACT-1,4686,2190,0.14938113529662825,16,4,Orifice
11306,8W_R2,8W,CTCCAACTCGGTAGGA-1,4651,2639,0.08600301010535369,7,2,Ductal basal
11308,8W_R2,8W,CTCCACAAGATGCTAA-1,6226,3007,0.128493414712496,10,6,Ductal basal
11315,8W_R2,8W,CTCCACATCCGAGTGC-1,8802,3596,0.10224948875255625,20,3,Ductal suprabasal
11316,8W_R2,8W,CTCCACATCGTTCATT-1,11453,4109,0.06985069414127303,22,8,Acinar basal
11324,8W_R2,8W,CTCCATGGTTGAGAGC-1,6010,2907,0.08319467554076539,20,3,Ductal suprabasal
11327,8W_R2,8W,CTCCATGTCCTCTCGA-1,2829,1622,0.2827854365500177,7,2,Ductal basal
11328,8W_R2,8W,CTCCATGTCGTGCACG-1,11002,4401,0.06362479549172878,12,0,Ductal basal
11332,8W_R2,8W,CTCCCAAAGCATGTTC-1,2462,1535,0.20308692120227456,10,0,Ductal basal
11333,8W_R2,8W,CTCCCAAAGGTGAGCT-1,2744,1750,0.4737609329446064,22,8,Acinar basal
11334,8W_R2,8W,CTCCCAAAGGTTCAGG-1,3587,1844,0.16727069974909395,7,2,Ductal basal
11335,8W_R2,8W,CTCCCAAAGTATTAGG-1,1672,1113,0.11961722488038277,24,3,Ductal suprabasal
11350,8W_R2,8W,CTCCCTCCACCAGTAT-1,7795,3502,0.06414368184733803,10,6,Ductal basal
11356,8W_R2,8W,CTCCCTCTCAAACGAA-1,5361,2754,0.03730647267300877,10,0,Ductal basal
11358,8W_R2,8W,CTCCCTCTCAGATGCT-1,3300,2001,0.15151515151515152,9,1,Ductular
11362,8W_R2,8W,CTCCGATCATTGTGCA-1,4520,2429,0.17699115044247787,25,9,Ductal basal
11364,8W_R2,8W,CTCCGATTCAACTTTC-1,5857,2841,0.08536793580331228,20,9,Ductal basal
11365,8W_R2,8W,CTCCGATTCCAGTGTA-1,1784,1115,0.05605381165919283,23,1,Ductular
11368,8W_R2,8W,CTCCTCCCACCTGAAT-1,13514,4499,0.08879680331508066,5,0,Ductal basal
11374,8W_R2,8W,CTCCTTTAGAGATCGC-1,1818,1301,0.055005500550055,9,1,Ductular
11376,8W_R2,8W,CTCCTTTAGCGACTGA-1,5652,2714,0.194621372965322,12,5,Ductal basal
11377,8W_R2,8W,CTCCTTTAGCTTCGTA-1,4487,2303,0.22286605749944283,7,2,Ductal basal
11379,8W_R2,8W,CTCCTTTCACCAGCTG-1,1664,1161,0.06009615384615385,23,1,Ductular
11380,8W_R2,8W,CTCCTTTCACGACGAA-1,4647,2363,0.10759629868732515,22,8,Acinar basal
11387,8W_R2,8W,CTCCTTTTCTCTGACC-1,6044,2546,0.1158173395102581,7,2,Ductal basal
11390,8W_R2,8W,CTCGAGGAGGTTTACC-1,5700,2614,0.08771929824561403,16,4,Orifice
11391,8W_R2,8W,CTCGAGGCAAAGACGC-1,4017,2063,0.14936519790888725,16,4,Orifice
11394,8W_R2,8W,CTCGAGGCAACGTTAC-1,4921,2334,0.24385287543182277,10,2,Ductal basal
11396,8W_R2,8W,CTCGAGGGTACGCGTC-1,2941,1809,0.20401224073444407,12,4,Orifice
11398,8W_R2,8W,CTCGAGGTCAAGTGTC-1,5904,2324,0.25406504065040647,7,2,Ductal basal
11399,8W_R2,8W,CTCGAGGTCCTGGCTT-1,3998,2098,0.17508754377188596,12,5,Ductal basal
11400,8W_R2,8W,CTCTCAGAGCAAATCA-1,4908,2349,0.10187449062754686,12,5,Ductal basal
11402,8W_R2,8W,CTCTCAGAGGCCACTC-1,6478,3075,0.2624266748996604,20,3,Ductal suprabasal
11405,8W_R2,8W,CTCTCAGCAGGTTCGC-1,3474,2038,0.11514104778353484,24,2,Ductal basal
11408,8W_R2,8W,CTCTCAGGTATGGTAA-1,3710,1346,0.0,7,2,Ductal basal
11409,8W_R2,8W,CTCTCAGGTCTCCCTA-1,1638,1019,0.2442002442002442,35,10,Differentiated meibocyte
11410,8W_R2,8W,CTCTCAGGTTAAACAG-1,4578,2230,0.08737439930100481,12,5,Ductal basal
11411,8W_R2,8W,CTCTCAGTCACCGGGT-1,4043,2305,0.12367054167697256,10,6,Ductal basal
11415,8W_R2,8W,CTCTCAGTCTAGATCG-1,3773,2239,0.0795123244102836,9,1,Ductular
11418,8W_R2,8W,CTCTCGACATCCTATT-1,5874,2656,0.1191692202928158,12,5,Ductal basal
11422,8W_R2,8W,CTCTCGAGTTGTAGCT-1,4168,2175,0.02399232245681382,7,2,Ductal basal
11427,8W_R2,8W,CTCTGGTAGGAGTATT-1,3229,1871,0.37163208423660576,5,0,Ductal basal
11429,8W_R2,8W,CTCTGGTCAAATCAAG-1,7578,3338,0.09237265769332278,10,0,Ductal basal
11431,8W_R2,8W,CTCTGGTCAGTCAGAG-1,5132,2559,0.09742790335151988,16,4,Orifice
11432,8W_R2,8W,CTCTGGTGTAACATCC-1,14923,4377,0.060309589224686724,29,7,Differentiating meibocyte
11433,8W_R2,8W,CTCTGGTGTAGAATAC-1,1043,751,0.38350910834132307,22,8,Acinar basal
11437,8W_R2,8W,CTCTGGTTCCAACCGG-1,2127,1325,0.04701457451810061,12,5,Ductal basal
11451,8W_R2,8W,CTGAATGTCTCTTCAA-1,5551,2691,0.07205908845253108,16,4,Orifice
11452,8W_R2,8W,CTGAATGTCTTACGGA-1,6381,2767,0.12537219871493496,16,4,Orifice
11456,8W_R2,8W,CTGAGCGCACCCTTGT-1,4936,2627,0.12155591572123178,20,9,Ductal basal
11463,8W_R2,8W,CTGAGCGTCGAGCTGC-1,555,425,0.0,16,4,Orifice
11466,8W_R2,8W,CTGAGGCAGTCTGGTT-1,2815,1612,0.2841918294849023,7,2,Ductal basal
11469,8W_R2,8W,CTGAGGCGTAGTTAGA-1,2486,1404,0.08045052292839903,7,2,Ductal basal
11477,8W_R2,8W,CTGAGGCTCTGCGTCT-1,4431,2228,0.11284134506883321,7,2,Ductal basal
11478,8W_R2,8W,CTGATCCAGAAACTGT-1,9458,3552,0.03171917953055614,20,3,Ductal suprabasal
11479,8W_R2,8W,CTGATCCAGATGCGAC-1,3851,2157,0.12983640612827838,9,1,Ductular
11483,8W_R2,8W,CTGATCCCAAAGGATT-1,2471,1497,0.24281667341157423,16,4,Orifice
11485,8W_R2,8W,CTGATCCCACTGTCCT-1,11919,4064,0.08389965601141035,29,7,Differentiating meibocyte
11489,8W_R2,8W,CTGATCCGTTCGCGTG-1,5110,2534,0.17612524461839532,23,1,Ductular
11490,8W_R2,8W,CTGATCCGTTGGAGGT-1,5744,2664,0.12186629526462396,9,1,Ductular
11500,8W_R2,8W,CTGCAGGTCTATCGTT-1,7191,3247,0.02781254345709915,5,0,Ductal basal
11507,8W_R2,8W,CTGCATCCAACAAGTA-1,2634,1340,0.15186028853454822,7,2,Ductal basal
11510,8W_R2,8W,CTGCATCGTTAGCTAC-1,1789,1213,0.2794857462269424,12,5,Ductal basal
11514,8W_R2,8W,CTGCCATAGCTCGCAC-1,3329,1814,0.18023430459597475,23,1,Ductular
11516,8W_R2,8W,CTGCCATCATAGCACT-1,4351,2424,0.22983222247759133,10,6,Ductal basal
11520,8W_R2,8W,CTGCCATTCGTTTACT-1,4365,2144,0.2061855670103093,23,1,Ductular
11521,8W_R2,8W,CTGCCATTCTCGGTCT-1,3462,1923,0.11554015020219525,22,8,Acinar basal
11527,8W_R2,8W,CTGCCTATCACTGATG-1,1548,1070,0.45219638242894056,35,10,Differentiated meibocyte
11531,8W_R2,8W,CTGCGAGAGTCTGGAG-1,4351,2387,0.18386577798207307,5,0,Ductal basal
11532,8W_R2,8W,CTGCGAGCAGCCCACA-1,1468,1064,0.20435967302452315,23,1,Ductular
11536,8W_R2,8W,CTGCGAGGTCTGCCTT-1,8725,3913,0.034383954154727794,5,0,Ductal basal
11537,8W_R2,8W,CTGCGAGGTGATGTAA-1,2734,1714,0.18288222384784197,7,2,Ductal basal
11540,8W_R2,8W,CTGCGAGTCCCGAGTG-1,4468,2171,0.3133393017009848,16,4,Orifice
11551,8W_R2,8W,CTGCTCAGTATTCTCT-1,6663,3184,0.18009905447996397,24,3,Ductal suprabasal
11564,8W_R2,8W,CTGGCAGAGGGAGGTG-1,4351,2270,0.20684900022983221,12,5,Ductal basal
11565,8W_R2,8W,CTGGCAGAGGGTGAAA-1,7046,2895,0.24127164348566565,12,5,Ductal basal
11570,8W_R2,8W,CTGGCAGGTGACCTGC-1,3711,2008,0.16168148746968472,23,1,Ductular
11579,8W_R2,8W,CTGGTCTAGCCGCTTG-1,5731,2626,0.06979584714709475,23,3,Ductal suprabasal
11580,8W_R2,8W,CTGGTCTAGCGAAACC-1,5408,2498,0.20340236686390534,16,4,Orifice
11582,8W_R2,8W,CTGGTCTAGGGATCGT-1,3745,2273,0.0534045393858478,20,3,Ductal suprabasal
11588,8W_R2,8W,CTGGTCTGTAAGCTCT-1,5746,2611,0.12182387747998608,10,6,Ductal basal
11589,8W_R2,8W,CTGGTCTGTTCCGCGA-1,6237,2554,0.0962000962000962,16,4,Orifice
11592,8W_R2,8W,CTGGTCTTCTGCTCTG-1,2832,1751,0.03531073446327684,5,0,Ductal basal
11595,8W_R2,8W,CTGTACCAGTCTGCAT-1,2452,1437,0.1631321370309951,7,2,Ductal basal
11598,8W_R2,8W,CTGTACCGTGGACCAA-1,2779,1534,0.21590500179920835,7,2,Ductal basal
11599,8W_R2,8W,CTGTACCGTTGGCCTG-1,7162,3510,0.041887740854509914,25,9,Ductal basal
11605,8W_R2,8W,CTGTAGACACCGGTCA-1,6452,2594,0.09299442033477992,7,2,Ductal basal
11606,8W_R2,8W,CTGTAGACATGCCGCA-1,3064,1993,0.1631853785900783,22,8,Acinar basal
11616,8W_R2,8W,CTGTATTTCTGAGAGG-1,6177,3066,0.03237817710862879,5,0,Ductal basal
11620,8W_R2,8W,CTGTCGTAGTATTCCG-1,3487,1838,0.028677946659019213,35,10,Differentiated meibocyte
11623,8W_R2,8W,CTGTCGTTCAGAGTGG-1,6296,3273,0.04764930114358323,22,0,Ductal basal
11624,8W_R2,8W,CTGTCGTTCCATCTGC-1,4576,2451,0.10926573426573427,20,3,Ductal suprabasal
11627,8W_R2,8W,CTGTGAAAGCTAAATG-1,2333,1447,0.08572653236176596,12,5,Ductal basal
11628,8W_R2,8W,CTGTGAAAGGATACAT-1,6846,3326,0.05842827928717499,25,9,Ductal basal
11629,8W_R2,8W,CTGTGAACAACACAAA-1,2920,1809,0.9589041095890412,23,1,Ductular
11632,8W_R2,8W,CTGTGAAGTAAGACCG-1,1943,1212,0.1029336078229542,23,1,Ductular
11633,8W_R2,8W,CTGTGAAGTACCAGAG-1,2081,1378,0.09610764055742432,9,4,Orifice
11636,8W_R2,8W,CTGTGAAGTTCCTTGC-1,3227,1833,0.15494267121165167,9,1,Ductular
11637,8W_R2,8W,CTGTGAATCGATTGGT-1,2633,1613,0.189897455374098,12,5,Ductal basal
11639,8W_R2,8W,CTGTGAATCTCATGGA-1,2304,1382,0.13020833333333331,16,4,Orifice
11640,8W_R2,8W,CTGTGGGCAGGTTCGC-1,3929,2062,0.3054212267752609,16,4,Orifice
11642,8W_R2,8W,CTGTGGGGTGAACTAA-1,2460,1663,0.16260162601626016,9,1,Ductular
11644,8W_R2,8W,CTGTGGGTCGGATAAA-1,2811,1596,0.10672358591248667,7,8,Acinar basal
11647,8W_R2,8W,CTGTGGGTCTTCTGGC-1,1968,1207,0.25406504065040647,22,8,Acinar basal
11650,8W_R2,8W,CTTACCGAGTTGGCTT-1,3290,1674,0.060790273556231005,22,3,Ductal suprabasal
11656,8W_R2,8W,CTTACCGGTACATTGC-1,6812,3145,0.05871990604815032,25,9,Ductal basal
11662,8W_R2,8W,CTTAGGAAGCGTTCCG-1,2924,1903,0.06839945280437756,5,0,Ductal basal
11663,8W_R2,8W,CTTAGGAAGGTCATAA-1,7110,3411,0.12658227848101267,5,0,Ductal basal
11664,8W_R2,8W,CTTAGGACACGTAGTT-1,2969,1721,0.13472549680026946,12,5,Ductal basal
11665,8W_R2,8W,CTTAGGACAGCAGACA-1,3048,1911,0.09842519685039369,5,0,Ductal basal
11667,8W_R2,8W,CTTAGGAGTAACCCTA-1,4886,2609,0.28653295128939826,22,8,Acinar basal
11671,8W_R2,8W,CTTAGGATCCAAGGGA-1,2317,1545,0.1294777729823047,25,9,Ductal basal
11674,8W_R2,8W,CTTCAATAGACATCCT-1,3954,2161,0.42994436014162873,12,5,Ductal basal
11676,8W_R2,8W,CTTCAATAGTAGCAAT-1,6163,3017,0.24338796040889177,29,7,Differentiating meibocyte
11680,8W_R2,8W,CTTCAATCAGTCTACA-1,2779,1618,0.0,7,2,Ductal basal
11681,8W_R2,8W,CTTCAATGTAATCAGA-1,6106,3069,0.11464133639043562,5,0,Ductal basal
11683,8W_R2,8W,CTTCAATGTCATAGTC-1,5996,2897,0.08338892595063375,22,8,Acinar basal
11684,8W_R2,8W,CTTCAATGTTGATGTC-1,2394,1445,0.29239766081871343,7,0,Ductal basal
11685,8W_R2,8W,CTTCAATTCCGAGATT-1,1278,862,0.39123630672926446,35,10,Differentiated meibocyte
11687,8W_R2,8W,CTTCCGAAGGTTGACG-1,3686,2204,0.02712967986977754,5,0,Ductal basal
11689,8W_R2,8W,CTTCCGACAATTGCCA-1,2761,1620,0.3259688518652662,9,1,Ductular
11690,8W_R2,8W,CTTCCGAGTAAGAACT-1,3165,1773,0.1263823064770932,12,5,Ductal basal
11693,8W_R2,8W,CTTCCGATCTCTCTTC-1,1595,1020,1.1912225705329154,23,1,Ductular
11694,8W_R2,8W,CTTCCTTAGCTAGTTC-1,2660,1499,0.2631578947368421,12,4,Orifice
11695,8W_R2,8W,CTTCCTTAGTACAACA-1,4427,2586,0.7228371357578496,22,8,Acinar basal
11696,8W_R2,8W,CTTCCTTAGTTCGGTT-1,4139,2397,0.09664170089393573,20,3,Ductal suprabasal
11701,8W_R2,8W,CTTCCTTTCGTGTGGC-1,3089,1764,0.19423761735189382,22,3,Ductal suprabasal
11703,8W_R2,8W,CTTCGGTAGAGGATGA-1,3545,2217,0.08462623413258111,20,3,Ductal suprabasal
11708,8W_R2,8W,CTTCGGTCATACCAGT-1,5073,2352,0.1576976148235758,10,6,Ductal basal
11720,8W_R2,8W,CTTCTAATCCAGTGTA-1,5069,2512,0.09863878477017164,9,1,Ductular
11721,8W_R2,8W,CTTCTAATCGGTTAGT-1,2297,1521,0.087070091423596,5,0,Ductal basal
11722,8W_R2,8W,CTTCTCTAGGGTAGCT-1,4323,2468,0.06939625260235947,5,0,Ductal basal
11724,8W_R2,8W,CTTCTCTAGTTGCCCG-1,5034,2304,0.07945967421533572,7,6,Ductal basal
11730,8W_R2,8W,CTTCTCTGTTCCGGTG-1,5143,2533,0.36943418238382264,29,7,Differentiating meibocyte
11733,8W_R2,8W,CTTGAGAAGCTCGAAG-1,5438,2998,0.055167340934166975,25,9,Ductal basal
11735,8W_R2,8W,CTTGAGACAAGTACCT-1,3486,1942,0.6024096385542169,5,0,Ductal basal
11743,8W_R2,8W,CTTGATTAGCGCCTTG-1,8103,3511,0.1480932987782303,12,5,Ductal basal
11747,8W_R2,8W,CTTGATTCAGCGATTT-1,4591,2550,0.1306904813766064,22,8,Acinar basal
11748,8W_R2,8W,CTTGATTCATCCCACT-1,2151,1337,0.41841004184100417,12,5,Ductal basal
11752,8W_R2,8W,CTTGATTTCAGTGTTG-1,3033,1812,0.13188262446422683,7,2,Ductal basal
11760,8W_R2,8W,CTTTCAACAACACGAG-1,3732,2190,0.2411575562700965,9,1,Ductular
11762,8W_R2,8W,CTTTCAAGTCACTCGG-1,2899,1651,0.03449465332873405,23,1,Ductular
11763,8W_R2,8W,CTTTCAAGTCCTGGGT-1,1613,1040,0.3099814011159331,35,10,Differentiated meibocyte
11765,8W_R2,8W,CTTTCAAGTTGGGTTT-1,691,529,1.1577424023154848,35,7,Differentiating meibocyte
11767,8W_R2,8W,CTTTCGGAGTACGTCT-1,3973,2301,0.15101938082053865,20,3,Ductal suprabasal
11769,8W_R2,8W,CTTTCGGCACACGCCA-1,6152,3137,0.0812743823146944,22,8,Acinar basal
11772,8W_R2,8W,CTTTCGGCAGCGCTTG-1,10602,4340,0.11318619128466327,22,2,Ductal basal
11773,8W_R2,8W,CTTTCGGCATCCCGTT-1,876,655,0.228310502283105,9,1,Ductular
11787,8W_R2,8W,GAAATGAAGCACACCC-1,3158,1635,0.15832805573147563,29,7,Differentiating meibocyte
11789,8W_R2,8W,GAAATGACATGTGGTT-1,7163,2825,0.13960631020522127,7,2,Ductal basal
11798,8W_R2,8W,GAACACTAGCGCGTTC-1,3486,1978,1.4343086632243258,29,7,Differentiating meibocyte
11803,8W_R2,8W,GAACACTCACTGCGTG-1,4414,2368,0.11327594019030357,23,1,Ductular
11804,8W_R2,8W,GAACACTCATTGAAGA-1,5928,2602,0.2699055330634278,29,7,Differentiating meibocyte
11810,8W_R2,8W,GAACACTGTTTAGACC-1,2990,1854,0.16722408026755853,9,1,Ductular
11811,8W_R2,8W,GAACACTTCACTTTGT-1,13002,4231,0.046146746654360866,12,5,Ductal basal
11815,8W_R2,8W,GAACGTTAGATGTTCC-1,4829,2531,0.08283288465520812,5,0,Ductal basal
11818,8W_R2,8W,GAACGTTAGGCATCGA-1,3431,1868,0.17487612940833577,7,2,Ductal basal
11820,8W_R2,8W,GAACGTTCAAGCTGCC-1,3682,2031,0.08147745790331341,20,3,Ductal suprabasal
11827,8W_R2,8W,GAACGTTTCATTGCGA-1,9524,3724,0.125997480050399,12,1,Ductular
11831,8W_R2,8W,GAACTGTCAAGACTGG-1,2594,1690,0.07710100231303006,9,1,Ductular
11832,8W_R2,8W,GAACTGTCACAGCCAC-1,2028,1168,0.39447731755424065,35,10,Differentiated meibocyte
11833,8W_R2,8W,GAACTGTCAGCCGTCA-1,4970,2670,0.12072434607645875,20,3,Ductal suprabasal
11835,8W_R2,8W,GAACTGTGTGGACAGT-1,10493,4393,0.07624130372629372,10,7,Differentiating meibocyte
11840,8W_R2,8W,GAACTGTTCGAAGGAC-1,2600,1509,0.11538461538461539,7,2,Ductal basal
11844,8W_R2,8W,GAAGAATAGTCGCCAC-1,3591,1923,0.0835421888053467,9,1,Ductular
11856,8W_R2,8W,GAAGCCCAGTCGAGGT-1,7772,3154,0.0514668039114771,16,4,Orifice
11858,8W_R2,8W,GAAGCCCCAGTTCTAG-1,3355,1915,0.08941877794336811,22,8,Acinar basal
11861,8W_R2,8W,GAAGCCCCATTCAGCA-1,6991,3202,0.0858246316692891,29,7,Differentiating meibocyte
11873,8W_R2,8W,GAAGCGATCATGAGAA-1,4556,2539,0.06584723441615452,25,9,Ductal basal
11875,8W_R2,8W,GAAGCGATCCGCAGTG-1,2959,1775,0.13518080432578572,12,5,Ductal basal
11876,8W_R2,8W,GAAGCGATCCTTACCG-1,996,688,0.2008032128514056,35,7,Differentiating meibocyte
11879,8W_R2,8W,GAAGGACCATAACTCG-1,4172,2103,0.11984659635666348,7,2,Ductal basal
11881,8W_R2,8W,GAAGGACGTATCCCTC-1,3589,1964,0.11145165784341043,9,1,Ductular
11882,8W_R2,8W,GAAGGACGTATGAGCG-1,6867,3092,0.145623998835008,29,7,Differentiating meibocyte
11883,8W_R2,8W,GAAGGACTCCGCGATG-1,4081,2236,0.12251899044351876,9,1,Ductular
11888,8W_R2,8W,GAAGGGTGTAGATTAG-1,5878,2920,0.05103776794828172,12,5,Ductal basal
11892,8W_R2,8W,GAAGGGTTCAGACATC-1,4657,2362,0.06441915396177797,10,5,Ductal basal
11893,8W_R2,8W,GAAGGGTTCCATCAGA-1,6965,3355,0.043072505384063174,5,0,Ductal basal
11897,8W_R2,8W,GAAGTAAAGAGCCCAA-1,2066,1308,0.0,9,1,Ductular
11901,8W_R2,8W,GAAGTAACAAATGCGG-1,8807,4123,0.18167366867264675,25,9,Ductal basal
11903,8W_R2,8W,GAAGTAACAGTTGGTT-1,4260,2118,0.11737089201877934,10,6,Ductal basal
11904,8W_R2,8W,GAAGTAAGTACGACTT-1,4645,2544,0.04305705059203445,16,4,Orifice
11906,8W_R2,8W,GAAGTAAGTGTGTCGC-1,4825,2380,0.1450777202072539,16,4,Orifice
11910,8W_R2,8W,GAATAGAAGCAAATCA-1,4357,2244,0.09180628873077806,12,5,Ductal basal
11913,8W_R2,8W,GAATAGACAAAGACGC-1,6048,2963,0.06613756613756613,22,7,Differentiating meibocyte
11917,8W_R2,8W,GAATAGATCCGCTGTT-1,3297,1933,0.18198362147406735,22,8,Acinar basal
11925,8W_R2,8W,GAATCACCACTATCGA-1,7078,2959,0.14128284826222096,29,7,Differentiating meibocyte
11926,8W_R2,8W,GAATCACCATATCTCT-1,5862,2829,0.1194131695667008,25,9,Ductal basal
11929,8W_R2,8W,GAATCACGTCGTCAGC-1,3457,1848,0.7520971940989297,7,2,Ductal basal
11933,8W_R2,8W,GAATCACTCCTACTGC-1,1285,860,0.933852140077821,29,7,Differentiating meibocyte
11936,8W_R2,8W,GAATCGTAGCGCCTTG-1,2995,1676,0.10016694490818029,22,8,Acinar basal
11939,8W_R2,8W,GAATCGTAGGGAGTGG-1,2972,1591,0.2018842530282638,7,2,Ductal basal
11941,8W_R2,8W,GAATCGTCAAGCGCTC-1,4333,2204,0.13847219016847448,12,5,Ductal basal
11944,8W_R2,8W,GAATCGTGTTATCTTC-1,3010,1764,0.16611295681063123,12,5,Ductal basal
11949,8W_R2,8W,GACACGCAGACTTCGT-1,2986,1712,0.13395847287340923,10,6,Ductal basal
11951,8W_R2,8W,GACACGCAGCTGTCCG-1,4630,2368,0.08639308855291576,12,5,Ductal basal
11957,8W_R2,8W,GACACGCTCGGAACTT-1,3225,1791,0.062015503875969,7,2,Ductal basal
11965,8W_R2,8W,GACAGCCGTACAGTCT-1,10900,4410,0.08256880733944955,7,2,Ductal basal
11966,8W_R2,8W,GACAGCCGTGACATCT-1,6220,2729,0.12861736334405144,10,2,Ductal basal
11967,8W_R2,8W,GACAGCCGTGGCCTCA-1,6091,3067,0.11492365785585289,10,6,Ductal basal
11969,8W_R2,8W,GACAGCCGTTTACCTT-1,7464,3119,0.08038585209003216,12,5,Ductal basal
11970,8W_R2,8W,GACAGCCTCAAAGGAT-1,6685,3160,0.08975317875841436,20,3,Ductal suprabasal
11973,8W_R2,8W,GACAGCCTCATCTCTA-1,7521,3581,0.33240260603643135,22,8,Acinar basal
11975,8W_R2,8W,GACAGCCTCGTGAGAG-1,3533,1924,0.11321822813472968,12,5,Ductal basal
11978,8W_R2,8W,GACATCAAGGTCCCGT-1,4183,2332,0.19125029882859193,10,0,Ductal basal
11979,8W_R2,8W,GACATCACATGACGAG-1,10409,4066,0.08646363723700644,29,7,Differentiating meibocyte
11981,8W_R2,8W,GACATCATCGCAGTGC-1,6290,2891,0.11128775834658187,9,1,Ductular
11987,8W_R2,8W,GACCAATGTACGGGAT-1,6049,2918,0.049594974375929905,7,2,Ductal basal
11990,8W_R2,8W,GACCAATTCCGGTTCT-1,6079,2888,0.3290014805066623,5,0,Ductal basal
11992,8W_R2,8W,GACCCAGAGCAGCGAT-1,6034,2979,0.11600928074245939,9,1,Ductular
11993,8W_R2,8W,GACCCAGAGGAGAATG-1,6569,3139,0.41102146445425486,20,4,Orifice
11995,8W_R2,8W,GACCCAGAGTGTTCCA-1,3064,1731,0.13054830287206268,7,2,Ductal basal
11998,8W_R2,8W,GACCCAGCAGGCCTGT-1,8335,3627,0.01199760047990402,10,6,Ductal basal
11999,8W_R2,8W,GACCCAGGTGTTATCG-1,4459,2181,0.13455931823278763,7,5,Ductal basal
12000,8W_R2,8W,GACCCAGTCAAGTCGT-1,6567,3359,0.04568296025582458,25,9,Ductal basal
12003,8W_R2,8W,GACCCAGTCGACACTA-1,11109,4378,0.2610495994238905,22,8,Acinar basal
12006,8W_R2,8W,GACCCTTAGTCGTCTA-1,5409,2684,0.07395082270290257,24,3,Ductal suprabasal
12014,8W_R2,8W,GACCCTTTCTTCGTGC-1,12477,4473,0.2965456439849323,16,4,Orifice
12025,8W_R2,8W,GACCGTGTCACCATAG-1,3009,1894,0.0,20,3,Ductal suprabasal
12027,8W_R2,8W,GACCTTCAGAAAGTCT-1,6988,2882,0.07155123068116771,9,4,Orifice
12028,8W_R2,8W,GACCTTCAGCGGGTAT-1,11583,4415,0.2503669170335837,22,8,Acinar basal
12031,8W_R2,8W,GACCTTCGTACAAAGT-1,6924,2493,0.1588677065280185,16,4,Orifice
12033,8W_R2,8W,GACCTTCGTACAGTCT-1,5708,2810,0.2452697967764541,5,2,Ductal basal
12050,8W_R2,8W,GACGTTAAGAGGCGGA-1,9147,4187,0.1421231004700995,22,8,Acinar basal
12055,8W_R2,8W,GACGTTACAAGTATCC-1,4115,2402,0.09720534629404617,9,1,Ductular
12056,8W_R2,8W,GACGTTACATCTGTTT-1,1366,925,0.07320644216691069,35,7,Differentiating meibocyte
12057,8W_R2,8W,GACGTTACATTAAAGG-1,9907,3971,0.050469365095387096,25,9,Ductal basal
12059,8W_R2,8W,GACGTTAGTGTTTACG-1,4157,2504,0.09622323791195574,22,8,Acinar basal
12065,8W_R2,8W,GACTATGGTATCAGCT-1,6782,3009,0.014744913005013271,24,3,Ductal suprabasal
12067,8W_R2,8W,GACTATGTCATTATCC-1,10003,4006,0.14995501349595122,29,7,Differentiating meibocyte
12074,8W_R2,8W,GACTCAAGTGAACTAA-1,2629,1630,0.11411182959300115,9,1,Ductular
12077,8W_R2,8W,GACTCAATCCTTCGAC-1,3882,2108,0.23183925811437403,16,4,Orifice
12078,8W_R2,8W,GACTCAATCGCTTAAG-1,3543,1978,0.056449336720293536,12,5,Ductal basal
12080,8W_R2,8W,GACTCTCAGAGCTGAC-1,6295,2879,0.14297061159650515,12,5,Ductal basal
12081,8W_R2,8W,GACTCTCAGCCATCCG-1,5998,2630,0.1333777925975325,7,2,Ductal basal
12082,8W_R2,8W,GACTCTCAGTAAGAGG-1,3901,2070,0.20507562163547807,12,1,Ductular
12089,8W_R2,8W,GACTCTCTCTGCCTGT-1,1665,1003,0.3003003003003003,12,5,Ductal basal
12092,8W_R2,8W,GACTGATCAAATAGCA-1,7127,3207,0.08418689490669286,9,1,Ductular
12093,8W_R2,8W,GACTGATCAGGTTCAT-1,8533,3207,0.0703152466893238,35,7,Differentiating meibocyte
12094,8W_R2,8W,GACTGATTCTCCGTGT-1,2278,1319,0.21949078138718175,7,2,Ductal basal
12095,8W_R2,8W,GACTGATTCTTACCAT-1,11071,4214,0.12645650799385783,10,0,Ductal basal
12096,8W_R2,8W,GACTTCCAGTTGCTCA-1,1856,1302,0.3232758620689655,22,8,Acinar basal
12099,8W_R2,8W,GACTTCCCACGGCGTT-1,3408,1756,0.05868544600938967,7,0,Ductal basal
12104,8W_R2,8W,GACTTCCTCAGTGTGT-1,11453,4067,0.20082074565615995,9,0,Ductal basal
12109,8W_R2,8W,GAGAAATCAAGCCTGC-1,7429,3105,0.08076457127473415,16,4,Orifice
12112,8W_R2,8W,GAGAAATCATGAAGGC-1,7274,3356,0.08248556502612042,22,8,Acinar basal
12114,8W_R2,8W,GAGAAATGTTTCCATT-1,1411,938,0.21261516654854712,23,3,Ductal suprabasal
12120,8W_R2,8W,GAGAAATTCTTGAGCA-1,3361,1895,0.08925914906277893,12,5,Ductal basal
12124,8W_R2,8W,GAGACCCCAGCAGTAG-1,3497,1925,0.3431512725193023,10,2,Ductal basal
12131,8W_R2,8W,GAGACTTAGGTAATCA-1,2276,1313,0.21968365553602814,23,1,Ductular
12133,8W_R2,8W,GAGACTTAGTTTCGAC-1,2502,1335,0.03996802557953637,12,4,Orifice
12138,8W_R2,8W,GAGACTTCAGTAGTGG-1,4461,2103,0.15691548980049316,7,2,Ductal basal
12140,8W_R2,8W,GAGACTTGTACGCTTA-1,2596,1651,0.15408320493066258,23,1,Ductular
12141,8W_R2,8W,GAGACTTGTCACAATC-1,7984,2946,0.17535070140280562,7,2,Ductal basal
12142,8W_R2,8W,GAGACTTGTCCAGGTC-1,4779,2457,0.16739903745553464,7,4,Orifice
12145,8W_R2,8W,GAGACTTGTGCTGCAC-1,2992,1828,0.16711229946524064,20,3,Ductal suprabasal
12148,8W_R2,8W,GAGACTTTCCTCTCTT-1,4816,2114,0.04152823920265781,23,1,Ductular
12149,8W_R2,8W,GAGACTTTCTCAAAGC-1,5195,2851,0.11549566891241579,25,8,Acinar basal
12153,8W_R2,8W,GAGAGGTAGGTCCAGA-1,16463,4446,1.0265443722286338,35,7,Differentiating meibocyte
12158,8W_R2,8W,GAGAGGTCATAATGCC-1,3646,2023,0.21941854086670326,7,2,Ductal basal
12160,8W_R2,8W,GAGAGGTCATCTCATT-1,7976,3583,0.05015045135406219,5,6,Ductal basal
12170,8W_R2,8W,GAGATGGCAGAGGTAC-1,3748,2170,0.26680896478121663,9,1,Ductular
12176,8W_R2,8W,GAGATGGGTGTTCATG-1,6277,2759,0.11151824119802455,12,5,Ductal basal
12186,8W_R2,8W,GAGCCTGTCCCAGTGG-1,2815,1653,0.07104795737122557,20,3,Ductal suprabasal
12188,8W_R2,8W,GAGCCTGTCGCTTGCT-1,4247,2300,0.09418412997409936,7,1,Ductular
12193,8W_R2,8W,GAGCTGCCAACCGATT-1,3128,1666,0.0959079283887468,35,7,Differentiating meibocyte
12196,8W_R2,8W,GAGCTGCCACACCTAA-1,3156,1767,0.03168567807351077,20,4,Orifice
12206,8W_R2,8W,GAGGCAACAAGAGGCT-1,3849,2049,0.0779423226812159,12,5,Ductal basal
12211,8W_R2,8W,GAGGCAACATACTGTG-1,4677,2518,0.12828736369467605,20,3,Ductal suprabasal
12212,8W_R2,8W,GAGGCAAGTACATACC-1,544,462,0.0,9,1,Ductular
12215,8W_R2,8W,GAGGCAAGTGTCTTCC-1,2212,1401,0.22603978300180833,22,8,Acinar basal
12220,8W_R2,8W,GAGGCAATCTGGCTGG-1,4131,2085,0.12103606874848705,23,1,Ductular
12228,8W_R2,8W,GAGGCCTGTCTTGCGG-1,2150,1401,0.7441860465116279,24,3,Ductal suprabasal
12230,8W_R2,8W,GAGGCCTTCGAACTCA-1,4445,2396,0.15748031496062992,12,8,Acinar basal
12232,8W_R2,8W,GAGGGATAGTAGGGTC-1,4604,2567,0.23892267593397049,9,1,Ductular
12235,8W_R2,8W,GAGGGATGTCTCGGGT-1,5661,3093,0.08832361773538244,25,9,Ductal basal
12240,8W_R2,8W,GAGGGTAAGCCTATTG-1,3366,1867,0.267379679144385,7,2,Ductal basal
12246,8W_R2,8W,GAGGGTAGTCGAGTGA-1,5968,3031,0.05026809651474531,24,3,Ductal suprabasal
12247,8W_R2,8W,GAGGGTAGTTGGGAAC-1,9552,3825,0.11515912897822446,25,9,Ductal basal
12249,8W_R2,8W,GAGGGTATCATCTATC-1,4121,2299,0.24265954865323952,29,7,Differentiating meibocyte
12250,8W_R2,8W,GAGGGTATCCTAAACG-1,3837,2287,0.05212405525149857,5,0,Ductal basal
12251,8W_R2,8W,GAGGGTATCGAGAGCA-1,3372,1892,0.14827995255041518,10,0,Ductal basal
12254,8W_R2,8W,GAGTCATAGGACACTG-1,4329,2412,0.023100023100023098,24,3,Ductal suprabasal
12256,8W_R2,8W,GAGTCATCACGAGGTA-1,840,604,0.35714285714285715,35,10,Differentiated meibocyte
12257,8W_R2,8W,GAGTCATCACTACCCT-1,2775,1691,0.07207207207207207,20,3,Ductal suprabasal
12259,8W_R2,8W,GAGTCATGTCACGTGC-1,3768,2221,0.1326963906581741,22,8,Acinar basal
12262,8W_R2,8W,GAGTCATGTCCCTAAA-1,5336,2720,0.14992503748125938,29,7,Differentiating meibocyte
12267,8W_R2,8W,GAGTCTAAGTAACCGG-1,8579,3736,0.10490733185685977,5,0,Ductal basal
12272,8W_R2,8W,GAGTCTACAGTCTGGC-1,4912,2645,0.10179153094462541,22,8,Acinar basal
12274,8W_R2,8W,GAGTCTAGTGGCTACC-1,7920,3645,0.15151515151515152,20,3,Ductal suprabasal
12295,8W_R2,8W,GAGTGTTTCAGGAACG-1,2507,1658,0.07977662544874352,9,4,Orifice
12299,8W_R2,8W,GAGTGTTTCTTGTGCC-1,5111,2707,0.11739385638818234,24,3,Ductal suprabasal
12303,8W_R2,8W,GAGTTACAGGCGCTTC-1,7769,3055,0.1415883640108122,16,4,Orifice
12304,8W_R2,8W,GAGTTACAGTCCTACA-1,4163,2098,0.0,12,5,Ductal basal
12305,8W_R2,8W,GAGTTACAGTGTAGTA-1,1914,1226,0.3657262277951933,23,1,Ductular
12306,8W_R2,8W,GAGTTACAGTTTGTCG-1,4738,2553,0.2321654706627269,22,8,Acinar basal
12308,8W_R2,8W,GAGTTACCACTTGGGC-1,3046,1652,0.0984898227183191,23,1,Ductular
12310,8W_R2,8W,GAGTTACGTACTAGCT-1,4776,2398,0.14656616415410384,9,1,Ductular
12311,8W_R2,8W,GAGTTACGTATTGCCA-1,2298,1416,0.13054830287206268,29,7,Differentiating meibocyte
12313,8W_R2,8W,GAGTTACGTTCTCCCA-1,4796,2464,0.3127606338615513,16,4,Orifice
12314,8W_R2,8W,GAGTTACTCAACCTCC-1,4614,2240,0.23840485478977025,7,3,Ductal suprabasal
12319,8W_R2,8W,GAGTTGTGTCGAATGG-1,5557,2846,0.10797192729890229,5,0,Ductal basal
12321,8W_R2,8W,GAGTTGTTCGTTCCTG-1,1602,1134,0.4369538077403246,29,7,Differentiating meibocyte
12323,8W_R2,8W,GAGTTGTTCTTGTTAC-1,5763,2663,0.0694082942911678,10,6,Ductal basal
12327,8W_R2,8W,GAGTTTGTCTTCTTCC-1,1075,749,0.09302325581395349,29,7,Differentiating meibocyte
12331,8W_R2,8W,GATAGAACAGGTATGG-1,3004,1746,0.2663115845539281,23,1,Ductular
12333,8W_R2,8W,GATAGAATCACTCTTA-1,3550,1918,0.11267605633802817,9,1,Ductular
12334,8W_R2,8W,GATAGAATCCCGAGTG-1,5044,2656,0.25773195876288657,25,1,Ductular
12335,8W_R2,8W,GATAGAATCCGCGATG-1,2568,1470,0.19470404984423675,7,2,Ductal basal
12340,8W_R2,8W,GATAGAATCTGAACGT-1,5594,2608,0.41115480872363247,12,4,Orifice
12344,8W_R2,8W,GATAGCTAGCTACGTT-1,7056,3176,0.07086167800453515,22,8,Acinar basal
12347,8W_R2,8W,GATAGCTCAGCTATTG-1,2629,1533,0.3042982122480031,29,7,Differentiating meibocyte
12350,8W_R2,8W,GATAGCTGTTCTTGTT-1,3483,1889,0.057421762848119444,9,1,Ductular
12358,8W_R2,8W,GATCACAAGTCTTCGA-1,5471,2797,0.10966916468652897,5,0,Ductal basal
12359,8W_R2,8W,GATCACACAACCCGCA-1,2836,1661,0.14104372355430184,23,1,Ductular
12360,8W_R2,8W,GATCACACAGCTCGGT-1,4499,2571,0.06668148477439431,5,0,Ductal basal
12366,8W_R2,8W,GATCACATCCTCCACA-1,4306,2254,0.06967022758941013,10,2,Ductal basal
12367,8W_R2,8W,GATCACATCTACTCAT-1,5207,2442,0.05761474937584021,7,2,Ductal basal
12369,8W_R2,8W,GATCAGTAGCGTGCTC-1,8490,3551,0.08244994110718493,12,5,Ductal basal
12371,8W_R2,8W,GATCAGTCACAAGTTC-1,6449,2904,0.13955652039075825,7,2,Ductal basal
12376,8W_R2,8W,GATCAGTTCTCCACTG-1,2114,1293,0.04730368968779565,7,2,Ductal basal
12379,8W_R2,8W,GATCATGCACCGTGGT-1,5814,3031,0.06879944960440317,5,0,Ductal basal
12391,8W_R2,8W,GATCCCTCACTAAACC-1,5270,2372,0.07590132827324478,7,2,Ductal basal
12395,8W_R2,8W,GATCGTAAGCGTCTCG-1,5905,3058,0.0846740050804403,5,0,Ductal basal
12396,8W_R2,8W,GATCGTACACAAAGTA-1,6707,3175,0.08945877441479051,25,9,Ductal basal
12399,8W_R2,8W,GATCGTATCACTGGTA-1,4163,2224,0.0720634158059092,10,6,Ductal basal
12400,8W_R2,8W,GATCGTATCATTCTTG-1,4084,2100,0.07345739471106758,7,2,Ductal basal
12405,8W_R2,8W,GATGACTAGGTCCAGA-1,4578,2336,0.0655307994757536,5,0,Ductal basal
12409,8W_R2,8W,GATGACTCACCATAAC-1,6476,2784,0.0926497838171711,23,1,Ductular
12415,8W_R2,8W,GATGACTGTTGACTGT-1,5443,2787,0.07348888480617308,24,3,Ductal suprabasal
12417,8W_R2,8W,GATGAGGAGAGAGTTT-1,5782,2906,0.12106537530266344,10,5,Ductal basal
12418,8W_R2,8W,GATGAGGAGATTGCGG-1,7782,2982,0.15420200462606012,23,1,Ductular
12420,8W_R2,8W,GATGAGGAGTAACCTC-1,2083,1383,0.09601536245799328,24,3,Ductal suprabasal
12421,8W_R2,8W,GATGAGGCAAACTCGT-1,3988,2086,0.17552657973921765,16,4,Orifice
12428,8W_R2,8W,GATGATCCAATTGCCA-1,9713,3682,0.3912282507978997,29,7,Differentiating meibocyte
12429,8W_R2,8W,GATGATCGTGTGCCTG-1,1229,869,0.32546786004882017,23,1,Ductular
12430,8W_R2,8W,GATGATCTCGAGTTGT-1,5431,2803,0.14730252255569876,16,4,Orifice
12435,8W_R2,8W,GATGCTACAAGTAGTA-1,4822,2157,0.10369141435089176,7,2,Ductal basal
12436,8W_R2,8W,GATGCTACACAGACGA-1,2770,1779,0.0,5,6,Ductal basal
12437,8W_R2,8W,GATGCTACACGGATCC-1,2625,1697,0.0761904761904762,20,1,Ductular
12441,8W_R2,8W,GATGCTACATGGTGGA-1,1980,1317,0.10101010101010101,7,2,Ductal basal
12444,8W_R2,8W,GATGGAGAGATCACTC-1,2185,1409,0.2745995423340961,12,5,Ductal basal
12447,8W_R2,8W,GATGGAGCATCATCTT-1,8081,3078,0.14849647320876128,9,4,Orifice
12452,8W_R2,8W,GATGGAGTCTTGGGCG-1,3015,1931,0.13266998341625208,22,8,Acinar basal
12454,8W_R2,8W,GATGTTGCAGATAAAC-1,1995,1256,0.2506265664160401,12,5,Ductal basal
12457,8W_R2,8W,GATGTTGGTCGACGCT-1,4503,2043,0.11103708638685321,7,2,Ductal basal
12458,8W_R2,8W,GATGTTGGTGGTCTCG-1,3218,1812,0.06215040397762585,35,7,Differentiating meibocyte
12469,8W_R2,8W,GATTCGATCACCTGTC-1,5549,2724,0.19823391602090465,29,7,Differentiating meibocyte
12470,8W_R2,8W,GATTCGATCACTGTTT-1,2553,1482,0.07833920877399138,23,1,Ductular
12472,8W_R2,8W,GATTCTTAGCCAAGGT-1,1978,1228,0.0,35,7,Differentiating meibocyte
12473,8W_R2,8W,GATTCTTCAAGGAGTC-1,6188,2945,0.09696186166774402,16,4,Orifice
12475,8W_R2,8W,GATTCTTCACAGAAGC-1,2924,1606,0.13679890560875513,7,2,Ductal basal
12477,8W_R2,8W,GATTCTTCATGGAATA-1,8914,3327,0.5833520305137985,29,7,Differentiating meibocyte
12478,8W_R2,8W,GATTCTTGTACGACTT-1,3346,1842,0.08965929468021519,24,3,Ductal suprabasal
12482,8W_R2,8W,GATTGGTGTGTGTGGA-1,2677,1590,0.1494209936496078,10,0,Ductal basal
12483,8W_R2,8W,GATTGGTGTTATCTGG-1,1526,1012,0.19659239842726078,22,8,Acinar basal
12486,8W_R2,8W,GATTTCTAGACTCCGC-1,7601,3476,0.09209314563873174,25,9,Ductal basal
12491,8W_R2,8W,GATTTCTGTCCAGGTC-1,4679,2176,0.0854883522120111,7,2,Ductal basal
12494,8W_R2,8W,GCAACATAGACTCTAC-1,3379,1883,0.11837821840781297,25,8,Acinar basal
12496,8W_R2,8W,GCAACATAGGCTATCT-1,2282,1319,0.9640666082383873,23,1,Ductular
12498,8W_R2,8W,GCAACATGTCTAATCG-1,2362,1381,0.42337002540220153,7,4,Orifice
12501,8W_R2,8W,GCAACCGAGATGGTAT-1,11029,3992,0.19040710853205187,12,5,Ductal basal
12502,8W_R2,8W,GCAACCGAGGGCATGT-1,4271,2297,0.11706860220088973,25,9,Ductal basal
12504,8W_R2,8W,GCAACCGCACAGCCAC-1,5147,2342,0.05828638041577618,9,1,Ductular
12505,8W_R2,8W,GCAACCGCATCATCCC-1,3699,2108,0.027034333603676672,24,3,Ductal suprabasal
12506,8W_R2,8W,GCAACCGGTCCTACAA-1,4782,2660,0.1463822668339607,9,1,Ductular
12507,8W_R2,8W,GCAACCGGTTAGTTCG-1,5967,2352,0.10055304172951231,23,1,Ductular
12508,8W_R2,8W,GCAACCGGTTGCCAAT-1,5999,2999,0.0833472245374229,22,8,Acinar basal
12511,8W_R2,8W,GCAACCGTCCATGAGT-1,4100,2148,0.07317073170731707,12,5,Ductal basal
12514,8W_R2,8W,GCACATACAGTAGTTC-1,4394,2101,0.20482476103777877,9,1,Ductular
12515,8W_R2,8W,GCACATACAGTGCCTG-1,2787,1730,0.14352350197344815,20,3,Ductal suprabasal
12516,8W_R2,8W,GCACATACAGTTACCA-1,8916,3555,0.16823687752355315,22,7,Differentiating meibocyte
12517,8W_R2,8W,GCACATAGTGCCCAGT-1,5027,2670,0.07957032027053909,23,1,Ductular
12518,8W_R2,8W,GCACATAGTGTTGAGG-1,2471,1570,0.28328611898017,10,0,Ductal basal
12519,8W_R2,8W,GCACATAGTTTGTGGT-1,4066,2266,0.2951303492375799,16,4,Orifice
12522,8W_R2,8W,GCACGGTAGTTGCCTA-1,4048,1890,0.09881422924901186,23,1,Ductular
12531,8W_R2,8W,GCACGTGAGAGGATGA-1,2547,1608,0.39261876717707106,7,2,Ductal basal
12532,8W_R2,8W,GCACGTGAGATCACTC-1,3082,1919,0.0973393900064893,10,0,Ductal basal
12545,8W_R2,8W,GCACTAAAGAGCATAT-1,7234,3044,0.17970693945258503,24,3,Ductal suprabasal
12547,8W_R2,8W,GCACTAAAGTTTGGCT-1,2754,1747,0.10893246187363835,22,8,Acinar basal
12555,8W_R2,8W,GCACTAATCTGGTGCG-1,3636,1941,0.11001100110011,23,1,Ductular
12560,8W_R2,8W,GCAGCCACATGAATCC-1,8554,3286,0.18704699555763385,10,0,Ductal basal
12561,8W_R2,8W,GCAGCCAGTCACTTCC-1,3383,1906,0.11823825007389892,7,2,Ductal basal
12564,8W_R2,8W,GCAGCCATCATGGATC-1,4141,2345,0.07244626901714561,5,0,Ductal basal
12566,8W_R2,8W,GCAGCTGAGACGCTCC-1,2350,1347,0.1702127659574468,7,2,Ductal basal
12575,8W_R2,8W,GCAGCTGTCACAACCA-1,3269,1893,0.1223615784643622,7,2,Ductal basal
12577,8W_R2,8W,GCAGGCTAGACTAGAT-1,11493,4386,0.026102845210127904,22,8,Acinar basal
12582,8W_R2,8W,GCAGGCTCAACCAATC-1,5087,2570,0.11794770984863377,7,9,Ductal basal
12586,8W_R2,8W,GCAGGCTTCAACGTGT-1,5165,2653,0.0968054211035818,20,3,Ductal suprabasal
12587,8W_R2,8W,GCAGGCTTCAGAACCT-1,4014,2333,0.1245640259093174,20,3,Ductal suprabasal
12588,8W_R2,8W,GCAGGCTTCAGCGGAA-1,2889,1834,0.20768431983385255,20,3,Ductal suprabasal
12590,8W_R2,8W,GCAGGCTTCGAACTCA-1,7248,3371,0.06898454746136866,23,1,Ductular
12592,8W_R2,8W,GCAGGCTTCGCGATCG-1,5331,2700,0.056274620146314014,12,5,Ductal basal
12594,8W_R2,8W,GCAGTTAAGACCTGGA-1,4230,2373,0.09456264775413711,5,0,Ductal basal
12595,8W_R2,8W,GCAGTTAAGCTAGTTC-1,4500,2375,0.42222222222222217,24,3,Ductal suprabasal
12598,8W_R2,8W,GCAGTTACAGACCGCT-1,3838,2016,0.18238665971860343,7,2,Ductal basal
12600,8W_R2,8W,GCAGTTACATGACTAC-1,4634,2280,0.17263703064307295,12,5,Ductal basal
12601,8W_R2,8W,GCAGTTAGTCAAGCCC-1,7149,3042,0.20981955518254303,5,0,Ductal basal
12604,8W_R2,8W,GCATCGGAGAGTGTTA-1,6212,3026,0.16097875080489374,25,9,Ductal basal
12606,8W_R2,8W,GCATCGGAGGGACAGG-1,4139,2122,0.1449625513409036,9,1,Ductular
12608,8W_R2,8W,GCATCGGAGTCATTGC-1,3532,1898,0.2548131370328426,16,4,Orifice
12609,8W_R2,8W,GCATCGGCAAGTTCGT-1,966,697,0.3105590062111801,35,10,Differentiated meibocyte
12610,8W_R2,8W,GCATCGGCATCTCCCA-1,2781,1799,0.3236245954692557,20,3,Ductal suprabasal
12611,8W_R2,8W,GCATCGGCATTGGCAT-1,3821,2245,0.15702695629416383,10,0,Ductal basal
12612,8W_R2,8W,GCATCGGGTATGGGAC-1,4607,2282,0.1302365964836119,16,4,Orifice
12618,8W_R2,8W,GCATCTCAGATCACTC-1,8443,3669,0.11844131232974062,24,3,Ductal suprabasal
12627,8W_R2,8W,GCATGATAGCATTGTC-1,5094,2665,0.03926187671770711,12,5,Ductal basal
12629,8W_R2,8W,GCATGATAGGACAAGA-1,3539,1961,0.14128284826222096,16,4,Orifice
12630,8W_R2,8W,GCATGATAGGCTCTAT-1,3999,2356,0.07501875468867217,20,3,Ductal suprabasal
12633,8W_R2,8W,GCATGATCACTTGGGC-1,6341,3075,0.11039268254218577,25,9,Ductal basal
12634,8W_R2,8W,GCATGATCAGAGTTCT-1,1850,1224,0.10810810810810811,10,6,Ductal basal
12639,8W_R2,8W,GCATTAGAGTTTCAGC-1,6039,2920,0.04967709885742673,10,1,Ductular
12640,8W_R2,8W,GCATTAGCAATTGAAG-1,1684,1205,0.35629453681710216,20,3,Ductal suprabasal
12641,8W_R2,8W,GCATTAGCACCCGTAG-1,6968,2900,0.07175660160734788,23,1,Ductular
12642,8W_R2,8W,GCATTAGCAGAGGTTG-1,5619,3132,0.08898380494749955,9,1,Ductular
12643,8W_R2,8W,GCATTAGCAGGAGACT-1,9290,3904,0.07534983853606028,9,1,Ductular
12644,8W_R2,8W,GCATTAGCATGGAACG-1,2963,1927,0.06749915626054674,20,3,Ductal suprabasal
12646,8W_R2,8W,GCATTAGCATTGCTGA-1,3362,1959,0.1784651992861392,12,5,Ductal basal
12653,8W_R2,8W,GCCAACGGTCATACCA-1,6659,3072,0.09010361916203634,20,3,Ductal suprabasal
12666,8W_R2,8W,GCCAGCAGTCTAACGT-1,4969,2803,0.06037432078889113,22,8,Acinar basal
12669,8W_R2,8W,GCCAGCATCTAGCATG-1,13547,4469,0.11072562190890972,10,0,Ductal basal
12676,8W_R2,8W,GCCAGGTGTCCTGGGT-1,3197,1938,0.15639662183296843,20,3,Ductal suprabasal
12678,8W_R2,8W,GCCAGGTGTTCAAAGA-1,8561,3596,0.02336175680411167,12,5,Ductal basal
12679,8W_R2,8W,GCCAGGTTCAAGCCAT-1,4227,2208,0.09462976105985332,9,1,Ductular
12680,8W_R2,8W,GCCAGGTTCGACATTG-1,3618,2008,0.2763957987838585,9,1,Ductular
12682,8W_R2,8W,GCCAGTGAGGTTCTAC-1,4419,2361,0.09051821679112922,20,3,Ductal suprabasal
12683,8W_R2,8W,GCCAGTGCAGATCCAT-1,3775,2058,0.2119205298013245,10,6,Ductal basal
12693,8W_R2,8W,GCCATGGTCAACCTTT-1,3969,2113,0.15117157974300832,20,3,Ductal suprabasal
12698,8W_R2,8W,GCCATTCAGCACTGGA-1,6135,2931,0.5052974735126324,20,3,Ductal suprabasal
12714,8W_R2,8W,GCCCAGACAGATAAAC-1,2708,1667,0.1846381093057607,12,5,Ductal basal
12716,8W_R2,8W,GCCCAGACATGCAGCC-1,3516,2064,0.22753128555176336,5,0,Ductal basal
12718,8W_R2,8W,GCCCAGAGTATCGCGC-1,2399,1548,0.12505210504376824,7,1,Ductular
12722,8W_R2,8W,GCCCGAAAGAGCGACT-1,1629,1120,0.1841620626151013,7,1,Ductular
12724,8W_R2,8W,GCCCGAACAGTGACCC-1,4191,2488,0.023860653781913623,20,3,Ductal suprabasal
12725,8W_R2,8W,GCCCGAACATTGTAGC-1,5298,2608,0.26425066062665153,16,4,Orifice
12742,8W_R2,8W,GCCGATGGTATTCTCT-1,3778,1956,0.07940709370037057,5,2,Ductal basal
12747,8W_R2,8W,GCCGATGTCTAGTCAG-1,7336,3258,0.1499454743729553,20,3,Ductal suprabasal
12748,8W_R2,8W,GCCGTGAAGCTGGAGT-1,3043,1789,0.1643115346697338,12,4,Orifice
12753,8W_R2,8W,GCCGTGAGTCAGCTTA-1,5887,2642,0.11890606420927466,5,0,Ductal basal
12755,8W_R2,8W,GCCGTGATCGAACCAT-1,3676,2018,0.1088139281828074,7,1,Ductular
12756,8W_R2,8W,GCCGTGATCTGCCCTA-1,6432,3079,0.09328358208955223,9,1,Ductular
12759,8W_R2,8W,GCCTGTTCAAAGCACG-1,6212,2983,0.08048937540244687,5,0,Ductal basal
12760,8W_R2,8W,GCCTGTTCACCTCGTT-1,2899,1659,0.10348395998620215,9,1,Ductular
12761,8W_R2,8W,GCCTGTTCACTAACGT-1,4868,2687,0.020542317173377157,22,8,Acinar basal
12762,8W_R2,8W,GCCTGTTGTAAGAACT-1,2355,1432,0.042462845010615716,16,4,Orifice
12764,8W_R2,8W,GCCTGTTGTCAGTCCG-1,3472,2063,0.1152073732718894,23,1,Ductular
12768,8W_R2,8W,GCCTGTTGTTGCTAGT-1,9736,3924,0.0924404272801972,23,0,Ductal basal
12772,8W_R2,8W,GCCTGTTTCCTTGACC-1,4299,2136,0.13956734124214934,9,1,Ductular
12773,8W_R2,8W,GCCTGTTTCGTTGCCT-1,7069,2702,0.09902390720045269,7,2,Ductal basal
12776,8W_R2,8W,GCGAGAAAGTGAGGTC-1,2593,1745,0.15426147319706904,5,9,Ductal basal
12777,8W_R2,8W,GCGAGAACAAGGAGTC-1,9434,3847,0.09539961840152639,12,5,Ductal basal
12778,8W_R2,8W,GCGAGAACACGTTCGG-1,3321,1873,0.15055706112616682,9,1,Ductular
12783,8W_R2,8W,GCGAGAATCTGTCAGA-1,8271,3750,0.09672349171805102,22,8,Acinar basal
12784,8W_R2,8W,GCGAGAATCTGTTCAT-1,6827,2946,0.04394316683755676,9,1,Ductular
12791,8W_R2,8W,GCGATCGCACCAGTTA-1,3526,2021,0.02836074872376631,12,5,Ductal basal
12805,8W_R2,8W,GCGATCGTCTGTGTGA-1,3976,2083,0.17605633802816903,5,0,Ductal basal
12808,8W_R2,8W,GCGGAAACAGGTGTTT-1,2560,1685,0.1171875,9,9,Ductal basal
12809,8W_R2,8W,GCGGAAACATGACTTG-1,5685,2984,0.10554089709762532,20,1,Ductular
12810,8W_R2,8W,GCGGAAAGTGAGTAAT-1,5834,2968,0.15426808364758313,25,9,Ductal basal
12811,8W_R2,8W,GCGGAAAGTTCTTAGG-1,4453,2267,0.11228385358185494,16,4,Orifice
12830,8W_R2,8W,GCGTGCATCGAGCTGC-1,5955,3081,0.06717044500419815,10,6,Ductal basal
12831,8W_R2,8W,GCGTGCATCTAGTGAC-1,4963,2543,0.12089462018940156,7,1,Ductular
12836,8W_R2,8W,GCGTTTCCATCTCGTC-1,4206,2301,0.11887779362815026,9,1,Ductular
12837,8W_R2,8W,GCGTTTCGTACGAGCA-1,1009,703,0.6937561942517344,35,10,Differentiated meibocyte
12838,8W_R2,8W,GCGTTTCGTAGCCAGA-1,1688,1196,0.17772511848341233,20,3,Ductal suprabasal
12842,8W_R2,8W,GCGTTTCTCAGTCCGG-1,5839,2996,0.05137866072957698,10,0,Ductal basal
12853,8W_R2,8W,GCTACAATCTGCATGA-1,2301,1389,0.0434593654932638,12,5,Ductal basal
12855,8W_R2,8W,GCTACCTAGTCAACAA-1,2581,1514,0.30995738086013175,7,2,Ductal basal
12856,8W_R2,8W,GCTACCTCAAGGTTGG-1,3226,1728,0.3099814011159331,10,6,Ductal basal
12857,8W_R2,8W,GCTACCTCATGACGGA-1,2939,1722,0.06805035726437564,24,3,Ductal suprabasal
12858,8W_R2,8W,GCTACCTGTACATTGC-1,2946,1712,0.10183299389002036,22,8,Acinar basal
12863,8W_R2,8W,GCTACCTTCTACACTT-1,3262,1609,0.09196811771919068,23,1,Ductular
12865,8W_R2,8W,GCTCAAAAGAGCCGAT-1,3150,2084,0.09523809523809523,20,9,Ductal basal
12866,8W_R2,8W,GCTCAAAAGCATCTTG-1,1698,1184,0.4122497055359246,7,1,Ductular
12867,8W_R2,8W,GCTCAAAAGCCAACCC-1,5155,2592,0.11639185257032007,12,5,Ductal basal
12870,8W_R2,8W,GCTCAAACACTTCTCG-1,1207,828,0.7456503728251864,12,5,Ductal basal
12871,8W_R2,8W,GCTCAAACAGTTCTAG-1,5520,2235,0.12681159420289853,23,3,Ductal suprabasal
12875,8W_R2,8W,GCTCAAAGTGGAAGTC-1,4427,2237,0.112943302462164,12,5,Ductal basal
12880,8W_R2,8W,GCTCAAATCCCAAGCG-1,4060,2274,0.09852216748768472,9,1,Ductular
12881,8W_R2,8W,GCTCAAATCTGACAGT-1,3527,2072,0.05670541536716756,20,3,Ductal suprabasal
12886,8W_R2,8W,GCTGAATAGGACCCAA-1,5523,2521,0.14484881405033495,20,3,Ductal suprabasal
12893,8W_R2,8W,GCTGAATTCTGTAAGC-1,2935,1725,0.10221465076660989,9,1,Ductular
12894,8W_R2,8W,GCTGCAGAGCATTTCG-1,15659,4177,0.22351363433169422,29,7,Differentiating meibocyte
12895,8W_R2,8W,GCTGCAGAGCTCACTA-1,1871,1183,0.053447354355959376,9,1,Ductular
12897,8W_R2,8W,GCTGCAGAGGCTATCT-1,9956,3801,0.08035355564483729,12,5,Ductal basal
12898,8W_R2,8W,GCTGCAGAGGTGCCTC-1,5293,2687,0.07557150954090308,9,1,Ductular
12901,8W_R2,8W,GCTGCAGCAGGTCCGT-1,2075,1163,1.0120481927710843,23,3,Ductal suprabasal
12903,8W_R2,8W,GCTGCAGCATATGGCT-1,6492,2603,0.06161429451632779,7,2,Ductal basal
12906,8W_R2,8W,GCTGCAGGTCGCGTTG-1,8310,3740,0.10830324909747292,25,9,Ductal basal
12910,8W_R2,8W,GCTGCAGGTTGTGCCG-1,1715,1078,0.23323615160349853,29,7,Differentiating meibocyte
12912,8W_R2,8W,GCTGGGTAGAGTCTTC-1,14222,4446,0.37266207284488817,29,7,Differentiating meibocyte
12927,8W_R2,8W,GCTTCACAGTGGTTCT-1,5481,2863,0.10946907498631638,20,3,Ductal suprabasal
12929,8W_R2,8W,GCTTCACCACTCCTGT-1,8193,3683,0.03661662394727206,22,8,Acinar basal
12930,8W_R2,8W,GCTTCACGTACGGATG-1,5395,2745,0.12974976830398519,12,5,Ductal basal
12934,8W_R2,8W,GCTTCACTCGGCTTCT-1,4121,2125,0.3882552778451832,29,7,Differentiating meibocyte
12936,8W_R2,8W,GCTTGGGAGGTCGTGA-1,2968,1749,2.4932614555256065,24,3,Ductal suprabasal
12941,8W_R2,8W,GCTTGGGGTGCTTCAA-1,6926,3114,0.3032053133121571,24,3,Ductal suprabasal
12946,8W_R2,8W,GCTTTCGAGTTGGAAT-1,3918,2408,0.10209290454313426,22,8,Acinar basal
12947,8W_R2,8W,GCTTTCGAGTTGGAGC-1,6953,3077,0.5896735222206242,29,7,Differentiating meibocyte
12949,8W_R2,8W,GCTTTCGCAGAGTGTG-1,3436,2108,0.14551804423748546,25,9,Ductal basal
12956,8W_R2,8W,GCTTTCGTCGGCTTCT-1,2693,1527,0.22279985146676567,7,2,Ductal basal
12960,8W_R2,8W,GGAACCCAGTCCCAGC-1,1261,893,0.1586042823156225,29,7,Differentiating meibocyte
12961,8W_R2,8W,GGAACCCCAAATGAGT-1,4749,2315,0.40008422825858075,35,7,Differentiating meibocyte
12967,8W_R2,8W,GGAACCCGTAGTGTGG-1,2758,1601,0.18129079042784627,35,7,Differentiating meibocyte
12970,8W_R2,8W,GGAACCCTCAAGGTGG-1,8880,3961,1.3851351351351353,25,9,Ductal basal
12971,8W_R2,8W,GGAACCCTCACCATCC-1,4846,2342,0.12381345439537762,7,2,Ductal basal
12978,8W_R2,8W,GGAAGTGAGGCTAAAT-1,6358,2643,0.2201950298836112,12,5,Ductal basal
12980,8W_R2,8W,GGAAGTGCAACAGCTT-1,10146,3800,0.1675537157500493,25,3,Ductal suprabasal
12983,8W_R2,8W,GGAAGTGCACAAGCTT-1,3257,2064,0.06140620202640467,24,3,Ductal suprabasal
12987,8W_R2,8W,GGAAGTGTCTATCCAT-1,3312,2074,0.09057971014492754,22,8,Acinar basal
12990,8W_R2,8W,GGAATCTAGCAATAGT-1,2092,1361,0.14340344168260039,7,2,Ductal basal
12993,8W_R2,8W,GGAATCTCATCAGTCA-1,4666,2329,0.23574796399485642,10,6,Ductal basal
13000,8W_R2,8W,GGAATGGAGACATCAA-1,2712,1622,0.11061946902654868,23,1,Ductular
13002,8W_R2,8W,GGAATGGAGCGCACAA-1,3012,1809,0.099601593625498,7,4,Orifice
13003,8W_R2,8W,GGAATGGAGCGTATAA-1,1150,816,0.08695652173913043,35,10,Differentiated meibocyte
13009,8W_R2,8W,GGAATGGGTACTCCCT-1,10997,4276,0.07274711284895881,25,9,Ductal basal
13013,8W_R2,8W,GGAATGGGTGGCAACA-1,3897,2195,0.12830382345393893,20,3,Ductal suprabasal
13014,8W_R2,8W,GGAATGGGTTACCTTT-1,6044,2871,3.441429516876241,7,2,Ductal basal
13015,8W_R2,8W,GGAATGGTCCGTGACG-1,4278,2493,0.1402524544179523,24,3,Ductal suprabasal
13017,8W_R2,8W,GGAATGGTCTATCACT-1,1864,1189,0.1609442060085837,24,3,Ductal suprabasal
13019,8W_R2,8W,GGACGTCAGGAAGTGA-1,3366,1709,0.08912655971479501,23,1,Ductular
13023,8W_R2,8W,GGACGTCGTCGCGTTG-1,4881,2562,0.1229256299938537,5,0,Ductal basal
13025,8W_R2,8W,GGACGTCTCCTCTCGA-1,2427,1424,0.16481252575195715,23,1,Ductular
13026,8W_R2,8W,GGACGTCTCCTTATGT-1,2866,1685,0.10467550593161201,7,2,Ductal basal
13028,8W_R2,8W,GGACGTCTCTTCACGC-1,5575,2651,0.08968609865470852,22,8,Acinar basal
13039,8W_R2,8W,GGAGAACGTGCAATGG-1,5199,2400,0.19234468166955185,35,10,Differentiated meibocyte
13043,8W_R2,8W,GGAGAACTCTTTCTAG-1,5213,2305,0.15346249760214847,7,2,Ductal basal
13050,8W_R2,8W,GGAGATGCACTAACGT-1,6861,3319,0.1020259437399796,22,8,Acinar basal
13052,8W_R2,8W,GGAGATGCAGAGGCAT-1,2219,1509,0.0,22,8,Acinar basal
13056,8W_R2,8W,GGAGATGGTTGGTACT-1,6376,2771,0.06273525721455457,9,1,Ductular
13059,8W_R2,8W,GGAGCAAAGCTGAGTG-1,4929,2742,0.08115236356258876,22,8,Acinar basal
13065,8W_R2,8W,GGAGCAAGTCGGTACC-1,6816,3144,0.05868544600938967,10,6,Ductal basal
13067,8W_R2,8W,GGAGCAATCAACCCGG-1,6514,3078,0.184218606079214,16,4,Orifice
13069,8W_R2,8W,GGAGCAATCCTCTTTC-1,7543,3401,0.013257324671881213,12,5,Ductal basal
13071,8W_R2,8W,GGAGCAATCTCATGCC-1,7281,3240,0.096140640021975,29,7,Differentiating meibocyte
13075,8W_R2,8W,GGAGGATCACCGTGCA-1,3336,2016,0.05995203836930455,22,8,Acinar basal
13079,8W_R2,8W,GGAGGATCATGTCAGT-1,2747,1620,0.0728066982162359,5,0,Ductal basal
13080,8W_R2,8W,GGAGGATGTAGAGATT-1,1759,1179,0.28425241614553726,9,1,Ductular
13083,8W_R2,8W,GGAGGATTCCACAGGC-1,5477,2514,0.09129085265656381,7,2,Ductal basal
13089,8W_R2,8W,GGAGGTAAGATCGACG-1,5534,2535,0.14456089627755692,16,4,Orifice
13097,8W_R2,8W,GGAGGTAGTGAGCGAT-1,5629,2503,0.07106057914372002,5,2,Ductal basal
13099,8W_R2,8W,GGAGGTAGTGGTTTGT-1,9789,4070,0.13280212483399734,12,5,Ductal basal
13101,8W_R2,8W,GGAGGTATCCATCTGC-1,3042,1691,0.39447731755424065,16,4,Orifice
13104,8W_R2,8W,GGAGGTATCTGAGGTT-1,1816,1198,0.5506607929515419,24,3,Ductal suprabasal
13112,8W_R2,8W,GGATCTACAGATTCGT-1,1846,1250,0.27085590465872156,24,3,Ductal suprabasal
13116,8W_R2,8W,GGATCTATCAAAGGAT-1,2446,1580,0.24529844644317253,5,0,Ductal basal
13122,8W_R2,8W,GGATGTTAGCTAATCC-1,2652,1635,0.07541478129713425,10,0,Ductal basal
13129,8W_R2,8W,GGCACGTAGCGTCTGC-1,3364,1969,0.14863258026159334,23,1,Ductular
13138,8W_R2,8W,GGCACGTTCCTACAAG-1,2158,1359,0.13901760889712697,22,8,Acinar basal
13142,8W_R2,8W,GGCAGTCAGCTCCCTT-1,3692,2100,0.054171180931744306,20,3,Ductal suprabasal
13144,8W_R2,8W,GGCAGTCGTGGGCTTC-1,2747,1682,0.18201674554058975,9,1,Ductular
13148,8W_R2,8W,GGCAGTCTCTGGTCAA-1,6644,3172,0.12040939193257075,22,7,Differentiating meibocyte
13149,8W_R2,8W,GGCGTCAAGTCGCCCA-1,6095,2941,0.2461033634126333,12,5,Ductal basal
13157,8W_R2,8W,GGCGTCATCCATGAGT-1,5105,2472,0.1762977473065622,16,4,Orifice
13163,8W_R2,8W,GGCTGTGAGATGGTCG-1,11947,4396,0.30133087804469744,29,7,Differentiating meibocyte
13166,8W_R2,8W,GGCTGTGAGGTCACCC-1,3977,2223,0.2514458134272064,16,4,Orifice
13167,8W_R2,8W,GGCTGTGAGTAGGAAG-1,2656,1781,0.07530120481927711,22,8,Acinar basal
13169,8W_R2,8W,GGCTGTGCACTACCGG-1,3242,1811,0.030845157310302282,10,0,Ductal basal
13172,8W_R2,8W,GGCTGTGGTCTGCGCA-1,2851,1602,0.2104524728165556,9,1,Ductular
13181,8W_R2,8W,GGCTTGGCAGGTGTGA-1,1472,1049,0.2717391304347826,24,3,Ductal suprabasal
13185,8W_R2,8W,GGCTTGGGTTCGGTCG-1,7025,3279,0.12811387900355872,20,3,Ductal suprabasal
13189,8W_R2,8W,GGCTTTCGTCTCGGGT-1,6188,2764,0.04848093083387201,16,4,Orifice
13197,8W_R2,8W,GGGAAGTAGTTTCGAC-1,5299,2776,0.07548594074353651,5,0,Ductal basal
13205,8W_R2,8W,GGGACAACAATGACCT-1,11467,4207,0.09592744396965205,20,3,Ductal suprabasal
13207,8W_R2,8W,GGGACAACACTGTTCC-1,4659,2449,0.0643915003219575,12,5,Ductal basal
13209,8W_R2,8W,GGGACAAGTAAGGTCG-1,5348,2613,0.13089005235602094,29,7,Differentiating meibocyte
13210,8W_R2,8W,GGGACAAGTACTCCGG-1,7924,3339,0.3154972236244321,29,7,Differentiating meibocyte
13216,8W_R2,8W,GGGACCTAGGGTGGGA-1,4321,2344,0.1388567461235825,12,5,Ductal basal
13217,8W_R2,8W,GGGACCTCACGGCTAC-1,7678,3251,0.16931492576191715,10,6,Ductal basal
13219,8W_R2,8W,GGGACCTGTGTGGACA-1,8654,3230,0.20799630228795934,7,2,Ductal basal
13223,8W_R2,8W,GGGACCTTCGCTTGCT-1,5763,3027,0.01735207357279195,20,3,Ductal suprabasal
13229,8W_R2,8W,GGGACTCAGTGATAGT-1,4515,2559,0.0,22,7,Differentiating meibocyte
13230,8W_R2,8W,GGGACTCAGTTGAAGT-1,1061,752,0.1885014137606032,35,7,Differentiating meibocyte
13238,8W_R2,8W,GGGACTCTCGCACGGT-1,5111,2812,0.41087849735863824,22,8,Acinar basal
13240,8W_R2,8W,GGGAGATAGCACGATG-1,2220,1468,0.22522522522522523,20,3,Ductal suprabasal
13244,8W_R2,8W,GGGAGATCACGTCGTG-1,3622,2269,0.1932633903920486,20,3,Ductal suprabasal
13248,8W_R2,8W,GGGAGATGTATCGCTA-1,3674,2063,0.1360914534567229,5,0,Ductal basal
13250,8W_R2,8W,GGGAGATTCCCTCGAT-1,6042,2911,0.132406487917908,10,0,Ductal basal
13253,8W_R2,8W,GGGAGTAAGCATGCGA-1,10151,3918,0.07880996946113683,25,2,Ductal basal
13255,8W_R2,8W,GGGAGTAAGTCGGCAA-1,5235,2660,0.1146131805157593,9,1,Ductular
13256,8W_R2,8W,GGGAGTACAAAGGATT-1,5410,2613,0.09242144177449169,25,9,Ductal basal
13258,8W_R2,8W,GGGAGTACAGAGGGTT-1,4480,2602,0.17857142857142858,20,3,Ductal suprabasal
13264,8W_R2,8W,GGGATCCAGTGGACGT-1,6971,3008,0.02869028833739779,20,3,Ductal suprabasal
13266,8W_R2,8W,GGGATCCCAGGTCAGA-1,9138,3719,0.14226307725979426,24,2,Ductal basal
13269,8W_R2,8W,GGGATCCGTTTCGTGA-1,1848,1164,0.3246753246753247,7,2,Ductal basal
13270,8W_R2,8W,GGGATCCTCAAGTGGG-1,2409,1500,0.08302200083022,20,3,Ductal suprabasal
13273,8W_R2,8W,GGGATCCTCGAACGGA-1,6920,3370,0.20231213872832368,20,3,Ductal suprabasal
13278,8W_R2,8W,GGGATGAAGTCGTTAC-1,2005,1229,0.5486284289276808,16,4,Orifice
13279,8W_R2,8W,GGGATGACAAAGACGC-1,7370,3466,0.23066485753052918,5,6,Ductal basal
13280,8W_R2,8W,GGGATGACACTGGCCA-1,9468,3847,0.13730460498521335,16,4,Orifice
13282,8W_R2,8W,GGGATGACATAACTCG-1,1458,959,0.48010973936899864,35,7,Differentiating meibocyte
13285,8W_R2,8W,GGGATGATCCAACTGA-1,5859,2930,0.0682710360129715,10,6,Ductal basal
13287,8W_R2,8W,GGGCCATAGATGCTTC-1,8995,3608,0.18899388549193996,9,1,Ductular
13288,8W_R2,8W,GGGCCATAGCACTAAA-1,7811,3434,0.12802458071949813,5,0,Ductal basal
13291,8W_R2,8W,GGGCCATCACAACCGC-1,6614,2826,0.3175083156939824,24,3,Ductal suprabasal
13298,8W_R2,8W,GGGCGTTAGGCTCAAG-1,1333,1050,0.07501875468867217,20,3,Ductal suprabasal
13311,8W_R2,8W,GGGCTCAAGTGTGTTC-1,6631,3258,0.09048408988086261,9,1,Ductular
13317,8W_R2,8W,GGGCTCACATTCTCCG-1,4270,2065,0.0702576112412178,16,4,Orifice
13320,8W_R2,8W,GGGCTCATCGTTCATT-1,3345,1836,0.4484304932735426,16,4,Orifice
13323,8W_R2,8W,GGGTAGACAAGGGTCA-1,5902,2979,0.18637749915282956,20,3,Ductal suprabasal
13331,8W_R2,8W,GGGTAGATCGTTCATT-1,3232,1700,0.34034653465346537,7,2,Ductal basal
13333,8W_R2,8W,GGGTATTAGAATGTTG-1,2391,1489,0.20911752404851527,9,1,Ductular
13336,8W_R2,8W,GGGTATTCAATTCACG-1,7375,3026,0.10847457627118644,12,4,Orifice
13337,8W_R2,8W,GGGTATTCACGTAGTT-1,3232,1975,0.09282178217821782,23,1,Ductular
13341,8W_R2,8W,GGGTATTTCCTAGCTC-1,5005,2329,0.07992007992007992,22,8,Acinar basal
13342,8W_R2,8W,GGGTATTTCCTCCACA-1,8060,3419,0.11166253101736973,10,0,Ductal basal
13345,8W_R2,8W,GGGTCACAGTAAACTG-1,2720,1755,0.07352941176470588,20,3,Ductal suprabasal
13347,8W_R2,8W,GGGTCACAGTTCCATG-1,9279,4001,0.10777023386140748,12,5,Ductal basal
13351,8W_R2,8W,GGGTCACGTTACGTAC-1,2891,1776,0.03459010722933241,25,8,Acinar basal
13354,8W_R2,8W,GGGTCTGAGATAACAC-1,3059,1754,0.1961425302386401,9,4,Orifice
13357,8W_R2,8W,GGGTCTGAGTCTAGAA-1,2436,1571,0.3284072249589491,10,0,Ductal basal
13358,8W_R2,8W,GGGTCTGCACTAGGCC-1,9715,3800,0.14410705095213588,24,1,Ductular
13359,8W_R2,8W,GGGTCTGGTACCGTCG-1,3209,1700,0.12464942349641632,23,1,Ductular
13362,8W_R2,8W,GGGTGAAAGAATAACC-1,1631,1090,0.3678724708767627,7,2,Ductal basal
13363,8W_R2,8W,GGGTGAAAGTTGGGAC-1,5191,2628,0.05779233288383741,24,3,Ductal suprabasal
13367,8W_R2,8W,GGGTGAACATCTTTCA-1,4648,2575,0.10757314974182443,22,8,Acinar basal
13368,8W_R2,8W,GGGTGAAGTCTGCATA-1,2314,1510,0.216076058772688,22,7,Differentiating meibocyte
13373,8W_R2,8W,GGGTGTCGTCCGGCAT-1,2018,1285,0.09910802775024777,35,7,Differentiating meibocyte
13374,8W_R2,8W,GGGTGTCGTGAGCCAA-1,7993,3169,0.10008757662955087,16,4,Orifice
13378,8W_R2,8W,GGGTGTCTCAACTTTC-1,7045,2939,0.170333569907736,29,7,Differentiating meibocyte
13383,8W_R2,8W,GGGTTATAGGATGAGA-1,4604,2571,0.1737619461337967,22,8,Acinar basal
13392,8W_R2,8W,GGGTTTAAGCCTGTCG-1,1912,1234,0.20920502092050208,10,5,Ductal basal
13397,8W_R2,8W,GGGTTTAGTTCCTAAG-1,4693,2300,0.2343916471340294,24,3,Ductal suprabasal
13398,8W_R2,8W,GGGTTTAGTTTGAACC-1,4081,2093,0.098015192354815,9,1,Ductular
13399,8W_R2,8W,GGTAACTAGACTTGTC-1,5035,2499,0.09930486593843098,10,6,Ductal basal
13400,8W_R2,8W,GGTAACTAGCGATTCT-1,6819,3149,0.14664906877841327,20,3,Ductal suprabasal
13404,8W_R2,8W,GGTAACTGTGAATATG-1,2778,1602,0.03599712023038157,20,3,Ductal suprabasal
13411,8W_R2,8W,GGTAATCAGAGCCTGA-1,4825,2645,0.18652849740932642,20,3,Ductal suprabasal
13420,8W_R2,8W,GGTAGAGAGAGGTTTA-1,6290,3020,0.1589825119236884,25,9,Ductal basal
13424,8W_R2,8W,GGTAGAGTCAAGTTGC-1,8125,3583,0.06153846153846154,5,0,Ductal basal
13427,8W_R2,8W,GGTAGAGTCTGAGAAA-1,3282,2051,0.1218769043266301,22,8,Acinar basal
13437,8W_R2,8W,GGTCACGTCGGCACTG-1,4873,2459,0.0615637184485943,12,5,Ductal basal
13439,8W_R2,8W,GGTCTGGAGATGAAGG-1,3619,2118,0.22105554020447638,9,1,Ductular
13440,8W_R2,8W,GGTCTGGAGGTCGTCC-1,3367,1831,0.0891000891000891,9,1,Ductular
13441,8W_R2,8W,GGTCTGGCACGTCGTG-1,4660,2282,0.15021459227467812,16,4,Orifice
13445,8W_R2,8W,GGTCTGGTCTGCGGGT-1,2466,1481,0.08110300081103002,7,2,Ductal basal
13447,8W_R2,8W,GGTGAAGAGAGTCTGG-1,4585,2699,0.5234460196292258,22,8,Acinar basal
13454,8W_R2,8W,GGTGAAGGTTCTTAGG-1,5266,2803,0.189897455374098,25,9,Ductal basal
13456,8W_R2,8W,GGTGAAGTCGATTGAC-1,5964,2549,0.0670690811535882,22,8,Acinar basal
13461,8W_R2,8W,GGTGATTAGTTGTACC-1,2571,1617,0.038895371450797356,9,4,Orifice
13462,8W_R2,8W,GGTGATTCAGCTACTA-1,2215,1454,0.27088036117381487,9,1,Ductular
13469,8W_R2,8W,GGTGATTTCGCTATTT-1,3456,1911,0.1736111111111111,20,3,Ductal suprabasal
13475,8W_R2,8W,GGTGGCTCACTTCATT-1,646,554,0.0,22,8,Acinar basal
13476,8W_R2,8W,GGTGGCTGTAGCTTAC-1,6598,3114,1.7884207335556228,29,7,Differentiating meibocyte
13480,8W_R2,8W,GGTGGCTTCGCTTAAG-1,2826,1720,0.21231422505307856,9,1,Ductular
13484,8W_R2,8W,GGTGTCGCACCGTGGT-1,3101,1803,0.1289906481780071,5,0,Ductal basal
13487,8W_R2,8W,GGTGTCGGTTCCTTGC-1,4343,1844,0.11512779184895235,23,3,Ductal suprabasal
13490,8W_R2,8W,GGTGTCGTCGACCAAT-1,3375,1954,0.14814814814814814,23,1,Ductular
13492,8W_R2,8W,GGTGTTAAGAAGGGAT-1,760,587,0.5263157894736842,9,1,Ductular
13494,8W_R2,8W,GGTGTTAAGCGGTAGT-1,3183,1701,0.12566760917373546,7,2,Ductal basal
13498,8W_R2,8W,GGTGTTACACACGCCA-1,6271,2815,0.143517780258332,10,2,Ductal basal
13507,8W_R2,8W,GGTTAACTCATAGAGA-1,10104,4084,0.1880443388756928,16,2,Ductal basal
13508,8W_R2,8W,GGTTAACTCGATAACC-1,6014,2799,0.06651147322913202,25,9,Ductal basal
13509,8W_R2,8W,GGTTAACTCGGCATAT-1,4020,1998,0.12437810945273632,20,1,Ductular
13515,8W_R2,8W,GGTTCTCCAGGATCTT-1,7585,3297,0.22412656558998023,7,4,Orifice
13516,8W_R2,8W,GGTTCTCCATCCGAGC-1,5935,2865,0.10109519797809603,20,3,Ductal suprabasal
13524,8W_R2,8W,GGTTGTAAGACTCGAG-1,7160,3032,0.1536312849162011,16,4,Orifice
13527,8W_R2,8W,GGTTGTAAGGAAGTCC-1,8059,3474,0.16131033627000868,25,9,Ductal basal
13528,8W_R2,8W,GGTTGTAAGGCTCACC-1,1519,1061,0.19749835418038184,29,7,Differentiating meibocyte
13529,8W_R2,8W,GGTTGTACAATCTCGA-1,8933,3953,0.08955558043210567,25,9,Ductal basal
13532,8W_R2,8W,GGTTGTACAGTAGTTC-1,4077,2059,0.14716703458425312,24,3,Ductal suprabasal
13536,8W_R2,8W,GGTTGTATCCGCCTAT-1,8709,3625,0.04592949822023194,16,4,Orifice
13541,8W_R2,8W,GTAACACCACGGTAGA-1,5129,2479,0.13647884577890426,12,5,Ductal basal
13543,8W_R2,8W,GTAACACGTACTGAGG-1,4819,2477,0.4565262502593899,9,1,Ductular
13547,8W_R2,8W,GTAACACTCATTCATC-1,3636,1919,0.0275027502750275,16,4,Orifice
13551,8W_R2,8W,GTAACCAAGGCTAAAT-1,7993,3502,0.087576629550857,12,5,Ductal basal
13552,8W_R2,8W,GTAACCAAGTACAGCG-1,2743,1744,0.10936930368209989,22,8,Acinar basal
13553,8W_R2,8W,GTAACCAAGTGTGTTC-1,1073,751,0.09319664492078285,12,5,Ductal basal
13554,8W_R2,8W,GTAACCACAAAGGTTA-1,1654,1085,0.24183796856106407,23,1,Ductular
13555,8W_R2,8W,GTAACCACATGTTCAG-1,6521,2975,0.015335071308081582,24,3,Ductal suprabasal
13556,8W_R2,8W,GTAACCAGTAGGGAGG-1,2812,1675,0.10668563300142249,9,1,Ductular
13561,8W_R2,8W,GTAAGTCAGTACAGAT-1,4023,2165,0.17399950285856325,23,1,Ductular
13565,8W_R2,8W,GTAAGTCCATCGCTGG-1,6766,2990,0.05911912503694946,29,7,Differentiating meibocyte
13566,8W_R2,8W,GTAAGTCCATGCCGGT-1,2153,1390,0.18578727357176034,29,7,Differentiating meibocyte
13569,8W_R2,8W,GTAAGTCGTGGTACAG-1,3759,1997,0.37243947858473,9,1,Ductular
13574,8W_R2,8W,GTAATCGCACTAAACC-1,4902,2276,0.14279885760913913,16,4,Orifice
13576,8W_R2,8W,GTAATCGGTAGTGATA-1,1068,759,0.37453183520599254,35,7,Differentiating meibocyte
13580,8W_R2,8W,GTAATCGTCCTAGCGG-1,10269,4011,0.5258545135845749,12,5,Ductal basal
13581,8W_R2,8W,GTAATGCAGACCTCCG-1,4661,2363,0.1716369877708646,10,0,Ductal basal
13582,8W_R2,8W,GTAATGCAGAGCTGAC-1,4611,2126,0.15181088700932552,7,2,Ductal basal
13587,8W_R2,8W,GTAATGCCATGTAACC-1,5434,2914,0.12881854987118146,25,9,Ductal basal
13589,8W_R2,8W,GTAATGCGTTGCGGAA-1,3859,2015,0.1813941435605079,7,2,Ductal basal
13590,8W_R2,8W,GTAATGCTCGATACAC-1,5245,2473,0.057197330791229746,16,4,Orifice
13591,8W_R2,8W,GTAATGCTCGGTCGGT-1,2286,1279,0.30621172353455817,7,2,Ductal basal
13592,8W_R2,8W,GTAATGCTCGTTCCCA-1,2829,1731,1.9088016967126193,23,1,Ductular
13596,8W_R2,8W,GTACAACAGGTCACAG-1,3155,1770,0.06339144215530904,16,4,Orifice
13597,8W_R2,8W,GTACAACAGTGATCGG-1,3687,1865,0.21697857336588014,9,1,Ductular
13598,8W_R2,8W,GTACAACCAATTGAAG-1,3452,1878,0.14484356894553882,20,3,Ductal suprabasal
13602,8W_R2,8W,GTACAACTCTATTCGT-1,4034,2060,0.17352503718393653,23,1,Ductular
13605,8W_R2,8W,GTACAGTAGGTTACCT-1,4188,2442,0.09551098376313276,22,7,Differentiating meibocyte
13606,8W_R2,8W,GTACAGTCAGCGTTTA-1,4909,2528,0.04074149521287431,5,0,Ductal basal
13608,8W_R2,8W,GTACAGTCATTAAAGG-1,9647,3988,0.06219550119208044,5,0,Ductal basal
13609,8W_R2,8W,GTACAGTGTAGTTAGA-1,2338,1459,0.1283147989734816,5,0,Ductal basal
13622,8W_R2,8W,GTAGAGGCACATAGCT-1,10640,3934,0.2161654135338346,20,2,Ductal basal
13623,8W_R2,8W,GTAGAGGCACGGCTAC-1,1678,1110,0.47675804529201427,35,7,Differentiating meibocyte
13629,8W_R2,8W,GTAGAGGTCTTCACGC-1,5455,2804,0.10999083409715857,20,3,Ductal suprabasal
13634,8W_R2,8W,GTAGATCCAAGGCGTA-1,10743,3996,0.037233547426231035,25,9,Ductal basal
13635,8W_R2,8W,GTAGATCCAGGATCTT-1,2227,1425,0.3143242029636282,10,0,Ductal basal
13642,8W_R2,8W,GTAGCTACACGCAAAG-1,9539,3566,0.1048327916972429,24,3,Ductal suprabasal
13643,8W_R2,8W,GTAGCTACACGCTGCA-1,4225,2366,0.09467455621301775,5,0,Ductal basal
13644,8W_R2,8W,GTAGCTAGTACGATTC-1,3365,1846,0.1188707280832095,7,2,Ductal basal
13649,8W_R2,8W,GTAGCTATCATGGAGG-1,4338,2157,0.06915629322268327,12,5,Ductal basal
13651,8W_R2,8W,GTAGCTATCGGCTATA-1,3666,2155,0.08183306055646482,22,8,Acinar basal
13653,8W_R2,8W,GTAGGAGAGAGGTATT-1,4151,2149,0.07227174174897615,7,2,Ductal basal
13663,8W_R2,8W,GTAGGTTAGATTAGCA-1,7234,2935,0.04147083218136577,7,2,Ductal basal
13665,8W_R2,8W,GTAGGTTAGCGCTTCG-1,1330,882,0.2255639097744361,20,1,Ductular
13666,8W_R2,8W,GTAGGTTAGGCATGGT-1,1909,1252,0.26191723415400736,9,1,Ductular
13673,8W_R2,8W,GTAGGTTGTATGTCCA-1,2101,1324,0.19038553069966682,35,10,Differentiated meibocyte
13674,8W_R2,8W,GTAGGTTGTCTACGAT-1,1039,738,0.192492781520693,35,7,Differentiating meibocyte
13675,8W_R2,8W,GTAGGTTGTTAGAAGT-1,3441,2134,0.2906131938390003,22,8,Acinar basal
13676,8W_R2,8W,GTAGGTTTCAACCCGG-1,2160,1343,0.6481481481481481,20,3,Ductal suprabasal
13682,8W_R2,8W,GTAGTACAGGACGCAT-1,6273,2606,0.1753546947234178,24,3,Ductal suprabasal
13687,8W_R2,8W,GTAGTACTCCACGAAT-1,4262,2181,0.09385265133740028,16,4,Orifice
13704,8W_R2,8W,GTATTTCCAAGACCTT-1,2727,1568,0.22002200220022,5,0,Ductal basal
13706,8W_R2,8W,GTATTTCCACGGCCAT-1,3588,1927,0.0,7,0,Ductal basal
13707,8W_R2,8W,GTATTTCGTCAAAGAT-1,3353,1980,0.11929615269907547,10,6,Ductal basal
13710,8W_R2,8W,GTATTTCTCGACCAAT-1,2823,1723,0.10626992561105207,16,4,Orifice
13712,8W_R2,8W,GTATTTCTCTCGCTCA-1,6265,2606,0.07980845969672785,7,2,Ductal basal
13715,8W_R2,8W,GTCAAACAGGAGGCAG-1,2541,1557,0.11806375442739078,9,1,Ductular
13716,8W_R2,8W,GTCAAACAGGCACTAG-1,3752,2209,0.18656716417910446,12,5,Ductal basal
13719,8W_R2,8W,GTCAAACTCCGTGGGT-1,6914,3181,0.1446340757882557,20,3,Ductal suprabasal
13720,8W_R2,8W,GTCAAACTCGACACCG-1,5151,2705,0.15530964861192,12,5,Ductal basal
13725,8W_R2,8W,GTCAAGTAGTTGTCAC-1,2599,1520,0.2308580223162755,7,2,Ductal basal
13726,8W_R2,8W,GTCAAGTCAAATGATG-1,1769,1106,0.395703787450537,7,0,Ductal basal
13734,8W_R2,8W,GTCACGGAGATGCGAC-1,7095,2962,0.07047216349541931,24,3,Ductal suprabasal
13737,8W_R2,8W,GTCACGGCAGAAATCA-1,9403,3763,0.13825374880357333,29,7,Differentiating meibocyte
13742,8W_R2,8W,GTCACGGGTATGTCTG-1,5249,2919,0.038102495713469235,22,8,Acinar basal
13751,8W_R2,8W,GTCACGGTCTGCATAG-1,4115,2183,0.24301336573511542,16,4,Orifice
13753,8W_R2,8W,GTCACTCAGCTCGTGC-1,4784,2408,0.06270903010033445,9,1,Ductular
13756,8W_R2,8W,GTCACTCGTGAAGCTG-1,8758,3725,0.03425439598081754,5,0,Ductal basal
13757,8W_R2,8W,GTCACTCGTGAGTTGG-1,10074,4309,0.15882469724042086,24,1,Ductular
13764,8W_R2,8W,GTCAGCGAGCTCTTCC-1,3151,1766,0.5077753094255791,35,7,Differentiating meibocyte
13765,8W_R2,8W,GTCAGCGAGCTGCGAA-1,2374,1550,0.8424599831508003,25,9,Ductal basal
13766,8W_R2,8W,GTCAGCGAGGCATCGA-1,4363,2097,0.09168003667201467,7,2,Ductal basal
13769,8W_R2,8W,GTCAGCGCAAGATGGC-1,5647,2884,0.053125553391181156,25,9,Ductal basal
13776,8W_R2,8W,GTCAGCGGTCGCTGCA-1,4143,2285,0.1448225923244026,9,1,Ductular
13784,8W_R2,8W,GTCATCCAGAGGGTAA-1,5895,2488,0.2035623409669211,7,2,Ductal basal
13786,8W_R2,8W,GTCATCCAGTCACGCC-1,1835,1196,0.38147138964577654,24,3,Ductal suprabasal
13788,8W_R2,8W,GTCATCCCAATGCTCA-1,3057,1775,0.09813542688910697,9,1,Ductular
13791,8W_R2,8W,GTCATCCCAGGCAATG-1,7752,3302,0.21929824561403508,7,2,Ductal basal
13792,8W_R2,8W,GTCATCCCAGTAACCT-1,2366,1441,0.6339814032121724,20,3,Ductal suprabasal
13802,8W_R2,8W,GTCATCCTCCGTCACT-1,5494,2572,0.05460502366217693,9,1,Ductular
13805,8W_R2,8W,GTCATCCTCTATCACT-1,2389,1391,0.37672666387609877,9,1,Ductular
13807,8W_R2,8W,GTCATCCTCTTCCCAG-1,2870,1656,0.2787456445993031,7,2,Ductal basal
13808,8W_R2,8W,GTCATCCTCTTCTGGC-1,7302,3417,0.26020268419611065,25,9,Ductal basal
13812,8W_R2,8W,GTCATGAGTACATACC-1,9571,4082,0.11493051927698254,25,0,Ductal basal
13813,8W_R2,8W,GTCATGAGTACCAGAG-1,2867,1741,0.06975933031042902,16,4,Orifice
13814,8W_R2,8W,GTCATGATCGACCCAG-1,1696,1162,0.3537735849056604,35,7,Differentiating meibocyte
13816,8W_R2,8W,GTCATGATCTGGAGAG-1,1298,910,0.6933744221879815,23,1,Ductular
13818,8W_R2,8W,GTCATTTCAAATCAGA-1,2829,1846,0.14139271827500885,25,0,Ductal basal
13822,8W_R2,8W,GTCATTTGTGGCTGAA-1,2752,1509,0.2180232558139535,7,2,Ductal basal
13827,8W_R2,8W,GTCCACTAGTGAGGTC-1,2642,1766,0.3028009084027252,22,8,Acinar basal
13833,8W_R2,8W,GTCCACTTCATGTCTT-1,5662,2858,0.2119392440833628,5,0,Ductal basal
13836,8W_R2,8W,GTCCACTTCGTACCTC-1,3823,2174,0.28773214752811926,9,5,Ductal basal
13853,8W_R2,8W,GTCCCATTCGGTCTAA-1,5015,2406,0.03988035892323031,23,1,Ductular
13859,8W_R2,8W,GTCCTCACAATAGGGC-1,3783,1972,0.026434047052603753,29,7,Differentiating meibocyte
13860,8W_R2,8W,GTCCTCACATCAGCAT-1,4524,2364,0.1326259946949602,12,5,Ductal basal
13862,8W_R2,8W,GTCCTCAGTCGCACGT-1,1992,1201,0.3514056224899598,16,4,Orifice
13866,8W_R2,8W,GTCCTCATCATTTGGG-1,7647,3403,0.013077023669412841,5,0,Ductal basal
13867,8W_R2,8W,GTCCTCATCCGATGCG-1,4971,2545,0.1408167370750352,25,9,Ductal basal
13869,8W_R2,8W,GTCGAATAGGTGCGAT-1,2520,1593,0.03968253968253968,9,1,Ductular
13870,8W_R2,8W,GTCGAATCATTAAGCC-1,3132,1735,0.2234993614303959,22,8,Acinar basal
13879,8W_R2,8W,GTCGCGACACTTGTGA-1,4759,2610,0.10506408909434756,10,6,Ductal basal
13880,8W_R2,8W,GTCGCGACAGCTCGGT-1,2610,1540,0.15325670498084293,12,5,Ductal basal
13881,8W_R2,8W,GTCGCGACAGGCACAA-1,3855,2164,0.25940337224383914,22,8,Acinar basal
13885,8W_R2,8W,GTCGCGATCACGGAGA-1,4863,2332,0.20563438206868187,9,1,Ductular
13903,8W_R2,8W,GTCGTTCCACATCCCT-1,3591,1948,0.2227791701475912,7,2,Ductal basal
13906,8W_R2,8W,GTCGTTCCATAATGAG-1,2506,1576,0.1596169193934557,20,3,Ductal suprabasal
13907,8W_R2,8W,GTCGTTCGTAACACCT-1,6554,3173,0.091547146780592,5,0,Ductal basal
13912,8W_R2,8W,GTCGTTCTCAGACCTA-1,4394,2176,0.09103322712790168,23,1,Ductular
13913,8W_R2,8W,GTCGTTCTCATCTACT-1,4687,2357,0.08534243652656284,16,4,Orifice
13914,8W_R2,8W,GTCGTTCTCCGTCAAA-1,6052,2835,0.06609385327164573,9,1,Ductular
13915,8W_R2,8W,GTCGTTCTCGTACCTC-1,3120,1662,0.0641025641025641,9,1,Ductular
13920,8W_R2,8W,GTCTACCAGGTCATAA-1,1893,1238,0.369783412572636,22,7,Differentiating meibocyte
13923,8W_R2,8W,GTCTACCGTAAGGCCA-1,7061,3249,0.0708114997875655,25,9,Ductal basal
13926,8W_R2,8W,GTCTACCGTTCGTAAC-1,2985,1719,0.16750418760469013,9,1,Ductular
13934,8W_R2,8W,GTCTAGACAAATGAGT-1,5498,2724,0.036376864314296105,20,3,Ductal suprabasal
13935,8W_R2,8W,GTCTAGACACGCGGTT-1,2601,1568,0.07689350249903884,16,4,Orifice
13937,8W_R2,8W,GTCTAGAGTCCTACAA-1,3673,2130,0.08167710318540702,22,7,Differentiating meibocyte
13938,8W_R2,8W,GTCTAGAGTCGATTTG-1,1830,1288,0.0,25,9,Ductal basal
13940,8W_R2,8W,GTCTCACAGCGCCGTT-1,2066,1229,0.24201355275895448,24,3,Ductal suprabasal
13945,8W_R2,8W,GTCTCACCACCAGCTG-1,2978,1861,0.0671591672263264,22,8,Acinar basal
13949,8W_R2,8W,GTCTGTCAGAAAGCGA-1,4758,2602,0.2101723413198823,5,0,Ductal basal
13951,8W_R2,8W,GTCTGTCAGATAGCTA-1,6840,3152,0.058479532163742694,20,3,Ductal suprabasal
13954,8W_R2,8W,GTCTGTCCAATTGAGA-1,7602,3680,0.10523546435148645,25,9,Ductal basal
13960,8W_R2,8W,GTCTTTAAGAAGCCTG-1,5102,2474,0.11760094080752645,5,2,Ductal basal
13961,8W_R2,8W,GTCTTTAAGGCCATAG-1,2567,1459,0.11686793922867161,7,2,Ductal basal
13969,8W_R2,8W,GTCTTTAGTCCTCAGG-1,6957,3281,0.057496047146758655,25,9,Ductal basal
13970,8W_R2,8W,GTCTTTAGTCGAGTTT-1,6999,2984,0.0714387769681383,16,4,Orifice
13971,8W_R2,8W,GTCTTTAGTGTCCGGT-1,6730,3435,0.10401188707280833,22,8,Acinar basal
13973,8W_R2,8W,GTCTTTATCCTCAGGG-1,2609,1548,0.19164430816404754,10,0,Ductal basal
13979,8W_R2,8W,GTGACGCCAGCTTCGG-1,7626,3491,0.06556517178075007,9,3,Ductal suprabasal
13981,8W_R2,8W,GTGACGCGTATGTGTC-1,4807,2441,0.2704389432078219,7,2,Ductal basal
13989,8W_R2,8W,GTGAGCCAGTACTGGG-1,7510,3336,0.05326231691078562,24,3,Ductal suprabasal
13990,8W_R2,8W,GTGAGCCAGTATGATG-1,3180,1747,0.3459119496855346,22,8,Acinar basal
14006,8W_R2,8W,GTGAGTTAGGTGCATG-1,3155,1697,0.09508716323296355,20,8,Acinar basal
14008,8W_R2,8W,GTGAGTTCACTACTTT-1,5869,2521,0.06815471119441131,12,5,Ductal basal
14012,8W_R2,8W,GTGAGTTGTCGAAACG-1,4659,2438,0.128783000643915,29,7,Differentiating meibocyte
14017,8W_R2,8W,GTGAGTTTCTGGAAGG-1,5644,2952,0.12402551381998582,25,9,Ductal basal
14019,8W_R2,8W,GTGATGTAGAAACTCA-1,9571,3827,0.0940340612266221,12,2,Ductal basal
14021,8W_R2,8W,GTGATGTAGTACCGGA-1,7140,3059,0.3221288515406162,29,7,Differentiating meibocyte
14022,8W_R2,8W,GTGATGTCAATTGAAG-1,10576,3907,0.6524205748865356,29,7,Differentiating meibocyte
14023,8W_R2,8W,GTGATGTCACAGCCAC-1,7218,3052,0.06927126627874758,24,3,Ductal suprabasal
14024,8W_R2,8W,GTGATGTCACTATCCC-1,3950,2131,0.1518987341772152,20,1,Ductular
14027,8W_R2,8W,GTGATGTGTGTCCCTT-1,3304,1989,0.09079903147699758,12,5,Ductal basal
14036,8W_R2,8W,GTGCACGGTACATACC-1,2830,1692,0.0706713780918728,7,1,Ductular
14038,8W_R2,8W,GTGCACGGTCATAACC-1,13790,4298,0.06526468455402465,24,3,Ductal suprabasal
14039,8W_R2,8W,GTGCACGGTCTAGGCC-1,8076,3605,0.1485884101040119,9,0,Ductal basal
14042,8W_R2,8W,GTGCAGCAGGAGAATG-1,4635,2307,0.08629989212513485,23,1,Ductular
14047,8W_R2,8W,GTGCAGCCAGCTTCCT-1,11550,4329,0.05194805194805195,24,1,Ductular
14050,8W_R2,8W,GTGCAGCGTCAACACT-1,2914,1773,0.13726835964310227,9,1,Ductular
14051,8W_R2,8W,GTGCAGCGTCCTCATC-1,4552,2151,0.19771528998242532,7,2,Ductal basal
14052,8W_R2,8W,GTGCAGCGTGTAGTGG-1,877,707,0.0,9,1,Ductular
14060,8W_R2,8W,GTGCGTGGTATACCTG-1,2988,1754,0.16733601070950468,10,0,Ductal basal
14066,8W_R2,8W,GTGCTGGCAAGGTACG-1,3543,1938,0.14112334180073383,5,0,Ductal basal
14067,8W_R2,8W,GTGCTGGCAGAAACCG-1,4461,2520,0.17933198834342076,5,0,Ductal basal
14068,8W_R2,8W,GTGCTGGCAGGACATG-1,7267,3279,0.19265171322416402,10,0,Ductal basal
14070,8W_R2,8W,GTGCTGGGTCTTACTT-1,2441,1417,0.5325686194182712,24,3,Ductal suprabasal
14072,8W_R2,8W,GTGCTGGGTTCGAGCC-1,5208,2650,0.13440860215053765,12,5,Ductal basal
14076,8W_R2,8W,GTGCTTCAGAGATTCA-1,4456,2441,0.04488330341113106,9,1,Ductular
14078,8W_R2,8W,GTGCTTCCACTGAGTT-1,9031,4056,0.12180267965895249,20,0,Ductal basal
14081,8W_R2,8W,GTGCTTCGTAGGCTGA-1,13176,4134,0.15179113539769276,24,3,Ductal suprabasal
14083,8W_R2,8W,GTGCTTCTCCTAGCCT-1,3868,2090,0.1034126163391934,20,3,Ductal suprabasal
14085,8W_R2,8W,GTGGAAGAGAAGTATC-1,2987,1910,0.1004352192835621,5,0,Ductal basal
14104,8W_R2,8W,GTGGAAGTCGCCGTGA-1,3334,1793,0.23995200959808036,7,2,Ductal basal
14107,8W_R2,8W,GTGGAGAAGTCCTGTA-1,2767,1687,0.10842067220816769,9,1,Ductular
14111,8W_R2,8W,GTGGAGACAGAGAATT-1,10556,4358,0.08525956801818871,25,9,Ductal basal
14112,8W_R2,8W,GTGGAGAGTGTCTTCC-1,4472,2508,0.15652951699463327,20,8,Acinar basal
14114,8W_R2,8W,GTGGAGAGTTGCCATA-1,3520,2020,0.17045454545454544,12,1,Ductular
14115,8W_R2,8W,GTGGAGAGTTTATGCG-1,5335,2660,0.31865042174320524,24,3,Ductal suprabasal
14119,8W_R2,8W,GTGGCGTAGCTGTCCG-1,5294,2871,0.1511144692104269,22,8,Acinar basal
14122,8W_R2,8W,GTGGCGTGTAGCTTAC-1,4774,2446,0.020946795140343526,5,0,Ductal basal
14124,8W_R2,8W,GTGGCGTGTGAATGAT-1,2701,1802,0.11106997408367272,22,8,Acinar basal
14125,8W_R2,8W,GTGGCGTGTGCCAAGA-1,19959,4384,0.05511298161230523,16,4,Orifice
14129,8W_R2,8W,GTGGCGTTCGCGTTTC-1,3752,2147,0.053304904051172705,16,4,Orifice
14130,8W_R2,8W,GTGGGAAAGCAACCAG-1,4938,2951,0.14175779667881733,22,8,Acinar basal
14139,8W_R2,8W,GTGGGAAGTCGCTTGG-1,1794,1238,0.16722408026755853,20,3,Ductal suprabasal
14140,8W_R2,8W,GTGGGAAGTCTAACTG-1,1793,1164,0.7808142777467931,9,4,Orifice
14141,8W_R2,8W,GTGGGAAGTGACCTGC-1,11652,4266,0.07723995880535531,12,5,Ductal basal
14145,8W_R2,8W,GTGGGAATCACATTGG-1,6430,3083,0.031104199066874026,9,1,Ductular
14147,8W_R2,8W,GTGGTTAAGACGCATG-1,2265,1315,0.3090507726269316,35,10,Differentiated meibocyte
14149,8W_R2,8W,GTGGTTAAGGCGATAC-1,4557,2422,0.13166556945358787,29,7,Differentiating meibocyte
14154,8W_R2,8W,GTGGTTAGTATCCTTT-1,4710,2280,0.16985138004246286,10,6,Ductal basal
14156,8W_R2,8W,GTGGTTATCGTAATGC-1,5669,2798,0.07055918151349444,29,7,Differentiating meibocyte
14164,8W_R2,8W,GTGTAACGTACCTGTA-1,3243,1882,0.06167129201356768,5,0,Ductal basal
14167,8W_R2,8W,GTGTAACGTTCAAACC-1,4048,2250,0.12351778656126483,5,0,Ductal basal
14170,8W_R2,8W,GTGTCCTAGGTTTACC-1,2359,1563,0.1271725307333616,20,3,Ductal suprabasal
14172,8W_R2,8W,GTGTCCTCAAGAAACT-1,5886,2758,0.06795786612300374,24,3,Ductal suprabasal
14173,8W_R2,8W,GTGTCCTCACAGTCCG-1,4161,2176,0.07209805335255948,35,7,Differentiating meibocyte
14174,8W_R2,8W,GTGTCCTCATCATTGG-1,3327,1974,0.06011421701232341,10,0,Ductal basal
14175,8W_R2,8W,GTGTCCTCATCTCCCA-1,12047,3812,0.1826180791898398,29,7,Differentiating meibocyte
14182,8W_R2,8W,GTGTCCTTCTTTGATC-1,5946,2943,0.16818028927009754,25,9,Ductal basal
14183,8W_R2,8W,GTGTGATCAACCCGCA-1,3020,1831,0.5629139072847682,9,1,Ductular
14184,8W_R2,8W,GTGTGATTCATACAGC-1,4201,2260,0.19043084979766722,5,0,Ductal basal
14185,8W_R2,8W,GTGTGATTCGGACTTA-1,5055,2787,0.0791295746785361,10,0,Ductal basal
14196,8W_R2,8W,GTGTGGCGTTGCATTG-1,4097,2352,0.1464486209421528,9,1,Ductular
14197,8W_R2,8W,GTGTTAGAGACAGCGT-1,2964,1707,0.1349527665317139,7,1,Ductular
14204,8W_R2,8W,GTGTTAGGTATGGTTC-1,4146,2095,0.0723589001447178,9,1,Ductular
14205,8W_R2,8W,GTGTTAGGTCAAAGCG-1,4962,2520,0.2015316404675534,23,1,Ductular
14211,8W_R2,8W,GTGTTCCGTATACCCA-1,8709,3887,0.19520036743598576,22,8,Acinar basal
14215,8W_R2,8W,GTGTTCCGTGGGTTGA-1,6923,2816,0.260002888920988,7,2,Ductal basal
14218,8W_R2,8W,GTGTTCCTCGCAATGT-1,2603,1660,0.1536688436419516,20,3,Ductal suprabasal
14219,8W_R2,8W,GTGTTCCTCTAAACGC-1,3716,1882,0.13455328310010764,7,2,Ductal basal
14225,8W_R2,8W,GTTACAGTCGTCCTCA-1,3539,2029,0.16953941791466515,9,1,Ductular
14232,8W_R2,8W,GTTACCCGTAGGCTCC-1,6795,2677,0.07358351729212656,7,2,Ductal basal
14236,8W_R2,8W,GTTACCCTCGGACCAC-1,6377,2835,0.1254508389524855,20,3,Ductal suprabasal
14237,8W_R2,8W,GTTACCCTCTGCTCTG-1,3793,1987,0.02636435539151068,7,2,Ductal basal
14238,8W_R2,8W,GTTACGAAGAAGGGAT-1,2103,1302,0.42796005706134094,35,7,Differentiating meibocyte
14239,8W_R2,8W,GTTACGAAGAGCTGCA-1,2231,1431,0.49305244285073957,9,1,Ductular
14244,8W_R2,8W,GTTACGAAGGGTTAGC-1,6978,3047,0.0,9,1,Ductular
14250,8W_R2,8W,GTTACGACATGAGTAA-1,4553,2209,0.13178124313639358,16,4,Orifice
14251,8W_R2,8W,GTTACGACATTACTCT-1,5686,2508,0.19345761519521631,25,2,Ductal basal
14253,8W_R2,8W,GTTACGAGTTTGACAC-1,4847,2335,0.12378791004745203,7,2,Ductal basal
14256,8W_R2,8W,GTTAGACAGGCATCAG-1,5859,2973,0.11947431302270012,5,0,Ductal basal
14257,8W_R2,8W,GTTAGACAGGCGCTTC-1,4965,2704,0.12084592145015105,20,3,Ductal suprabasal
14271,8W_R2,8W,GTTAGTGAGCATGCGA-1,6848,3412,0.14602803738317757,25,9,Ductal basal
14273,8W_R2,8W,GTTAGTGCATGGAGAC-1,1428,1030,0.21008403361344538,24,3,Ductal suprabasal
14274,8W_R2,8W,GTTAGTGCATGGCGCT-1,3794,2175,0.10542962572482868,5,0,Ductal basal
14275,8W_R2,8W,GTTAGTGGTAAGACCG-1,4551,2117,0.0,9,1,Ductular
14276,8W_R2,8W,GTTAGTGGTGTTCAGT-1,2812,1624,0.1422475106685633,23,1,Ductular
14278,8W_R2,8W,GTTATGGAGAGGCCAT-1,2117,1406,0.28341993386868214,10,2,Ductal basal
14280,8W_R2,8W,GTTATGGAGTACCGGA-1,5526,2669,0.09048136083966703,5,0,Ductal basal
14283,8W_R2,8W,GTTATGGAGTCGCCAC-1,3735,2067,0.13386880856760375,10,2,Ductal basal
14285,8W_R2,8W,GTTATGGCAAGAATGT-1,3100,1779,0.3548387096774194,12,5,Ductal basal
14288,8W_R2,8W,GTTATGGGTTGTCCCT-1,8447,3204,0.03551556765715639,29,7,Differentiating meibocyte
14290,8W_R2,8W,GTTATGGTCAGACCCG-1,2791,1668,0.03582945180938731,9,1,Ductular
14294,8W_R2,8W,GTTATGGTCCTCTCTT-1,965,640,0.10362694300518134,35,7,Differentiating meibocyte
14296,8W_R2,8W,GTTCATTAGCAAACAT-1,5085,2358,0.15732546705998035,22,7,Differentiating meibocyte
14299,8W_R2,8W,GTTCATTCACGTTGGC-1,2617,1558,0.15284677111196027,29,7,Differentiating meibocyte
14302,8W_R2,8W,GTTCATTTCTACACTT-1,3601,1985,0.11108025548458762,10,0,Ductal basal
14303,8W_R2,8W,GTTCATTTCTAGCAAC-1,6683,3120,0.13467005835702528,9,1,Ductular
14305,8W_R2,8W,GTTCCGTGTACCGCGT-1,7408,3173,0.16198704103671707,29,2,Ductal basal
14308,8W_R2,8W,GTTCCGTGTGTTCGAT-1,2944,1779,0.16983695652173914,5,0,Ductal basal
14316,8W_R2,8W,GTTCGCTGTCACTCAA-1,3066,1895,0.09784735812133072,22,8,Acinar basal
14318,8W_R2,8W,GTTCGCTTCGATACAC-1,4316,2491,0.20852641334569047,22,8,Acinar basal
14319,8W_R2,8W,GTTCGCTTCTGACCCT-1,5466,2542,0.07317965605561653,22,8,Acinar basal
14324,8W_R2,8W,GTTCTATCACCCTTGT-1,5254,2482,0.20936429387133612,10,6,Ductal basal
14327,8W_R2,8W,GTTCTATCAGGCGATA-1,2412,1520,0.24875621890547264,12,5,Ductal basal
14328,8W_R2,8W,GTTCTATCATGCGGTC-1,3488,2020,0.05733944954128441,12,5,Ductal basal
14330,8W_R2,8W,GTTCTATGTCCATACA-1,2442,1513,0.20475020475020475,9,1,Ductular
14331,8W_R2,8W,GTTCTATGTCCATCTC-1,3946,2168,0.05068423720223011,29,7,Differentiating meibocyte
14335,8W_R2,8W,GTTGAACAGCATCAAA-1,1708,1215,0.117096018735363,25,9,Ductal basal
14337,8W_R2,8W,GTTGAACCAATCTCGA-1,6723,2721,0.14874312063067083,7,2,Ductal basal
14344,8W_R2,8W,GTTGCGGAGTAAACTG-1,4902,2432,0.14279885760913913,20,3,Ductal suprabasal
14354,8W_R2,8W,GTTGCGGTCGTGGGTC-1,3161,1833,0.18981335020563112,5,0,Ductal basal
14359,8W_R2,8W,GTTGCTCCATCTTAGG-1,1819,1295,0.9895547003848268,20,3,Ductal suprabasal
14365,8W_R2,8W,GTTGCTCTCTACCACC-1,4704,2390,0.17006802721088435,9,1,Ductular
14373,8W_R2,8W,GTTGTAGGTGGGACAT-1,2408,1509,0.12458471760797342,23,1,Ductular
14375,8W_R2,8W,GTTGTAGGTTGCATAC-1,4365,2184,0.22909507445589922,7,2,Ductal basal
14377,8W_R2,8W,GTTGTCCAGCGTCTGC-1,4820,2369,0.1037344398340249,12,5,Ductal basal
14379,8W_R2,8W,GTTGTCCCACATTCGA-1,1441,968,0.2081887578070784,22,7,Differentiating meibocyte
14381,8W_R2,8W,GTTGTCCCAGAGGGTT-1,4577,2487,0.2403320952589032,5,0,Ductal basal
14383,8W_R2,8W,GTTGTCCGTACTGACT-1,3508,1978,0.08551881413911061,12,5,Ductal basal
14385,8W_R2,8W,GTTGTCCGTTTGGCTA-1,7343,2653,0.12256570883834945,7,2,Ductal basal
14391,8W_R2,8W,GTTGTGAAGATAACAC-1,6143,2958,0.1302295295458245,25,9,Ductal basal
14392,8W_R2,8W,GTTGTGAAGCACGATG-1,3183,1738,0.34558592522777254,29,7,Differentiating meibocyte
14393,8W_R2,8W,GTTGTGAAGGCAGTCA-1,9435,4275,0.04239533651298357,25,9,Ductal basal
14399,8W_R2,8W,GTTGTGAGTGGTAATA-1,1634,1120,0.42839657282741733,23,1,Ductular
14405,8W_R2,8W,GTTTACTCAGGTTTAC-1,8300,3425,0.10843373493975904,7,2,Ductal basal
14408,8W_R2,8W,GTTTGGAAGGTTCAGG-1,1546,1098,0.5821474773609314,9,1,Ductular
14409,8W_R2,8W,GTTTGGACAGTTTCGA-1,2007,1263,0.04982561036372695,20,3,Ductal suprabasal
14411,8W_R2,8W,GTTTGGAGTAGAGATT-1,1152,856,0.3472222222222222,25,9,Ductal basal
14412,8W_R2,8W,GTTTGGAGTCCACAGC-1,3447,2054,0.08703220191470844,22,8,Acinar basal
14414,8W_R2,8W,GTTTGGAGTTAGCGGA-1,8964,3776,0.5131637661758144,29,7,Differentiating meibocyte
14415,8W_R2,8W,GTTTGGATCGCGGTAC-1,3821,2030,0.10468463752944254,7,2,Ductal basal
14416,8W_R2,8W,GTTTGGATCTAAGAAG-1,4226,2066,0.07098911500236631,23,1,Ductular
14417,8W_R2,8W,TAACACGAGATGAACT-1,4872,2615,0.08210180623973727,16,4,Orifice
14422,8W_R2,8W,TAACACGCATCATCTT-1,3414,1865,0.14645577035735208,16,4,Orifice
14426,8W_R2,8W,TAACACGGTTGGATCT-1,2512,1582,0.07961783439490447,22,7,Differentiating meibocyte
14427,8W_R2,8W,TAACACGTCCGGCAAC-1,2370,1515,0.25316455696202533,9,1,Ductular
14435,8W_R2,8W,TAACCAGCATCTGTTT-1,5946,2841,0.08409014463504877,29,7,Differentiating meibocyte
14439,8W_R2,8W,TAACCAGTCAGGGATG-1,3927,2320,0.07639419404125286,22,8,Acinar basal
14441,8W_R2,8W,TAACGACGTACGAAAT-1,14751,4445,0.25083045217273403,35,7,Differentiating meibocyte
14452,8W_R2,8W,TAACTTCTCAGACCGC-1,6465,3254,0.061871616395978345,22,8,Acinar basal
14456,8W_R2,8W,TAAGCACAGCACCGAA-1,10361,3566,0.10616735836309237,16,4,Orifice
14457,8W_R2,8W,TAAGCACCAACGTATC-1,12948,4221,0.08495520543713315,22,2,Ductal basal
14458,8W_R2,8W,TAAGCACCAAGACCGA-1,5444,2780,0.12858192505510654,24,3,Ductal suprabasal
14460,8W_R2,8W,TAAGCCACAACCCTAA-1,8513,3465,0.0587337013978621,24,3,Ductal suprabasal
14461,8W_R2,8W,TAAGCCACACTTTATC-1,6223,2998,0.16069419893941828,20,3,Ductal suprabasal
14466,8W_R2,8W,TAAGCCAGTGGGTTGA-1,2573,1667,0.2720559657986786,9,1,Ductular
14475,8W_R2,8W,TAAGTCGAGTATGCAA-1,2154,1437,0.1392757660167131,7,2,Ductal basal
14476,8W_R2,8W,TAAGTCGCAACTAGAA-1,5190,2540,0.17341040462427745,23,1,Ductular
14480,8W_R2,8W,TAAGTCGGTCGACTTA-1,5442,2356,0.27563395810363833,7,2,Ductal basal
14481,8W_R2,8W,TAAGTCGGTGATACTC-1,9667,4112,0.12413365056377365,7,2,Ductal basal
14487,8W_R2,8W,TAATCTCTCAAACCCA-1,4042,2377,0.0,22,8,Acinar basal
14490,8W_R2,8W,TAATCTCTCTCTATAC-1,3902,1809,0.05125576627370579,7,2,Ductal basal
14497,8W_R2,8W,TAATTCCTCAAAGAAC-1,4396,2079,0.09099181073703368,7,2,Ductal basal
14498,8W_R2,8W,TAATTCCTCACTCACC-1,4599,2471,0.04348771472059143,9,1,Ductular
14500,8W_R2,8W,TAATTCCTCCACTGAA-1,4098,2239,0.02440214738897023,10,0,Ductal basal
14501,8W_R2,8W,TAATTCCTCGGCCTTT-1,5377,2804,0.09298865538404315,25,8,Acinar basal
14507,8W_R2,8W,TACAACGGTACCCGCA-1,3993,2317,0.12521913348359628,5,0,Ductal basal
14509,8W_R2,8W,TACAACGGTGACGTCC-1,3731,2177,0.13401232913428035,25,1,Ductular
14522,8W_R2,8W,TACACCCGTCTAGTGT-1,7669,3486,0.40422480114747683,9,1,Ductular
14526,8W_R2,8W,TACAGGTAGCGGTAGT-1,4136,2232,0.12088974854932302,9,1,Ductular
14530,8W_R2,8W,TACAGGTCACAATGTC-1,7706,3645,0.07786140669608098,24,3,Ductal suprabasal
14531,8W_R2,8W,TACAGGTCACTGCACG-1,9362,3859,0.1815851313821833,12,5,Ductal basal
14535,8W_R2,8W,TACAGGTTCCGAGATT-1,8737,3634,0.011445576284765937,25,9,Ductal basal
14537,8W_R2,8W,TACAGGTTCTTTGGAG-1,9830,4482,0.06103763987792472,20,3,Ductal suprabasal
14538,8W_R2,8W,TACATTCAGACCACGA-1,4515,2326,0.17718715393134,12,5,Ductal basal
14539,8W_R2,8W,TACATTCAGACCTCCG-1,6042,2962,0.09930486593843098,16,4,Orifice
14540,8W_R2,8W,TACATTCAGCTACTAC-1,5456,2368,0.054985337243401766,7,2,Ductal basal
14542,8W_R2,8W,TACATTCCAAATAGCA-1,2883,1683,0.20811654526534862,24,3,Ductal suprabasal
14545,8W_R2,8W,TACATTCGTACAGGTG-1,9031,3871,0.06643782526851955,20,3,Ductal suprabasal
14546,8W_R2,8W,TACATTCGTACCCACG-1,2192,1337,0.13686131386861314,35,7,Differentiating meibocyte
14550,8W_R2,8W,TACCCACAGAGGTTTA-1,3664,2143,0.10917030567685589,20,3,Ductal suprabasal
14558,8W_R2,8W,TACCCACCACATTCTT-1,1999,1273,0.5502751375687844,9,1,Ductular
14559,8W_R2,8W,TACCCACCATCACAGT-1,5337,2734,0.11242270938729623,22,8,Acinar basal
14561,8W_R2,8W,TACCCACGTACCGTGC-1,7068,3426,0.11318619128466327,20,3,Ductal suprabasal
14564,8W_R2,8W,TACCCACGTGCATTAC-1,10285,4154,0.2819640252795333,5,0,Ductal basal
14572,8W_R2,8W,TACCCGTCATAATGCC-1,3502,1883,0.1142204454597373,7,2,Ductal basal
14573,8W_R2,8W,TACCCGTGTACCCGCA-1,4737,2614,0.253324889170361,20,3,Ductal suprabasal
14576,8W_R2,8W,TACCCGTTCGATACAC-1,1685,1121,0.17804154302670622,9,1,Ductular
14579,8W_R2,8W,TACCGAAAGCCTCTGG-1,1059,724,0.84985835694051,23,1,Ductular
14582,8W_R2,8W,TACCGAAAGTTGTACC-1,4327,2424,0.16177490177952392,20,3,Ductal suprabasal
14583,8W_R2,8W,TACCGAACACAGCCTG-1,1723,1100,0.11607661056297155,9,1,Ductular
14586,8W_R2,8W,TACCGAAGTAAGTAGT-1,2625,1612,0.1523809523809524,12,5,Ductal basal
14590,8W_R2,8W,TACCGGGAGCGCTGCT-1,4314,2224,0.13908205841446453,12,5,Ductal basal
14596,8W_R2,8W,TACCGGGTCACCTGGG-1,7142,3450,0.05600672080649678,22,8,Acinar basal
14597,8W_R2,8W,TACCGGGTCTAGACAC-1,3910,1955,0.051150895140664954,9,1,Ductular
14601,8W_R2,8W,TACCTCGCAAACTCGT-1,5363,2367,0.16781652060413949,7,2,Ductal basal
14607,8W_R2,8W,TACCTGCCAAAGCGTG-1,5443,2865,0.11023332720925959,5,0,Ductal basal
14617,8W_R2,8W,TACGCTCAGACGCAGT-1,6612,2623,0.045372050816696916,24,3,Ductal suprabasal
14619,8W_R2,8W,TACGCTCAGAGGTTTA-1,6672,3215,0.10491606714628297,5,0,Ductal basal
14627,8W_R2,8W,TACGCTCTCACAACCA-1,5095,2507,0.07850834151128558,20,3,Ductal suprabasal
14628,8W_R2,8W,TACGCTCTCCTAAGTG-1,4933,2295,0.18244475978106628,7,2,Ductal basal
14630,8W_R2,8W,TACGCTCTCGTGGCTG-1,4193,2286,0.21464345337467208,7,5,Ductal basal
14636,8W_R2,8W,TACGGGCCAATAGGAT-1,3542,2042,0.2258610954263128,10,6,Ductal basal
14637,8W_R2,8W,TACGGGCCAGCGGTCT-1,4463,2294,0.1568451714093659,5,0,Ductal basal
14639,8W_R2,8W,TACGGGCCATGGGAAC-1,2718,1601,0.07358351729212656,12,1,Ductular
14643,8W_R2,8W,TACGGGCGTTGCATTG-1,4619,2249,0.2597964927473479,22,8,Acinar basal
14644,8W_R2,8W,TACGGGCGTTTAGTCG-1,6907,2941,0.173736788765021,16,4,Orifice
14648,8W_R2,8W,TACGGTAAGGTTACCT-1,1877,1177,0.8524240809802877,24,3,Ductal suprabasal
14658,8W_R2,8W,TACGTCCAGCAGCGAT-1,6327,2589,0.316105579263474,7,2,Ductal basal
14659,8W_R2,8W,TACGTCCCAAATGGCG-1,3674,2157,0.19052803483941208,12,5,Ductal basal
14661,8W_R2,8W,TACGTCCCAAGACGGT-1,7711,3584,0.09077940604331475,12,9,Ductal basal
14664,8W_R2,8W,TACGTCCCATGGTACT-1,8859,3260,0.1015916017609211,29,7,Differentiating meibocyte
14665,8W_R2,8W,TACGTCCGTCGAAACG-1,5556,2884,0.07199424046076314,22,8,Acinar basal
14666,8W_R2,8W,TACGTCCGTGCCGTTG-1,7116,2642,0.25295109612141653,7,2,Ductal basal
14672,8W_R2,8W,TACTGCCAGTCAATCC-1,13580,4286,0.1325478645066274,24,3,Ductal suprabasal
14678,8W_R2,8W,TACTGCCGTGTCATCA-1,5366,2401,0.13045098770033545,7,2,Ductal basal
14680,8W_R2,8W,TACTGCCTCCTGATAG-1,3324,2051,0.24067388688327318,20,3,Ductal suprabasal
14681,8W_R2,8W,TACTGCCTCGAAACAA-1,10112,3967,0.11867088607594937,12,5,Ductal basal
14687,8W_R2,8W,TACTTACGTAACCAGG-1,1525,1002,0.13114754098360656,16,4,Orifice
14695,8W_R2,8W,TACTTCAGTAGATTGA-1,2107,1426,0.09492168960607499,10,0,Ductal basal
14701,8W_R2,8W,TACTTGTAGTAGGGTC-1,3779,2144,0.10584810796507012,25,9,Ductal basal
14703,8W_R2,8W,TACTTGTCACTGCATA-1,3080,1741,0.06493506493506493,9,1,Ductular
14705,8W_R2,8W,TACTTGTGTGAGGCAT-1,3901,2112,0.05126890540886952,5,0,Ductal basal
14707,8W_R2,8W,TACTTGTTCCGTGACG-1,10169,4070,0.05900285180450389,5,0,Ductal basal
14716,8W_R2,8W,TAGACCAGTCTGTGCG-1,4649,2089,0.43020004302000436,16,4,Orifice
14717,8W_R2,8W,TAGACCAGTTGTTGAC-1,4040,2174,0.04950495049504951,16,4,Orifice
14719,8W_R2,8W,TAGACTGAGACCAAAT-1,4924,2543,0.12185215272136475,29,7,Differentiating meibocyte
14720,8W_R2,8W,TAGACTGAGAGTATAC-1,2038,1442,0.4416094210009814,25,9,Ductal basal
14723,8W_R2,8W,TAGACTGAGTCTACCA-1,12295,4398,0.040666937779585195,12,0,Ductal basal
14727,8W_R2,8W,TAGACTGGTTGGATCT-1,6360,3013,0.15723270440251574,29,7,Differentiating meibocyte
14732,8W_R2,8W,TAGACTGTCGGCATAT-1,1339,906,0.37341299477221807,29,7,Differentiating meibocyte
14740,8W_R2,8W,TAGAGTCCATGCCATA-1,4749,2335,0.12634238787113075,9,1,Ductular
14745,8W_R2,8W,TAGAGTCTCGGAGATG-1,4340,2390,0.2534562211981567,9,4,Orifice
14748,8W_R2,8W,TAGATCGAGTCCCTAA-1,1425,987,0.42105263157894735,12,5,Ductal basal
14751,8W_R2,8W,TAGATCGGTGACGTCC-1,1832,1344,0.32751091703056767,20,3,Ductal suprabasal
14753,8W_R2,8W,TAGATCGGTTCTCCTG-1,2013,1368,0.29806259314456035,10,0,Ductal basal
14755,8W_R2,8W,TAGATCGTCTGGAAGG-1,1586,1056,0.18915510718789408,23,3,Ductal suprabasal
14756,8W_R2,8W,TAGCACAAGATGCTTC-1,3228,1907,0.09293680297397769,10,0,Ductal basal
14763,8W_R2,8W,TAGCACATCTGAGAAA-1,1108,776,0.45126353790613716,35,7,Differentiating meibocyte
14770,8W_R2,8W,TAGGAGGCAAACGAGC-1,1725,1121,0.4057971014492754,23,1,Ductular
14771,8W_R2,8W,TAGGAGGGTAAGCGGT-1,4054,2359,0.1726689689195856,5,0,Ductal basal
14773,8W_R2,8W,TAGGAGGGTCACTTAG-1,6566,2868,0.22844958879074018,7,2,Ductal basal
14778,8W_R2,8W,TAGGAGGTCGTCGATA-1,3057,1760,0.2944062806673209,7,2,Ductal basal
14779,8W_R2,8W,TAGGAGGTCTGCGTCT-1,2412,1351,0.08291873963515754,12,5,Ductal basal
14785,8W_R2,8W,TAGGGTTCACTACTTT-1,5153,2279,0.11643702697457792,7,2,Ductal basal
14808,8W_R2,8W,TAGGTTGCAAACTGCT-1,4918,2600,0.040666937779585195,20,8,Acinar basal
14810,8W_R2,8W,TAGGTTGCACAACGAG-1,4489,2545,0.17821341055914458,22,8,Acinar basal
14814,8W_R2,8W,TAGGTTGTCAAGATAG-1,3433,2028,0.2330323332362365,5,0,Ductal basal
14817,8W_R2,8W,TAGTGCACAAGTAGTA-1,3821,1943,0.026171159382360636,9,1,Ductular
14820,8W_R2,8W,TAGTGCACATACTGAC-1,3497,1865,0.028595939376608523,5,2,Ductal basal
14821,8W_R2,8W,TAGTGCAGTGGATGAC-1,1941,1189,0.3091190108191654,7,2,Ductal basal
14824,8W_R2,8W,TAGTGCATCAACACCA-1,5105,2430,0.058765915768854066,24,3,Ductal suprabasal
14827,8W_R2,8W,TATACCTAGACATGCG-1,2899,1681,0.03449465332873405,9,1,Ductular
14828,8W_R2,8W,TATACCTCACTAGGTT-1,9542,4053,0.06287989939216097,5,0,Ductal basal
14833,8W_R2,8W,TATACCTGTTCCACGG-1,2720,1754,0.5514705882352942,12,5,Ductal basal
14834,8W_R2,8W,TATACCTTCAGGTAAA-1,4308,2377,0.1392757660167131,9,1,Ductular
14835,8W_R2,8W,TATACCTTCTTCGACC-1,3173,1661,0.09454774661203907,20,8,Acinar basal
14839,8W_R2,8W,TATATCCCAAGTCATC-1,4620,2230,0.10822510822510822,12,5,Ductal basal
14840,8W_R2,8W,TATATCCCACCACTGG-1,3447,2140,0.05802146794313896,22,7,Differentiating meibocyte
14841,8W_R2,8W,TATATCCCAGGGTTGA-1,1734,1101,0.17301038062283738,7,1,Ductular
14850,8W_R2,8W,TATCAGGAGACTTCCA-1,3884,2295,0.07723995880535531,20,3,Ductal suprabasal
14852,8W_R2,8W,TATCAGGAGATAGTGT-1,2867,1813,0.13951866062085805,7,1,Ductular
14856,8W_R2,8W,TATCAGGCAATCAGCT-1,2877,1619,0.45185957594716714,7,2,Ductal basal
14859,8W_R2,8W,TATCAGGTCCCGTGTT-1,6558,2983,0.12198841110094541,16,5,Ductal basal
14867,8W_R2,8W,TATCCTAGTTGTCTAG-1,4195,2279,0.09535160905840286,10,0,Ductal basal
14873,8W_R2,8W,TATCGCCAGGTCTTTG-1,13027,4474,0.18423274737084516,5,6,Ductal basal
14874,8W_R2,8W,TATCGCCAGTCATGCT-1,5295,2732,0.11331444759206798,20,3,Ductal suprabasal
14877,8W_R2,8W,TATCGCCCAGGTCCCA-1,2014,1373,0.19860973187686196,22,8,Acinar basal
14881,8W_R2,8W,TATCGCCTCTCGTGGG-1,2015,1215,0.1488833746898263,23,1,Ductular
14883,8W_R2,8W,TATCTGTGTGGAATGC-1,4067,2421,0.14752889107450207,25,9,Ductal basal
14884,8W_R2,8W,TATCTGTGTGGACTAG-1,3322,1839,0.09030704394942805,12,5,Ductal basal
14886,8W_R2,8W,TATCTGTTCTAGCCAA-1,2605,1520,0.11516314779270634,16,4,Orifice
14890,8W_R2,8W,TATCTTGAGGAGGGTG-1,972,740,0.102880658436214,12,5,Ductal basal
14894,8W_R2,8W,TATCTTGCACTACCGG-1,2453,1442,0.12229922543823889,7,2,Ductal basal
14897,8W_R2,8W,TATCTTGTCTGAGGCC-1,6754,3007,0.07403020432336394,25,9,Ductal basal
14898,8W_R2,8W,TATGTTCAGAGAACCC-1,1390,924,0.28776978417266186,7,1,Ductular
14899,8W_R2,8W,TATGTTCAGAGGATGA-1,5983,2572,0.08357011532675915,16,4,Orifice
14901,8W_R2,8W,TATGTTCAGTAACCTC-1,9430,3618,0.06362672322375398,25,9,Ductal basal
14902,8W_R2,8W,TATGTTCCAATAGTGA-1,1302,878,0.6144393241167435,24,3,Ductal suprabasal
14908,8W_R2,8W,TATTCCAAGGTAGTAT-1,4349,2595,0.4598758335249482,25,9,Ductal basal
14914,8W_R2,8W,TATTCCAGTGCGTTTA-1,3545,1958,0.14104372355430184,7,2,Ductal basal
14915,8W_R2,8W,TATTCCAGTTGGGACA-1,5961,2940,0.10065425264217413,12,5,Ductal basal
14917,8W_R2,8W,TATTCCATCTGTCAGA-1,2618,1675,0.07639419404125286,5,0,Ductal basal
14920,8W_R2,8W,TATTGCTAGTAAACAC-1,4574,2418,0.06558810668998688,24,3,Ductal suprabasal
14923,8W_R2,8W,TATTGCTCATCTCCCA-1,4721,2442,0.08472781190425757,20,1,Ductular
14933,8W_R2,8W,TATTGGGGTAGTTAGA-1,5687,2886,0.08791981712678038,5,0,Ductal basal
14936,8W_R2,8W,TATTGGGTCCTTCAGC-1,5144,2767,0.15552099533437014,29,7,Differentiating meibocyte
14943,8W_R2,8W,TATTTCGGTGCAGGAT-1,3258,1912,0.1841620626151013,16,4,Orifice
14944,8W_R2,8W,TATTTCGGTTAGAGAT-1,3143,1771,0.0,9,1,Ductular
14946,8W_R2,8W,TATTTCGTCCGACAGC-1,4302,2201,0.0697350069735007,25,8,Acinar basal
14947,8W_R2,8W,TATTTCGTCGCCGAGT-1,1156,826,0.5190311418685121,9,1,Ductular
14949,8W_R2,8W,TATTTCGTCTGGGATT-1,4220,2265,0.8293838862559242,29,7,Differentiating meibocyte
14954,8W_R2,8W,TCAAGACGTACCTATG-1,3181,1862,0.09430996541967936,20,3,Ductal suprabasal
14955,8W_R2,8W,TCAAGACGTATCGTGT-1,3094,1789,0.12928248222365868,7,2,Ductal basal
14956,8W_R2,8W,TCAAGACGTATTTCCT-1,2426,1519,1.2366034624896949,16,4,Orifice
14959,8W_R2,8W,TCAAGCAAGAGTGAAG-1,4087,2106,0.1712747736726205,9,4,Orifice
14962,8W_R2,8W,TCAAGCAAGCGTTCAT-1,6133,2765,0.03261046796021523,9,1,Ductular
14971,8W_R2,8W,TCAAGCAGTTGCGGCT-1,2919,1845,0.17129153819801302,22,8,Acinar basal
14977,8W_R2,8W,TCAAGTGAGCTGACTT-1,2259,1382,0.13280212483399734,10,2,Ductal basal
14981,8W_R2,8W,TCAAGTGGTTTACCAG-1,3050,1690,0.42622950819672134,23,1,Ductular
14985,8W_R2,8W,TCAATCTAGTTGGCTT-1,913,613,0.7667031763417306,29,7,Differentiating meibocyte
14995,8W_R2,8W,TCAATCTTCATTTGGG-1,1714,1159,0.40840140023337224,7,2,Ductal basal
15000,8W_R2,8W,TCAATTCCAAGATGGC-1,3603,1967,0.08326394671107411,12,5,Ductal basal
15001,8W_R2,8W,TCAATTCCAATCGCAT-1,7023,3248,0.09967250462765201,20,3,Ductal suprabasal
15006,8W_R2,8W,TCAATTCTCGATACGT-1,3560,2096,0.02808988764044944,22,8,Acinar basal
15015,8W_R2,8W,TCACAAGCAAGATGGC-1,6982,2678,0.2148381552563735,7,2,Ductal basal
15018,8W_R2,8W,TCACAAGCAGCACAAG-1,3750,2125,0.10666666666666667,5,0,Ductal basal
15020,8W_R2,8W,TCACAAGCATCCTAAG-1,4532,2389,0.176522506619594,23,1,Ductular
15024,8W_R2,8W,TCACAAGTCCCATAAG-1,6256,3036,0.079923273657289,10,0,Ductal basal
15026,8W_R2,8W,TCACAAGTCGTTGTAG-1,3958,2178,0.30318342597271347,7,2,Ductal basal
15027,8W_R2,8W,TCACAAGTCTGACGCG-1,1591,1002,0.251414204902577,35,10,Differentiated meibocyte
15030,8W_R2,8W,TCACACCAGATAGTGT-1,2855,1613,0.10507880910683014,7,2,Ductal basal
15034,8W_R2,8W,TCACACCGTTCCCACT-1,5436,2789,0.23914643119941134,9,1,Ductular
15039,8W_R2,8W,TCACATTAGATTCGCT-1,1498,974,0.46728971962616817,12,5,Ductal basal
15042,8W_R2,8W,TCACATTCACTCTCGT-1,3340,1845,0.17964071856287425,10,0,Ductal basal
15043,8W_R2,8W,TCACATTCAGGCGATA-1,3290,1982,0.2127659574468085,20,3,Ductal suprabasal
15051,8W_R2,8W,TCACATTTCTAAGAAG-1,4389,2183,0.09113693324219639,12,5,Ductal basal
15079,8W_R2,8W,TCACTATAGAGTCCGA-1,2536,1508,0.11829652996845426,16,4,Orifice
15082,8W_R2,8W,TCACTATAGTAACAGT-1,2776,1890,0.10806916426512969,9,9,Ductal basal
15084,8W_R2,8W,TCACTATAGTTGGGAC-1,7654,2894,0.11758557616932323,29,7,Differentiating meibocyte
15085,8W_R2,8W,TCACTATCAAGAGTGC-1,5996,3181,0.15010006671114076,22,8,Acinar basal
15087,8W_R2,8W,TCACTATCAGTTTGGT-1,4460,2651,0.11210762331838565,9,9,Ductal basal
15088,8W_R2,8W,TCACTATCATTGAAAG-1,2096,1485,0.09541984732824427,22,8,Acinar basal
15090,8W_R2,8W,TCACTATGTCCTCATC-1,7207,2799,0.15262938809490773,16,4,Orifice
15092,8W_R2,8W,TCACTATTCGTCGGGT-1,6125,3356,0.21224489795918366,20,3,Ductal suprabasal
15095,8W_R2,8W,TCACTCGAGAGAGCCT-1,1751,1202,0.2284408909194746,24,3,Ductal suprabasal
15096,8W_R2,8W,TCACTCGAGCGTGTCC-1,5526,2882,0.19905899384726747,5,0,Ductal basal
15099,8W_R2,8W,TCACTCGAGTCTCTGA-1,2303,1443,0.04342162396873643,9,1,Ductular
15104,8W_R2,8W,TCAGCAACATAATCGC-1,5512,2708,0.0,22,8,Acinar basal
15105,8W_R2,8W,TCAGCAACATGGCTGC-1,6639,2946,0.16568760355475223,12,5,Ductal basal
15108,8W_R2,8W,TCAGCAAGTGGCCACT-1,3882,2238,0.05151983513652757,24,3,Ductal suprabasal
15109,8W_R2,8W,TCAGCAAGTTCGTGCG-1,5864,2789,0.11937244201909959,9,1,Ductular
15111,8W_R2,8W,TCAGCAATCTCACCCA-1,10067,4116,0.4470050660574153,25,9,Ductal basal
15112,8W_R2,8W,TCAGCAATCTCTATGT-1,2977,1515,0.26872690628149143,16,4,Orifice
15114,8W_R2,8W,TCAGCCTAGCATGGGT-1,3441,1809,0.11624527753560013,9,1,Ductular
15128,8W_R2,8W,TCAGGGCTCTCTCTAA-1,3746,1965,0.13347570742124934,7,2,Ductal basal
15129,8W_R2,8W,TCAGGTAAGGAGGCAG-1,2479,1653,0.20169423154497781,9,4,Orifice
15134,8W_R2,8W,TCAGGTATCATTCCTA-1,3364,1930,0.089179548156956,12,5,Ductal basal
15137,8W_R2,8W,TCAGTCCAGAGCAAGA-1,4448,2342,0.11241007194244604,23,1,Ductular
15143,8W_R2,8W,TCAGTCCGTTTCTATC-1,4517,2279,0.11069293779056896,10,0,Ductal basal
15144,8W_R2,8W,TCAGTGAAGAGTAACT-1,4540,2555,0.22026431718061676,12,5,Ductal basal
15146,8W_R2,8W,TCAGTGACACCAATTG-1,2227,1405,0.17961383026493039,22,8,Acinar basal
15147,8W_R2,8W,TCAGTGACAGTTGCGC-1,18321,4478,0.15283008569401232,29,7,Differentiating meibocyte
15148,8W_R2,8W,TCAGTGAGTAAGAACT-1,3539,2208,0.16953941791466515,22,8,Acinar basal
15149,8W_R2,8W,TCAGTGAGTGCCGTTG-1,8771,4018,0.11401208528103979,25,8,Acinar basal
15154,8W_R2,8W,TCAGTTTAGCGACATG-1,3053,1597,0.13101867016049787,7,2,Ductal basal
15155,8W_R2,8W,TCAGTTTAGGAACATT-1,1765,1315,0.22662889518413595,25,8,Acinar basal
15158,8W_R2,8W,TCAGTTTTCAAATGCC-1,5197,2416,0.11545122185876468,10,0,Ductal basal
15163,8W_R2,8W,TCATACTAGGGCTTCC-1,3873,1956,0.18073844564936742,7,2,Ductal basal
15165,8W_R2,8W,TCATACTCAAGCACAG-1,5978,2921,0.050184008029441285,12,4,Orifice
15172,8W_R2,8W,TCATACTTCTAAGAAG-1,3709,2212,0.1617686708007549,20,3,Ductal suprabasal
15173,8W_R2,8W,TCATATCAGAGGCCAT-1,2794,1635,0.07158196134574087,23,1,Ductular
15178,8W_R2,8W,TCATATCGTCTAATCG-1,3480,2028,0.1724137931034483,5,0,Ductal basal
15179,8W_R2,8W,TCATATCGTTACCCTC-1,9073,4082,0.4518902237407693,5,0,Ductal basal
15186,8W_R2,8W,TCATCATCAAATAAGC-1,3516,1878,0.1422070534698521,9,1,Ductular
15190,8W_R2,8W,TCATCATGTCCAGAAG-1,5076,2549,0.4728132387706856,29,7,Differentiating meibocyte
15193,8W_R2,8W,TCATCCGAGGAGGGTG-1,4745,2462,0.12644889357218123,23,1,Ductular
15197,8W_R2,8W,TCATCCGGTTGCAACT-1,5229,2726,0.038248231019315355,20,3,Ductal suprabasal
15202,8W_R2,8W,TCATCCGTCTTAATCC-1,4851,2229,0.06184291898577613,7,1,Ductular
15203,8W_R2,8W,TCATGAGAGCGATTCT-1,6560,3007,0.09146341463414635,16,4,Orifice
15204,8W_R2,8W,TCATGAGAGTATGAGT-1,3411,1862,0.20521841102316035,23,3,Ductal suprabasal
15208,8W_R2,8W,TCATGAGCATCTCATT-1,2178,1436,0.18365472910927455,25,8,Acinar basal
15215,8W_R2,8W,TCATGAGTCATGCCGG-1,5334,2697,0.26246719160104987,22,8,Acinar basal
15216,8W_R2,8W,TCATGAGTCCATACAG-1,7897,3603,0.30391287830821834,22,2,Ductal basal
15217,8W_R2,8W,TCATGAGTCTGAGGTT-1,1813,1228,0.0,29,7,Differentiating meibocyte
15218,8W_R2,8W,TCATGCCAGACGCCCT-1,3793,2137,0.10545742156604272,24,3,Ductal suprabasal
15221,8W_R2,8W,TCATGCCAGTGTACCT-1,2064,1377,0.14534883720930233,12,5,Ductal basal
15222,8W_R2,8W,TCATGCCCACTTTATC-1,5146,2388,0.1554605518849592,7,2,Ductal basal
15228,8W_R2,8W,TCATGCCTCCCAAGTA-1,5169,2750,0.13542271232346684,25,9,Ductal basal
15230,8W_R2,8W,TCATGCCTCTTGAGCA-1,4153,2412,0.024078979051288224,22,8,Acinar basal
15231,8W_R2,8W,TCATGGAAGAGCCATG-1,1588,1186,0.06297229219143577,9,1,Ductular
15235,8W_R2,8W,TCATGGACACGTAGTT-1,1952,1129,0.15368852459016394,7,2,Ductal basal
15254,8W_R2,8W,TCATTACAGGAACGTC-1,11635,3957,0.13751611516974643,12,2,Ductal basal
15255,8W_R2,8W,TCATTACAGTCAATCC-1,12100,4303,0.0743801652892562,12,5,Ductal basal
15258,8W_R2,8W,TCATTACCAAATCAAG-1,3650,1912,0.136986301369863,9,1,Ductular
15265,8W_R2,8W,TCATTACGTCAGTTTG-1,2666,1738,0.037509377344336084,9,1,Ductular
15269,8W_R2,8W,TCATTACGTGGTATGG-1,2451,1514,0.12239902080783352,9,1,Ductular
15271,8W_R2,8W,TCATTACGTTGAGAGC-1,7169,3379,0.15343841539963735,24,3,Ductal suprabasal
15277,8W_R2,8W,TCATTCACAACTGCTA-1,7966,3089,0.12553351744915892,16,4,Orifice
15281,8W_R2,8W,TCATTCATCATAGCAC-1,9104,3319,0.08787346221441124,7,2,Ductal basal
15282,8W_R2,8W,TCATTCATCCCGAACG-1,8865,3602,0.05640157924421885,29,7,Differentiating meibocyte
15283,8W_R2,8W,TCATTCATCCGGTAAT-1,2575,1576,0.03883495145631068,9,1,Ductular
15287,8W_R2,8W,TCATTGTTCATCGCTC-1,2273,1449,0.13198416190057194,23,1,Ductular
15290,8W_R2,8W,TCATTTGAGAAGAACG-1,1438,1091,0.27816411682892905,22,8,Acinar basal
15291,8W_R2,8W,TCATTTGAGCGTGCTC-1,3939,2096,0.07616146230007616,5,0,Ductal basal
15292,8W_R2,8W,TCATTTGCAATTGCAC-1,5076,2403,0.09850275807722615,20,3,Ductal suprabasal
15293,8W_R2,8W,TCATTTGCACATATCG-1,3794,1862,0.28993147074327885,7,2,Ductal basal
15294,8W_R2,8W,TCATTTGGTGCCTTTC-1,5543,2414,0.19844849359552588,7,2,Ductal basal
15295,8W_R2,8W,TCATTTGGTGCTCGTG-1,5379,2483,0.055772448410485224,9,1,Ductular
15300,8W_R2,8W,TCCACCAAGGAACTCG-1,6267,3065,0.17552257858624543,5,0,Ductal basal
15301,8W_R2,8W,TCCACCAAGTGGTTCT-1,3537,2034,0.14136273678258413,9,1,Ductular
15303,8W_R2,8W,TCCACCAGTAGTGCGA-1,5978,2902,0.13382402141184344,9,1,Ductular
15304,8W_R2,8W,TCCACCATCCCTGTTG-1,6961,2943,0.05746300818847866,12,5,Ductal basal
15305,8W_R2,8W,TCCACCATCGAAGTGG-1,2846,1654,0.2459592410400562,12,5,Ductal basal
15307,8W_R2,8W,TCCACGTAGGGTCAAC-1,3552,2177,0.08445945945945946,9,1,Ductular
15310,8W_R2,8W,TCCACGTCAAAGACGC-1,6812,3159,0.6018790369935408,20,2,Ductal basal
15311,8W_R2,8W,TCCACGTCAACACGAG-1,7731,3365,0.0646746863277713,5,0,Ductal basal
15313,8W_R2,8W,TCCACGTCAACGTAAA-1,2921,1758,0.034234851078397806,10,0,Ductal basal
15314,8W_R2,8W,TCCACGTCAAGTCCAT-1,3576,1679,0.13982102908277405,7,2,Ductal basal
15315,8W_R2,8W,TCCACGTCACACACGC-1,7301,3355,0.12327078482399671,20,3,Ductal suprabasal
15318,8W_R2,8W,TCCACGTGTAACCAGG-1,2451,1568,0.1631986944104447,9,1,Ductular
15321,8W_R2,8W,TCCACGTGTGTATCCA-1,4021,2379,0.09947774185525989,20,3,Ductal suprabasal
15323,8W_R2,8W,TCCACGTTCGAGTCCG-1,3015,1735,0.1990049751243781,9,1,Ductular
15330,8W_R2,8W,TCCAGAAAGTAATCCC-1,3461,2044,0.08668015024559377,20,3,Ductal suprabasal
15331,8W_R2,8W,TCCAGAACAGCATGCC-1,6430,3077,0.1244167962674961,10,0,Ductal basal
15332,8W_R2,8W,TCCAGAAGTCGTCAGC-1,3839,1954,0.13024225058609012,23,1,Ductular
15339,8W_R2,8W,TCCATCGAGCATCTTG-1,3884,2184,0.051493305870236865,22,8,Acinar basal
15347,8W_R2,8W,TCCATCGTCGCTACGG-1,2083,1364,0.4320691310609697,16,4,Orifice
15350,8W_R2,8W,TCCATGCAGTGTTCAC-1,3401,1867,0.058806233460746836,20,3,Ductal suprabasal
15352,8W_R2,8W,TCCATGCCACATATCG-1,3998,2046,0.1500750375187594,23,1,Ductular
15355,8W_R2,8W,TCCATGCGTCGAGCTC-1,2805,1579,0.24955436720142604,35,10,Differentiated meibocyte
15359,8W_R2,8W,TCCCACAAGCTTCATG-1,4663,2568,1.6941882907999144,22,8,Acinar basal
15361,8W_R2,8W,TCCCACAAGGTATTGA-1,3363,1834,0.14867677668748142,12,5,Ductal basal
15366,8W_R2,8W,TCCCACAGTACATTGC-1,6895,2945,0.1740391588107324,5,0,Ductal basal
15377,8W_R2,8W,TCCCAGTCAGACGGAT-1,4836,2246,0.22746071133167908,7,2,Ductal basal
15385,8W_R2,8W,TCCCAGTTCCCTCTTT-1,5546,2494,0.09015506671474938,7,2,Ductal basal
15387,8W_R2,8W,TCCCAGTTCTGGGCGT-1,3425,1940,0.11678832116788322,10,6,Ductal basal
15394,8W_R2,8W,TCCCATGCAAGGGCAT-1,9092,3616,0.06599208095028597,12,5,Ductal basal
15415,8W_R2,8W,TCCGAAACACGCTTAA-1,9747,3965,0.05129783523135324,25,9,Ductal basal
15416,8W_R2,8W,TCCGAAACAGATAAAC-1,2526,1593,0.0395882818685669,24,3,Ductal suprabasal
15418,8W_R2,8W,TCCGAAATCTTCGACC-1,4057,2325,0.22183879714074442,5,0,Ductal basal
15419,8W_R2,8W,TCCGATCAGAATTTGG-1,1367,948,0.5852231163130944,35,7,Differentiating meibocyte
15421,8W_R2,8W,TCCGATCAGGTGATAT-1,2506,1567,0.11971268954509177,29,7,Differentiating meibocyte
15424,8W_R2,8W,TCCGATCCAAGGCTTT-1,8536,3589,0.10543580131208997,5,0,Ductal basal
15425,8W_R2,8W,TCCGATCCAAGTGTCT-1,2393,1550,0.1671541997492687,22,8,Acinar basal
15427,8W_R2,8W,TCCGATCGTTTGGGAG-1,2094,1308,0.09551098376313276,12,5,Ductal basal
15428,8W_R2,8W,TCCGATCTCTAGCATG-1,2249,1304,0.31124944419742107,23,1,Ductular
15436,8W_R2,8W,TCCGGGACACTACGGC-1,8841,3243,0.10179843909060061,16,4,Orifice
15440,8W_R2,8W,TCCGGGAGTTTCAGAC-1,2681,1710,0.14919806042521447,20,3,Ductal suprabasal
15445,8W_R2,8W,TCCGTGTCAATAGGGC-1,4982,2489,0.1806503412284223,10,5,Ductal basal
15446,8W_R2,8W,TCCGTGTCACAACGAG-1,3118,1963,0.09621552277100706,12,9,Ductal basal
15448,8W_R2,8W,TCCGTGTCACCACTGG-1,9839,3869,0.1219636141884338,12,5,Ductal basal
15450,8W_R2,8W,TCCGTGTGTTTGGAGG-1,9949,3863,0.17087144436626794,7,2,Ductal basal
15452,8W_R2,8W,TCCGTGTTCCTGCTAC-1,9237,3415,0.27065064414853307,29,7,Differentiating meibocyte
15454,8W_R2,8W,TCCTAATAGATGACCG-1,4152,2333,0.4094412331406551,22,8,Acinar basal
15455,8W_R2,8W,TCCTAATAGCATGCGA-1,5028,2581,0.13922036595067622,20,3,Ductal suprabasal
15456,8W_R2,8W,TCCTAATAGCTAAATG-1,877,664,0.34207525655644244,35,7,Differentiating meibocyte
15459,8W_R2,8W,TCCTAATCATAGATGA-1,2063,1218,0.4847309743092583,7,2,Ductal basal
15462,8W_R2,8W,TCCTAATGTAGTCGGA-1,1368,988,0.07309941520467836,9,8,Acinar basal
15463,8W_R2,8W,TCCTAATGTATGGTAA-1,5333,2668,0.09375585974123382,29,7,Differentiating meibocyte
15467,8W_R2,8W,TCCTAATTCAGTAGGG-1,1445,1034,0.34602076124567477,24,3,Ductal suprabasal
15472,8W_R2,8W,TCCTCCCAGCACCGTC-1,4903,2442,0.08158270446665307,29,7,Differentiating meibocyte
15473,8W_R2,8W,TCCTCCCAGCGTTGTT-1,2355,1465,0.16985138004246286,9,4,Orifice
15478,8W_R2,8W,TCCTCCCGTGCTTATG-1,3359,1978,0.14885382554331647,12,5,Ductal basal
15484,8W_R2,8W,TCCTCGACAACGTAAA-1,2034,1293,0.2949852507374631,29,7,Differentiating meibocyte
15487,8W_R2,8W,TCCTCGAGTGCCGTAC-1,2660,1577,0.07518796992481204,7,2,Ductal basal
15489,8W_R2,8W,TCCTCTTAGACCATGG-1,3649,1769,0.1918333790079474,7,2,Ductal basal
15491,8W_R2,8W,TCCTCTTAGCTGTTAC-1,5954,2789,0.16795431642593214,25,9,Ductal basal
15494,8W_R2,8W,TCCTCTTCATGGACAG-1,4232,2366,0.07088846880907373,12,5,Ductal basal
15495,8W_R2,8W,TCCTCTTGTTGGAGGT-1,6832,3180,0.13173302107728338,25,9,Ductal basal
15497,8W_R2,8W,TCCTGCAAGTCACTGT-1,3144,1802,0.19083969465648853,7,2,Ductal basal
15501,8W_R2,8W,TCCTGCATCACAGTGT-1,5419,2727,0.05536076766931168,12,5,Ductal basal
15502,8W_R2,8W,TCCTGCATCAGGTAAA-1,2195,1328,0.18223234624145787,35,7,Differentiating meibocyte
15503,8W_R2,8W,TCCTGCATCCACTGAA-1,9038,3753,0.22128789555211328,5,0,Ductal basal
15504,8W_R2,8W,TCCTTCTAGGCCCAAA-1,6184,3146,0.129366106080207,20,3,Ductal suprabasal
15506,8W_R2,8W,TCCTTCTCACAAAGTA-1,2804,1738,0.1783166904422254,20,3,Ductal suprabasal
15507,8W_R2,8W,TCCTTCTCACGCAGTC-1,2109,1320,0.1896633475580844,9,1,Ductular
15509,8W_R2,8W,TCCTTCTCAGTTGTCA-1,8840,2981,0.07918552036199095,7,6,Ductal basal
15510,8W_R2,8W,TCCTTCTCATGAGGGT-1,9543,4130,0.14670439065283453,22,8,Acinar basal
15512,8W_R2,8W,TCCTTCTGTCGGAAAC-1,4538,2722,0.5729396209784046,20,3,Ductal suprabasal
15515,8W_R2,8W,TCCTTTCAGAAACTGT-1,4261,2325,0.14081201595869514,20,3,Ductal suprabasal
15521,8W_R2,8W,TCCTTTCCACTGTGTA-1,4262,2217,0.09385265133740028,12,5,Ductal basal
15522,8W_R2,8W,TCCTTTCCAGCTGAGA-1,10567,4241,0.07570739093403993,5,5,Ductal basal
15523,8W_R2,8W,TCCTTTCCATTCACCC-1,10422,4127,0.07676069852235655,7,2,Ductal basal
15524,8W_R2,8W,TCCTTTCGTAAGTAGT-1,1316,871,0.9878419452887538,35,10,Differentiated meibocyte
15529,8W_R2,8W,TCGAACAGTATGAAAC-1,4218,2035,0.07112375533428165,35,7,Differentiating meibocyte
15537,8W_R2,8W,TCGAAGTGTGATACAA-1,2306,1436,0.21682567215958368,7,3,Ductal suprabasal
15539,8W_R2,8W,TCGAAGTGTGGGTTGA-1,3313,1918,0.09055236945366738,9,1,Ductular
15540,8W_R2,8W,TCGAAGTGTTAGAAGT-1,2636,1574,0.11380880121396054,7,2,Ductal basal
15541,8W_R2,8W,TCGAAGTGTTAGAGTA-1,5569,2724,0.1795654516071108,23,1,Ductular
15542,8W_R2,8W,TCGAAGTTCAAGCCCG-1,2714,1554,0.36845983787767134,24,3,Ductal suprabasal
15545,8W_R2,8W,TCGAAGTTCGCCGATG-1,8387,3817,0.08346250149040181,20,3,Ductal suprabasal
15546,8W_R2,8W,TCGAAGTTCTCTAAGG-1,4477,2362,0.02233638597274961,23,1,Ductular
15548,8W_R2,8W,TCGACCTAGGCCTAGA-1,4639,2535,0.06466910972192283,23,1,Ductular
15552,8W_R2,8W,TCGACCTGTGCAGTGA-1,5315,2470,0.11288805268109124,9,1,Ductular
15553,8W_R2,8W,TCGACCTTCTCTCGAC-1,6820,3023,0.11730205278592376,12,5,Ductal basal
15565,8W_R2,8W,TCGACGGTCAAACGAA-1,9972,3718,0.05014039310068191,16,4,Orifice
15568,8W_R2,8W,TCGACGGTCGGCGATC-1,4556,2413,0.08779631255487269,9,1,Ductular
15570,8W_R2,8W,TCGACGGTCTCAATCT-1,3345,1931,0.26905829596412556,10,2,Ductal basal
15571,8W_R2,8W,TCGATTTAGAACAAGG-1,3695,2138,0.10825439783491206,7,3,Ductal suprabasal
15578,8W_R2,8W,TCGATTTGTATCTCTT-1,6685,3173,0.08975317875841436,29,7,Differentiating meibocyte
15579,8W_R2,8W,TCGATTTTCATCGCTC-1,6324,2807,0.11068943706514865,24,3,Ductal suprabasal
15580,8W_R2,8W,TCGATTTTCTGGTGGC-1,3176,1823,0.12594458438287154,9,1,Ductular
15584,8W_R2,8W,TCGCACTCAAGCGCAA-1,1072,772,0.18656716417910446,9,1,Ductular
15586,8W_R2,8W,TCGCACTCACTGAGGA-1,961,702,0.0,9,1,Ductular
15587,8W_R2,8W,TCGCACTCAGAACGCA-1,10040,3328,0.0796812749003984,24,3,Ductal suprabasal
15588,8W_R2,8W,TCGCACTCATCATGAC-1,6865,3258,0.07283321194464676,25,9,Ductal basal
15591,8W_R2,8W,TCGCACTTCGAAGCCC-1,5266,2567,0.05696923661222939,9,1,Ductular
15598,8W_R2,8W,TCGCAGGTCATACGAC-1,3505,1948,0.05706134094151213,12,5,Ductal basal
15601,8W_R2,8W,TCGCAGGTCGTCGATA-1,3856,2094,0.07780082987551867,22,8,Acinar basal
15602,8W_R2,8W,TCGCAGGTCTCGAACA-1,4119,2302,0.12138868657441126,10,6,Ductal basal
15603,8W_R2,8W,TCGCTCAAGTAACGTA-1,3238,1975,0.0926497838171711,10,0,Ductal basal
15606,8W_R2,8W,TCGCTCACAGCGCTTG-1,3535,2026,0.11315417256011315,10,0,Ductal basal
15611,8W_R2,8W,TCGCTTGAGCCGTTAT-1,3640,1990,0.13736263736263737,12,5,Ductal basal
15616,8W_R2,8W,TCGCTTGCATCTGTTT-1,6719,2963,0.13394850424170263,16,4,Orifice
15617,8W_R2,8W,TCGCTTGGTCAAATCC-1,3105,1937,0.12882447665056362,23,1,Ductular
15621,8W_R2,8W,TCGCTTGTCCCTCTCC-1,6366,2809,0.07854225573358467,20,3,Ductal suprabasal
15623,8W_R2,8W,TCGCTTGTCTACGGGC-1,2990,1782,0.33444816053511706,16,4,Orifice
15624,8W_R2,8W,TCGGATAAGCGGGTTA-1,1197,866,0.2506265664160401,35,7,Differentiating meibocyte
15625,8W_R2,8W,TCGGATAAGTGATAGT-1,6216,2717,0.28957528957528955,20,3,Ductal suprabasal
15627,8W_R2,8W,TCGGATACAGCTCATA-1,6336,3141,0.14204545454545456,9,1,Ductular
15628,8W_R2,8W,TCGGATACATACAGCT-1,1935,1290,0.05167958656330749,20,3,Ductal suprabasal
15629,8W_R2,8W,TCGGATACATGGATCT-1,2163,1301,0.27739251040221913,12,4,Orifice
15630,8W_R2,8W,TCGGATACATTCATCT-1,4309,2330,0.0,16,1,Ductular
15633,8W_R2,8W,TCGGATAGTTGCTGAT-1,1122,792,0.4456327985739751,35,7,Differentiating meibocyte
15639,8W_R2,8W,TCGGGACCACTCCCTA-1,4747,2311,0.1474615546661049,20,3,Ductal suprabasal
15641,8W_R2,8W,TCGGGACTCATCCTGC-1,1781,1174,0.4491858506457047,9,1,Ductular
15645,8W_R2,8W,TCGGGCAAGTGTAGAT-1,4398,2520,0.18190086402910413,10,0,Ductal basal
15646,8W_R2,8W,TCGGGCACAGAGGACT-1,3549,1972,0.14088475626937164,23,1,Ductular
15648,8W_R2,8W,TCGGGCAGTCGACTTA-1,10592,4383,0.11329305135951663,20,3,Ductal suprabasal
15650,8W_R2,8W,TCGGGCATCATTGCTT-1,4430,2002,0.1580135440180587,7,2,Ductal basal
15663,8W_R2,8W,TCGGGTGGTTGTGCCG-1,4504,2478,0.8436944937833037,20,3,Ductal suprabasal
15669,8W_R2,8W,TCGTAGAAGGGCGAGA-1,2142,1403,0.18674136321195145,12,5,Ductal basal
15672,8W_R2,8W,TCGTAGACAGTCACGC-1,4595,2395,0.15233949945593037,7,2,Ductal basal
15674,8W_R2,8W,TCGTAGATCAAGTAAG-1,3675,1868,0.326530612244898,7,2,Ductal basal
15675,8W_R2,8W,TCGTAGATCATAGAGA-1,1007,724,0.0,9,1,Ductular
15680,8W_R2,8W,TCGTCCAAGCCGGATA-1,9573,4145,0.1462446464013371,29,7,Differentiating meibocyte
15681,8W_R2,8W,TCGTCCAAGCGTTAGG-1,1875,1239,0.16,16,4,Orifice
15684,8W_R2,8W,TCGTCCAAGTCCCAGC-1,3273,1752,0.061106018942865874,16,4,Orifice
15687,8W_R2,8W,TCGTCCACATCGGATT-1,3102,1807,0.16118633139909735,9,1,Ductular
15690,8W_R2,8W,TCGTCCATCCGGACTG-1,1976,1304,0.354251012145749,12,5,Ductal basal
15692,8W_R2,8W,TCGTGCTAGGTACAAT-1,2770,1571,0.2888086642599278,9,1,Ductular
15693,8W_R2,8W,TCGTGCTAGTAAACAC-1,4190,2207,0.0954653937947494,7,2,Ductal basal
15694,8W_R2,8W,TCGTGCTCAAGTGCAG-1,2018,1357,0.0,16,4,Orifice
15699,8W_R2,8W,TCGTGCTGTTCGGGTC-1,2595,1529,0.15414258188824664,23,1,Ductular
15704,8W_R2,8W,TCGTGGGCAACAAAGT-1,5143,2661,0.21388294769589733,12,5,Ductal basal
15706,8W_R2,8W,TCGTGGGCACTTCCTG-1,2113,1318,0.0,29,7,Differentiating meibocyte
15708,8W_R2,8W,TCGTGGGGTACGGTTT-1,2438,1571,0.20508613617719443,16,4,Orifice
15714,8W_R2,8W,TCTAACTAGAATAGTC-1,3904,2113,0.05122950819672131,10,0,Ductal basal
15717,8W_R2,8W,TCTAACTCAACGTTAC-1,9342,4090,0.09633911368015415,22,8,Acinar basal
15718,8W_R2,8W,TCTAACTCAATACGAA-1,5228,2818,0.07651109410864575,20,1,Ductular
15722,8W_R2,8W,TCTAACTGTAATCAAG-1,4149,2241,0.3856350927934442,20,3,Ductal suprabasal
15725,8W_R2,8W,TCTAACTGTTTCCATT-1,9567,4088,0.0836207797637713,9,1,Ductular
15726,8W_R2,8W,TCTAACTTCATGACAC-1,2809,1487,0.177999288002848,23,3,Ductal suprabasal
15736,8W_R2,8W,TCTACATGTTCGTTCC-1,2771,1613,0.07217610970768674,20,3,Ductal suprabasal
15740,8W_R2,8W,TCTACCGAGTAGGAAG-1,6736,3059,0.08907363420427554,7,2,Ductal basal
15752,8W_R2,8W,TCTATACCAAGTTGGG-1,3976,2303,0.17605633802816903,12,0,Ductal basal
15754,8W_R2,8W,TCTATACCAGCAGTCC-1,3019,1833,0.1987413050679033,9,1,Ductular
15756,8W_R2,8W,TCTATACGTAGCTCGC-1,1271,835,0.3147128245476003,35,7,Differentiating meibocyte
15764,8W_R2,8W,TCTATCAAGAAGATCT-1,1626,1071,0.24600246002460024,7,2,Ductal basal
15766,8W_R2,8W,TCTATCAAGTATGAGT-1,2988,1694,0.13386880856760375,23,1,Ductular
15767,8W_R2,8W,TCTATCAAGTCATGCT-1,1728,1115,0.11574074074074073,16,4,Orifice
15768,8W_R2,8W,TCTATCACAGAACTAA-1,1513,989,0.3304692663582287,7,2,Ductal basal
15770,8W_R2,8W,TCTATCATCGCCGAGT-1,7301,3249,0.041090261607998904,20,3,Ductal suprabasal
15771,8W_R2,8W,TCTATCATCGTGCAGC-1,1357,945,0.07369196757553427,29,7,Differentiating meibocyte
15777,8W_R2,8W,TCTCACGGTTCGTTCC-1,3415,2037,0.029282576866764276,20,3,Ductal suprabasal
15778,8W_R2,8W,TCTCACGTCCCTTGTG-1,1943,1308,0.1029336078229542,22,7,Differentiating meibocyte
15786,8W_R2,8W,TCTCAGCTCTATCACT-1,4410,2063,0.06802721088435373,7,2,Ductal basal
15787,8W_R2,8W,TCTCAGCTCTTTGCAT-1,3510,2135,0.11396011396011395,7,2,Ductal basal
15789,8W_R2,8W,TCTCCGAAGGTTGGTG-1,7525,3761,0.11960132890365448,25,9,Ductal basal
15791,8W_R2,8W,TCTCCGACAATTGGTC-1,1705,1213,0.3519061583577713,22,8,Acinar basal
15792,8W_R2,8W,TCTCCGACACAAATCC-1,8358,3282,0.1316104331179708,16,4,Orifice
15795,8W_R2,8W,TCTCCGAGTGTCCACG-1,4034,2399,0.1487357461576599,24,3,Ductal suprabasal
15797,8W_R2,8W,TCTCCGATCCGTAATG-1,6492,2935,0.09242144177449169,12,5,Ductal basal
15798,8W_R2,8W,TCTCCGATCCTCGCAT-1,1356,986,0.2949852507374631,23,1,Ductular
15799,8W_R2,8W,TCTCTGGAGACGCCAA-1,4242,2481,0.11786892975011788,20,3,Ductal suprabasal
15800,8W_R2,8W,TCTCTGGAGACGGAAA-1,3006,1842,0.2328675981370592,20,3,Ductal suprabasal
15801,8W_R2,8W,TCTCTGGAGGTAAGAG-1,3602,1888,0.2498611882287618,5,0,Ductal basal
15804,8W_R2,8W,TCTGCCAAGATACCAA-1,2054,1336,0.2921129503407984,9,1,Ductular
15816,8W_R2,8W,TCTGGCTAGTGGATTA-1,3281,1987,1.0362694300518136,10,0,Ductal basal
15817,8W_R2,8W,TCTGGCTAGTTCTCTT-1,5866,2920,0.11933174224343676,20,3,Ductal suprabasal
15820,8W_R2,8W,TCTGGCTGTCGTTCAA-1,1345,838,0.44609665427509293,35,7,Differentiating meibocyte
15828,8W_R2,8W,TCTGTCGTCAGCGTCG-1,3595,2046,0.16689847009735745,16,4,Orifice
15831,8W_R2,8W,TCTGTCGTCCGTAGGC-1,10897,3979,0.1743599155730935,12,0,Ductal basal
15833,8W_R2,8W,TCTTAGTAGCATTTGC-1,3715,2007,0.2691790040376851,20,3,Ductal suprabasal
15835,8W_R2,8W,TCTTAGTAGTAAGACT-1,2230,1481,0.17937219730941703,5,0,Ductal basal
15837,8W_R2,8W,TCTTAGTAGTGCTCAT-1,2635,1708,0.15180265654648956,5,2,Ductal basal
15841,8W_R2,8W,TCTTAGTGTGGCTTAT-1,5029,2816,0.0795386756810499,25,8,Acinar basal
15843,8W_R2,8W,TCTTAGTTCCGCACTT-1,3105,1696,0.0966183574879227,20,3,Ductal suprabasal
15845,8W_R2,8W,TCTTAGTTCTCCTACG-1,9078,4044,0.04406256884776382,20,9,Ductal basal
15850,8W_R2,8W,TCTTCCTGTAAGTAGT-1,3217,2019,0.031084861672365557,20,3,Ductal suprabasal
15861,8W_R2,8W,TCTTGCGTCTACGCGG-1,4232,2216,0.14177693761814747,24,3,Ductal suprabasal
15863,8W_R2,8W,TCTTTGAAGGGAGTTC-1,2286,1463,0.13123359580052493,10,0,Ductal basal
15867,8W_R2,8W,TCTTTGACAGAACATA-1,2744,1613,0.25510204081632654,5,0,Ductal basal
15868,8W_R2,8W,TCTTTGACAGACCAGA-1,2140,1377,0.23364485981308408,22,0,Ductal basal
15870,8W_R2,8W,TCTTTGAGTAAGTAGT-1,3712,2086,0.13469827586206898,12,5,Ductal basal
15873,8W_R2,8W,TCTTTGAGTGCCGTTG-1,4684,2546,0.1067463706233988,5,0,Ductal basal
15885,8W_R2,8W,TGAATCGCAACGTAAA-1,5314,2879,0.13172751223184043,9,1,Ductular
15886,8W_R2,8W,TGAATCGCAATCTCGA-1,4260,2232,0.07042253521126761,12,5,Ductal basal
15891,8W_R2,8W,TGAATCGTCAGTGGGA-1,4652,2449,0.04299226139294927,24,3,Ductal suprabasal
15892,8W_R2,8W,TGAATCGTCGATTCCC-1,1467,1047,0.136332651670075,22,7,Differentiating meibocyte
15895,8W_R2,8W,TGAATGCCACACCAGC-1,3144,1860,0.22264631043256997,9,1,Ductular
15898,8W_R2,8W,TGAATGCGTAAGGCTG-1,3718,2000,0.05379236148466917,23,1,Ductular
15899,8W_R2,8W,TGAATGCGTTAGGAGC-1,4377,2506,0.09138679460817913,10,0,Ductal basal
15904,8W_R2,8W,TGACAGTAGGCTAACG-1,3720,2125,0.43010752688172044,9,1,Ductular
15906,8W_R2,8W,TGACAGTCATAATCGC-1,3331,1705,0.18012608826178325,23,1,Ductular
15910,8W_R2,8W,TGACAGTGTGCGGTAA-1,1861,1219,0.2686727565824825,10,5,Ductal basal
15911,8W_R2,8W,TGACAGTTCACTCCGT-1,4593,2129,0.08708904855214457,35,10,Differentiated meibocyte
15915,8W_R2,8W,TGACCCTAGTTCTCTT-1,7210,3355,0.06934812760055478,20,2,Ductal basal
15919,8W_R2,8W,TGACCCTCAGAATCGG-1,4246,2160,0.30617051342439944,9,1,Ductular
15920,8W_R2,8W,TGACCCTCAGCCGTTG-1,3617,1762,0.4423555432679016,23,3,Ductal suprabasal
15923,8W_R2,8W,TGACCCTGTTCGTAAC-1,2970,1614,0.03367003367003367,12,5,Ductal basal
15924,8W_R2,8W,TGACCCTGTTGGGATG-1,4252,2079,0.2116650987770461,7,2,Ductal basal
15926,8W_R2,8W,TGACCCTTCTGTCCGT-1,10934,4127,0.03658313517468447,9,1,Ductular
15927,8W_R2,8W,TGACGCGAGACTGTTC-1,5050,2211,0.1386138613861386,7,2,Ductal basal
15936,8W_R2,8W,TGACGCGCACAGACGA-1,6428,2781,0.0777846919726198,20,3,Ductal suprabasal
15941,8W_R2,8W,TGACGCGTCGGAATTC-1,5341,2794,0.1872308556450103,24,3,Ductal suprabasal
15944,8W_R2,8W,TGACTCCAGATTGCGG-1,9605,4024,0.062467464862051014,24,3,Ductal suprabasal
15948,8W_R2,8W,TGACTCCGTGCATGAG-1,6897,3316,0.04349717268377556,22,8,Acinar basal
15950,8W_R2,8W,TGACTCCGTTCTCCAC-1,8871,3572,0.12399954909254876,24,3,Ductal suprabasal
15953,8W_R2,8W,TGACTCCTCGCTTGCT-1,12062,4231,0.1077764881445863,29,7,Differentiating meibocyte
15956,8W_R2,8W,TGAGACTAGGTCGAGT-1,5087,2548,0.09828975820719481,5,0,Ductal basal
15959,8W_R2,8W,TGAGACTGTCCTTTGC-1,6868,3306,0.17472335468841002,5,0,Ductal basal
15965,8W_R2,8W,TGAGACTTCGGCCCAA-1,5067,2652,0.1381488059996053,20,3,Ductal suprabasal
15968,8W_R2,8W,TGAGCATAGACATAGT-1,3234,1907,0.1855287569573284,23,1,Ductular
15974,8W_R2,8W,TGAGCATGTGAGTAGC-1,4689,2274,0.2559181062060141,12,5,Ductal basal
15977,8W_R2,8W,TGAGCATTCAATCCGA-1,5978,2844,0.06691201070592172,10,0,Ductal basal
15980,8W_R2,8W,TGAGCGCAGGAAACGA-1,7618,3589,0.09188763454975059,25,9,Ductal basal
15986,8W_R2,8W,TGAGCGCGTATGACAA-1,3557,2178,0.1405678942929435,29,7,Differentiating meibocyte
15991,8W_R2,8W,TGAGCGCTCACGGGAA-1,7797,3614,0.05130178273695011,20,3,Ductal suprabasal
15995,8W_R2,8W,TGAGGAGAGCGCTTCG-1,5714,2772,0.1225061253062653,25,9,Ductal basal
16000,8W_R2,8W,TGAGGAGCACTAACCA-1,12751,4408,0.44702376284213,5,0,Ductal basal
16004,8W_R2,8W,TGAGGAGGTCTGTGCG-1,2757,1760,0.18135654697134565,9,1,Ductular
16007,8W_R2,8W,TGAGGAGGTTGCTCGG-1,2783,1607,0.1437297879985627,5,0,Ductal basal
16008,8W_R2,8W,TGAGGAGTCCACTTTA-1,1305,863,0.6896551724137931,7,2,Ductal basal
16009,8W_R2,8W,TGAGGAGTCCCGAGAC-1,2966,1893,0.033715441672285906,9,1,Ductular
16010,8W_R2,8W,TGAGGAGTCCTGCTAC-1,2145,1385,0.27972027972027974,9,1,Ductular
16011,8W_R2,8W,TGAGGAGTCGGCTTGG-1,10738,4487,0.1303780964797914,25,9,Ductal basal
16012,8W_R2,8W,TGAGGAGTCTTGTGCC-1,2271,1427,0.22016732716864817,9,1,Ductular
16014,8W_R2,8W,TGAGGGAAGACTCATC-1,4017,2045,0.14936519790888725,23,3,Ductal suprabasal
16019,8W_R2,8W,TGAGGGAGTCTCGGAC-1,4825,2318,0.16580310880829016,12,5,Ductal basal
16025,8W_R2,8W,TGAGGGATCTCCGAGG-1,4290,2224,0.2331002331002331,7,2,Ductal basal
16026,8W_R2,8W,TGAGGGATCTGCTTAT-1,4992,2720,0.02003205128205128,22,8,Acinar basal
16029,8W_R2,8W,TGAGGTTAGCACTGGA-1,1104,767,0.09057971014492754,35,10,Differentiated meibocyte
16030,8W_R2,8W,TGAGGTTAGCGGGTAT-1,4086,2068,0.09789525208027411,10,6,Ductal basal
16031,8W_R2,8W,TGAGGTTAGTCAATCC-1,1799,1236,0.27793218454697055,22,8,Acinar basal
16034,8W_R2,8W,TGAGGTTCACCAGCGT-1,2778,1743,0.14398848092152627,16,4,Orifice
16036,8W_R2,8W,TGAGGTTGTGACACGA-1,3819,2282,0.15710919088766695,25,9,Ductal basal
16037,8W_R2,8W,TGAGGTTGTGTGTCGC-1,3261,1892,0.12266176019625882,22,8,Acinar basal
16038,8W_R2,8W,TGAGGTTTCAAGTGTC-1,1690,1070,1.7159763313609466,7,0,Ductal basal
16039,8W_R2,8W,TGAGGTTTCTCATAGG-1,4095,2333,0.07326007326007326,20,3,Ductal suprabasal
16053,8W_R2,8W,TGATCAGAGCAACTTC-1,4408,2401,0.13611615245009073,9,1,Ductular
16054,8W_R2,8W,TGATCAGAGTACGAGC-1,6531,2829,0.045934772622875514,35,7,Differentiating meibocyte
16060,8W_R2,8W,TGATCAGGTTCTTGTT-1,3181,1894,0.31436655139893116,20,3,Ductal suprabasal
16063,8W_R2,8W,TGATCTTAGTAGGATT-1,5676,2791,0.10570824524312897,10,0,Ductal basal
16068,8W_R2,8W,TGATCTTCATAGCTGT-1,10532,4156,0.2563615647550323,22,2,Ductal basal
16070,8W_R2,8W,TGATCTTGTACGCTTA-1,4338,2282,0.04610419548178884,7,2,Ductal basal
16071,8W_R2,8W,TGATCTTGTGGCCACT-1,6065,2901,0.09892827699917561,23,1,Ductular
16072,8W_R2,8W,TGATCTTGTGGGACAT-1,1838,1271,0.2720348204570185,20,3,Ductal suprabasal
16073,8W_R2,8W,TGATCTTGTGTTTCTT-1,3538,2128,0.02826455624646693,5,0,Ductal basal
16074,8W_R2,8W,TGATCTTGTTAAGCAA-1,6782,3228,0.11795930404010617,25,9,Ductal basal
16076,8W_R2,8W,TGATCTTTCTAACGGT-1,5470,2854,0.14625228519195613,20,3,Ductal suprabasal
16077,8W_R2,8W,TGATCTTTCTCTTAAC-1,4831,2500,0.04139929621196439,10,0,Ductal basal
16086,8W_R2,8W,TGATGCAGTGGTAATA-1,4965,2761,0.16112789526686808,20,3,Ductal suprabasal
16091,8W_R2,8W,TGATGCATCGGAGCAA-1,11021,3617,0.38109064513202073,7,2,Ductal basal
16093,8W_R2,8W,TGATGGTCACAGCTGC-1,5632,2668,0.05326704545454545,10,6,Ductal basal
16096,8W_R2,8W,TGATGGTCATGATAGA-1,5812,2824,0.1548520302821748,5,0,Ductal basal
16098,8W_R2,8W,TGATGGTGTATCGATC-1,3194,1879,0.28177833437695676,22,3,Ductal suprabasal
16105,8W_R2,8W,TGATTCTAGGTCGACA-1,4267,2147,0.04687133817670495,12,5,Ductal basal
16112,8W_R2,8W,TGATTCTTCCCTCGAT-1,2145,1435,0.13986013986013987,10,0,Ductal basal
16116,8W_R2,8W,TGATTTCAGTGGATTA-1,6165,3056,0.032441200324412,22,8,Acinar basal
16117,8W_R2,8W,TGATTTCCACTGGAAG-1,2268,1378,0.26455026455026454,9,1,Ductular
16120,8W_R2,8W,TGATTTCGTCTACGTA-1,10393,4323,0.0769748869431348,20,3,Ductal suprabasal
16126,8W_R2,8W,TGCACGGCACAGTATC-1,3718,2060,0.37654653039268426,10,0,Ductal basal
16127,8W_R2,8W,TGCACGGCATTCTCTA-1,2757,1645,0.2176278563656148,23,1,Ductular
16132,8W_R2,8W,TGCAGATAGAAGCTCG-1,6957,3320,0.2012361650136553,22,8,Acinar basal
16136,8W_R2,8W,TGCAGATCACGGCCAT-1,4047,2375,0.024709661477637757,20,3,Ductal suprabasal
16143,8W_R2,8W,TGCAGATTCTAAACGC-1,1445,1015,0.27681660899653976,12,5,Ductal basal
16149,8W_R2,8W,TGCAGGCGTGGTAACG-1,1067,802,0.09372071227741331,20,3,Ductal suprabasal
16156,8W_R2,8W,TGCAGTAAGTAGGAAG-1,2470,1542,0.2834008097165992,16,4,Orifice
16158,8W_R2,8W,TGCAGTACAAGAATAC-1,4295,2154,0.09313154831199069,16,4,Orifice
16161,8W_R2,8W,TGCAGTAGTACCCGAC-1,3487,2066,0.11471178663607685,9,1,Ductular
16166,8W_R2,8W,TGCAGTATCCAAGCTA-1,1242,874,0.0,29,7,Differentiating meibocyte
16168,8W_R2,8W,TGCATCCAGCCTGAAG-1,2721,1627,0.1470047776552738,9,1,Ductular
16173,8W_R2,8W,TGCATCCCAGTGCGCT-1,4136,2293,0.12088974854932302,9,1,Ductular
16177,8W_R2,8W,TGCATCCGTGACAGCA-1,5356,2537,0.16803584764749813,16,4,Orifice
16178,8W_R2,8W,TGCATCCGTGTCGCTG-1,5159,2349,0.09691800736576855,7,2,Ductal basal
16180,8W_R2,8W,TGCATCCTCATTCGGA-1,10604,4018,0.06601282534892493,12,5,Ductal basal
16184,8W_R2,8W,TGCATGAAGGATACCG-1,5209,2182,0.1919754271453254,24,3,Ductal suprabasal
16185,8W_R2,8W,TGCATGAAGGTTACCT-1,8381,3306,0.011931750387781888,25,3,Ductal suprabasal
16187,8W_R2,8W,TGCATGAGTAAGTTAG-1,3640,2142,0.19230769230769232,10,0,Ductal basal
16188,8W_R2,8W,TGCATGAGTCAGTTTG-1,5669,2949,0.21167754454048332,5,0,Ductal basal
16191,8W_R2,8W,TGCCGAGAGACCGTTT-1,7191,3343,0.09734390209984703,10,0,Ductal basal
16193,8W_R2,8W,TGCCGAGAGGCAATGC-1,5200,2430,0.19230769230769232,7,2,Ductal basal
16194,8W_R2,8W,TGCCGAGAGGCGTCCT-1,2785,1569,0.5026929982046678,7,0,Ductal basal
16197,8W_R2,8W,TGCCGAGGTTAAGGAT-1,3944,2022,0.07606490872210953,7,2,Ductal basal
16198,8W_R2,8W,TGCCGAGTCAATCGGT-1,3138,1938,0.19120458891013384,22,7,Differentiating meibocyte
16201,8W_R2,8W,TGCGACGAGGGCAGGA-1,5779,2964,0.207648382073023,24,1,Ductular
16219,8W_R2,8W,TGCGATAGTGTGAATA-1,8348,3832,0.15572592237661714,22,8,Acinar basal
16224,8W_R2,8W,TGCGGCAAGAATAACC-1,1520,1039,0.39473684210526316,29,7,Differentiating meibocyte
16229,8W_R2,8W,TGCGGCACATTCGGGC-1,8725,3767,0.06876790830945559,10,6,Ductal basal
16230,8W_R2,8W,TGCGGCAGTCTCAGGC-1,7012,3537,0.057045065601825436,29,7,Differentiating meibocyte
16231,8W_R2,8W,TGCGGCATCAGCAGAG-1,1465,980,0.20477815699658702,23,1,Ductular
16234,8W_R2,8W,TGCGGCATCGTTAGTG-1,9204,4048,0.2824858757062147,25,9,Ductal basal
16237,8W_R2,8W,TGCGGGTAGGACTATA-1,5680,3008,0.07042253521126761,22,8,Acinar basal
16242,8W_R2,8W,TGCGGGTGTAGTTCCA-1,3043,1854,0.26289845547157414,12,5,Ductal basal
16247,8W_R2,8W,TGCTCCAAGAACTTCC-1,10843,4460,0.0737803190998801,25,9,Ductal basal
16251,8W_R2,8W,TGCTCCACAGGATGAC-1,10581,3976,0.11341083073433512,12,5,Ductal basal
16253,8W_R2,8W,TGCTCCAGTGACTATC-1,6946,3494,0.08638065073423554,20,9,Ductal basal
16254,8W_R2,8W,TGCTCCAGTTATCTTC-1,4398,2361,0.11368804001819009,9,1,Ductular
16257,8W_R2,8W,TGCTCCATCCGTGTCT-1,3492,1996,0.1718213058419244,5,0,Ductal basal
16259,8W_R2,8W,TGCTCGTAGAAGCTGC-1,6875,2897,0.08727272727272728,16,4,Orifice
16260,8W_R2,8W,TGCTCGTAGATGGTCG-1,11847,4197,0.07596859964547988,25,9,Ductal basal
16269,8W_R2,8W,TGCTCGTGTGAAAGTT-1,1454,983,0.1375515818431912,29,7,Differentiating meibocyte
16271,8W_R2,8W,TGCTCGTTCAATCCAG-1,1457,1027,0.27453671928620454,25,9,Ductal basal
16274,8W_R2,8W,TGCTGAAAGATGGTAT-1,3349,1825,0.41803523439832785,16,4,Orifice
16277,8W_R2,8W,TGCTGAAGTGATAGTA-1,7134,3340,0.16820857863751051,5,0,Ductal basal
16278,8W_R2,8W,TGCTGAAGTTGGCTAT-1,4537,2370,0.04408199250606128,22,8,Acinar basal
16283,8W_R2,8W,TGCTTCGAGGCCATAG-1,4113,2221,0.09725261366399222,12,5,Ductal basal
16287,8W_R2,8W,TGCTTCGCATTGGGAG-1,3290,1615,0.182370820668693,7,2,Ductal basal
16289,8W_R2,8W,TGCTTCGGTCATTGCA-1,2781,1740,0.17979144192736426,10,6,Ductal basal
16292,8W_R2,8W,TGCTTGCCAAGCCATT-1,8699,3385,0.16093803885504082,12,5,Ductal basal
16296,8W_R2,8W,TGCTTGCGTAGCTTAC-1,9156,4171,0.1310615989515072,25,9,Ductal basal
16298,8W_R2,8W,TGCTTGCGTCAGGCAA-1,2275,1478,0.3516483516483516,10,2,Ductal basal
16299,8W_R2,8W,TGCTTGCGTCTGTCCT-1,4972,2730,0.08045052292839903,5,0,Ductal basal
16301,8W_R2,8W,TGCTTGCTCCATTGTT-1,4971,2099,0.06035003017501509,23,1,Ductular
16303,8W_R2,8W,TGGAACTAGATGTAGT-1,3746,2225,0.2402562733582488,12,5,Ductal basal
16304,8W_R2,8W,TGGAACTAGTCTTGGT-1,10323,4057,0.11624527753560013,5,0,Ductal basal
16305,8W_R2,8W,TGGAACTAGTTCCAGT-1,3795,2210,0.07905138339920949,22,8,Acinar basal
16307,8W_R2,8W,TGGAACTCATAGGCGA-1,4665,2404,0.15005359056806003,10,6,Ductal basal
16313,8W_R2,8W,TGGAACTTCGGCTGTG-1,3466,1852,0.17311021350259664,12,5,Ductal basal
16315,8W_R2,8W,TGGAGAGAGCTCACTA-1,3998,2140,0.10005002501250625,9,1,Ductular
16321,8W_R2,8W,TGGAGAGGTCCCGCAA-1,2264,1490,0.17667844522968199,5,2,Ductal basal
16324,8W_R2,8W,TGGAGAGTCAGGAACG-1,2396,1515,0.1669449081803005,5,0,Ductal basal
16328,8W_R2,8W,TGGAGGACAAGTGCAG-1,2550,1783,0.2352941176470588,20,3,Ductal suprabasal
16331,8W_R2,8W,TGGAGGAGTCGAGCAA-1,5286,2994,0.11350737797956867,5,0,Ductal basal
16334,8W_R2,8W,TGGAGGAGTTACGTAC-1,4854,2235,0.16481252575195715,29,7,Differentiating meibocyte
16338,8W_R2,8W,TGGAGGATCTTCACGC-1,2398,1475,0.041701417848206836,7,2,Ductal basal
16339,8W_R2,8W,TGGATCAAGATACTGA-1,2195,1487,0.1366742596810934,23,1,Ductular
16340,8W_R2,8W,TGGATCAAGCCAAGGT-1,7793,3763,0.05132811497497754,22,8,Acinar basal
16342,8W_R2,8W,TGGATCAAGTCCGCCA-1,4926,2676,0.06090133982947624,10,0,Ductal basal
16343,8W_R2,8W,TGGATCAAGTGGAAAG-1,3808,2153,0.026260504201680673,12,5,Ductal basal
16347,8W_R2,8W,TGGATCATCTTGGTGA-1,5242,2429,0.22892025944296068,29,7,Differentiating meibocyte
16350,8W_R2,8W,TGGATGTCACGTACAT-1,6000,2684,0.26666666666666666,12,1,Ductular
16353,8W_R2,8W,TGGATGTCAGGACAGT-1,2932,1781,0.20463847203274216,10,2,Ductal basal
16355,8W_R2,8W,TGGATGTCATCCTCAC-1,8145,3386,0.08594229588704727,10,0,Ductal basal
16365,8W_R2,8W,TGGCGTGCACGGGTAA-1,5986,2642,0.0835282325425994,12,5,Ductal basal
16368,8W_R2,8W,TGGCGTGTCGCAGTCG-1,2441,1552,0.1638672675133142,9,1,Ductular
16369,8W_R2,8W,TGGGAAGAGAAGAACG-1,4316,2555,0.18535681186283595,5,0,Ductal basal
16375,8W_R2,8W,TGGGAAGCAAATTAGG-1,12515,4382,0.03196164602477027,23,1,Ductular
16379,8W_R2,8W,TGGGAAGCATTGCAAC-1,1848,1188,0.4329004329004329,22,8,Acinar basal
16382,8W_R2,8W,TGGGAAGTCCCTCTAG-1,3075,1933,0.13008130081300812,9,3,Ductal suprabasal
16384,8W_R2,8W,TGGGAAGTCGCGTAGC-1,2027,1336,0.1480019733596448,16,4,Orifice
16387,8W_R2,8W,TGGGAGAAGTTGCATC-1,5727,2867,0.10476689366160294,22,8,Acinar basal
16393,8W_R2,8W,TGGGAGATCACTTTGT-1,3126,1915,0.03198976327575176,10,6,Ductal basal
16400,8W_R2,8W,TGGGATTAGTCCGCGT-1,6595,2661,0.06065200909780137,29,7,Differentiating meibocyte
16401,8W_R2,8W,TGGGATTCAAACACGG-1,8829,3883,0.06795786612300374,20,8,Acinar basal
16403,8W_R2,8W,TGGGATTCACCTGCAG-1,8626,3345,0.1623000231857176,5,0,Ductal basal
16408,8W_R2,8W,TGGGATTGTCCTACAA-1,2204,1434,0.13611615245009073,7,2,Ductal basal
16412,8W_R2,8W,TGGGCGTAGCAGCCCT-1,11624,4094,0.06882312456985547,12,5,Ductal basal
16414,8W_R2,8W,TGGGCGTAGGAAAGAC-1,5350,3003,0.1869158878504673,7,2,Ductal basal
16417,8W_R2,8W,TGGGCGTCAACACAGG-1,11575,4266,0.09503239740820735,9,5,Ductal basal
16425,8W_R2,8W,TGGGCGTTCTTTCGAT-1,1656,1159,0.6038647342995169,20,3,Ductal suprabasal
16428,8W_R2,8W,TGGGCTGCAGTATTCG-1,2348,1463,0.08517887563884156,20,3,Ductal suprabasal
16431,8W_R2,8W,TGGGCTGGTTATGGTC-1,2249,1381,0.31124944419742107,5,0,Ductal basal
16432,8W_R2,8W,TGGGCTGTCAGCTCTC-1,4337,2607,0.2536315425409269,5,0,Ductal basal
16434,8W_R2,8W,TGGGCTGTCGATGCAT-1,5078,2655,0.07877116975187082,16,4,Orifice
16439,8W_R2,8W,TGGGTTAAGGTCATCT-1,2187,1308,0.09144947416552354,35,7,Differentiating meibocyte
16441,8W_R2,8W,TGGGTTACATAGGCGA-1,3918,2252,0.1276161306789178,10,6,Ductal basal
16451,8W_R2,8W,TGGTACAAGCCGATCC-1,6352,3110,0.12594458438287154,22,8,Acinar basal
16454,8W_R2,8W,TGGTACACATCGTGGC-1,7923,3612,0.2019437081913417,10,0,Ductal basal
16455,8W_R2,8W,TGGTACACATCTTAGG-1,3806,1959,0.05254860746190226,7,2,Ductal basal
16456,8W_R2,8W,TGGTACAGTCGAATGG-1,4454,2475,0.08980691513246519,5,0,Ductal basal
16457,8W_R2,8W,TGGTACAGTTTAGTCG-1,3804,2189,0.15772870662460567,5,0,Ductal basal
16461,8W_R2,8W,TGGTAGTAGGTCCCTG-1,4434,2565,0.02255299954894001,5,0,Ductal basal
16462,8W_R2,8W,TGGTAGTCAAGGTCAG-1,2172,1399,0.09208103130755065,9,1,Ductular
16466,8W_R2,8W,TGGTGATCACACCGCA-1,4244,2172,0.0942507068803016,7,2,Ductal basal
16473,8W_R2,8W,TGGTTAGCATCCGATA-1,2267,1347,0.2646669607410675,29,7,Differentiating meibocyte
16476,8W_R2,8W,TGGTTAGGTTGGTAGG-1,2852,1613,0.2805049088359046,16,4,Orifice
16477,8W_R2,8W,TGGTTAGTCCATTGCC-1,3557,1998,0.08434073657576609,12,5,Ductal basal
16480,8W_R2,8W,TGGTTAGTCTGACGCG-1,4926,2391,0.06090133982947624,9,4,Orifice
16481,8W_R2,8W,TGTAACGAGAGGTTAT-1,3563,2001,0.08419870895312938,12,5,Ductal basal
16484,8W_R2,8W,TGTAACGAGCTGTGCC-1,3368,2020,0.11876484560570072,9,1,Ductular
16486,8W_R2,8W,TGTAACGAGTAGGAAG-1,2941,1953,0.3060183611016661,22,8,Acinar basal
16489,8W_R2,8W,TGTAACGCACTACTTT-1,2014,1233,0.3972194637537239,12,5,Ductal basal
16490,8W_R2,8W,TGTAACGGTAGTCTGT-1,4093,2301,0.024431956999755682,24,3,Ductal suprabasal
16491,8W_R2,8W,TGTAACGGTGATAGAT-1,3760,2083,0.18617021276595747,9,1,Ductular
16496,8W_R2,8W,TGTAAGCCAGCGTTGC-1,7262,3181,0.16524373450839988,23,2,Ductal basal
16497,8W_R2,8W,TGTAAGCGTGGATCGA-1,4928,2509,0.3043831168831169,5,0,Ductal basal
16502,8W_R2,8W,TGTACAGCAGCTGTGC-1,3446,1987,0.8705745792222866,24,3,Ductal suprabasal
16503,8W_R2,8W,TGTACAGCAGGAGGAG-1,1928,1200,0.2074688796680498,7,2,Ductal basal
16518,8W_R2,8W,TGTAGACTCTCCTGAC-1,4061,2266,0.12312238364934745,5,0,Ductal basal
16521,8W_R2,8W,TGTCAGAAGAGCGACT-1,3456,2022,0.11574074074074073,25,9,Ductal basal
16528,8W_R2,8W,TGTCAGAGTGCACAAG-1,3377,1851,0.23689665383476458,9,1,Ductular
16534,8W_R2,8W,TGTCCACCAATGGGTG-1,3075,1790,0.1951219512195122,7,2,Ductal basal
16537,8W_R2,8W,TGTCCACGTATCTCGA-1,1052,738,0.38022813688212925,35,10,Differentiated meibocyte
16538,8W_R2,8W,TGTCCACGTGAAAGTT-1,8848,3316,0.06781193490054249,16,4,Orifice
16544,8W_R2,8W,TGTCCCAAGTATAGAC-1,3465,1884,0.08658008658008658,16,4,Orifice
16545,8W_R2,8W,TGTCCCACAGGCTACC-1,8392,3986,0.13107721639656816,25,9,Ductal basal
16549,8W_R2,8W,TGTCCTGGTACAGGTG-1,10431,4019,0.019173617102866455,25,9,Ductal basal
16551,8W_R2,8W,TGTCCTGTCTTTGGAG-1,3735,2082,0.29451137884872824,20,3,Ductal suprabasal
16558,8W_R2,8W,TGTGAGTGTGAACCGA-1,6966,3221,0.11484352569623889,5,0,Ductal basal
16560,8W_R2,8W,TGTGATGAGACCAGCA-1,4124,2328,0.1454898157129001,20,3,Ductal suprabasal
16567,8W_R2,8W,TGTGATGCAGAATCGG-1,2800,1644,0.17857142857142858,7,2,Ductal basal
16568,8W_R2,8W,TGTGATGCATGACGTT-1,7333,3168,0.09545888449474976,12,5,Ductal basal
16577,8W_R2,8W,TGTGCGGAGGTCGTCC-1,6053,2884,0.04956220056170494,29,7,Differentiating meibocyte
16579,8W_R2,8W,TGTGCGGCAATCCTTT-1,2675,1668,0.1869158878504673,5,0,Ductal basal
16581,8W_R2,8W,TGTGCGGCACGAGAAC-1,2884,1617,0.3120665742024965,10,2,Ductal basal
16586,8W_R2,8W,TGTGCGGTCACCTCAC-1,4662,2515,0.15015015015015015,5,0,Ductal basal
16588,8W_R2,8W,TGTGCGGTCAGGACGA-1,1431,995,0.2795248078266946,20,3,Ductal suprabasal
16598,8W_R2,8W,TGTGGCGTCTGTACAG-1,2645,1762,0.15122873345935728,20,3,Ductal suprabasal
16599,8W_R2,8W,TGTGGCGTCTTCCAGC-1,4711,2230,0.19104224156230099,7,2,Ductal basal
16601,8W_R2,8W,TGTGTGAAGAATTTGG-1,7684,3568,0.039042165538781884,22,3,Ductal suprabasal
16605,8W_R2,8W,TGTGTGAAGTTACGAA-1,7266,3252,0.13762730525736308,12,1,Ductular
16608,8W_R2,8W,TGTGTGACAGAACTCT-1,6052,2771,0.11566424322538005,23,1,Ductular
16612,8W_R2,8W,TGTGTGAGTCCCTAAA-1,1876,1231,0.15991471215351813,16,4,Orifice
16615,8W_R2,8W,TGTGTGAGTTGCGGAA-1,10687,4246,0.06550014035744363,5,0,Ductal basal
16622,8W_R2,8W,TGTTACTCAGCACAGA-1,1794,1088,0.11148272017837235,7,2,Ductal basal
16627,8W_R2,8W,TGTTACTGTCTTCAAG-1,3912,1972,0.1278118609406953,7,2,Ductal basal
16628,8W_R2,8W,TGTTACTGTGATTCAC-1,8015,3683,0.11228945726762321,12,5,Ductal basal
16629,8W_R2,8W,TGTTACTGTGCCTATA-1,3497,1949,0.17157563625965114,12,5,Ductal basal
16636,8W_R2,8W,TGTTCATCAGAATTCC-1,3540,1983,0.11299435028248588,12,1,Ductular
16640,8W_R2,8W,TGTTCATGTAGGCTGA-1,3431,1879,0.1457301078402798,23,1,Ductular
16641,8W_R2,8W,TGTTCATGTCCAGAAG-1,5105,2688,0.11753183153770813,22,8,Acinar basal
16642,8W_R2,8W,TGTTCATGTGGAACCA-1,5290,2660,0.13232514177693763,5,0,Ductal basal
16643,8W_R2,8W,TGTTCATGTTGGTACT-1,2238,1317,0.22341376228775692,7,2,Ductal basal
16645,8W_R2,8W,TGTTCCGAGAACCGCA-1,7052,3176,0.07090187180941576,7,2,Ductal basal
16647,8W_R2,8W,TGTTCCGAGCACTAGG-1,2865,1787,0.24432809773123912,20,3,Ductal suprabasal
16656,8W_R2,8W,TGTTCCGGTTAGCTAC-1,4957,2399,0.0806939681258826,23,1,Ductular
16660,8W_R2,8W,TGTTCCGTCGTGCATA-1,2252,1396,0.2220248667850799,5,0,Ductal basal
16665,8W_R2,8W,TGTTCTACACAACCGC-1,3363,1945,0.0,23,1,Ductular
16666,8W_R2,8W,TGTTCTAGTAGAGACC-1,10093,4164,0.049539284652729616,5,0,Ductal basal
16672,8W_R2,8W,TGTTGAGAGAAGCTCG-1,6299,3326,0.07937767899666613,7,2,Ductal basal
16684,8W_R2,8W,TGTTGGACAGGCAATG-1,2496,1477,0.1201923076923077,23,1,Ductular
16685,8W_R2,8W,TGTTGGACATATGAAG-1,4200,2507,0.30952380952380953,22,8,Acinar basal
16690,8W_R2,8W,TGTTGGATCTTCCGTG-1,2922,1799,0.2737850787132101,10,6,Ductal basal
16692,8W_R2,8W,TGTTTGTAGTAAATGC-1,2514,1569,0.11933174224343676,9,1,Ductular
16694,8W_R2,8W,TGTTTGTCAGAGGACT-1,5407,2649,0.0924727205474385,20,3,Ductal suprabasal
16699,8W_R2,8W,TGTTTGTTCACCTTGC-1,5283,2799,0.1135718341851221,10,3,Ductal suprabasal
16700,8W_R2,8W,TGTTTGTTCATGCCAA-1,6997,3244,0.07145919679862799,23,1,Ductular
16702,8W_R2,8W,TTAATCCAGACCATTC-1,4051,2350,0.0740557886941496,10,0,Ductal basal
16704,8W_R2,8W,TTAATCCCAAGCAGGT-1,6178,2794,0.22661055357720947,5,0,Ductal basal
16706,8W_R2,8W,TTAATCCGTCGCCTAG-1,2387,1439,0.12568077084206117,23,1,Ductular
16707,8W_R2,8W,TTAATCCTCATCTATC-1,3755,2282,0.0,25,9,Ductal basal
16710,8W_R2,8W,TTAATCCTCGTAGAGG-1,3898,2107,0.1026167265264238,25,3,Ductal suprabasal
16715,8W_R2,8W,TTACAGGCATAGGAGC-1,3002,1778,0.13324450366422386,9,1,Ductular
16717,8W_R2,8W,TTACAGGGTAGTCTGT-1,7716,3437,0.07776049766718507,5,0,Ductal basal
16718,8W_R2,8W,TTACAGGGTGGAATGC-1,3363,1966,0.0,22,8,Acinar basal
16721,8W_R2,8W,TTACCATAGAATCGCG-1,2389,1529,0.3348681456676434,5,0,Ductal basal
16725,8W_R2,8W,TTACCATCACCGCTAG-1,4218,2396,0.0474158368895211,25,9,Ductal basal
16728,8W_R2,8W,TTACCATGTGAGTTGG-1,4270,2444,0.37470725995316156,25,9,Ductal basal
16729,8W_R2,8W,TTACCATGTGGACTGA-1,5835,2988,0.06855184233076264,25,9,Ductal basal
16730,8W_R2,8W,TTACCATGTTTGCCGG-1,2795,1551,0.07155635062611806,7,2,Ductal basal
16733,8W_R2,8W,TTACCGCAGCCTGTCG-1,10126,3967,0.049377839225755484,5,0,Ductal basal
16738,8W_R2,8W,TTACGCCAGCGCTGAA-1,4973,2541,0.1407601045646491,25,8,Acinar basal
16739,8W_R2,8W,TTACGCCAGGCTATCT-1,4152,2353,0.0,20,3,Ductal suprabasal
16743,8W_R2,8W,TTACGCCCAACACTAC-1,7145,3384,0.12596221133659902,24,2,Ductal basal
16744,8W_R2,8W,TTACGCCCAAGGTTGG-1,5618,2758,0.1245995016019936,5,0,Ductal basal
16746,8W_R2,8W,TTACGCCCACAGTATC-1,6353,3027,0.06296237997796317,10,6,Ductal basal
16753,8W_R2,8W,TTACGCCTCGTAACCA-1,6554,3171,0.045773573390296,10,6,Ductal basal
16756,8W_R2,8W,TTACGTTCAAGGAGTC-1,2445,1647,0.245398773006135,22,8,Acinar basal
16760,8W_R2,8W,TTACGTTGTGCAAGAC-1,6161,2911,0.22723583833793218,16,4,Orifice
16761,8W_R2,8W,TTACGTTGTGCGAGTA-1,6022,2623,0.1328462304882099,16,4,Orifice
16767,8W_R2,8W,TTACTGTAGCGATCGA-1,2894,1779,0.2073255010366275,5,0,Ductal basal
16771,8W_R2,8W,TTACTGTTCGACGCTG-1,1271,826,0.5507474429583006,16,4,Orifice
16777,8W_R2,8W,TTAGGCATCTAGCATG-1,6750,2980,0.9037037037037038,20,3,Ductal suprabasal
16778,8W_R2,8W,TTAGGCATCTAGTTCT-1,1318,950,0.30349013657056145,20,3,Ductal suprabasal
16780,8W_R2,8W,TTAGGGTAGAAGGGAT-1,5195,2710,0.17324350336862368,10,0,Ductal basal
16781,8W_R2,8W,TTAGGGTAGAGGGTAA-1,3203,1907,0.09366219169528567,20,2,Ductal basal
16782,8W_R2,8W,TTAGGGTAGGAATTAC-1,1322,927,0.07564296520423601,35,7,Differentiating meibocyte
16783,8W_R2,8W,TTAGGGTAGGTGCTTT-1,2257,1490,0.1329198050509526,9,3,Ductal suprabasal
16788,8W_R2,8W,TTAGGGTGTCATGGCC-1,5959,2796,0.06712535660345696,24,3,Ductal suprabasal
16801,8W_R2,8W,TTAGTCTCAAGCACAG-1,1683,1148,0.7130124777183601,23,1,Ductular
16808,8W_R2,8W,TTAGTCTGTGTGTGGA-1,2365,1359,0.2536997885835095,7,2,Ductal basal
16810,8W_R2,8W,TTAGTCTTCTAGCAAC-1,2972,1855,0.2018842530282638,20,3,Ductal suprabasal
16812,8W_R2,8W,TTATTGCAGCACTCCG-1,3794,2279,0.02635740643120717,22,8,Acinar basal
16813,8W_R2,8W,TTATTGCCAATCGCGC-1,4583,2377,0.06545930613135502,12,5,Ductal basal
16817,8W_R2,8W,TTATTGCGTCGAATGG-1,1851,1239,0.0,22,8,Acinar basal
16818,8W_R2,8W,TTATTGCGTCTGTAAC-1,2646,1638,0.11337868480725624,12,5,Ductal basal
16824,8W_R2,8W,TTCAATCAGGTACAAT-1,3922,1892,0.1529831718510964,7,2,Ductal basal
16828,8W_R2,8W,TTCAATCCACGACTAT-1,7933,2964,0.15126685995209882,7,3,Ductal suprabasal
16829,8W_R2,8W,TTCAATCCATGAGTAA-1,6254,2587,0.12791813239526703,7,2,Ductal basal
16831,8W_R2,8W,TTCAATCGTAGTCTTG-1,5995,2725,0.3002502085070892,7,2,Ductal basal
16837,8W_R2,8W,TTCACCGGTTGGTGTT-1,2668,1523,0.1874062968515742,7,2,Ductal basal
16846,8W_R2,8W,TTCACGCTCTGCTAGA-1,3054,1764,0.26195153896529144,10,0,Ductal basal
16847,8W_R2,8W,TTCAGGAAGACTCTTG-1,4594,2772,0.21767522855899,22,8,Acinar basal
16854,8W_R2,8W,TTCAGGACACCCTCTA-1,3327,2037,0.12022843402464682,9,1,Ductular
16856,8W_R2,8W,TTCAGGAGTTTCCAAG-1,3116,1932,0.12836970474967907,22,7,Differentiating meibocyte
16859,8W_R2,8W,TTCATGTAGTGCCGAA-1,2087,1315,0.0,7,2,Ductal basal
16860,8W_R2,8W,TTCATGTCATCATCTT-1,4121,2175,0.3882552778451832,9,4,Orifice
16862,8W_R2,8W,TTCATGTTCCTTGGAA-1,3103,1931,0.03222687721559781,22,8,Acinar basal
16865,8W_R2,8W,TTCATTGAGAGCATCG-1,2779,1750,0.17992083483267363,9,1,Ductular
16868,8W_R2,8W,TTCATTGTCATTGGTG-1,2550,1531,0.1568627450980392,7,2,Ductal basal
16870,8W_R2,8W,TTCCAATCAATAACGA-1,6345,2898,0.031520882584712376,20,3,Ductal suprabasal
16879,8W_R2,8W,TTCCACGAGCATCGAG-1,2513,1637,0.15917230401910068,5,0,Ductal basal
16880,8W_R2,8W,TTCCACGAGCCTGTCG-1,3745,2110,0.6942590120160214,29,7,Differentiating meibocyte
16887,8W_R2,8W,TTCCACGTCGAAACAA-1,7515,3573,0.1330671989354624,20,3,Ductal suprabasal
16888,8W_R2,8W,TTCCACGTCGGAAGGT-1,4689,2514,0.1492855619535082,12,5,Ductal basal
16889,8W_R2,8W,TTCCGGTAGAAATTCG-1,3838,2023,0.0781657113079729,9,1,Ductular
16895,8W_R2,8W,TTCCGGTCATTCAGCA-1,3302,1914,0.21199273167777105,9,1,Ductular
16896,8W_R2,8W,TTCCGGTGTGCAACAG-1,10334,4281,0.17418231081865687,22,8,Acinar basal
16897,8W_R2,8W,TTCCGGTGTGTTGATC-1,3131,1970,0.12775471095496646,20,3,Ductal suprabasal
16900,8W_R2,8W,TTCCGTGCATTCGATG-1,3402,1968,0.058788947677836566,24,3,Ductal suprabasal
16901,8W_R2,8W,TTCCGTGGTCCAAGAG-1,2073,1282,0.241196333815726,7,2,Ductal basal
16902,8W_R2,8W,TTCCGTGGTCGTCTCT-1,2785,1595,1.1490125673249552,24,3,Ductal suprabasal
16906,8W_R2,8W,TTCCGTGTCTTTGCAT-1,9049,3624,0.06630566913471102,29,7,Differentiating meibocyte
16907,8W_R2,8W,TTCCTAAAGCCACCGT-1,3650,2076,0.1917808219178082,9,1,Ductular
16908,8W_R2,8W,TTCCTAAAGGAGGCAG-1,1345,967,0.14869888475836432,9,1,Ductular
16916,8W_R2,8W,TTCCTAAGTCCGAAGA-1,3634,2190,0.2201430930104568,24,3,Ductal suprabasal
16917,8W_R2,8W,TTCCTAAGTGTAAATG-1,7705,3646,0.23361453601557428,10,0,Ductal basal
16918,8W_R2,8W,TTCCTAAGTGTTCGTA-1,2132,1325,0.23452157598499063,7,2,Ductal basal
16919,8W_R2,8W,TTCCTAATCAGACTGT-1,2328,1517,0.859106529209622,20,3,Ductal suprabasal
16921,8W_R2,8W,TTCCTCTAGTAGAGTT-1,3178,1939,0.22026431718061676,9,1,Ductular
16923,8W_R2,8W,TTCCTCTCAGTCGCTG-1,6070,3020,0.06589785831960461,20,3,Ductal suprabasal
16924,8W_R2,8W,TTCCTCTGTATCCTTT-1,2593,1579,0.11569610489780179,12,5,Ductal basal
16925,8W_R2,8W,TTCCTCTGTATTTCGG-1,5416,2884,0.11078286558345643,20,3,Ductal suprabasal
16928,8W_R2,8W,TTCCTCTTCAGCTCTC-1,1358,870,0.0,23,1,Ductular
16935,8W_R2,8W,TTCCTTCTCCATTGTT-1,4153,2407,0.024078979051288224,5,9,Ductal basal
16937,8W_R2,8W,TTCGATTAGCGTCAAG-1,4011,2716,0.6232859636000997,35,10,Differentiated meibocyte
16944,8W_R2,8W,TTCGATTGTCGTGGAA-1,3478,2148,0.2587694077055779,5,9,Ductal basal
16948,8W_R2,8W,TTCGCTGAGCGAATGC-1,8213,3218,0.15828564470960674,24,3,Ductal suprabasal
16949,8W_R2,8W,TTCGCTGAGGTCCCGT-1,3523,1960,0.08515469770082316,7,3,Ductal suprabasal
16950,8W_R2,8W,TTCGCTGAGTTACGGG-1,1892,1222,0.6342494714587738,5,0,Ductal basal
16951,8W_R2,8W,TTCGCTGCAAACGTGG-1,10938,4015,0.10970927043335163,12,2,Ductal basal
16957,8W_R2,8W,TTCGCTGTCAGACCCG-1,3983,2030,0.05021340697966357,12,5,Ductal basal
16960,8W_R2,8W,TTCGCTGTCTCCTGTG-1,3358,1808,0.0,7,2,Ductal basal
16965,8W_R2,8W,TTCGGTCAGTTTCGAC-1,11031,4490,0.09065361254645997,20,3,Ductal suprabasal
16966,8W_R2,8W,TTCGGTCCAAACACGG-1,6557,3032,0.030501753850846428,16,4,Orifice
16967,8W_R2,8W,TTCGGTCCAGCAGATG-1,9379,3666,0.13860752745495256,24,3,Ductal suprabasal
16970,8W_R2,8W,TTCGGTCGTGGAGAAA-1,7030,3060,0.2275960170697013,25,2,Ductal basal
16973,8W_R2,8W,TTCGGTCTCAATCAGC-1,4900,2707,0.0816326530612245,25,9,Ductal basal
16989,8W_R2,8W,TTCTAGTGTATGGTAA-1,3252,1870,1.5990159901599015,25,0,Ductal basal
16990,8W_R2,8W,TTCTAGTGTCTTGTCC-1,6789,3458,0.25040506702017973,22,8,Acinar basal
16991,8W_R2,8W,TTCTAGTGTGCGGATA-1,6459,3191,0.17030500077411362,9,1,Ductular
16994,8W_R2,8W,TTCTAGTTCCTAGCCT-1,5441,2941,0.12865282117257856,10,0,Ductal basal
16998,8W_R2,8W,TTCTCTCAGCGCCTTG-1,3259,1932,0.0613685179502915,5,9,Ductal basal
17001,8W_R2,8W,TTCTCTCCACGTTGGC-1,3631,2120,0.1101624896722666,25,9,Ductal basal
17007,8W_R2,8W,TTCTCTCTCTGCTTAT-1,4736,2429,0.08445945945945946,9,1,Ductular
17008,8W_R2,8W,TTCTGTAAGGATACAT-1,5276,2623,0.0758150113722517,20,3,Ductal suprabasal
17009,8W_R2,8W,TTCTGTAAGGTTAAAC-1,3920,1919,0.07653061224489796,7,2,Ductal basal
17010,8W_R2,8W,TTCTGTACAGCGCGTT-1,3708,2224,0.1348435814455232,24,3,Ductal suprabasal
17012,8W_R2,8W,TTCTGTACATAGGTTC-1,8564,3592,0.39701074264362446,25,8,Acinar basal
17013,8W_R2,8W,TTCTGTAGTCACCTTC-1,5724,2698,0.034940600978336823,24,3,Ductal suprabasal
17014,8W_R2,8W,TTCTGTAGTCGCACAC-1,8094,3562,0.0617741536940944,22,8,Acinar basal
17017,8W_R2,8W,TTCTGTAGTTACGATC-1,1155,801,0.4329004329004329,35,10,Differentiated meibocyte
17019,8W_R2,8W,TTCTGTATCCGCGAGT-1,4531,2194,0.11035091591260207,16,4,Orifice
17020,8W_R2,8W,TTCTGTATCCGTGGGT-1,3492,2049,0.3150057273768614,29,7,Differentiating meibocyte
17026,8W_R2,8W,TTCTTCCAGGACACTG-1,1949,1265,0.2052334530528476,10,0,Ductal basal
17027,8W_R2,8W,TTCTTCCAGGGCTGAT-1,1774,1136,0.2254791431792559,12,5,Ductal basal
17029,8W_R2,8W,TTCTTCCAGTGTAGAT-1,2052,1348,0.14619883040935672,7,2,Ductal basal
17030,8W_R2,8W,TTCTTCCCACTGGCCA-1,4421,2347,0.2261931689662972,10,0,Ductal basal
17035,8W_R2,8W,TTCTTCCTCACGAGGA-1,2730,1717,0.10989010989010989,10,0,Ductal basal
17038,8W_R2,8W,TTCTTGAAGCGCCTCA-1,5396,2787,0.09266123054114159,12,5,Ductal basal
17040,8W_R2,8W,TTCTTGAAGGGTTAGC-1,3150,2010,1.5873015873015872,29,7,Differentiating meibocyte
17041,8W_R2,8W,TTCTTGAAGGTAGGCT-1,979,726,0.10214504596527069,9,9,Ductal basal
17045,8W_R2,8W,TTCTTGAGTAGTAAGT-1,6198,3059,0.06453694740238787,10,0,Ductal basal
17046,8W_R2,8W,TTCTTGAGTATGTCCA-1,1636,1154,0.12224938875305623,20,8,Acinar basal
17047,8W_R2,8W,TTCTTGAGTCCGTACG-1,2956,1764,0.10148849797023003,10,0,Ductal basal
17048,8W_R2,8W,TTCTTGAGTTCTATCT-1,1517,1043,0.4614370468029005,23,1,Ductular
17049,8W_R2,8W,TTCTTGATCCTAGCGG-1,4189,2309,0.07161613750298401,10,0,Ductal basal
17061,8W_R2,8W,TTGACCCCAAGAATAC-1,5966,2815,0.08380824673147838,29,7,Differentiating meibocyte
17063,8W_R2,8W,TTGACCCCACCTTCGT-1,4388,2349,0.29626253418413856,5,0,Ductal basal
17068,8W_R2,8W,TTGACCCGTGAGATCG-1,3731,2222,0.16081479496113643,9,1,Ductular
17074,8W_R2,8W,TTGAGTGGTATTTCGG-1,2026,1265,0.09871668311944717,23,1,Ductular
17075,8W_R2,8W,TTGAGTGGTCGTTCAA-1,6667,3487,0.19499025048747562,22,7,Differentiating meibocyte
17087,8W_R2,8W,TTGATGGCATTGCCTC-1,3901,2271,0.20507562163547807,20,3,Ductal suprabasal
17088,8W_R2,8W,TTGATGGGTCCACTCT-1,5663,2623,0.035316969803990815,16,4,Orifice
17093,8W_R2,8W,TTGCATTCAGCTTTCC-1,10788,3939,0.04634779384501298,9,1,Ductular
17096,8W_R2,8W,TTGCATTGTCTTCGAA-1,7747,3589,0.11617400283980896,25,2,Ductal basal
17097,8W_R2,8W,TTGCATTGTTAATCGC-1,7756,3561,0.2449716348633316,24,3,Ductal suprabasal
17098,8W_R2,8W,TTGCATTTCAAGCTTG-1,2742,1623,0.2552881108679796,10,0,Ductal basal
17100,8W_R2,8W,TTGCATTTCGTAACAC-1,3440,2003,0.1744186046511628,9,1,Ductular
17103,8W_R2,8W,TTGCCTGAGCAAGCCA-1,9675,3963,0.082687338501292,29,7,Differentiating meibocyte
17105,8W_R2,8W,TTGCCTGAGTCGCCCA-1,6722,2562,0.07438262421898245,16,4,Orifice
17108,8W_R2,8W,TTGCCTGGTACTGACT-1,3231,1831,0.09285051067780872,10,2,Ductal basal
17109,8W_R2,8W,TTGCCTGGTCGATGCC-1,4187,2147,0.2149510389300215,10,0,Ductal basal
17110,8W_R2,8W,TTGCCTGGTGGCTCTG-1,6235,3139,0.11226944667201283,22,8,Acinar basal
17112,8W_R2,8W,TTGCCTGTCATAGCAC-1,5071,2625,0.0197199763360284,10,6,Ductal basal
17114,8W_R2,8W,TTGCCTGTCTTACGGA-1,2774,1558,0.21629416005767843,7,2,Ductal basal
17115,8W_R2,8W,TTGCGTCAGAATGTTG-1,2201,1424,0.7269422989550204,29,7,Differentiating meibocyte
17129,8W_R2,8W,TTGCTGCAGAGAATCT-1,7919,3339,0.16416214168455615,24,2,Ductal basal
17131,8W_R2,8W,TTGCTGCAGCCTCAAT-1,5197,2503,0.19241870309794112,12,5,Ductal basal
17138,8W_R2,8W,TTGCTGCGTTGCGGCT-1,2906,1724,0.7914659325533379,7,2,Ductal basal
17139,8W_R2,8W,TTGCTGCTCGTTGTAG-1,2517,1517,0.15891934843067143,16,4,Orifice
17147,8W_R2,8W,TTGGATGTCCTAGCTC-1,4964,2434,0.08058017727639001,16,4,Orifice
17149,8W_R2,8W,TTGGGATAGGAACGTC-1,6234,2792,0.12832852101379533,12,5,Ductal basal
17150,8W_R2,8W,TTGGGATCAAATACGA-1,9477,3949,0.0949667616334283,16,4,Orifice
17151,8W_R2,8W,TTGGGATCAGACCGCT-1,10223,4301,0.07825491538687274,25,9,Ductal basal
17153,8W_R2,8W,TTGGGATGTCCCTCAT-1,9127,2960,0.08765202147474527,29,7,Differentiating meibocyte
17171,8W_R2,8W,TTGGGTAAGTGACCTT-1,2840,1637,0.14084507042253522,10,0,Ductal basal
17172,8W_R2,8W,TTGGGTACACGCAGTC-1,12110,4157,0.07431874483897605,29,7,Differentiating meibocyte
17173,8W_R2,8W,TTGGGTAGTCGCACAC-1,5588,2840,0.10737294201861132,5,0,Ductal basal
17180,8W_R2,8W,TTGGTTTAGATGACCG-1,4199,2274,0.09526077637532746,5,0,Ductal basal
17188,8W_R2,8W,TTGGTTTGTGGACTAG-1,2996,1916,1.1682242990654206,22,8,Acinar basal
17190,8W_R2,8W,TTGGTTTGTTTCACTT-1,7418,3284,0.08088433540037746,5,6,Ductal basal
17197,8W_R2,8W,TTGTGGAAGGACTTCT-1,4682,2255,0.25630072618539085,7,2,Ductal basal
17198,8W_R2,8W,TTGTGGAAGGATACGC-1,2438,1471,0.2871205906480722,12,5,Ductal basal
17201,8W_R2,8W,TTGTGGACAAGAATGT-1,3608,1977,0.02771618625277162,12,1,Ductular
17202,8W_R2,8W,TTGTGGACACAGTCGC-1,3172,1950,0.06305170239596469,10,6,Ductal basal
17205,8W_R2,8W,TTGTGGACAGAGATGC-1,5013,2746,0.0997406742469579,22,8,Acinar basal
17211,8W_R2,8W,TTGTGTTAGCAAGTGC-1,2875,1701,0.1391304347826087,16,4,Orifice
17213,8W_R2,8W,TTGTGTTCATAGCTGT-1,3451,1966,0.057954216169226316,12,1,Ductular
17219,8W_R2,8W,TTGTTCAAGAATTTGG-1,6822,3335,0.16124303723248312,22,7,Differentiating meibocyte
17220,8W_R2,8W,TTGTTCAAGAGGTTAT-1,4406,2357,0.11348161597821153,16,4,Orifice
17221,8W_R2,8W,TTGTTCACAGCATTGT-1,6434,2664,0.062169723344731115,16,4,Orifice
17229,8W_R2,8W,TTGTTGTCACAAGTGG-1,3632,1785,0.5781938325991189,12,4,Orifice
17234,8W_R2,8W,TTGTTGTTCGAACTCA-1,9274,3740,0.08626266982963122,22,8,Acinar basal
17238,8W_R2,8W,TTGTTTGGTTCTAAGC-1,7408,3066,0.148488120950324,16,2,Ductal basal
17239,8W_R2,8W,TTGTTTGTCATCCTGC-1,10302,3975,0.07765482430596,12,5,Ductal basal
17240,8W_R2,8W,TTGTTTGTCATTTCGT-1,2373,1313,0.12642225031605564,7,2,Ductal basal
17245,8W_R2,8W,TTGTTTGTCTGGGTCG-1,2527,1588,0.19786307874950534,9,3,Ductal suprabasal
17248,8W_R2,8W,TTTACCACACTCCACT-1,2611,1318,0.19149751053236308,23,3,Ductal suprabasal
17249,8W_R2,8W,TTTACCACAGAAGTTA-1,3524,2073,0.0851305334846765,24,1,Ductular
17250,8W_R2,8W,TTTACCACAGACCTGC-1,4250,2475,0.023529411764705882,24,3,Ductal suprabasal
17254,8W_R2,8W,TTTACCAGTCTTCAAG-1,3801,2043,0.052617732175743226,23,1,Ductular
17255,8W_R2,8W,TTTACCAGTGACTGAG-1,5006,2375,0.0998801438274071,7,2,Ductal basal
17260,8W_R2,8W,TTTACGTAGCAACAAT-1,3930,2010,0.22900763358778628,7,2,Ductal basal
17262,8W_R2,8W,TTTACGTAGTAAAGCT-1,5177,2580,0.07726482518833301,29,7,Differentiating meibocyte
17268,8W_R2,8W,TTTACGTCACGGTAGA-1,5223,2788,0.07658433850277618,22,10,Differentiated meibocyte
17269,8W_R2,8W,TTTACGTCACTACCGG-1,4336,2467,0.13837638376383762,20,3,Ductal suprabasal
17275,8W_R2,8W,TTTACTGCATTGACAC-1,7833,3589,0.038299502106472615,9,1,Ductular
17279,8W_R2,8W,TTTACTGTCGCTAATG-1,3763,2259,0.026574541589157584,5,0,Ductal basal
17283,8W_R2,8W,TTTAGTCGTGACTCGC-1,2932,1545,0.10231923601637108,16,4,Orifice
17284,8W_R2,8W,TTTAGTCGTTGCGAAG-1,2699,1809,0.1852537977028529,12,5,Ductal basal
17285,8W_R2,8W,TTTAGTCTCAAACCTG-1,5066,2375,0.07895775759968417,12,5,Ductal basal
17286,8W_R2,8W,TTTAGTCTCCCTCTAG-1,6442,2849,1.0866190624029806,29,7,Differentiating meibocyte
17295,8W_R2,8W,TTTATGCCAACCCTAA-1,4210,2154,0.166270783847981,12,5,Ductal basal
17296,8W_R2,8W,TTTATGCCAAGCGCTC-1,5108,2590,0.03915426781519186,9,1,Ductular
17298,8W_R2,8W,TTTATGCGTTAGCTAC-1,2316,1405,0.2158894645941278,35,7,Differentiating meibocyte
17299,8W_R2,8W,TTTATGCGTTGTGGAG-1,9397,4121,0.34053421304671705,35,7,Differentiating meibocyte
17302,8W_R2,8W,TTTCACAAGCGACATG-1,3779,1946,0.21169621593014024,9,1,Ductular
17303,8W_R2,8W,TTTCACAAGGCCTGAA-1,3240,1943,0.0925925925925926,5,0,Ductal basal
17304,8W_R2,8W,TTTCACAAGGGCTTCC-1,8257,3388,0.1937749788058617,12,5,Ductal basal
17305,8W_R2,8W,TTTCACACAGGTCTCG-1,4595,2181,0.2176278563656148,7,2,Ductal basal
17306,8W_R2,8W,TTTCACAGTACCTATG-1,2805,1768,0.21390374331550802,9,1,Ductular
17307,8W_R2,8W,TTTCACAGTATCCCTC-1,4721,2217,0.14827367083245074,10,2,Ductal basal
17308,8W_R2,8W,TTTCACATCATTGCTT-1,4562,2233,0.0657606313020605,10,0,Ductal basal
17309,8W_R2,8W,TTTCACATCCACAAGT-1,5849,2925,0.08548469823901521,9,4,Orifice
17311,8W_R2,8W,TTTCACATCTCTGACC-1,2399,1558,0.20842017507294708,9,4,Orifice
17313,8W_R2,8W,TTTCAGTAGCATCGAG-1,2101,1362,0.047596382674916705,5,2,Ductal basal
17314,8W_R2,8W,TTTCAGTCAACAGCTT-1,3477,1954,0.11504170261719873,12,5,Ductal basal
17316,8W_R2,8W,TTTCAGTCACTCCTGT-1,8647,3448,0.717011680351567,29,7,Differentiating meibocyte
17319,8W_R2,8W,TTTCAGTCAGTATACC-1,3551,1790,0.19712756969867645,16,4,Orifice
17322,8W_R2,8W,TTTCAGTTCGTGGGAA-1,4146,2424,0.241196333815726,9,5,Ductal basal
17327,8W_R2,8W,TTTCATGCACTAACCA-1,6569,2874,0.13700715481808495,16,4,Orifice
17330,8W_R2,8W,TTTCATGGTAGTGATA-1,1908,1133,0.15723270440251574,7,2,Ductal basal
17337,8W_R2,8W,TTTCCTCAGAGAGTTT-1,1415,1016,0.0706713780918728,9,1,Ductular
17341,8W_R2,8W,TTTCCTCAGTGCTCAT-1,1502,971,0.13315579227696406,29,7,Differentiating meibocyte
17342,8W_R2,8W,TTTCCTCCATATCGGT-1,4171,2027,0.02397506593143131,7,2,Ductal basal
17343,8W_R2,8W,TTTCCTCGTAACAGTA-1,2489,1504,0.12053033346725592,9,1,Ductular
17346,8W_R2,8W,TTTCCTCGTGGAAATT-1,2426,1620,0.16488046166529266,24,3,Ductal suprabasal
17348,8W_R2,8W,TTTCCTCTCCTTGACC-1,3807,1983,0.21013921723141582,7,2,Ductal basal
17354,8W_R2,8W,TTTCGATTCTTTGCTA-1,3898,2176,0.07696254489481785,24,3,Ductal suprabasal
17355,8W_R2,8W,TTTGACTAGCACTCTA-1,4157,2264,0.0,22,7,Differentiating meibocyte
17356,8W_R2,8W,TTTGACTAGCGCCTAC-1,8045,3172,0.11187072715972653,12,5,Ductal basal
17361,8W_R2,8W,TTTGACTCAATAGGAT-1,5408,2781,1.7011834319526626,7,2,Ductal basal
17362,8W_R2,8W,TTTGACTCACCTCAGG-1,7119,3156,0.5337828346677904,29,7,Differentiating meibocyte
17363,8W_R2,8W,TTTGACTCAGTCTACA-1,2671,1589,1.0482965181579933,20,3,Ductal suprabasal
17364,8W_R2,8W,TTTGACTTCCGATAGT-1,8077,3509,0.11142751021418844,20,3,Ductal suprabasal
17365,8W_R2,8W,TTTGACTTCCTTCTTC-1,3879,1964,0.2577984016499098,24,3,Ductal suprabasal
17367,8W_R2,8W,TTTGACTTCTTCCAGC-1,5262,2591,0.11402508551881414,16,4,Orifice
17369,8W_R2,8W,TTTGATCAGGTGAGCT-1,2357,1613,0.04242681374628765,7,2,Ductal basal
17371,8W_R2,8W,TTTGATCAGTGTACAA-1,2793,1629,0.17901897601145722,5,2,Ductal basal
17374,8W_R2,8W,TTTGATCCATTCTCTA-1,8538,3576,0.04684937924572499,5,6,Ductal basal
17375,8W_R2,8W,TTTGATCGTCTGTTAG-1,1336,976,0.2245508982035928,5,0,Ductal basal
17377,8W_R2,8W,TTTGGAGAGAGATTCA-1,7070,3596,0.14144271570014144,25,8,Acinar basal
17380,8W_R2,8W,TTTGGAGAGGATTTAG-1,6810,3052,0.249632892804699,20,2,Ductal basal
17388,8W_R2,8W,TTTGGTTAGCCAACCC-1,4369,2110,0.18310826276035705,23,1,Ductular
17389,8W_R2,8W,TTTGGTTAGCTAGCCC-1,2109,1409,0.2844950213371266,12,5,Ductal basal
17390,8W_R2,8W,TTTGGTTAGGCCTTCG-1,13667,4478,0.03658447354942562,20,3,Ductal suprabasal
17393,8W_R2,8W,TTTGGTTTCCGATTAG-1,3205,1771,0.12480499219968799,23,1,Ductular
17394,8W_R2,8W,TTTGGTTTCTCCGATC-1,4799,2427,0.0625130235465722,12,5,Ductal basal
17402,8W_R2,8W,TTTGTTGGTATTGACC-1,3196,1814,0.1251564455569462,22,7,Differentiating meibocyte
17404,8W_R2,8W,TTTGTTGTCCAAGCTA-1,2948,1734,0.033921302578018994,23,3,Ductal suprabasal
17405,8W_R2,8W,TTTGTTGTCCGAAGGA-1,2150,1363,0.18604651162790697,12,5,Ductal basal
17410,21M_R1,21M,AAACCCACAGGTAGTG-1,5352,2866,0.09342301943198804,5,0,Ductal basal
17416,21M_R1,21M,AAACGAAAGTAAGAGG-1,1924,1253,0.2598752598752599,7,2,Ductal basal
17420,21M_R1,21M,AAACGAAGTAAGTAGT-1,2979,1962,0.2014098690835851,9,1,Ductular
17423,21M_R1,21M,AAACGAAGTCCTCAGG-1,4873,2570,0.04104247896572953,24,3,Ductal suprabasal
17425,21M_R1,21M,AAACGCTCACACCTAA-1,5401,2617,0.05554526939455656,10,0,Ductal basal
17427,21M_R1,21M,AAACGCTCAGGTGTTT-1,4042,1926,0.17318159327065807,7,2,Ductal basal
17431,21M_R1,21M,AAACGCTGTGAGAGGG-1,3970,2136,0.05037783375314861,12,5,Ductal basal
17432,21M_R1,21M,AAACGCTGTGGCTACC-1,3922,1930,0.12748597654258031,12,1,Ductular
17433,21M_R1,21M,AAAGAACAGGGACTGT-1,1109,787,0.9918845807033363,7,2,Ductal basal
17442,21M_R1,21M,AAAGGATAGTCACACT-1,4613,2148,0.0,23,1,Ductular
17443,21M_R1,21M,AAAGGATCAATCTCTT-1,3517,1868,0.11373329542223486,7,2,Ductal basal
17446,21M_R1,21M,AAAGGATCAGCGTGAA-1,2051,1347,0.19502681618722573,24,3,Ductal suprabasal
17452,21M_R1,21M,AAAGGATTCTCTAAGG-1,3792,2217,0.290084388185654,24,3,Ductal suprabasal
17454,21M_R1,21M,AAAGGATTCTTCGGAA-1,2688,1653,0.18601190476190474,5,0,Ductal basal
17459,21M_R1,21M,AAAGGTAAGCTGTGCC-1,3239,1892,0.18524235875270145,16,4,Orifice
17460,21M_R1,21M,AAAGGTACAAGAATAC-1,1753,1221,0.17113519680547634,9,1,Ductular
17461,21M_R1,21M,AAAGGTACACCAACAT-1,4429,2556,0.13547076089410703,7,1,Ductular
17464,21M_R1,21M,AAAGGTAGTGCCGGTT-1,2583,1575,0.03871467286101432,12,5,Ductal basal
17466,21M_R1,21M,AAAGTCCAGAGCAACC-1,3702,1998,0.10804970286331712,5,0,Ductal basal
17467,21M_R1,21M,AAAGTCCAGGCTTCCG-1,11062,4264,0.0903995660820828,24,0,Ductal basal
17468,21M_R1,21M,AAAGTCCAGTGCTACT-1,4599,2551,0.06523157208088715,5,0,Ductal basal
17471,21M_R1,21M,AAAGTCCGTGGATCAG-1,5434,2897,0.11041589988958411,5,0,Ductal basal
17477,21M_R1,21M,AAAGTGACACACCTAA-1,5355,2661,0.09337068160597572,5,0,Ductal basal
17479,21M_R1,21M,AAAGTGAGTCTGCATA-1,5914,2822,0.06763611768684477,5,0,Ductal basal
17481,21M_R1,21M,AAATGGACAGCCTATA-1,2923,1883,0.4447485460143688,25,9,Ductal basal
17484,21M_R1,21M,AAATGGACATGGATCT-1,3229,1977,0.06193868070610096,5,0,Ductal basal
17487,21M_R1,21M,AAATGGATCGCAGTGC-1,1528,990,0.5235602094240838,16,4,Orifice
17488,21M_R1,21M,AACAAAGAGACCCGCT-1,2436,1590,0.16420361247947454,9,1,Ductular
17493,21M_R1,21M,AACAAAGCACTTCAAG-1,12462,4408,0.17653667148130317,16,4,Orifice
17504,21M_R1,21M,AACAAGAAGGGATCGT-1,2933,1983,0.10228435049437436,22,8,Acinar basal
17507,21M_R1,21M,AACAAGACAACTTGGT-1,8607,3233,0.16265830138259557,16,4,Orifice
17509,21M_R1,21M,AACAAGACACACAGAG-1,5674,3014,0.19386676066267183,24,5,Ductal basal
17510,21M_R1,21M,AACAAGACACTACGGC-1,6250,3070,0.048,5,0,Ductal basal
17511,21M_R1,21M,AACAAGAGTGATTGGG-1,2692,1498,0.22288261515601782,7,2,Ductal basal
17512,21M_R1,21M,AACAAGAGTTCAGTAC-1,3393,2073,0.14736221632773355,5,0,Ductal basal
17515,21M_R1,21M,AACAAGATCTAAGCCA-1,5320,2507,0.056390977443609026,23,1,Ductular
17516,21M_R1,21M,AACACACAGATAGCAT-1,3296,1795,0.12135922330097086,12,5,Ductal basal
17518,21M_R1,21M,AACACACCAACCAACT-1,3189,1819,0.5644402634054563,23,1,Ductular
17520,21M_R1,21M,AACACACCATTAGGCT-1,5477,2870,0.10954902318787657,24,3,Ductal suprabasal
17521,21M_R1,21M,AACACACGTCGACGCT-1,3240,1817,0.2777777777777778,12,5,Ductal basal
17524,21M_R1,21M,AACAGGGAGCGTGAAC-1,4927,2699,0.30444489547391923,5,0,Ductal basal
17527,21M_R1,21M,AACAGGGCAGTAACCT-1,8232,3294,0.0728862973760933,12,5,Ductal basal
17528,21M_R1,21M,AACAGGGCATGCCGGT-1,6159,2970,0.0974184120798831,12,4,Orifice
17529,21M_R1,21M,AACAGGGGTCGTCTCT-1,1504,1040,0.6648936170212766,7,2,Ductal basal
17532,21M_R1,21M,AACCAACAGTCATGAA-1,4238,2360,0.09438414346389806,10,5,Ductal basal
17533,21M_R1,21M,AACCAACCAACTGATC-1,1919,1236,0.26055237102657636,16,4,Orifice
17536,21M_R1,21M,AACCAACGTATCCTCC-1,8352,2943,0.07183908045977011,16,4,Orifice
17540,21M_R1,21M,AACCACAAGGTGATCG-1,4881,2640,0.2048760499897562,22,8,Acinar basal
17542,21M_R1,21M,AACCACAGTGTTAAAG-1,7825,3490,0.07667731629392971,16,1,Ductular
17545,21M_R1,21M,AACCATGCAAGAGTAT-1,6066,2815,0.016485328058028353,5,0,Ductal basal
17559,21M_R1,21M,AACCCAACAGCGTTGC-1,6717,3261,0.1191007890427274,5,0,Ductal basal
17562,21M_R1,21M,AACCCAATCTAGACCA-1,3344,1855,0.23923444976076555,23,1,Ductular
17563,21M_R1,21M,AACCTGAAGAATTGCA-1,6124,3011,1.4532984977139125,24,3,Ductal suprabasal
17564,21M_R1,21M,AACCTGAAGCGCGTTC-1,1816,1235,0.27533039647577096,25,9,Ductal basal
17566,21M_R1,21M,AACCTGAAGGCTCACC-1,3082,1820,0.0973393900064893,5,0,Ductal basal
17568,21M_R1,21M,AACCTGACAGTAGAGC-1,4085,2481,1.664626682986536,22,8,Acinar basal
17577,21M_R1,21M,AACCTTTCACTACCCT-1,6236,2767,0.11225144323284157,12,5,Ductal basal
17579,21M_R1,21M,AACCTTTTCACTACTT-1,1606,1108,0.18679950186799502,5,0,Ductal basal
17581,21M_R1,21M,AACCTTTTCTGCGGCA-1,6909,3363,0.5065856129685917,20,3,Ductal suprabasal
17585,21M_R1,21M,AACGAAAAGGGTTAAT-1,8264,3548,0.2783155856727977,24,3,Ductal suprabasal
17591,21M_R1,21M,AACGAAATCGAGAGAC-1,8593,3453,0.06982427557314093,12,5,Ductal basal
17595,21M_R1,21M,AACGGGACAGAACCGA-1,6464,2936,0.07735148514851485,5,0,Ductal basal
17596,21M_R1,21M,AACGGGACAGTCGTTA-1,5924,2780,0.05064145847400405,5,0,Ductal basal
17597,21M_R1,21M,AACGGGACATGCCGGT-1,7987,3422,0.1001627644923,29,7,Differentiating meibocyte
17605,21M_R1,21M,AACGTCACATTGACTG-1,3389,1824,0.11802891708468574,12,5,Ductal basal
17607,21M_R1,21M,AACGTCATCCTACGAA-1,5601,2502,0.24995536511337263,12,5,Ductal basal
17612,21M_R1,21M,AACTTCTGTCAACGCC-1,4804,2588,0.35387177352206495,20,3,Ductal suprabasal
17615,21M_R1,21M,AACTTCTGTTCCTACC-1,1947,1315,0.2054442732408834,9,1,Ductular
17616,21M_R1,21M,AACTTCTTCTAGGCCG-1,2302,1521,0.13032145960034752,5,2,Ductal basal
17617,21M_R1,21M,AACTTCTTCTCATTAC-1,3737,1980,0.5084292213005084,24,3,Ductal suprabasal
17618,21M_R1,21M,AAGAACAAGCCGTTGC-1,3349,1887,0.17915795759928338,7,2,Ductal basal
17619,21M_R1,21M,AAGAACAAGCTAAGTA-1,7620,3552,0.05249343832020997,5,0,Ductal basal
17623,21M_R1,21M,AAGAACATCGTACCTC-1,3863,1976,0.18120631633445508,12,5,Ductal basal
17624,21M_R1,21M,AAGACAAAGCTCCGAC-1,2228,1423,0.26929982046678635,9,1,Ductular
17626,21M_R1,21M,AAGACAACAACAGCCC-1,6775,3364,0.13284132841328414,22,8,Acinar basal
17627,21M_R1,21M,AAGACAACACTACCCT-1,2084,1319,0.09596928982725528,5,6,Ductal basal
17630,21M_R1,21M,AAGACAAGTCCGACGT-1,6107,2770,0.016374652038644178,9,4,Orifice
17631,21M_R1,21M,AAGACAATCAAGGAGC-1,3678,1960,0.9787928221859705,12,5,Ductal basal
17633,21M_R1,21M,AAGACAATCTAGTCAG-1,2865,1589,0.17452006980802792,7,2,Ductal basal
17640,21M_R1,21M,AAGACTCGTTCTAACG-1,1669,1180,0.11983223487118035,24,3,Ductal suprabasal
17642,21M_R1,21M,AAGATAGAGATGTAGT-1,1989,1253,0.20110608345902461,7,2,Ductal basal
17643,21M_R1,21M,AAGATAGAGTGTTCCA-1,10364,4093,0.11578541103820918,5,0,Ductal basal
17647,21M_R1,21M,AAGATAGCATAATCCG-1,2916,1724,0.034293552812071325,5,0,Ductal basal
17652,21M_R1,21M,AAGCATCCAATCTCTT-1,1992,1290,0.7028112449799196,9,1,Ductular
17654,21M_R1,21M,AAGCATCCAGAAGTGC-1,4931,2487,0.18251875887243968,9,4,Orifice
17656,21M_R1,21M,AAGCATCTCATTGTTC-1,4551,2436,0.21973192704900021,5,0,Ductal basal
17658,21M_R1,21M,AAGCATCTCCTCAGAA-1,4614,2424,0.541829215431296,5,0,Ductal basal
17662,21M_R1,21M,AAGCCATAGTGTAGAT-1,7062,3566,0.09912206173888417,5,0,Ductal basal
17664,21M_R1,21M,AAGCCATCACCCGTAG-1,6695,2965,0.10455563853622107,12,5,Ductal basal
17666,21M_R1,21M,AAGCCATGTCGAGATG-1,1566,1018,1.4687100893997445,23,3,Ductal suprabasal
17669,21M_R1,21M,AAGCCATTCGCTAATG-1,3219,1800,0.40385212799005904,7,2,Ductal basal
17672,21M_R1,21M,AAGCGAGCAAATGATG-1,5294,2783,0.05666792595391009,24,5,Ductal basal
17676,21M_R1,21M,AAGCGAGGTCGTACTA-1,7537,3560,0.3980363539869975,22,8,Acinar basal
17680,21M_R1,21M,AAGCGAGTCTGCATGA-1,2961,1730,0.16886187098953057,5,2,Ductal basal
17682,21M_R1,21M,AAGCGTTAGTGGACTG-1,4637,2602,0.2587880094888937,5,0,Ductal basal
17693,21M_R1,21M,AAGGAATAGACAGCTG-1,4664,2333,0.08576329331046312,5,2,Ductal basal
17700,21M_R1,21M,AAGGAATTCCGATTAG-1,3798,2080,0.18430753027909424,16,4,Orifice
17703,21M_R1,21M,AAGGTAACAAGTGACG-1,8090,3653,0.04944375772558715,25,9,Ductal basal
17707,21M_R1,21M,AAGGTAATCAGTGTCA-1,6474,2992,0.15446400988569664,5,0,Ductal basal
17710,21M_R1,21M,AAGTACCAGGTTACCT-1,6727,2767,0.16352014270848816,9,1,Ductular
17712,21M_R1,21M,AAGTACCCATAGATGA-1,5728,2854,0.12220670391061453,5,0,Ductal basal
17713,21M_R1,21M,AAGTACCGTCCCACGA-1,4139,2083,0.09664170089393573,12,5,Ductal basal
17716,21M_R1,21M,AAGTACCTCATGAAAG-1,1903,1272,0.6305832895428272,12,5,Ductal basal
17717,21M_R1,21M,AAGTACCTCTATTGTC-1,6768,2908,0.02955082742316785,5,0,Ductal basal
17718,21M_R1,21M,AAGTACCTCTCTCGCA-1,3544,1970,0.08465011286681716,12,5,Ductal basal
17719,21M_R1,21M,AAGTCGTAGATTCGCT-1,5523,2883,0.05431830526887561,7,2,Ductal basal
17725,21M_R1,21M,AAGTCGTCACGCTGAC-1,9187,3712,0.08707956895613367,16,1,Ductular
17727,21M_R1,21M,AAGTCGTCAGAACTTC-1,4471,2312,0.022366360993066426,23,1,Ductular
17729,21M_R1,21M,AAGTCGTGTAACTGCT-1,1310,917,0.22900763358778628,5,2,Ductal basal
17731,21M_R1,21M,AAGTCGTGTGATACAA-1,2190,1555,0.136986301369863,9,1,Ductular
17733,21M_R1,21M,AAGTCGTGTTGACTGT-1,2310,1442,0.2597402597402597,7,2,Ductal basal
17736,21M_R1,21M,AAGTGAAAGATTGACA-1,2499,1598,0.12004801920768307,10,0,Ductal basal
17737,21M_R1,21M,AAGTGAAAGTAGGCCA-1,4314,2359,0.02318034306907742,5,0,Ductal basal
17742,21M_R1,21M,AAGTGAATCTGCTTTA-1,6075,2879,0.0823045267489712,12,5,Ductal basal
17743,21M_R1,21M,AAGTGAATCTGGCCTT-1,9281,3540,0.043098804008188774,12,4,Orifice
17744,21M_R1,21M,AAGTGAATCTGGGCCA-1,4106,2389,0.1948368241597662,20,3,Ductal suprabasal
17746,21M_R1,21M,AAGTTCGCACAACGTT-1,10999,4381,0.05455041367397036,25,9,Ductal basal
17754,21M_R1,21M,AATAGAGCAAGATTGA-1,6908,3000,0.11580775911986102,9,1,Ductular
17755,21M_R1,21M,AATAGAGCAATGAGCG-1,3808,2301,0.10504201680672269,22,8,Acinar basal
17757,21M_R1,21M,AATAGAGCAGTAGTGG-1,5338,2542,0.18733608092918697,25,8,Acinar basal
17764,21M_R1,21M,AATCACGAGCGACTGA-1,3366,1871,0.14854426619132502,5,0,Ductal basal
17766,21M_R1,21M,AATCACGCACCAGGTC-1,10479,3934,0.07634316251550721,5,0,Ductal basal
17768,21M_R1,21M,AATCACGTCTTACTGT-1,4509,2242,0.17742293191394987,12,5,Ductal basal
17769,21M_R1,21M,AATCGACAGCGTTCCG-1,3750,2215,0.05333333333333334,9,5,Ductal basal
17770,21M_R1,21M,AATCGACAGTAGCCAG-1,2379,1537,0.4203446826397646,24,3,Ductal suprabasal
17771,21M_R1,21M,AATCGACCAAGTCGTT-1,3123,1852,0.22414345180915787,25,9,Ductal basal
17777,21M_R1,21M,AATCGACTCATAGAGA-1,1215,818,0.5761316872427984,7,2,Ductal basal
17783,21M_R1,21M,AATCGTGAGGAAACGA-1,5716,2708,0.10496850944716585,12,4,Orifice
17788,21M_R1,21M,AATCGTGGTAGACGGT-1,6001,2864,0.049991668055324116,25,9,Ductal basal
17789,21M_R1,21M,AATCGTGGTTTATGCG-1,3304,1863,0.09079903147699758,5,2,Ductal basal
17793,21M_R1,21M,AATGAAGCAGGTGGAT-1,8116,3193,0.08624938393297191,7,2,Ductal basal
17796,21M_R1,21M,AATGAAGGTGATAGAT-1,3187,1903,0.2823972387825541,29,7,Differentiating meibocyte
17799,21M_R1,21M,AATGACCAGAGTAACT-1,7945,3577,0.037759597230962866,12,0,Ductal basal
17802,21M_R1,21M,AATGACCAGCTAATCC-1,2394,1589,0.0835421888053467,12,5,Ductal basal
17803,21M_R1,21M,AATGACCAGCTGCCAC-1,6197,3027,0.14523156365983542,5,0,Ductal basal
17807,21M_R1,21M,AATGACCGTACGCGTC-1,8246,3473,0.1212709192335678,12,5,Ductal basal
17808,21M_R1,21M,AATGACCGTGCGGTAA-1,7309,3202,0.027363524421945548,9,1,Ductular
17811,21M_R1,21M,AATGACCGTTGCCATA-1,7254,3405,0.06892748828232699,12,0,Ductal basal
17813,21M_R1,21M,AATGCCAAGAGATTCA-1,7965,3692,0.15065913370998116,5,0,Ductal basal
17817,21M_R1,21M,AATGCCACAATAGAGT-1,5120,2423,0.234375,12,4,Orifice
17818,21M_R1,21M,AATGCCACAGAGATTA-1,2400,1540,0.16666666666666669,12,5,Ductal basal
17819,21M_R1,21M,AATGCCAGTACGACTT-1,3341,1959,0.11972463334331039,20,3,Ductal suprabasal
17832,21M_R1,21M,AATGGAATCATGCCCT-1,7375,3383,0.09491525423728814,5,0,Ductal basal
17833,21M_R1,21M,AATGGCTAGGCTTTCA-1,4148,2153,0.09643201542912247,5,2,Ductal basal
17834,21M_R1,21M,AATGGCTAGGTAATCA-1,1324,903,0.3021148036253776,23,1,Ductular
17838,21M_R1,21M,AATGGCTGTGGTCTCG-1,6669,2841,0.0899685110211426,23,1,Ductular
17845,21M_R1,21M,AATTCCTAGGTCCCTG-1,4273,2222,0.14041656915516032,16,4,Orifice
17846,21M_R1,21M,AATTCCTAGTCGGGAT-1,3913,2119,0.1277791975466394,12,5,Ductal basal
17849,21M_R1,21M,AATTCCTGTACGTAGG-1,3244,1911,0.18495684340320592,5,0,Ductal basal
17852,21M_R1,21M,AATTCCTGTTCTTCAT-1,2896,1768,0.03453038674033149,16,4,Orifice
17858,21M_R1,21M,AATTTCCAGGTAGCCA-1,6342,2878,0.0946073793755913,5,0,Ductal basal
17863,21M_R1,21M,AATTTCCGTTCAGGTT-1,1591,1167,0.3142677561282213,9,1,Ductular
17868,21M_R1,21M,ACAAAGACAATTGCCA-1,534,415,0.0,7,0,Ductal basal
17869,21M_R1,21M,ACAAAGACAGCTATTG-1,5076,2609,0.039401103230890466,5,0,Ductal basal
17870,21M_R1,21M,ACAAAGAGTACCCACG-1,5217,2852,0.05750431282346176,22,8,Acinar basal
17871,21M_R1,21M,ACAAAGAGTATATGGA-1,3251,1823,0.12303906490310675,5,0,Ductal basal
17872,21M_R1,21M,ACAAAGATCATTTGCT-1,10785,3928,0.2132591562355123,16,2,Ductal basal
17879,21M_R1,21M,ACAACCAGTAGAGATT-1,2470,1572,0.32388663967611336,9,1,Ductular
17886,21M_R1,21M,ACAAGCTCAGGTCCGT-1,4637,2311,0.08626266982963122,23,1,Ductular
17889,21M_R1,21M,ACAAGCTTCTAGACCA-1,3303,1744,0.18165304268846502,7,2,Ductal basal
17890,21M_R1,21M,ACAAGCTTCTGGTCAA-1,3955,2235,0.05056890012642225,25,9,Ductal basal
17891,21M_R1,21M,ACACAGTAGATGCTAA-1,1629,1081,0.24554941682013504,12,5,Ductal basal
17895,21M_R1,21M,ACACAGTGTCATCAGT-1,4475,2582,0.1787709497206704,24,3,Ductal suprabasal
17896,21M_R1,21M,ACACAGTGTCGTGGTC-1,2629,1630,0.11411182959300115,5,2,Ductal basal
17899,21M_R1,21M,ACACAGTTCACCTTGC-1,3735,1916,0.13386880856760375,16,4,Orifice
17900,21M_R1,21M,ACACAGTTCACTTTGT-1,4256,2081,0.30545112781954886,7,2,Ductal basal
17901,21M_R1,21M,ACACAGTTCATTCGTT-1,1392,949,0.28735632183908044,24,3,Ductal suprabasal
17904,21M_R1,21M,ACACCAAAGCACTGGA-1,3773,2034,0.0795123244102836,5,0,Ductal basal
17905,21M_R1,21M,ACACCAAAGCTGGAGT-1,7387,3176,0.0,16,4,Orifice
17908,21M_R1,21M,ACACGCGAGGTGCAGT-1,10804,3847,0.1203258052573121,29,7,Differentiating meibocyte
17917,21M_R1,21M,ACACTGAGTCAGTCTA-1,7652,3636,0.06534239414532149,22,8,Acinar basal
17919,21M_R1,21M,ACACTGAGTTTGGAGG-1,2751,1790,0.1817520901490367,5,9,Ductal basal
17922,21M_R1,21M,ACAGAAAAGATGTTGA-1,4559,2044,0.021934634788330777,24,3,Ductal suprabasal
17925,21M_R1,21M,ACAGAAAAGTATAACG-1,4254,2155,0.023507287259050304,12,5,Ductal basal
17926,21M_R1,21M,ACAGAAACAAGTCCAT-1,4009,2276,0.27438263906211025,9,4,Orifice
17928,21M_R1,21M,ACAGAAACACGTAGAG-1,3327,1838,0.15028554253080853,5,0,Ductal basal
17929,21M_R1,21M,ACAGAAACACTAGGCC-1,6451,2756,0.07750736319950395,7,2,Ductal basal
17930,21M_R1,21M,ACAGAAACAGCTCATA-1,6909,3236,0.08684324793747286,5,0,Ductal basal
17932,21M_R1,21M,ACAGAAAGTGGAATGC-1,8284,3081,0.048285852245292124,35,10,Differentiated meibocyte
17939,21M_R1,21M,ACAGCCGGTACCGTCG-1,2731,1553,0.36616623947272064,7,2,Ductal basal
17942,21M_R1,21M,ACAGCCGTCCCTCAAC-1,5582,2593,0.07165890361877462,7,2,Ductal basal
17950,21M_R1,21M,ACATCCCAGAGGGTCT-1,3777,1847,0.5030447445062218,7,2,Ductal basal
17959,21M_R1,21M,ACATCGATCAGCTCTC-1,1976,1253,0.10121457489878542,7,2,Ductal basal
17961,21M_R1,21M,ACATCGATCGACCAAT-1,7354,3312,0.054392167527875984,16,4,Orifice
17962,21M_R1,21M,ACATGCAAGAAGTCCG-1,7162,3317,0.12566322256352974,5,0,Ductal basal
17964,21M_R1,21M,ACATGCAAGTGCAGGT-1,8020,3424,0.11221945137157108,25,9,Ductal basal
17967,21M_R1,21M,ACATGCACAACTTGCA-1,10855,4055,0.08291110087517273,29,7,Differentiating meibocyte
17969,21M_R1,21M,ACATGCAGTAGGTACG-1,4230,2382,0.1182033096926714,5,0,Ductal basal
17972,21M_R1,21M,ACATTTCAGATAGCTA-1,7351,3583,0.09522513943681131,5,0,Ductal basal
17973,21M_R1,21M,ACATTTCAGGACATCG-1,3132,1782,0.2554278416347382,23,1,Ductular
17977,21M_R1,21M,ACATTTCTCACAAGGG-1,5022,2416,0.15929908403026682,5,0,Ductal basal
17978,21M_R1,21M,ACATTTCTCGGAGTAG-1,2288,1453,0.30594405594405594,25,9,Ductal basal
17984,21M_R1,21M,ACCAAACCACTCTAGA-1,6368,3242,0.1099246231155779,22,8,Acinar basal
17988,21M_R1,21M,ACCAAACTCAGACTGT-1,3709,2079,0.13480722566729578,12,5,Ductal basal
17991,21M_R1,21M,ACCAAACTCTTCGGTC-1,3676,2021,0.02720348204570185,5,0,Ductal basal
17994,21M_R1,21M,ACCAACACAATCGCCG-1,6361,2780,0.11004559031598807,12,5,Ductal basal
17996,21M_R1,21M,ACCAACACATGTACGT-1,1369,942,0.1460920379839299,35,7,Differentiating meibocyte
17997,21M_R1,21M,ACCAACAGTCGCATCG-1,9149,3671,0.08744125040988086,5,0,Ductal basal
18000,21M_R1,21M,ACCAACAGTTCGGTCG-1,7441,3402,0.1209514850154549,12,5,Ductal basal
18005,21M_R1,21M,ACCACAACATGATAGA-1,4888,2252,0.10229132569558103,7,2,Ductal basal
18009,21M_R1,21M,ACCACAATCCGCCTAT-1,3304,1863,0.18159806295399517,5,0,Ductal basal
18014,21M_R1,21M,ACCATTTGTACGAGTG-1,7097,3373,0.09863322530646752,5,0,Ductal basal
18015,21M_R1,21M,ACCATTTGTACGCTAT-1,4034,2172,0.2478929102627665,9,1,Ductular
18023,21M_R1,21M,ACCCAAATCAACTCTT-1,3612,1935,0.1937984496124031,5,0,Ductal basal
18024,21M_R1,21M,ACCCAAATCACTTGGA-1,9468,3900,0.04224757076468103,16,4,Orifice
18027,21M_R1,21M,ACCCTCAGTCTACATG-1,4781,2628,0.08366450533361222,9,1,Ductular
18030,21M_R1,21M,ACCCTCATCGGCACTG-1,5304,2706,0.26395173453996984,7,2,Ductal basal
18031,21M_R1,21M,ACCCTCATCGTTGTAG-1,5048,2380,0.19809825673534073,7,1,Ductular
18034,21M_R1,21M,ACCCTTGAGGAACGAA-1,3649,2007,1.3976431899150452,35,10,Differentiated meibocyte
18037,21M_R1,21M,ACCCTTGGTAACACGG-1,2604,1637,0.1152073732718894,5,0,Ductal basal
18042,21M_R1,21M,ACCCTTGTCCTTCACG-1,5029,2460,0.13919268244183733,12,5,Ductal basal
18046,21M_R1,21M,ACCGTTCCAGCGTTTA-1,9044,3945,0.044228217602830605,5,0,Ductal basal
18048,21M_R1,21M,ACCGTTCCATCTGGGC-1,2163,1330,0.04623208506703652,7,2,Ductal basal
18055,21M_R1,21M,ACCTACCAGTTCGGTT-1,3534,2012,0.19807583474816073,12,5,Ductal basal
18058,21M_R1,21M,ACCTACCCATGGTACT-1,4365,2358,0.06872852233676977,16,4,Orifice
18062,21M_R1,21M,ACCTGAAAGACCAACG-1,1885,1372,0.0,22,8,Acinar basal
18070,21M_R1,21M,ACCTGAATCATGGTAC-1,10895,4270,0.16521340064249657,5,0,Ductal basal
18073,21M_R1,21M,ACCTGTCAGCAGGCTA-1,10600,3654,0.12264150943396226,16,4,Orifice
18079,21M_R1,21M,ACCTGTCGTCTTGTCC-1,5133,2763,0.01948178453146308,5,0,Ductal basal
18081,21M_R1,21M,ACGATCAAGCGAAACC-1,4065,2077,0.04920049200492004,9,1,Ductular
18082,21M_R1,21M,ACGATCACAGCACGAA-1,5549,2442,0.16219138583528564,35,7,Differentiating meibocyte
18084,21M_R1,21M,ACGATCAGTACGTACT-1,4039,2238,0.04951720722951226,10,2,Ductal basal
18085,21M_R1,21M,ACGATCAGTATTCTCT-1,6919,3214,0.0867177337765573,5,0,Ductal basal
18086,21M_R1,21M,ACGATCAGTCTGTCAA-1,3738,2003,0.18726591760299627,12,5,Ductal basal
18089,21M_R1,21M,ACGATCATCGGTGCAC-1,5328,2212,0.16891891891891891,7,2,Ductal basal
18090,21M_R1,21M,ACGATCATCGTAGGAG-1,3992,2100,0.1002004008016032,7,2,Ductal basal
18091,21M_R1,21M,ACGATCATCGTGGACC-1,3921,2183,0.28054067839836777,12,4,Orifice
18092,21M_R1,21M,ACGATCATCTCAATCT-1,5226,2728,0.24875621890547264,22,8,Acinar basal
18096,21M_R1,21M,ACGATGTAGATTGTGA-1,5647,2930,0.017708517797060386,22,8,Acinar basal
18097,21M_R1,21M,ACGATGTAGTTCCGGC-1,7245,3207,0.06901311249137336,24,3,Ductal suprabasal
18100,21M_R1,21M,ACGATGTCAGCTATAC-1,2772,1648,0.03607503607503607,7,2,Ductal basal
18105,21M_R1,21M,ACGATGTTCCATCTGC-1,8103,3551,0.18511662347278787,16,4,Orifice
18106,21M_R1,21M,ACGATGTTCGTTCTAT-1,2202,1351,0.18165304268846502,9,1,Ductular
18109,21M_R1,21M,ACGCACGAGGCGCTTC-1,5129,2634,0.11698186781048939,16,4,Orifice
18118,21M_R1,21M,ACGGAAGGTAGATCGG-1,1500,1055,0.26666666666666666,24,3,Ductal suprabasal
18120,21M_R1,21M,ACGGAAGTCGAACCTA-1,4203,2238,0.14275517487508924,5,2,Ductal basal
18123,21M_R1,21M,ACGGGTCCACCTATCC-1,4370,2082,0.09153318077803205,23,1,Ductular
18127,21M_R1,21M,ACGGGTCTCACGGTCG-1,6155,2777,0.1462225832656377,16,4,Orifice
18129,21M_R1,21M,ACGGGTCTCATTTGGG-1,10404,3646,0.16339869281045752,9,1,Ductular
18134,21M_R1,21M,ACGGTCGCAGAACTAA-1,2917,1666,0.13712718546451835,7,2,Ductal basal
18136,21M_R1,21M,ACGGTCGGTATCGCTA-1,5305,2472,0.2827521206409048,23,1,Ductular
18142,21M_R1,21M,ACGGTCGTCTTCCCGA-1,8538,3615,0.1991098617943312,12,0,Ductal basal
18146,21M_R1,21M,ACGGTTACACAACGTT-1,3496,2117,0.2574370709382151,20,3,Ductal suprabasal
18147,21M_R1,21M,ACGGTTACACCCGTAG-1,4820,2490,0.08298755186721991,5,0,Ductal basal
18150,21M_R1,21M,ACGGTTAGTTATCCAG-1,7814,3384,0.05119017148707448,16,4,Orifice
18152,21M_R1,21M,ACGGTTATCACTTTGT-1,3479,1881,0.0862316757688991,16,4,Orifice
18153,21M_R1,21M,ACGGTTATCTCACGAA-1,6300,2921,0.12698412698412698,9,1,Ductular
18155,21M_R1,21M,ACGTAACAGGAACGCT-1,7696,3364,0.07796257796257797,16,4,Orifice
18157,21M_R1,21M,ACGTAACAGTAAACTG-1,7567,3635,1.4140346240253734,16,4,Orifice
18159,21M_R1,21M,ACGTAACCATAACAGA-1,5656,2520,0.2652050919377652,7,2,Ductal basal
18160,21M_R1,21M,ACGTACAAGCACCGAA-1,7032,2730,0.08532423208191127,16,4,Orifice
18162,21M_R1,21M,ACGTACACAGGCAATG-1,3838,2049,0.10422094841063052,9,1,Ductular
18163,21M_R1,21M,ACGTACAGTAGCACGA-1,2390,1615,0.08368200836820083,20,3,Ductal suprabasal
18166,21M_R1,21M,ACGTACATCAGCTCTC-1,1241,947,0.08058017727639001,5,0,Ductal basal
18170,21M_R1,21M,ACGTAGTCACCAGCCA-1,8403,3722,0.04760204688801618,20,3,Ductal suprabasal
18173,21M_R1,21M,ACGTAGTTCGATTCCC-1,2850,1564,0.17543859649122806,7,2,Ductal basal
18176,21M_R1,21M,ACGTCCTCATGGAAGC-1,6670,3104,0.11994002998500748,5,0,Ductal basal
18179,21M_R1,21M,ACGTCCTTCAGACCTA-1,1593,1067,0.9416195856873822,35,10,Differentiated meibocyte
18181,21M_R1,21M,ACGTCCTTCATTGCTT-1,6313,3012,0.14256296530967844,9,1,Ductular
18184,21M_R1,21M,ACGTTCCCACCCTTGT-1,6513,3190,0.18424689083371718,24,1,Ductular
18186,21M_R1,21M,ACGTTCCTCATTGGTG-1,3317,1816,0.3617726861621947,23,1,Ductular
18187,21M_R1,21M,ACGTTCCTCCAGCAAT-1,4929,2435,0.04057618178129438,5,0,Ductal basal
18189,21M_R1,21M,ACTACGACAGTGTATC-1,4080,2159,0.1715686274509804,9,1,Ductular
18192,21M_R1,21M,ACTACGATCAGGAAGC-1,5821,2925,0.15461260951726508,12,5,Ductal basal
18193,21M_R1,21M,ACTATCTCAGACTGCC-1,11041,4490,0.19020016302871118,25,9,Ductal basal
18194,21M_R1,21M,ACTATCTCAGTCTACA-1,7558,3400,0.11907912146070387,5,0,Ductal basal
18200,21M_R1,21M,ACTATGGGTGTGATGG-1,2879,1719,0.06946856547412296,20,3,Ductal suprabasal
18201,21M_R1,21M,ACTATGGTCCGTAATG-1,7471,2716,0.05354035604336768,35,10,Differentiated meibocyte
18205,21M_R1,21M,ACTATTCCAACTCCCT-1,7401,3154,0.16214025131738954,12,5,Ductal basal
18207,21M_R1,21M,ACTATTCGTTCGGGTC-1,2360,1415,0.1271186440677966,23,1,Ductular
18209,21M_R1,21M,ACTATTCTCGACACCG-1,3218,1873,0.15537600994406464,5,2,Ductal basal
18210,21M_R1,21M,ACTATTCTCGCCGATG-1,7804,3131,0.17939518195797027,24,3,Ductal suprabasal
18212,21M_R1,21M,ACTCCCAAGAAGCCAC-1,3327,1998,0.15028554253080853,9,1,Ductular
18213,21M_R1,21M,ACTCCCAAGATCGGTG-1,7906,3901,0.17708069820389577,5,0,Ductal basal
18215,21M_R1,21M,ACTCCCAAGGTGTGAC-1,1077,796,0.09285051067780872,22,8,Acinar basal
18219,21M_R1,21M,ACTCCCAGTTCAAGGG-1,3991,2058,0.15033826108744675,5,2,Ductal basal
18221,21M_R1,21M,ACTCCCATCTGCACCT-1,7585,3552,0.07910349373764008,25,9,Ductal basal
18227,21M_R1,21M,ACTCTCGCACGTTGGC-1,3006,1853,0.09980039920159679,5,0,Ductal basal
18228,21M_R1,21M,ACTCTCGCAGGGAGAG-1,6193,2677,0.06458905215565962,12,5,Ductal basal
18229,21M_R1,21M,ACTCTCGCAGGTGAGT-1,6789,3341,0.20621593754603035,9,3,Ductal suprabasal
18230,21M_R1,21M,ACTCTCGCAGTCACGC-1,933,645,1.822079314040729,23,3,Ductal suprabasal
18232,21M_R1,21M,ACTCTCGGTCATCCGG-1,3434,1954,0.46592894583576006,24,3,Ductal suprabasal
18236,21M_R1,21M,ACTGATGAGCCTGGAA-1,2123,1292,1.460197833254828,35,7,Differentiating meibocyte
18240,21M_R1,21M,ACTGATGGTATGCGGA-1,10708,4278,0.6443780351139335,9,0,Ductal basal
18244,21M_R1,21M,ACTGCAAAGCTGAGTG-1,6141,2843,0.11398794984530207,5,0,Ductal basal
18252,21M_R1,21M,ACTGCAATCTGTGTGA-1,2693,1692,0.14853323431117713,25,9,Ductal basal
18253,21M_R1,21M,ACTGTCCAGCGTATGG-1,2643,1635,0.18917896329928113,24,3,Ductal suprabasal
18254,21M_R1,21M,ACTGTCCAGCTGTGCC-1,6778,3293,0.0,25,9,Ductal basal
18258,21M_R1,21M,ACTGTCCCACTACGGC-1,2771,1654,0.18044027426921688,9,4,Orifice
18260,21M_R1,21M,ACTGTCCTCGACGACC-1,6430,2977,0.09331259720062209,5,0,Ductal basal
18261,21M_R1,21M,ACTGTGAAGAACAAGG-1,2052,1401,0.14619883040935672,20,1,Ductular
18262,21M_R1,21M,ACTGTGAAGATACTGA-1,2316,1439,0.1295336787564767,5,2,Ductal basal
18266,21M_R1,21M,ACTGTGACAGGTCAAG-1,10072,3955,0.05957108816521049,9,1,Ductular
18267,21M_R1,21M,ACTGTGAGTAGTCTGT-1,3025,1916,0.1322314049586777,5,0,Ductal basal
18270,21M_R1,21M,ACTTAGGAGAGGCCAT-1,3014,1679,0.033178500331785,12,5,Ductal basal
18273,21M_R1,21M,ACTTAGGCAAACTCTG-1,3118,1731,0.06414368184733803,24,3,Ductal suprabasal
18277,21M_R1,21M,ACTTAGGGTGACTCTA-1,1248,885,0.2403846153846154,23,3,Ductal suprabasal
18280,21M_R1,21M,ACTTAGGTCGAGAGAC-1,4160,2175,0.2644230769230769,5,2,Ductal basal
18288,21M_R1,21M,ACTTCCGAGCGAGAAA-1,4076,2361,0.12266928361138371,9,1,Ductular
18290,21M_R1,21M,ACTTCCGAGTCATAGA-1,4485,2395,0.35674470457079155,9,1,Ductular
18292,21M_R1,21M,ACTTCCGGTTGAGGAC-1,4286,2195,0.0699953336444237,7,2,Ductal basal
18295,21M_R1,21M,ACTTCGCAGACCAAGC-1,4652,2617,0.21496130696474636,24,3,Ductal suprabasal
18297,21M_R1,21M,ACTTCGCAGAGAGTGA-1,2888,1650,0.03462603878116344,7,2,Ductal basal
18298,21M_R1,21M,ACTTCGCCACTGAGGA-1,3187,1957,0.09413241292751805,5,0,Ductal basal
18299,21M_R1,21M,ACTTCGCGTAGGCTGA-1,2904,1652,0.03443526170798898,12,5,Ductal basal
18300,21M_R1,21M,ACTTCGCGTTGTCTAG-1,4874,2600,0.04103405826836274,9,1,Ductular
18301,21M_R1,21M,ACTTCGCGTTGTGGAG-1,1664,1142,0.1201923076923077,29,7,Differentiating meibocyte
18304,21M_R1,21M,ACTTCGCTCGACGCGT-1,2373,1467,0.21070375052675938,7,5,Ductal basal
18305,21M_R1,21M,ACTTCGCTCGATCCCT-1,4545,2322,0.22002200220022,5,0,Ductal basal
18306,21M_R1,21M,ACTTCGCTCTGAATGC-1,3490,2053,0.25787965616045844,5,0,Ductal basal
18314,21M_R1,21M,ACTTTGTAGAGCATAT-1,6044,2477,0.3805426869622766,5,0,Ductal basal
18315,21M_R1,21M,ACTTTGTCAGGTTTAC-1,4285,2373,0.09334889148191365,5,0,Ductal basal
18320,21M_R1,21M,AGAAATGAGTATAGAC-1,2445,1487,0.2044989775051125,9,1,Ductular
18324,21M_R1,21M,AGAAATGGTCACCGCA-1,1871,1252,0.2137894174238375,7,2,Ductal basal
18325,21M_R1,21M,AGAAATGTCCCGAAAT-1,1934,1195,0.3102378490175801,16,4,Orifice
18337,21M_R1,21M,AGAACCTCATAGTCGT-1,1990,1289,0.05025125628140704,16,4,Orifice
18339,21M_R1,21M,AGAACCTGTGATTAGA-1,5355,2752,0.018674136321195144,5,0,Ductal basal
18340,21M_R1,21M,AGAACCTGTTGTGCCG-1,2489,1387,0.3615910004017678,7,2,Ductal basal
18342,21M_R1,21M,AGAACCTTCCTTTGAT-1,1379,968,0.7251631617113851,23,1,Ductular
18343,21M_R1,21M,AGAACCTTCTCGCCTA-1,6006,3038,0.08325008325008325,25,9,Ductal basal
18344,21M_R1,21M,AGAAGCGAGCGGCTCT-1,2705,1643,0.14787430683918668,5,0,Ductal basal
18345,21M_R1,21M,AGAAGCGCAGAGTGAC-1,6895,3183,0.6381435823060189,16,5,Ductal basal
18348,21M_R1,21M,AGAAGCGGTCGTCGGT-1,4459,2518,0.2242655303879794,24,3,Ductal suprabasal
18351,21M_R1,21M,AGAAGTAAGAAGCTGC-1,3655,2091,0.24623803009575923,5,2,Ductal basal
18355,21M_R1,21M,AGAAGTAAGTACGTCT-1,3421,2020,0.14615609470914936,9,1,Ductular
18356,21M_R1,21M,AGAAGTACAATTGAAG-1,8148,3517,0.07363770250368189,5,0,Ductal basal
18357,21M_R1,21M,AGAAGTACACCAGGTC-1,5135,2554,0.2921129503407984,7,2,Ductal basal
18364,21M_R1,21M,AGACAAACAATTTCCT-1,4894,2548,0.2656313853698406,24,3,Ductal suprabasal
18365,21M_R1,21M,AGACAAACATGGGTTT-1,4832,2497,0.10347682119205298,12,5,Ductal basal
18366,21M_R1,21M,AGACAAAGTAGGCTGA-1,2776,1877,0.21613832853025938,20,3,Ductal suprabasal
18369,21M_R1,21M,AGACAAATCGTTAGTG-1,2994,1862,0.2004008016032064,25,8,Acinar basal
18371,21M_R1,21M,AGACACTCATGCTGCG-1,6902,2952,0.6230078238191828,7,2,Ductal basal
18377,21M_R1,21M,AGACAGGCACCGTGAC-1,9821,4065,0.16291619997963547,25,9,Ductal basal
18379,21M_R1,21M,AGACAGGGTACCATAC-1,2756,1750,0.14513788098693758,22,8,Acinar basal
18385,21M_R1,21M,AGACCATAGTCCCGGT-1,2571,1582,0.38895371450797356,20,3,Ductal suprabasal
18387,21M_R1,21M,AGACCATAGTTCTACG-1,1166,860,0.34305317324185247,20,3,Ductal suprabasal
18393,21M_R1,21M,AGACCATGTATGAAAC-1,1331,913,0.5259203606311045,29,7,Differentiating meibocyte
18394,21M_R1,21M,AGACCATTCTGGCTGG-1,2801,1760,0.1785076758300607,5,0,Ductal basal
18397,21M_R1,21M,AGACCCGCAAATGCTC-1,9254,3958,0.1080613788631943,5,0,Ductal basal
18401,21M_R1,21M,AGACCCGCATGGAAGC-1,5209,2588,0.21117296985985792,5,2,Ductal basal
18405,21M_R1,21M,AGACTCACATCAGTCA-1,7072,2912,1.6544117647058825,23,1,Ductular
18406,21M_R1,21M,AGACTCAGTAGACAGC-1,4776,2444,0.314070351758794,5,0,Ductal basal
18407,21M_R1,21M,AGACTCATCTACTATC-1,3837,2123,0.10424811050299713,9,1,Ductular
18411,21M_R1,21M,AGAGAATCAGAGTTCT-1,11502,4493,0.05216484089723526,22,2,Ductal basal
18412,21M_R1,21M,AGAGAATCATACAGAA-1,3316,1696,0.21109770808202655,29,7,Differentiating meibocyte
18415,21M_R1,21M,AGAGAATTCGAATGCT-1,5187,2485,0.11567379988432619,12,5,Ductal basal
18418,21M_R1,21M,AGAGAGCCAAAGGCAC-1,7899,3730,0.0506393214330928,5,0,Ductal basal
18419,21M_R1,21M,AGAGAGCCAACGGCTC-1,3612,2029,0.11074197120708748,9,1,Ductular
18420,21M_R1,21M,AGAGAGCGTAACATCC-1,4313,2292,0.13911430558775792,12,5,Ductal basal
18421,21M_R1,21M,AGAGAGCGTCACGACC-1,8556,3488,0.07012622720897616,16,4,Orifice
18422,21M_R1,21M,AGAGAGCGTCATCCGG-1,4306,2376,0.18578727357176034,12,5,Ductal basal
18428,21M_R1,21M,AGAGCAGAGAGCAGCT-1,2928,1751,0.1366120218579235,10,0,Ductal basal
18429,21M_R1,21M,AGAGCAGAGCCAGAGT-1,2453,1472,0.08153281695882593,9,4,Orifice
18435,21M_R1,21M,AGAGCAGCATTGAGGG-1,6255,3107,0.09592326139088729,5,0,Ductal basal
18442,21M_R1,21M,AGAGCCCGTTTGGCTA-1,3908,2388,0.17911975435005117,22,8,Acinar basal
18446,21M_R1,21M,AGATAGAAGATGAAGG-1,3364,2035,0.267538644470868,5,0,Ductal basal
18448,21M_R1,21M,AGATAGAGTCCTGTCT-1,6473,3095,0.030897574540398577,16,4,Orifice
18451,21M_R1,21M,AGATCCAAGAGTATAC-1,5777,2782,0.0346200450060585,5,0,Ductal basal
18453,21M_R1,21M,AGATCCACAATGAGCG-1,1682,1198,0.23781212841854932,29,7,Differentiating meibocyte
18454,21M_R1,21M,AGATCCAGTACGTACT-1,5227,2768,0.07652573177731012,5,0,Ductal basal
18456,21M_R1,21M,AGATCCATCGCATTGA-1,7521,3317,0.05318441696582901,5,0,Ductal basal
18457,21M_R1,21M,AGATCCATCGTCAGAT-1,6512,3259,0.16891891891891891,20,1,Ductular
18459,21M_R1,21M,AGATCGTAGTCTGGTT-1,1772,1189,0.2257336343115124,23,1,Ductular
18463,21M_R1,21M,AGATCGTTCCATCTCG-1,6694,3012,0.089632506722438,5,0,Ductal basal
18469,21M_R1,21M,AGATGAAAGTATTGCC-1,6801,2924,0.058814880164681664,5,0,Ductal basal
18473,21M_R1,21M,AGATGAAGTACAGGTG-1,5154,2614,0.15521924718665114,5,0,Ductal basal
18474,21M_R1,21M,AGATGAAGTCTAACGT-1,1932,1343,0.4658385093167702,29,7,Differentiating meibocyte
18480,21M_R1,21M,AGATGCTCAGAACTCT-1,3499,1954,0.11431837667905116,5,0,Ductal basal
18483,21M_R1,21M,AGATGCTGTGCCTATA-1,3460,1948,0.05780346820809249,5,2,Ductal basal
18485,21M_R1,21M,AGATGCTTCCACGTAA-1,6697,2980,0.16425265044049575,5,0,Ductal basal
18488,21M_R1,21M,AGCATCAAGTTAGTAG-1,4033,2050,0.17356806347632037,9,1,Ductular
18489,21M_R1,21M,AGCATCACAATACGAA-1,3412,1837,0.3810082063305979,16,4,Orifice
18490,21M_R1,21M,AGCATCACATGCCATA-1,3124,1614,0.2560819462227913,16,4,Orifice
18495,21M_R1,21M,AGCCAATAGACCATAA-1,1623,987,0.24645717806531117,35,10,Differentiated meibocyte
18497,21M_R1,21M,AGCCAATGTATAATGG-1,7537,3607,0.10614302772986599,5,0,Ductal basal
18503,21M_R1,21M,AGCCACGCACTGGAAG-1,4838,2177,0.41339396444811904,5,0,Ductal basal
18508,21M_R1,21M,AGCCAGCAGAGCTTTC-1,9841,3746,0.0914541205162077,25,9,Ductal basal
18509,21M_R1,21M,AGCCAGCAGATAGCAT-1,6476,3119,0.10809141445336627,5,0,Ductal basal
18513,21M_R1,21M,AGCCAGCCACACAGCC-1,9423,4058,0.07428632070465882,12,1,Ductular
18516,21M_R1,21M,AGCCAGCGTAGGGAGG-1,4903,2623,0.16316540893330614,16,4,Orifice
18517,21M_R1,21M,AGCCAGCGTCACCCTT-1,6629,3115,0.1508523155830442,29,7,Differentiating meibocyte
18520,21M_R1,21M,AGCGATTAGCTTGTGT-1,2384,1530,0.2936241610738255,20,3,Ductal suprabasal
18521,21M_R1,21M,AGCGATTCATTCTTCA-1,2551,1625,0.15680125441003528,22,8,Acinar basal
18524,21M_R1,21M,AGCGATTTCAAACCTG-1,4503,2498,0.11103708638685321,5,0,Ductal basal
18536,21M_R1,21M,AGCGCTGGTCAAAGTA-1,4979,2512,0.20084354288009643,12,5,Ductal basal
18537,21M_R1,21M,AGCGCTGGTCAGGAGT-1,2598,1640,0.3464203233256351,24,1,Ductular
18538,21M_R1,21M,AGCGCTGGTTCCGCGA-1,6464,3034,0.13923267326732672,5,0,Ductal basal
18539,21M_R1,21M,AGCGCTGGTTGGAGAC-1,4293,2292,0.1863498718844631,10,0,Ductal basal
18540,21M_R1,21M,AGCGCTGTCATGCATG-1,5180,2636,0.07722007722007722,5,0,Ductal basal
18541,21M_R1,21M,AGCGCTGTCGCTCTCA-1,2472,1446,0.28317152103559873,23,1,Ductular
18543,21M_R1,21M,AGCGTATCATTACTCT-1,1617,1076,0.1855287569573284,24,3,Ductal suprabasal
18550,21M_R1,21M,AGCGTCGGTAAGAACT-1,1314,992,0.15220700152207,16,4,Orifice
18552,21M_R1,21M,AGCGTCGGTCTTCTAT-1,1783,1160,0.16825574873808188,5,2,Ductal basal
18555,21M_R1,21M,AGCTACAAGTGTAGTA-1,7071,3407,0.1131381699901004,25,9,Ductal basal
18556,21M_R1,21M,AGCTACACACTAGGCC-1,4437,2414,0.1126887536623845,16,2,Ductal basal
18559,21M_R1,21M,AGCTACAGTTATCTTC-1,2379,1149,0.12610340479192939,12,5,Ductal basal
18562,21M_R1,21M,AGCTCAAAGAGCATAT-1,3348,1970,0.0,5,2,Ductal basal
18566,21M_R1,21M,AGCTCAACAGCTTCCT-1,2491,1474,0.5620232838217584,24,3,Ductal suprabasal
18571,21M_R1,21M,AGCTTCCAGGTAGTAT-1,3948,2237,0.025329280648429587,22,8,Acinar basal
18573,21M_R1,21M,AGCTTCCGTGCACAAG-1,9214,3930,0.09767744736270893,23,1,Ductular
18575,21M_R1,21M,AGCTTCCTCTACTATC-1,5368,2832,0.11177347242921014,23,1,Ductular
18578,21M_R1,21M,AGGAAATCAAATGGTA-1,2980,1847,0.16778523489932887,25,9,Ductal basal
18579,21M_R1,21M,AGGAAATCAAGAAATC-1,3131,1913,0.15969338869370808,16,4,Orifice
18584,21M_R1,21M,AGGAATAAGTTCCATG-1,2836,1642,0.2468265162200282,9,1,Ductular
18588,21M_R1,21M,AGGAATAGTTATGGTC-1,3446,2058,0.05803830528148578,5,0,Ductal basal
18589,21M_R1,21M,AGGAATATCACTACTT-1,5379,2455,0.055772448410485224,12,5,Ductal basal
18590,21M_R1,21M,AGGAATATCTAAACGC-1,8979,3998,0.11137097672346587,20,3,Ductal suprabasal
18594,21M_R1,21M,AGGACGAAGCGACATG-1,2971,1864,0.30292830696735107,20,3,Ductal suprabasal
18598,21M_R1,21M,AGGACGACACACAGAG-1,7618,3425,0.2362824888422158,22,7,Differentiating meibocyte
18606,21M_R1,21M,AGGACGATCCAAAGGG-1,1890,1282,0.582010582010582,22,8,Acinar basal
18607,21M_R1,21M,AGGACTTAGACATCCT-1,3049,1839,0.26238110856018365,5,0,Ductal basal
18610,21M_R1,21M,AGGACTTCAAATGATG-1,9020,3957,0.044345898004434586,9,1,Ductular
18616,21M_R1,21M,AGGAGGTCAGTCTACA-1,2995,1823,1.669449081803005,24,3,Ductal suprabasal
18618,21M_R1,21M,AGGATAAAGAGTGAAG-1,7205,3443,0.08327550312283137,7,0,Ductal basal
18624,21M_R1,21M,AGGATCTAGGACGGAG-1,6597,3120,0.6214946187661058,24,3,Ductal suprabasal
18628,21M_R1,21M,AGGATCTGTAGGCAAC-1,7883,3347,0.11416973233540531,5,0,Ductal basal
18629,21M_R1,21M,AGGATCTGTATGCGTT-1,2818,1561,0.21291696238466998,23,1,Ductular
18630,21M_R1,21M,AGGATCTGTCGGAACA-1,7229,3083,0.05533268778530917,25,9,Ductal basal
18631,21M_R1,21M,AGGATCTGTCTTGAGT-1,2254,1301,0.08873114463176575,7,2,Ductal basal
18632,21M_R1,21M,AGGATCTGTGTGTCCG-1,7774,3300,0.14149729868793415,16,4,Orifice
18637,21M_R1,21M,AGGCATTAGCATGCGA-1,2363,1509,0.29623360135421073,9,1,Ductular
18638,21M_R1,21M,AGGCATTAGGTTCTAC-1,3705,2166,0.10796221322537111,20,3,Ductal suprabasal
18639,21M_R1,21M,AGGCATTCACCAGCTG-1,5564,2168,0.12580877066858376,7,2,Ductal basal
18640,21M_R1,21M,AGGCATTCAGGCTATT-1,2938,1690,0.2382573179033356,16,4,Orifice
18642,21M_R1,21M,AGGCATTGTCGTGTTA-1,8200,3720,0.012195121951219513,5,5,Ductal basal
18643,21M_R1,21M,AGGCATTGTGACCTGC-1,4831,2530,0.062098944317946596,5,0,Ductal basal
18644,21M_R1,21M,AGGCATTTCAAGGACG-1,7525,3715,0.053156146179401995,25,9,Ductal basal
18648,21M_R1,21M,AGGCCACCACCATATG-1,3975,2040,0.07547169811320754,16,4,Orifice
18652,21M_R1,21M,AGGCCACGTCACTCGG-1,4226,2345,0.047326076668244205,22,8,Acinar basal
18655,21M_R1,21M,AGGCTGCAGCGTCTGC-1,3723,2014,0.05372011818426001,22,8,Acinar basal
18665,21M_R1,21M,AGGGAGTAGAATTGTG-1,3506,1909,0.4563605248146035,23,1,Ductular
18669,21M_R1,21M,AGGGAGTAGGTCGCCT-1,2430,1448,0.12345679012345678,7,2,Ductal basal
18680,21M_R1,21M,AGGGCCTCACGGTCTG-1,7592,3311,0.13171759747102213,5,0,Ductal basal
18681,21M_R1,21M,AGGGCCTCAGCGTACC-1,10780,4471,0.10204081632653061,25,9,Ductal basal
18684,21M_R1,21M,AGGGCCTGTGGCTCTG-1,4595,2600,0.17410228509249184,5,0,Ductal basal
18687,21M_R1,21M,AGGGCTCAGCGACTGA-1,6685,2634,1.0770381451009723,5,0,Ductal basal
18688,21M_R1,21M,AGGGCTCAGGTAGCCA-1,4231,2449,0.04727014890096904,20,3,Ductal suprabasal
18689,21M_R1,21M,AGGGCTCAGGTTACCT-1,2340,1442,0.08547008547008547,23,1,Ductular
18690,21M_R1,21M,AGGGCTCGTAACCAGG-1,5336,2867,0.2811094452773613,24,3,Ductal suprabasal
18695,21M_R1,21M,AGGGTCCAGAGGCGTT-1,2149,1317,0.04653327128897162,23,1,Ductular
18696,21M_R1,21M,AGGGTCCAGTTGCTGT-1,3026,1720,0.06609385327164573,12,5,Ductal basal
18698,21M_R1,21M,AGGGTCCCAAATGGCG-1,3214,1776,0.0,9,1,Ductular
18700,21M_R1,21M,AGGGTCCGTAACCCGC-1,3379,1879,0.1479727730097662,5,0,Ductal basal
18702,21M_R1,21M,AGGGTCCGTCCTTTGC-1,3378,1855,0.17761989342806395,5,0,Ductal basal
18705,21M_R1,21M,AGGGTGAAGGCCTGAA-1,3311,1787,0.33222591362126247,7,2,Ductal basal
18708,21M_R1,21M,AGGGTGAGTTCCGCGA-1,1828,1126,0.10940919037199125,23,3,Ductal suprabasal
18712,21M_R1,21M,AGGGTTTAGTCGCCCA-1,4422,2233,0.20352781546811397,12,5,Ductal basal
18717,21M_R1,21M,AGGTAGGAGGTTACCT-1,3191,1870,0.2820432466311501,23,1,Ductular
18720,21M_R1,21M,AGGTAGGGTATCGAGG-1,4387,2356,0.022794620469569184,12,5,Ductal basal
18722,21M_R1,21M,AGGTAGGTCGCCTTGT-1,8696,3663,0.13799448022079117,25,9,Ductal basal
18724,21M_R1,21M,AGGTCATAGAGAGAAC-1,2287,1472,0.2623524267599475,9,1,Ductular
18726,21M_R1,21M,AGGTCATCAATGCAAA-1,4673,2468,0.08559811684142948,25,9,Ductal basal
18728,21M_R1,21M,AGGTCATCAGGTCAGA-1,7721,3525,0.15542028234684627,20,3,Ductal suprabasal
18730,21M_R1,21M,AGGTCATCATAACCCA-1,3231,1902,0.18570102135561745,23,1,Ductular
18734,21M_R1,21M,AGGTCATTCCGCTAGG-1,1695,1165,0.5899705014749262,24,3,Ductal suprabasal
18736,21M_R1,21M,AGGTCTACAACTGCCG-1,3130,1889,0.03194888178913738,23,1,Ductular
18738,21M_R1,21M,AGGTCTACACTATCCC-1,3782,1767,0.15864621893178213,5,0,Ductal basal
18739,21M_R1,21M,AGGTCTAGTAGCTAAA-1,4782,2467,0.020911752404851526,5,0,Ductal basal
18740,21M_R1,21M,AGGTCTAGTATGGAAT-1,2670,1668,0.0749063670411985,5,0,Ductal basal
18741,21M_R1,21M,AGGTCTAGTATGTCTG-1,4411,2541,0.11335298118340513,25,0,Ductal basal
18744,21M_R1,21M,AGGTCTAGTGTAGCAG-1,2723,1680,0.1836210062431142,16,4,Orifice
18749,21M_R1,21M,AGGTGTTGTGGTCAAG-1,2501,1674,0.19992003198720512,9,1,Ductular
18750,21M_R1,21M,AGGTGTTGTGTGGACA-1,4212,2325,0.1899335232668566,5,0,Ductal basal
18753,21M_R1,21M,AGGTTACAGCCATATC-1,3306,1794,0.06049606775559589,7,2,Ductal basal
18757,21M_R1,21M,AGGTTACTCCGCGATG-1,2617,1438,0.19105846388995032,5,0,Ductal basal
18759,21M_R1,21M,AGGTTGTAGACAACTA-1,9225,3650,0.42276422764227645,16,4,Orifice
18761,21M_R1,21M,AGGTTGTCACTCTGCT-1,5290,2594,0.13232514177693763,5,0,Ductal basal
18763,21M_R1,21M,AGGTTGTCATTCACCC-1,6517,3345,0.15344483658124905,22,8,Acinar basal
18765,21M_R1,21M,AGGTTGTGTAGCGTTT-1,3168,1958,0.1893939393939394,20,3,Ductal suprabasal
18768,21M_R1,21M,AGGTTGTTCATGAAAG-1,3358,2062,0.29779630732578916,9,1,Ductular
18773,21M_R1,21M,AGTAACCAGTCGGCAA-1,5647,2645,0.08854258898530193,12,5,Ductal basal
18775,21M_R1,21M,AGTAACCCAATCGAAA-1,2321,1485,0.17233950883239982,23,1,Ductular
18776,21M_R1,21M,AGTAACCCACCGCTGA-1,2609,1696,0.15331544653123802,9,1,Ductular
18777,21M_R1,21M,AGTAACCCACTGAGGA-1,5966,3017,0.10056989607777406,5,5,Ductal basal
18778,21M_R1,21M,AGTAACCGTCCCTAAA-1,4685,2498,0.021344717182497332,24,3,Ductal suprabasal
18782,21M_R1,21M,AGTACCACATCTATCT-1,3115,1603,0.2568218298555377,7,2,Ductal basal
18783,21M_R1,21M,AGTACCAGTACTCGCG-1,2872,1636,0.17409470752089137,9,1,Ductular
18788,21M_R1,21M,AGTACTGCAGGCCTGT-1,2490,1460,0.08032128514056225,9,1,Ductular
18789,21M_R1,21M,AGTACTGGTACTTGTG-1,6341,2893,0.0,35,7,Differentiating meibocyte
18790,21M_R1,21M,AGTACTGGTGGGATTG-1,4941,2635,0.10119409026512852,5,0,Ductal basal
18795,21M_R1,21M,AGTAGCTAGACTCGAG-1,3447,1964,0.37713954163040325,24,3,Ductal suprabasal
18800,21M_R1,21M,AGTAGTCCAACTGCCG-1,5297,2421,0.18878610534264678,12,5,Ductal basal
18802,21M_R1,21M,AGTAGTCCAGGGCTTC-1,3089,1700,0.12949174490126256,9,4,Orifice
18806,21M_R1,21M,AGTAGTCTCATGAAAG-1,5922,2684,0.08443093549476528,12,5,Ductal basal
18814,21M_R1,21M,AGTCACAAGAAGGATG-1,3041,1912,0.09865175928970733,5,0,Ductal basal
18816,21M_R1,21M,AGTCACAAGGAACGCT-1,6481,3292,0.09257830581700355,5,0,Ductal basal
18821,21M_R1,21M,AGTCACAGTAATACCC-1,3465,1932,0.7503607503607503,5,0,Ductal basal
18823,21M_R1,21M,AGTCACAGTCTAACTG-1,3115,1783,0.1926163723916533,7,2,Ductal basal
18824,21M_R1,21M,AGTCACATCTCGAGTA-1,3949,2234,0.10129146619397315,7,1,Ductular
18826,21M_R1,21M,AGTCATGAGGACGCTA-1,1838,1211,0.38084874863982593,23,1,Ductular
18828,21M_R1,21M,AGTCATGAGTGCTACT-1,3389,2006,0.11802891708468574,9,1,Ductular
18834,21M_R1,21M,AGTCATGTCATACAGC-1,6632,3512,0.16586248492159228,20,9,Ductal basal
18837,21M_R1,21M,AGTCTCCCACCAGTAT-1,2996,1776,0.20026702269692925,7,3,Ductal suprabasal
18841,21M_R1,21M,AGTGACTAGGTCTTTG-1,1564,1121,0.639386189258312,20,3,Ductal suprabasal
18848,21M_R1,21M,AGTGACTTCGGTCATA-1,4526,2052,0.11047282368537341,7,2,Ductal basal
18849,21M_R1,21M,AGTGACTTCTGGTGCG-1,3639,1984,0.1923605386095081,12,5,Ductal basal
18852,21M_R1,21M,AGTGATCCAAATCAGA-1,5429,2598,0.11051759071652237,7,2,Ductal basal
18856,21M_R1,21M,AGTGATCGTCCTGGTG-1,10582,4091,0.25515025515025513,35,7,Differentiating meibocyte
18857,21M_R1,21M,AGTGATCGTGCCCAGT-1,4672,2583,0.12842465753424656,24,3,Ductal suprabasal
18859,21M_R1,21M,AGTGATCTCCCGAATA-1,2517,1651,0.0,5,0,Ductal basal
18861,21M_R1,21M,AGTGCCGCACGACTAT-1,8396,3905,0.04764173415912339,25,9,Ductal basal
18864,21M_R1,21M,AGTGCCGGTCCGGTCA-1,7333,2979,0.0409109504977499,5,0,Ductal basal
18870,21M_R1,21M,AGTGTTGAGTCAAGCG-1,7096,2954,0.09864712514092445,12,5,Ductal basal
18871,21M_R1,21M,AGTGTTGCAAAGGCGT-1,2354,1425,0.1274426508071368,12,5,Ductal basal
18875,21M_R1,21M,AGTGTTGGTTAGAAAC-1,3475,1908,0.37410071942446044,16,4,Orifice
18876,21M_R1,21M,AGTGTTGGTTCAGCGC-1,6245,2727,0.04803843074459568,9,1,Ductular
18880,21M_R1,21M,AGTTAGCCACCATTCC-1,4150,2083,0.1686746987951807,7,2,Ductal basal
18881,21M_R1,21M,AGTTAGCCAGGAAGTC-1,5433,2714,0.11043622308117064,5,0,Ductal basal
18882,21M_R1,21M,AGTTAGCCAGTCTACA-1,3174,1934,0.3465658475110271,9,1,Ductular
18884,21M_R1,21M,AGTTAGCGTCTAACTG-1,2796,1570,0.07153075822603719,7,2,Ductal basal
18885,21M_R1,21M,AGTTAGCTCATCTCTA-1,5080,2336,0.05905511811023622,9,1,Ductular
18886,21M_R1,21M,AGTTAGCTCCGATAAC-1,5121,2368,0.15621948838117555,7,2,Ductal basal
18888,21M_R1,21M,AGTTAGCTCTTCGTAT-1,4471,2257,0.156564526951465,23,1,Ductular
18890,21M_R1,21M,AGTTCCCAGTGGAAAG-1,4361,2249,0.09172208209126347,5,0,Ductal basal
18897,21M_R1,21M,AGTTCGAAGGTACAAT-1,937,631,1.2806830309498398,23,3,Ductal suprabasal
18901,21M_R1,21M,AGTTCGAGTCAGATTC-1,7462,3416,0.21441972661484857,9,4,Orifice
18903,21M_R1,21M,AGTTCGAGTGCTCTTC-1,3708,1902,0.05393743257820927,7,2,Ductal basal
18906,21M_R1,21M,AGTTCGATCAGCTTCC-1,2306,1291,0.08673026886383348,12,5,Ductal basal
18910,21M_R1,21M,ATACCGAAGAGTCAAT-1,6633,2977,0.09045680687471733,7,2,Ductal basal
18913,21M_R1,21M,ATACCGAGTACGGTTT-1,3800,2085,0.21052631578947367,20,1,Ductular
18915,21M_R1,21M,ATACCGAGTCCTGTCT-1,6813,3000,0.08806693086745927,12,7,Differentiating meibocyte
18918,21M_R1,21M,ATACCGATCTCTTGCG-1,6864,3099,0.08741258741258741,25,2,Ductal basal
18919,21M_R1,21M,ATACCTTAGCCTTTCC-1,6254,2736,0.11192836584585865,7,1,Ductular
18923,21M_R1,21M,ATACCTTGTAGGCTGA-1,6056,2364,0.13210039630118892,16,4,Orifice
18936,21M_R1,21M,ATAGACCAGTCATAGA-1,6451,3041,0.07750736319950395,5,0,Ductal basal
18941,21M_R1,21M,ATAGACCTCGTTACCC-1,4512,2416,0.15514184397163122,5,0,Ductal basal
18948,21M_R1,21M,ATAGGCTCACATCATG-1,3366,1822,0.267379679144385,9,1,Ductular
18953,21M_R1,21M,ATAGGCTTCTCTAAGG-1,3718,2024,0.7261968800430338,29,7,Differentiating meibocyte
18957,21M_R1,21M,ATATCCTAGACCGTTT-1,4643,2298,0.08615119534783545,5,0,Ductal basal
18958,21M_R1,21M,ATATCCTAGTAAACGT-1,1994,1260,0.05015045135406219,7,2,Ductal basal
18960,21M_R1,21M,ATATCCTCACGTGTGC-1,3213,1857,0.06224712107065049,5,0,Ductal basal
18962,21M_R1,21M,ATATCCTTCAACCTCC-1,10439,3724,0.057476769805536926,16,4,Orifice
18966,21M_R1,21M,ATATCCTTCTTCACGC-1,8003,3579,0.0749718855429214,25,9,Ductal basal
18967,21M_R1,21M,ATATCCTTCTTCGATT-1,4137,2403,0.048344210780759005,5,0,Ductal basal
18969,21M_R1,21M,ATCACAGAGCATCGAG-1,3367,2063,0.23760023760023757,5,0,Ductal basal
18971,21M_R1,21M,ATCACAGCAAGTGTCT-1,3280,1749,0.274390243902439,35,10,Differentiated meibocyte
18975,21M_R1,21M,ATCACAGCAGCAATTC-1,5321,2321,0.07517383950385266,7,2,Ductal basal
18976,21M_R1,21M,ATCACAGGTACCATAC-1,3643,1896,0.19214932747735383,23,1,Ductular
18977,21M_R1,21M,ATCACAGGTCTGTCCT-1,11760,4217,0.05952380952380953,12,5,Ductal basal
18978,21M_R1,21M,ATCACAGGTTGGCTAT-1,10781,4168,0.027826732214080326,5,0,Ductal basal
18980,21M_R1,21M,ATCACAGGTTTGAACC-1,3229,2013,0.2787240631774543,9,1,Ductular
18983,21M_R1,21M,ATCACAGTCGCAGATT-1,3557,1827,0.11245431543435479,7,2,Ductal basal
18985,21M_R1,21M,ATCACGACAAGATGGC-1,8240,3832,0.12135922330097086,5,0,Ductal basal
18986,21M_R1,21M,ATCACGAGTATGGGAC-1,4011,2039,0.12465719272001993,12,4,Orifice
18989,21M_R1,21M,ATCACGATCTGGCCTT-1,6797,2819,0.13241135795203765,12,1,Ductular
18994,21M_R1,21M,ATCACTTCACATTACG-1,2134,1129,0.0,12,5,Ductal basal
18996,21M_R1,21M,ATCACTTGTGCTCGTG-1,2434,1635,0.041084634346754315,20,3,Ductal suprabasal
19002,21M_R1,21M,ATCAGGTGTGTTAACC-1,2542,1556,0.11801730920535011,16,4,Orifice
19006,21M_R1,21M,ATCATTCAGATCCGAG-1,3307,1912,0.06047777441790142,22,3,Ductal suprabasal
19008,21M_R1,21M,ATCATTCGTACGTGAG-1,2561,1684,0.07809449433814916,22,8,Acinar basal
19009,21M_R1,21M,ATCATTCGTACTGAGG-1,7310,3190,0.1094391244870041,12,5,Ductal basal
19011,21M_R1,21M,ATCATTCGTTCTAACG-1,2323,1347,0.34438226431338786,9,1,Ductular
19015,21M_R1,21M,ATCCACCCACAGAAGC-1,4897,2692,0.26546865427812943,5,0,Ductal basal
19019,21M_R1,21M,ATCCACCGTCCAAATC-1,5928,2998,0.033738191632928474,9,1,Ductular
19021,21M_R1,21M,ATCCACCTCATCGCTC-1,5983,2830,0.11699816145746281,7,1,Ductular
19032,21M_R1,21M,ATCCCTGCACTTCAAG-1,3154,1999,0.15852885225110971,23,1,Ductular
19033,21M_R1,21M,ATCCCTGCAGATTCGT-1,3044,1899,0.19710906701708278,20,3,Ductal suprabasal
19035,21M_R1,21M,ATCCCTGCATCGGATT-1,5160,2736,0.09689922480620156,5,0,Ductal basal
19036,21M_R1,21M,ATCCCTGGTCTACAAC-1,5106,2336,0.07833920877399138,7,2,Ductal basal
19037,21M_R1,21M,ATCCCTGTCCCTTTGG-1,7628,3207,0.11798636601992658,5,0,Ductal basal
19039,21M_R1,21M,ATCCGTCAGTAGATCA-1,1683,1146,0.29708853238265004,9,1,Ductular
19040,21M_R1,21M,ATCCGTCCAACGACAG-1,7037,3174,0.0994742077589882,5,0,Ductal basal
19046,21M_R1,21M,ATCCGTCTCACGGACC-1,3364,1980,0.2080856123662307,5,0,Ductal basal
19047,21M_R1,21M,ATCCGTCTCTCGAACA-1,8496,3744,0.03531073446327684,25,9,Ductal basal
19050,21M_R1,21M,ATCCTATAGGCCTGAA-1,11001,4289,0.181801654395055,24,3,Ductal suprabasal
19051,21M_R1,21M,ATCCTATAGGTCACTT-1,1954,1295,0.2047082906857728,5,2,Ductal basal
19058,21M_R1,21M,ATCCTATTCCTACAAG-1,5114,2327,0.01955416503715291,7,2,Ductal basal
19065,21M_R1,21M,ATCGATGTCTTGATTC-1,5111,2399,0.215222070045001,7,2,Ductal basal
19068,21M_R1,21M,ATCGCCTCAAGTCCCG-1,6322,2756,0.09490667510281556,12,5,Ductal basal
19073,21M_R1,21M,ATCGCCTGTCGCACGT-1,3554,1919,0.14068655036578503,5,2,Ductal basal
19074,21M_R1,21M,ATCGCCTGTGACAGGT-1,1863,1194,0.2683843263553409,23,1,Ductular
19078,21M_R1,21M,ATCGGATCATTCTTCA-1,7209,3154,0.06935774726036899,24,3,Ductal suprabasal
19082,21M_R1,21M,ATCGGATTCAATCTCT-1,3511,2056,0.11392765593847907,7,0,Ductal basal
19084,21M_R1,21M,ATCGGATTCTCGGGAC-1,5799,3014,0.03448870494912916,25,9,Ductal basal
19085,21M_R1,21M,ATCGGCGAGAGAAGGT-1,2096,1309,0.4770992366412214,35,10,Differentiated meibocyte
19089,21M_R1,21M,ATCGGCGCAATCGCGC-1,4854,2284,0.10300782859497322,16,4,Orifice
19090,21M_R1,21M,ATCGGCGCAATTGTGC-1,3855,1944,0.12970168612191957,7,2,Ductal basal
19093,21M_R1,21M,ATCGGCGGTCGCGGTT-1,3149,1894,0.2540489044140997,22,8,Acinar basal
19100,21M_R1,21M,ATCGTAGGTACGTGAG-1,8809,3490,0.4086729481212396,5,0,Ductal basal
19104,21M_R1,21M,ATCGTAGTCCAAATGC-1,9984,3917,0.030048076923076924,5,0,Ductal basal
19105,21M_R1,21M,ATCGTAGTCGAATCCA-1,3332,1929,0.15006002400960386,24,3,Ductal suprabasal
19106,21M_R1,21M,ATCGTCCAGACCATTC-1,3636,1685,0.13751375137513752,7,2,Ductal basal
19109,21M_R1,21M,ATCGTCCAGCCTGCCA-1,6124,2953,0.13063357282821686,5,0,Ductal basal
19111,21M_R1,21M,ATCGTCCCACGCGCAT-1,7267,3366,0.15136920324755745,5,0,Ductal basal
19112,21M_R1,21M,ATCGTCCGTACGTGTT-1,4799,2267,0.18753907063971662,7,2,Ductal basal
19114,21M_R1,21M,ATCGTGACAGAGTGTG-1,5051,2574,0.039596119580281135,5,0,Ductal basal
19118,21M_R1,21M,ATCGTGATCCGAGAAG-1,1570,1121,0.12738853503184713,9,1,Ductular
19119,21M_R1,21M,ATCGTGATCGTGGCTG-1,5081,2728,0.0196811651249754,9,1,Ductular
19121,21M_R1,21M,ATCTCTAAGCTTTGTG-1,4168,2348,0.04798464491362764,5,0,Ductal basal
19122,21M_R1,21M,ATCTCTAAGTCTGCGC-1,3501,1949,0.14281633818908884,9,1,Ductular
19131,21M_R1,21M,ATCTTCAAGGGTGAGG-1,2774,1724,0.03604902667627974,9,1,Ductular
19140,21M_R1,21M,ATGAAAGCAAAGACGC-1,2620,1566,0.11450381679389314,5,0,Ductal basal
19142,21M_R1,21M,ATGAAAGCAGTAACAA-1,4784,2278,0.1463210702341137,9,1,Ductular
19143,21M_R1,21M,ATGAAAGGTCGCATGC-1,8373,3638,0.14331780723754925,20,3,Ductal suprabasal
19146,21M_R1,21M,ATGAAAGTCCTCGCAT-1,8400,3612,0.047619047619047616,12,0,Ductal basal
19148,21M_R1,21M,ATGACCAAGACAGCTG-1,7234,3270,0.17970693945258503,9,1,Ductular
19157,21M_R1,21M,ATGAGGGAGATCGGTG-1,4306,2205,0.23223409196470043,16,4,Orifice
19162,21M_R1,21M,ATGAGGGGTCCATCTC-1,2869,1718,0.06971070059254096,5,2,Ductal basal
19163,21M_R1,21M,ATGAGGGGTGCCTTTC-1,1908,1175,0.2620545073375262,12,5,Ductal basal
19168,21M_R1,21M,ATGAGTCAGGTACATA-1,6052,2891,0.11566424322538005,12,2,Ductal basal
19170,21M_R1,21M,ATGAGTCAGTCTACCA-1,1445,1006,0.27681660899653976,9,4,Orifice
19172,21M_R1,21M,ATGAGTCCATGACTAC-1,6418,2981,0.10906824555936429,5,0,Ductal basal
19173,21M_R1,21M,ATGAGTCGTAACGATA-1,3263,1790,0.15323322096230463,7,2,Ductal basal
19174,21M_R1,21M,ATGAGTCGTAAGGCCA-1,3625,1892,0.0,12,5,Ductal basal
19178,21M_R1,21M,ATGAGTCTCATGCCAA-1,4433,2163,0.04511617414843221,7,2,Ductal basal
19179,21M_R1,21M,ATGAGTCTCATTACTC-1,7660,3485,0.13054830287206268,29,7,Differentiating meibocyte
19181,21M_R1,21M,ATGATCGAGCAGCACA-1,1142,832,0.3502626970227671,9,1,Ductular
19186,21M_R1,21M,ATGATCGTCTATCGCC-1,3544,1932,0.2257336343115124,9,4,Orifice
19187,21M_R1,21M,ATGCATGAGAGCTGAC-1,2981,1675,0.13418316001341832,7,2,Ductal basal
19190,21M_R1,21M,ATGCATGGTAGTCACT-1,3377,1914,0.14806040864672787,12,5,Ductal basal
19196,21M_R1,21M,ATGCCTCAGGGACAGG-1,3600,2029,0.16666666666666669,12,5,Ductal basal
19198,21M_R1,21M,ATGCCTCAGGTGATAT-1,3789,1968,0.13196093956188967,7,2,Ductal basal
19199,21M_R1,21M,ATGCCTCAGTCATCGT-1,7135,3171,0.11212333566923616,5,0,Ductal basal
19204,21M_R1,21M,ATGCCTCTCGACTCCT-1,10464,4035,0.05733944954128441,16,4,Orifice
19207,21M_R1,21M,ATGCGATAGTTGCCCG-1,6772,2766,0.2067336089781453,12,5,Ductal basal
19213,21M_R1,21M,ATGCGATGTGTTCGAT-1,1234,891,0.24311183144246357,24,3,Ductal suprabasal
19219,21M_R1,21M,ATGGAGGAGCGAGAAA-1,5724,2882,0.08735150244584207,12,5,Ductal basal
19220,21M_R1,21M,ATGGAGGAGGGCAAGG-1,7258,3418,0.4408928079360706,29,7,Differentiating meibocyte
19225,21M_R1,21M,ATGGAGGGTATACCTG-1,3359,2008,0.08931229532598987,9,1,Ductular
19227,21M_R1,21M,ATGGAGGTCGTAGTCA-1,4483,2494,0.1115324559446799,25,9,Ductal basal
19235,21M_R1,21M,ATGGGAGAGGACGCTA-1,3581,1969,0.36302708740575257,22,8,Acinar basal
19238,21M_R1,21M,ATGGGAGGTTCGAAGG-1,3467,1764,0.2019036631093164,12,5,Ductal basal
19241,21M_R1,21M,ATGGGAGTCCTGGGAC-1,3514,2080,0.199203187250996,23,1,Ductular
19247,21M_R1,21M,ATGGGTTCAACACGTT-1,4136,2284,0.3143133462282398,24,1,Ductular
19255,21M_R1,21M,ATGGGTTTCTAACGCA-1,6750,2794,0.07407407407407407,5,0,Ductal basal
19257,21M_R1,21M,ATGGTTGAGGGAGTGG-1,2624,1576,0.22865853658536583,7,2,Ductal basal
19260,21M_R1,21M,ATGGTTGGTACTGGGA-1,1587,1113,0.0630119722747322,12,5,Ductal basal
19261,21M_R1,21M,ATGGTTGTCACACCCT-1,2927,1866,0.1366586949094636,24,3,Ductal suprabasal
19266,21M_R1,21M,ATGTCCCCATGGAACG-1,2761,1831,0.07243752263672583,25,9,Ductal basal
19267,21M_R1,21M,ATGTCCCGTCTTGAGT-1,3155,1726,0.06339144215530904,5,0,Ductal basal
19269,21M_R1,21M,ATGTCCCTCCGTGTGG-1,7147,3217,0.08395130824122009,7,2,Ductal basal
19271,21M_R1,21M,ATGTCCCTCGGTTCAA-1,3219,1818,0.40385212799005904,5,2,Ductal basal
19273,21M_R1,21M,ATGTCTTAGTCCCGGT-1,4860,2671,0.43209876543209874,5,0,Ductal basal
19274,21M_R1,21M,ATGTCTTCAGACTCTA-1,1576,1071,0.31725888324873097,23,1,Ductular
19276,21M_R1,21M,ATGTCTTCATTCTCTA-1,7770,3494,0.01287001287001287,24,0,Ductal basal
19278,21M_R1,21M,ATGTCTTGTGCGTGCT-1,4866,2627,0.2671598849157419,9,1,Ductular
19281,21M_R1,21M,ATGTCTTTCGCTGTCT-1,2171,1265,0.1381851681252879,7,2,Ductal basal
19283,21M_R1,21M,ATGTCTTTCGTAGTCA-1,2331,1415,0.6006006006006006,29,7,Differentiating meibocyte
19284,21M_R1,21M,ATTACCTAGCTGACCC-1,5288,2366,0.5484114977307111,12,5,Ductal basal
19285,21M_R1,21M,ATTACCTAGGTGCAGT-1,6675,2949,0.1048689138576779,9,1,Ductular
19286,21M_R1,21M,ATTACCTCAACGGCTC-1,3671,2040,0.1089621356578589,5,0,Ductal basal
19287,21M_R1,21M,ATTACCTCACCATATG-1,4748,2645,0.18955349620893008,5,0,Ductal basal
19290,21M_R1,21M,ATTACCTTCCGCTTAC-1,4038,2167,0.44576523031203563,9,1,Ductular
19292,21M_R1,21M,ATTACTCCATGGATCT-1,2402,1523,0.0,7,2,Ductal basal
19294,21M_R1,21M,ATTACTCGTGAATTAG-1,1739,1197,0.28752156411730884,12,5,Ductal basal
19298,21M_R1,21M,ATTACTCTCCTAGAGT-1,5017,2589,0.039864460833167234,5,0,Ductal basal
19300,21M_R1,21M,ATTACTCTCGAAGCAG-1,6979,3122,0.08597220232124946,5,0,Ductal basal
19304,21M_R1,21M,ATTATCCCACAAAGCG-1,1746,1112,0.1718213058419244,23,1,Ductular
19306,21M_R1,21M,ATTATCCCAGCGAACA-1,5946,2954,0.1849983181971073,22,7,Differentiating meibocyte
19307,21M_R1,21M,ATTATCCCATCAGTCA-1,4718,2072,0.38151759220008474,7,2,Ductal basal
19310,21M_R1,21M,ATTATCCTCCTGGTCT-1,3199,1700,0.15629884338855893,7,2,Ductal basal
19311,21M_R1,21M,ATTATCCTCTTAGCCC-1,7281,3222,0.1373437714599643,23,1,Ductular
19314,21M_R1,21M,ATTCACTTCACGACTA-1,4977,2621,0.10046212577858146,16,4,Orifice
19318,21M_R1,21M,ATTCAGGGTCGAGATG-1,2255,1529,0.22172949002217296,20,3,Ductal suprabasal
19319,21M_R1,21M,ATTCAGGGTGGCCACT-1,1082,794,0.7393715341959335,9,4,Orifice
19320,21M_R1,21M,ATTCAGGTCGCTGTCT-1,5206,2645,0.09604302727621974,16,4,Orifice
19321,21M_R1,21M,ATTCAGGTCTCATAGG-1,2829,1712,0.17674089784376104,9,1,Ductular
19331,21M_R1,21M,ATTCATCTCTCGACGG-1,3337,1904,0.2097692538207971,12,1,Ductular
19332,21M_R1,21M,ATTCCATAGATAGTGT-1,2965,1743,0.1011804384485666,5,2,Ductal basal
19333,21M_R1,21M,ATTCCATAGTGATAGT-1,2915,1841,0.13722126929674097,9,1,Ductular
19335,21M_R1,21M,ATTCCATGTTGAAGTA-1,3839,2099,0.07814535035165407,5,0,Ductal basal
19337,21M_R1,21M,ATTCCATTCGCTAGCG-1,4240,2102,0.04716981132075472,12,5,Ductal basal
19339,21M_R1,21M,ATTCCCGAGAGTGGCT-1,4502,2448,0.0888494002665482,16,4,Orifice
19344,21M_R1,21M,ATTCCTAAGAAAGTCT-1,1382,1031,0.0,25,9,Ductal basal
19345,21M_R1,21M,ATTCCTAAGCCTCTTC-1,2287,1435,0.08745080891998251,5,2,Ductal basal
19346,21M_R1,21M,ATTCCTACACGGCTAC-1,7267,3629,0.12384752992981973,12,5,Ductal basal
19347,21M_R1,21M,ATTCCTACAGGAGGAG-1,5318,2607,0.0940203083866115,5,2,Ductal basal
19349,21M_R1,21M,ATTCCTACATTGCCTC-1,5268,2195,0.07593014426727411,7,2,Ductal basal
19350,21M_R1,21M,ATTCCTAGTCGGATTT-1,2659,1784,0.22564874012786762,22,8,Acinar basal
19352,21M_R1,21M,ATTCGTTAGAATTGTG-1,1910,1161,0.052356020942408384,5,0,Ductal basal
19353,21M_R1,21M,ATTCGTTAGCATCCCG-1,3314,1900,0.2112251056125528,23,1,Ductular
19361,21M_R1,21M,ATTCGTTTCATTCATC-1,5406,2701,0.12948575656677763,5,0,Ductal basal
19366,21M_R1,21M,ATTCTACGTAGGCAGT-1,4503,2472,0.11103708638685321,5,0,Ductal basal
19370,21M_R1,21M,ATTCTTGAGTAGGGTC-1,1824,1230,0.21929824561403508,23,1,Ductular
19373,21M_R1,21M,ATTCTTGGTCGGCTAC-1,4189,1772,0.549057054189544,24,3,Ductal suprabasal
19374,21M_R1,21M,ATTCTTGTCATCGCCT-1,6329,2799,0.06320113762047717,5,0,Ductal basal
19376,21M_R1,21M,ATTGGGTAGAGCTGAC-1,3634,2099,0.1100715465052284,5,2,Ductal basal
19384,21M_R1,21M,ATTGTTCAGCAGGCAT-1,8192,3499,0.09765625,29,7,Differentiating meibocyte
19387,21M_R1,21M,ATTGTTCCACCTCGTT-1,8879,3666,0.07883770694898073,5,0,Ductal basal
19388,21M_R1,21M,ATTGTTCCATCCTAAG-1,2866,1682,0.0,7,2,Ductal basal
19395,21M_R1,21M,ATTTACCAGCGGGTAT-1,3441,2054,0.08718395815170009,5,0,Ductal basal
19397,21M_R1,21M,ATTTACCAGTCCCAAT-1,3031,1875,0.13196964698119432,5,0,Ductal basal
19399,21M_R1,21M,ATTTACCCAAATGATG-1,1171,782,1.3663535439795047,29,7,Differentiating meibocyte
19401,21M_R1,21M,ATTTACCCAGGTGGAT-1,3230,1724,0.12383900928792571,7,2,Ductal basal
19405,21M_R1,21M,ATTTACCGTTTGGGAG-1,2566,1487,0.1558846453624318,16,4,Orifice
19407,21M_R1,21M,ATTTCACAGGGCAGGA-1,7636,3669,0.06547930853850184,5,0,Ductal basal
19409,21M_R1,21M,ATTTCACCAACCGTAT-1,4095,2270,0.04884004884004884,7,2,Ductal basal
19410,21M_R1,21M,ATTTCACCAATGTCTG-1,2090,1336,0.43062200956937796,9,4,Orifice
19414,21M_R1,21M,ATTTCACCATGTCAGT-1,5414,2699,0.11082379017362395,16,4,Orifice
19417,21M_R1,21M,ATTTCACGTTTCCAAG-1,1510,1025,0.06622516556291391,23,1,Ductular
19418,21M_R1,21M,ATTTCACTCCACATAG-1,4939,2124,0.1822231220894918,7,2,Ductal basal
19423,21M_R1,21M,ATTTCTGCATGTGACT-1,2865,1570,0.17452006980802792,16,4,Orifice
19425,21M_R1,21M,ATTTCTGGTCATAAAG-1,3199,1971,0.2188183807439825,5,0,Ductal basal
19427,21M_R1,21M,ATTTCTGTCCGCGGAT-1,2446,1573,0.12264922322158626,12,5,Ductal basal
19428,21M_R1,21M,CAAAGAAAGAAGGCTC-1,2288,1462,0.043706293706293704,5,0,Ductal basal
19429,21M_R1,21M,CAAAGAAAGAGGGTCT-1,4179,2076,0.16750418760469013,23,1,Ductular
19440,21M_R1,21M,CAACAACAGTGGCAGT-1,3719,1991,0.10755579456843238,7,2,Ductal basal
19443,21M_R1,21M,CAACAACGTACTCGAT-1,6897,2934,0.1449905756125852,12,5,Ductal basal
19444,21M_R1,21M,CAACAACGTGCAAGAC-1,4225,2329,0.09467455621301775,5,0,Ductal basal
19445,21M_R1,21M,CAACAACGTTCTGAGT-1,5695,2569,0.4214223002633889,12,5,Ductal basal
19447,21M_R1,21M,CAACAACTCCCTCTAG-1,4836,2629,0.062034739454094295,22,8,Acinar basal
19449,21M_R1,21M,CAACAGTGTGGATGAC-1,6734,3126,0.10395010395010396,5,0,Ductal basal
19453,21M_R1,21M,CAACCAAAGATGGCGT-1,8732,3427,0.11452130096197893,16,4,Orifice
19458,21M_R1,21M,CAACCAACACACGGTC-1,7054,3182,0.09923447689254325,16,4,Orifice
19459,21M_R1,21M,CAACCAACAGATTAAG-1,2229,1401,0.2691790040376851,29,7,Differentiating meibocyte
19462,21M_R1,21M,CAACCAAGTCGATTAC-1,5298,2489,4.681011702529257,29,7,Differentiating meibocyte
19467,21M_R1,21M,CAACCTCAGCCTCTTC-1,8468,3294,0.25980160604629193,24,3,Ductal suprabasal
19468,21M_R1,21M,CAACCTCAGCGTTCAT-1,8861,3889,0.0451416318699921,25,9,Ductal basal
19471,21M_R1,21M,CAACCTCGTACACTCA-1,3953,2196,0.15178345560333922,5,0,Ductal basal
19475,21M_R1,21M,CAACCTCTCACGGACC-1,7421,3095,0.06737636437137852,23,1,Ductular
19483,21M_R1,21M,CAACGATTCAATCTTC-1,8633,3361,0.046333835283215566,16,4,Orifice
19487,21M_R1,21M,CAACGGCCACTCAGAT-1,12271,4346,0.4482112297286285,16,4,Orifice
19495,21M_R1,21M,CAAGAGGAGAGTCGAC-1,4880,2441,0.06147540983606558,12,5,Ductal basal
19501,21M_R1,21M,CAAGAGGGTCATCGGC-1,11432,4211,0.23617914625612318,7,2,Ductal basal
19503,21M_R1,21M,CAAGAGGGTTCAGTAC-1,2626,1542,0.15232292460015232,16,4,Orifice
19504,21M_R1,21M,CAAGCTAAGAGGGTCT-1,6090,2989,0.22988505747126436,29,7,Differentiating meibocyte
19505,21M_R1,21M,CAAGCTAAGTTAACAG-1,5556,2821,0.07199424046076314,5,0,Ductal basal
19509,21M_R1,21M,CAAGCTAGTAGAGACC-1,4034,2204,0.09915716410510658,12,5,Ductal basal
19510,21M_R1,21M,CAAGCTAGTGGAACAC-1,7807,3192,0.24337133341872677,29,7,Differentiating meibocyte
19512,21M_R1,21M,CAAGGGAAGGCCTGCT-1,4168,2359,0.11996161228406908,5,0,Ductal basal
19520,21M_R1,21M,CAAGGGATCCAGCAAT-1,2234,1461,0.40286481647269473,29,7,Differentiating meibocyte
19521,21M_R1,21M,CAAGGGATCGTCGACG-1,3718,2070,0.24206562668101128,25,9,Ductal basal
19523,21M_R1,21M,CAATACGGTGGGACAT-1,3381,1813,0.08873114463176575,16,4,Orifice
19525,21M_R1,21M,CAATCGAAGTGTAGTA-1,4276,2344,0.16370439663236672,16,4,Orifice
19528,21M_R1,21M,CAATCGAGTGAGACCA-1,6907,3147,0.10134646011292892,5,0,Ductal basal
19531,21M_R1,21M,CAATGACAGATTACCC-1,12060,4498,0.03316749585406302,5,0,Ductal basal
19533,21M_R1,21M,CAATGACGTAACAAGT-1,1923,1055,2.080083203328133,24,3,Ductal suprabasal
19536,21M_R1,21M,CAATGACTCTAGAGCT-1,4170,2126,0.2158273381294964,12,5,Ductal basal
19539,21M_R1,21M,CAATTTCAGTAAACAC-1,9922,4012,0.04031445273130417,12,5,Ductal basal
19541,21M_R1,21M,CAATTTCCACGGCGTT-1,5087,2793,0.25555337133870654,22,8,Acinar basal
19548,21M_R1,21M,CACAACACAATTGAGA-1,3462,1910,0.05777007510109763,12,5,Ductal basal
19553,21M_R1,21M,CACAACATCGTGTTCC-1,4991,2252,0.16028851933480265,7,2,Ductal basal
19554,21M_R1,21M,CACAACATCTCACGAA-1,4967,2784,0.2617274008455808,25,9,Ductal basal
19556,21M_R1,21M,CACACAAAGCGATCGA-1,4815,2671,0.24922118380062305,22,8,Acinar basal
19559,21M_R1,21M,CACACAAAGTGCTACT-1,4915,2441,0.04069175991861648,5,0,Ductal basal
19563,21M_R1,21M,CACACAACAGAATTCC-1,11318,4068,0.22088708252341405,5,0,Ductal basal
19576,21M_R1,21M,CACAGATGTGTTAAAG-1,6116,3020,0.11445389143230869,7,2,Ductal basal
19577,21M_R1,21M,CACAGGCAGTAAGCAT-1,4793,2366,0.1669100771959107,5,2,Ductal basal
19585,21M_R1,21M,CACAGGCGTGAGACCA-1,2512,1463,0.3184713375796179,9,1,Ductular
19587,21M_R1,21M,CACAGGCTCTCTGCTG-1,3674,2103,0.19052803483941208,23,1,Ductular
19590,21M_R1,21M,CACATGAAGAGAGCAA-1,3317,2115,0.2411817907747965,22,8,Acinar basal
19591,21M_R1,21M,CACATGACAAGAGAGA-1,3459,1964,0.11564035848511131,5,0,Ductal basal
19594,21M_R1,21M,CACATGACAGCATTGT-1,2758,1524,0.0725163161711385,16,4,Orifice
19599,21M_R1,21M,CACCAAAAGCATTGAA-1,2830,1669,0.10600706713780918,7,2,Ductal basal
19600,21M_R1,21M,CACCAAAAGGGCAGTT-1,3139,1742,0.0955718381650207,12,5,Ductal basal
19602,21M_R1,21M,CACCAAACACTAGGTT-1,2912,1654,0.20604395604395606,16,4,Orifice
19611,21M_R1,21M,CACCGTTCACTCCGAG-1,3623,1921,0.1656086116478057,9,1,Ductular
19614,21M_R1,21M,CACCGTTCATCGAAGG-1,8152,3512,0.11040235525024535,16,4,Orifice
19617,21M_R1,21M,CACCGTTTCCGATAAC-1,3674,2076,0.16330974414806748,12,5,Ductal basal
19620,21M_R1,21M,CACCGTTTCTGAGAGG-1,3349,1947,0.17915795759928338,9,1,Ductular
19627,21M_R1,21M,CACGAATCAGCTCTGG-1,2502,1573,0.3597122302158274,7,2,Ductal basal
19630,21M_R1,21M,CACGAATTCAAGCCCG-1,3068,1800,0.09778357235984356,23,1,Ductular
19634,21M_R1,21M,CACGTGGAGAGAGCGG-1,7325,3415,0.12286689419795221,16,4,Orifice
19636,21M_R1,21M,CACGTGGAGTCATGGG-1,6330,3199,0.0631911532385466,20,9,Ductal basal
19637,21M_R1,21M,CACGTGGCAACCCTAA-1,8942,4104,0.11183180496533215,25,8,Acinar basal
19639,21M_R1,21M,CACGTGGCACACTGGC-1,8246,3453,0.08488964346349745,23,1,Ductular
19640,21M_R1,21M,CACGTGGCATACCGTA-1,5739,2820,0.08712319219376198,5,0,Ductal basal
19642,21M_R1,21M,CACGTGGGTGTAGCAG-1,2147,1359,0.2328830926874709,7,2,Ductal basal
19647,21M_R1,21M,CACGTTCAGCCATTCA-1,7977,3497,0.06268020559107433,5,2,Ductal basal
19648,21M_R1,21M,CACGTTCAGCCTTTGA-1,3248,1874,0.0,5,2,Ductal basal
19649,21M_R1,21M,CACGTTCAGCTGTTAC-1,5646,2555,0.10626992561105207,9,1,Ductular
19650,21M_R1,21M,CACGTTCCAATATCCG-1,4652,2420,0.04299226139294927,5,0,Ductal basal
19651,21M_R1,21M,CACGTTCCACTGCATA-1,4933,2623,0.0608149199270221,12,5,Ductal basal
19654,21M_R1,21M,CACGTTCTCAAGAGTA-1,6001,2902,0.049991668055324116,22,1,Ductular
19660,21M_R1,21M,CACTGAAAGGTACCTT-1,3168,1807,0.0946969696969697,23,1,Ductular
19662,21M_R1,21M,CACTGAACACAATGAA-1,6541,2992,0.09172909341079345,12,5,Ductal basal
19663,21M_R1,21M,CACTGAACACGCGCAT-1,3636,2153,0.1925192519251925,5,0,Ductal basal
19664,21M_R1,21M,CACTGAACACTACCCT-1,2356,1515,0.08488964346349745,9,1,Ductular
19665,21M_R1,21M,CACTGAAGTCAAAGCG-1,1577,993,0.31705770450221943,29,7,Differentiating meibocyte
19666,21M_R1,21M,CACTGAAGTGCCGTTG-1,7345,3322,0.05445881552076243,5,2,Ductal basal
19668,21M_R1,21M,CACTGAAGTTATAGCC-1,10225,3969,0.009779951100244499,16,4,Orifice
19674,21M_R1,21M,CACTGGGCAAGTGGAC-1,6975,3137,0.05734767025089606,5,0,Ductal basal
19689,21M_R1,21M,CACTTCGTCCTTTAGT-1,3250,1875,0.0923076923076923,10,0,Ductal basal
19690,21M_R1,21M,CACTTCGTCGGACTTA-1,4910,2686,0.12219959266802445,5,5,Ductal basal
19692,21M_R1,21M,CAGAGCCAGAACTTCC-1,4993,2304,0.30042058882435413,7,2,Ductal basal
19699,21M_R1,21M,CAGATACAGCACCCAC-1,6970,3381,0.2869440459110474,12,1,Ductular
19700,21M_R1,21M,CAGATACAGCTCTTCC-1,3555,1960,0.08438818565400844,5,0,Ductal basal
19701,21M_R1,21M,CAGATACAGGTAGTAT-1,11107,4439,1.764652921580985,29,7,Differentiating meibocyte
19703,21M_R1,21M,CAGATACCACTCCTGT-1,3257,1884,0.030703101013202335,5,0,Ductal basal
19704,21M_R1,21M,CAGATACGTTACAGCT-1,3393,1867,0.14736221632773355,22,8,Acinar basal
19706,21M_R1,21M,CAGATACTCCCGTGAG-1,8047,3053,0.149123897104511,7,2,Ductal basal
19709,21M_R1,21M,CAGATCAAGAATGTTG-1,5564,2936,1.3120057512580876,24,3,Ductal suprabasal
19711,21M_R1,21M,CAGATCAAGCTGGCCT-1,5498,2666,0.20007275372862862,16,4,Orifice
19716,21M_R1,21M,CAGATTGGTACTGACT-1,5995,2905,0.016680567139282735,16,4,Orifice
19720,21M_R1,21M,CAGATTGTCACTCACC-1,8701,3814,0.06895759108148489,25,9,Ductal basal
19730,21M_R1,21M,CAGCACGGTGATCGTT-1,5190,2657,0.15414258188824664,25,2,Ductal basal
19731,21M_R1,21M,CAGCACGGTTGTTGAC-1,4261,2184,0.6805914104670265,12,5,Ductal basal
19742,21M_R1,21M,CAGCAGCTCTCGTCGT-1,4783,2574,0.06272214091574327,24,3,Ductal suprabasal
19744,21M_R1,21M,CAGCCAGAGCCGTCGT-1,8815,3739,0.09075439591605218,25,9,Ductal basal
19747,21M_R1,21M,CAGCCAGCATGGGTTT-1,5385,2680,0.48282265552460535,16,4,Orifice
19748,21M_R1,21M,CAGCCAGGTAATGTGA-1,8827,3946,0.0679732638495525,20,1,Ductular
19751,21M_R1,21M,CAGCCAGGTCTGATCA-1,7895,3772,0.03799873337555415,25,8,Acinar basal
19753,21M_R1,21M,CAGCCAGTCAACTGGT-1,10589,4113,0.09443762394938143,5,0,Ductal basal
19754,21M_R1,21M,CAGCCAGTCCGATAGT-1,3726,2034,0.1878690284487386,12,5,Ductal basal
19755,21M_R1,21M,CAGCCAGTCGTTAGAC-1,5390,2741,0.24118738404452691,12,5,Ductal basal
19759,21M_R1,21M,CAGCGTGCAAGGGTCA-1,2947,1735,0.1357312521208008,23,1,Ductular
19760,21M_R1,21M,CAGCGTGCATCAGCGC-1,3844,1994,0.1300728407908429,7,2,Ductal basal
19763,21M_R1,21M,CAGCGTGGTGAGGCAT-1,7319,3443,0.09564148107664981,5,0,Ductal basal
19765,21M_R1,21M,CAGCGTGTCTAGTCAG-1,4951,2435,0.20197939810139365,16,4,Orifice
19767,21M_R1,21M,CAGGCCAAGCATCTTG-1,3425,1970,0.0,5,0,Ductal basal
19769,21M_R1,21M,CAGGCCACAGGTCCGT-1,4148,2333,0.07232401157184186,29,7,Differentiating meibocyte
19772,21M_R1,21M,CAGGCCATCAGGCGAA-1,5809,2806,2.01411602685488,22,7,Differentiating meibocyte
19775,21M_R1,21M,CAGGCCATCGGTTGTA-1,4257,2040,0.09396288466055908,7,2,Ductal basal
19777,21M_R1,21M,CAGGGCTAGCGTGCCT-1,1059,749,1.0387157695939566,9,1,Ductular
19778,21M_R1,21M,CAGGGCTAGTAGAGTT-1,5046,2586,0.07927070947284978,16,4,Orifice
19780,21M_R1,21M,CAGGGCTCATAGTCGT-1,1585,1165,0.6309148264984227,29,7,Differentiating meibocyte
19782,21M_R1,21M,CAGGGCTCATGAATAG-1,10300,4335,0.0970873786407767,20,0,Ductal basal
19786,21M_R1,21M,CAGGGCTTCGAGTACT-1,3693,2057,0.13539128080151638,5,2,Ductal basal
19787,21M_R1,21M,CAGGGCTTCGTTCCTG-1,6174,2849,0.16196954972465177,22,8,Acinar basal
19793,21M_R1,21M,CAGGTATCACATAGCT-1,5381,2632,0.22300687604534472,23,1,Ductular
19794,21M_R1,21M,CAGGTATCACGGCACT-1,3667,1958,0.13635124079629124,20,1,Ductular
19796,21M_R1,21M,CAGGTATCAGCGTTGC-1,1545,1077,0.45307443365695793,35,10,Differentiated meibocyte
19798,21M_R1,21M,CAGGTATGTCCTATAG-1,5834,2970,0.2742543709290367,22,7,Differentiating meibocyte
19806,21M_R1,21M,CAGTGCGGTATCGCAT-1,7495,3446,0.0933955970647098,25,9,Ductal basal
19808,21M_R1,21M,CAGTGCGTCAGCTTCC-1,2819,1797,0.2128414331323164,5,0,Ductal basal
19811,21M_R1,21M,CAGTTAGCAAACTGCT-1,8248,3480,0.0848690591658584,23,1,Ductular
19812,21M_R1,21M,CAGTTAGCAACAGTGG-1,2670,1768,0.37453183520599254,24,3,Ductal suprabasal
19816,21M_R1,21M,CAGTTAGTCATAGAGA-1,2650,1487,0.07547169811320754,5,0,Ductal basal
19818,21M_R1,21M,CAGTTCCAGTGGAATT-1,11641,4208,0.18898720041233572,24,3,Ductal suprabasal
19820,21M_R1,21M,CAGTTCCCAGCTTTGA-1,12670,4337,0.11838989739542227,29,7,Differentiating meibocyte
19823,21M_R1,21M,CAGTTCCGTAGACAAT-1,3971,2067,0.1007302946361118,7,2,Ductal basal
19826,21M_R1,21M,CATAAGCCAAGCGAGT-1,6465,3172,0.15467904098994587,25,9,Ductal basal
19828,21M_R1,21M,CATAAGCTCCTTACCG-1,7502,3255,0.026659557451346308,16,4,Orifice
19832,21M_R1,21M,CATACAGTCCTTATGT-1,2978,1895,0.0671591672263264,20,3,Ductal suprabasal
19838,21M_R1,21M,CATACCCAGCATCTTG-1,3766,2101,0.1327668613913967,9,1,Ductular
19840,21M_R1,21M,CATACCCCAAAGACGC-1,5128,2485,0.234009360374415,5,0,Ductal basal
19845,21M_R1,21M,CATACCCCATGTCTAG-1,7844,3628,0.10198878123406425,5,0,Ductal basal
19846,21M_R1,21M,CATACCCGTTTAAGGA-1,4846,2618,0.12381345439537762,9,1,Ductular
19847,21M_R1,21M,CATACTTAGTGATCGG-1,2533,1460,0.15791551519936833,23,1,Ductular
19852,21M_R1,21M,CATACTTTCACCTGGG-1,5486,2573,0.01822821728034998,24,3,Ductal suprabasal
19853,21M_R1,21M,CATAGACAGGCCGCTT-1,7306,3145,0.24637284423761294,5,0,Ductal basal
19857,21M_R1,21M,CATAGACTCAGGACAG-1,2753,1708,0.18162005085361424,9,1,Ductular
19858,21M_R1,21M,CATAGACTCGTAGCCG-1,7547,3486,0.19875447197561946,20,3,Ductal suprabasal
19859,21M_R1,21M,CATAGACTCGTAGGAG-1,3837,2210,0.10424811050299713,20,3,Ductal suprabasal
19863,21M_R1,21M,CATCAAGCATCCGGTG-1,1657,1093,0.5431502715751357,23,3,Ductal suprabasal
19868,21M_R1,21M,CATCAAGTCGGACTTA-1,4858,2565,0.2881844380403458,25,9,Ductal basal
19871,21M_R1,21M,CATCCACCAGATAAAC-1,7115,3187,0.04216444132115249,5,0,Ductal basal
19872,21M_R1,21M,CATCCACCATCGAAGG-1,5514,2729,0.09067827348567283,16,4,Orifice
19873,21M_R1,21M,CATCCACTCCTACGAA-1,3783,2051,0.13217023526301877,7,2,Ductal basal
19874,21M_R1,21M,CATCCACTCGCTAGCG-1,10122,3690,0.06915629322268327,16,4,Orifice
19878,21M_R1,21M,CATCCCAAGCTGTTCA-1,10158,3761,0.029533372711163616,12,5,Ductal basal
19882,21M_R1,21M,CATCCCAGTGAGGCAT-1,2456,1499,0.24429967426710095,23,1,Ductular
19885,21M_R1,21M,CATCCCATCTACACTT-1,4799,2589,0.10418837257762034,5,0,Ductal basal
19886,21M_R1,21M,CATCCGTCATCTGGGC-1,6046,2715,0.09923916639100232,35,10,Differentiated meibocyte
19889,21M_R1,21M,CATCCGTTCCCTCTAG-1,7474,3055,0.12041744715012041,16,4,Orifice
19890,21M_R1,21M,CATCCGTTCGAAGGAC-1,1185,881,0.08438818565400844,20,1,Ductular
19891,21M_R1,21M,CATCCGTTCTGGTGCG-1,4558,2238,0.28521281263712156,23,1,Ductular
19892,21M_R1,21M,CATCGCTAGAAGCGAA-1,3572,1928,0.33594624860022393,7,2,Ductal basal
19896,21M_R1,21M,CATCGCTCACGCGGTT-1,3445,1857,0.1741654571843251,16,4,Orifice
19897,21M_R1,21M,CATCGCTCATTGGCAT-1,3122,1874,0.38436899423446513,9,1,Ductular
19899,21M_R1,21M,CATCGCTTCCAAGAGG-1,9524,3658,0.08399832003359933,5,0,Ductal basal
19902,21M_R1,21M,CATCGGGCAACCCGCA-1,4278,2220,0.18700327255726976,16,4,Orifice
19903,21M_R1,21M,CATCGGGGTGTCTCCT-1,1703,1091,0.11743981209630064,16,4,Orifice
19906,21M_R1,21M,CATCGGGTCTAGCATG-1,3371,1911,0.05932957579353308,5,0,Ductal basal
19907,21M_R1,21M,CATCGTCAGCAAGGAA-1,1005,740,0.3980099502487562,35,7,Differentiating meibocyte
19914,21M_R1,21M,CATCGTCTCGTGCACG-1,6989,3080,0.21462297896694807,5,0,Ductal basal
19922,21M_R1,21M,CATGAGTGTGTTCCAA-1,4580,2172,0.08733624454148471,23,1,Ductular
19923,21M_R1,21M,CATGAGTGTTATGGTC-1,5924,3034,0.11816340310600945,5,0,Ductal basal
19927,21M_R1,21M,CATGCAAAGGGAGGGT-1,2225,1400,0.3595505617977528,7,2,Ductal basal
19928,21M_R1,21M,CATGCAAAGTAGGGTC-1,2016,1307,0.3472222222222222,7,2,Ductal basal
19931,21M_R1,21M,CATGCAAGTGGGCTTC-1,5660,2860,1.2190812720848057,29,7,Differentiating meibocyte
19934,21M_R1,21M,CATGCCTAGACATGCG-1,3389,1946,0.29507229271171437,5,0,Ductal basal
19937,21M_R1,21M,CATGCCTTCGTGTTCC-1,5548,2770,0.16222062004325882,24,3,Ductal suprabasal
19940,21M_R1,21M,CATGCGGAGAGGTCAC-1,8667,4021,0.33460251528787355,22,8,Acinar basal
19942,21M_R1,21M,CATGCGGAGCAAGCCA-1,3656,2098,0.2188183807439825,9,1,Ductular
19946,21M_R1,21M,CATGCGGGTGTTATCG-1,8081,3615,0.04949882440292043,20,3,Ductal suprabasal
19948,21M_R1,21M,CATGCGGTCCCATGGG-1,3338,1855,0.05991611743559017,24,3,Ductal suprabasal
19951,21M_R1,21M,CATGCTCCAGCGTGCT-1,5182,2403,0.17367811655731377,7,2,Ductal basal
19953,21M_R1,21M,CATGCTCGTCGTATTG-1,2112,1276,0.2840909090909091,16,4,Orifice
19959,21M_R1,21M,CATGGATCAATGGCAG-1,3765,1917,0.2656042496679947,7,2,Ductal basal
19960,21M_R1,21M,CATGGATCACTTGGCG-1,4988,2293,0.14033680834001605,7,2,Ductal basal
19962,21M_R1,21M,CATGGATCAGTTGAAA-1,2248,1448,0.13345195729537368,16,4,Orifice
19965,21M_R1,21M,CATGGATTCTCTGACC-1,4588,2228,0.06538796861377506,29,7,Differentiating meibocyte
19975,21M_R1,21M,CATGGTAGTCATTCCC-1,3265,1841,0.1225114854517611,9,1,Ductular
19979,21M_R1,21M,CATTCATAGAGGGTAA-1,2296,1481,0.04355400696864112,25,9,Ductal basal
19986,21M_R1,21M,CATTCCGAGAGGTTTA-1,2408,1476,0.20764119601328906,7,2,Ductal basal
19987,21M_R1,21M,CATTCCGAGCGTTAGG-1,2288,1450,0.34965034965034963,7,2,Ductal basal
19988,21M_R1,21M,CATTCCGAGTTGAAGT-1,2580,1544,0.11627906976744186,16,4,Orifice
19994,21M_R1,21M,CATTCCGTCACGGTCG-1,2733,1673,0.10976948408342481,5,0,Ductal basal
19997,21M_R1,21M,CATTCCGTCTCTTCAA-1,10303,3938,0.0970591089973794,29,7,Differentiating meibocyte
19998,21M_R1,21M,CATTCTAAGAAGCTGC-1,5189,2833,0.17344382347273077,22,8,Acinar basal
19999,21M_R1,21M,CATTCTAAGCTCGGCT-1,2403,1436,0.24968789013732834,9,1,Ductular
20001,21M_R1,21M,CATTCTAGTAAGATTG-1,2617,1721,0.07642338555598013,25,9,Ductal basal
20002,21M_R1,21M,CATTCTAGTGGCCACT-1,2646,1610,0.41572184429327286,9,1,Ductular
20004,21M_R1,21M,CATTCTAGTTGCGGCT-1,2703,1798,0.3329633740288568,23,1,Ductular
20007,21M_R1,21M,CATTGAGCAGCTACAT-1,6501,3033,0.06152899553914783,5,0,Ductal basal
20008,21M_R1,21M,CATTGAGCATGTTTGG-1,1878,1226,0.3194888178913738,9,1,Ductular
20012,21M_R1,21M,CATTGCCAGAAATCCA-1,6717,2994,0.1042131904123865,5,0,Ductal basal
20014,21M_R1,21M,CATTGCCAGGTGCCTC-1,4418,2245,0.09053870529651425,16,4,Orifice
20019,21M_R1,21M,CATTGCCGTTGCCATA-1,7377,3205,0.13555645926528398,10,0,Ductal basal
20020,21M_R1,21M,CATTGCCTCAAACGAA-1,4623,2627,0.06489292667099286,24,3,Ductal suprabasal
20021,21M_R1,21M,CATTGTTAGCTTCGTA-1,6053,2849,0.21476953576738808,5,0,Ductal basal
20022,21M_R1,21M,CATTGTTGTACAACGG-1,3821,2164,0.10468463752944254,5,0,Ductal basal
20026,21M_R1,21M,CATTTCAAGAGTGTTA-1,9738,4217,0.08215239268843705,24,3,Ductal suprabasal
20027,21M_R1,21M,CATTTCAAGATGTTAG-1,8837,3791,0.18105691976915245,5,0,Ductal basal
20028,21M_R1,21M,CATTTCACAAGATGTA-1,13350,4241,1.4606741573033708,5,0,Ductal basal
20029,21M_R1,21M,CATTTCACACTCCACT-1,1089,800,0.3673094582185491,7,1,Ductular
20033,21M_R1,21M,CCAAGCGAGTCCGTCG-1,2821,1833,0.7089684509039348,25,9,Ductal basal
20034,21M_R1,21M,CCAAGCGCAAGCCATT-1,6192,2996,0.11304909560723514,5,2,Ductal basal
20035,21M_R1,21M,CCAAGCGCAATCGCGC-1,7632,3334,0.07861635220125787,7,2,Ductal basal
20037,21M_R1,21M,CCAAGCGCATGACAGG-1,1580,999,0.8227848101265823,35,7,Differentiating meibocyte
20038,21M_R1,21M,CCAAGCGGTGGCCTCA-1,12671,4315,0.023676110804198566,5,0,Ductal basal
20041,21M_R1,21M,CCAATGAAGTAATCCC-1,5230,2379,0.17208413001912046,20,1,Ductular
20043,21M_R1,21M,CCAATGAGTCTTTCAT-1,3492,1809,0.057273768613974804,7,2,Ductal basal
20053,21M_R1,21M,CCAATTTTCTCGGGAC-1,4019,2330,0.07464543418760886,25,0,Ductal basal
20057,21M_R1,21M,CCACAAAAGTTCCGGC-1,4999,2668,0.16003200640128026,5,0,Ductal basal
20062,21M_R1,21M,CCACAAACATCATTGG-1,9006,3708,0.19986675549633579,12,5,Ductal basal
20064,21M_R1,21M,CCACAAATCCCATAAG-1,6640,3113,0.07530120481927711,9,4,Orifice
20066,21M_R1,21M,CCACAAATCTGGCTGG-1,3201,1896,0.43736332396126215,23,1,Ductular
20071,21M_R1,21M,CCACACTCACAGCTGC-1,9895,3123,0.07074279939363315,35,10,Differentiated meibocyte
20074,21M_R1,21M,CCACACTGTAGATCGG-1,3415,2113,0.2342606149341142,22,8,Acinar basal
20077,21M_R1,21M,CCACACTGTTCGTACA-1,5364,2467,0.05592841163310962,7,2,Ductal basal
20078,21M_R1,21M,CCACACTGTTCTCCCA-1,4295,2165,0.06984866123399301,7,2,Ductal basal
20080,21M_R1,21M,CCACACTTCGTTATCT-1,5625,2794,0.07111111111111111,22,8,Acinar basal
20085,21M_R1,21M,CCACCATCATGATAGA-1,7334,2972,0.109080992637033,12,5,Ductal basal
20086,21M_R1,21M,CCACCATGTTCACCGG-1,4801,2453,0.0416579879191835,5,2,Ductal basal
20090,21M_R1,21M,CCACGAGGTAACCAGG-1,1451,1061,0.20675396278428668,23,1,Ductular
20094,21M_R1,21M,CCACGAGTCCCTCTTT-1,10806,4006,0.10179529890801406,5,0,Ductal basal
20096,21M_R1,21M,CCACGTTGTATCTCTT-1,5143,2630,0.09721952167995333,35,7,Differentiating meibocyte
20100,21M_R1,21M,CCACGTTTCCATCTGC-1,4270,2143,0.046838407494145196,5,0,Ductal basal
20102,21M_R1,21M,CCACTTGAGTAGGATT-1,5120,2562,0.1171875,5,5,Ductal basal
20103,21M_R1,21M,CCACTTGCAAACTAGA-1,2962,1695,0.1688048615800135,20,1,Ductular
20105,21M_R1,21M,CCACTTGCATAACAGA-1,14317,4275,0.08381644199203744,16,4,Orifice
20110,21M_R1,21M,CCATAAGAGAAACTGT-1,2212,1360,0.22603978300180833,5,2,Ductal basal
20111,21M_R1,21M,CCATAAGAGTAATTGG-1,3960,2063,0.050505050505050504,23,1,Ductular
20112,21M_R1,21M,CCATAAGCACTGTCGG-1,2620,1591,0.15267175572519084,16,4,Orifice
20113,21M_R1,21M,CCATAAGCACTGTGTA-1,5188,2632,0.17347725520431764,7,2,Ductal basal
20118,21M_R1,21M,CCATAAGTCAGTGATC-1,3222,1835,0.12414649286157665,16,4,Orifice
20120,21M_R1,21M,CCATCACAGATGTTCC-1,2647,1504,0.18889308651303363,7,2,Ductal basal
20122,21M_R1,21M,CCATCACCAAGAATAC-1,8486,3398,0.07070469007777516,5,0,Ductal basal
20129,21M_R1,21M,CCATCACTCTCATTTG-1,2333,1527,0.12858979854264896,5,0,Ductal basal
20130,21M_R1,21M,CCCAACTCAAGCACCC-1,5765,2786,0.12142237640936687,9,1,Ductular
20133,21M_R1,21M,CCCAACTCACGGTGTC-1,4442,2086,0.09004952723998198,16,4,Orifice
20138,21M_R1,21M,CCCAACTTCGACGCGT-1,6242,3024,0.09612303748798462,5,0,Ductal basal
20139,21M_R1,21M,CCCAACTTCTGGACCG-1,3731,2131,0.13401232913428035,5,0,Ductal basal
20140,21M_R1,21M,CCCATTGAGCAACCAG-1,7193,3132,0.8063394967329348,24,3,Ductal suprabasal
20143,21M_R1,21M,CCCATTGAGTGATAGT-1,3030,1755,0.066006600660066,9,1,Ductular
20146,21M_R1,21M,CCCATTGCAGTAGAGC-1,2381,1506,0.2939941201175977,7,2,Ductal basal
20148,21M_R1,21M,CCCATTGGTACTAACC-1,5389,2705,0.1113379105585452,5,0,Ductal basal
20156,21M_R1,21M,CCCGAAGCAAGATGTA-1,4750,2174,0.16842105263157894,7,2,Ductal basal
20160,21M_R1,21M,CCCGGAAAGAGCTGCA-1,1872,1330,0.2136752136752137,22,8,Acinar basal
20161,21M_R1,21M,CCCGGAACAGCCTTCT-1,6024,3041,0.14940239043824702,5,0,Ductal basal
20166,21M_R1,21M,CCCGGAATCGCAATTG-1,3553,2108,0.3658879819870532,22,8,Acinar basal
20167,21M_R1,21M,CCCGGAATCGGCTGGT-1,4213,2276,0.28483266081177305,5,0,Ductal basal
20170,21M_R1,21M,CCCTAACAGATCGCTT-1,4865,2235,0.08221993833504625,23,3,Ductal suprabasal
20171,21M_R1,21M,CCCTAACAGCATGCAG-1,4854,2367,0.1442109600329625,7,2,Ductal basal
20173,21M_R1,21M,CCCTAACAGCTGTCCG-1,10789,4363,0.06488089721012141,25,9,Ductal basal
20180,21M_R1,21M,CCCTAACTCTACCAGA-1,3136,1883,0.31887755102040816,10,0,Ductal basal
20184,21M_R1,21M,CCCTCAAGTACACGCC-1,8315,3826,0.08418520745640408,25,9,Ductal basal
20186,21M_R1,21M,CCCTCAAGTTCGGCGT-1,3171,1770,0.1576789656259855,10,2,Ductal basal
20190,21M_R1,21M,CCCTCTCAGGAAAGGT-1,7626,3479,0.0917912404930501,7,2,Ductal basal
20195,21M_R1,21M,CCCTCTCGTCTACTGA-1,4281,2009,0.0700770847932726,12,5,Ductal basal
20196,21M_R1,21M,CCCTCTCTCCGAGATT-1,1519,1033,0.13166556945358787,29,7,Differentiating meibocyte
20199,21M_R1,21M,CCCTGATCAACCTATG-1,5008,2343,0.07987220447284345,16,4,Orifice
20203,21M_R1,21M,CCCTGATGTGCATTAC-1,3533,2138,0.4528729125389187,9,1,Ductular
20208,21M_R1,21M,CCCTTAGAGATCCGAG-1,4052,2161,0.04935834155972359,7,2,Ductal basal
20209,21M_R1,21M,CCCTTAGAGTCTTGGT-1,3632,1918,0.6883259911894273,12,5,Ductal basal
20210,21M_R1,21M,CCCTTAGCAATTGAAG-1,7244,3442,0.0966316951960243,25,9,Ductal basal
20221,21M_R1,21M,CCGATCTCAGCTTTGA-1,1717,1174,0.4076878276062901,5,2,Ductal basal
20225,21M_R1,21M,CCGATCTTCATATGGC-1,4205,2055,0.09512485136741974,5,0,Ductal basal
20226,21M_R1,21M,CCGATCTTCCGTGGTG-1,7184,2847,0.08351893095768374,7,2,Ductal basal
20228,21M_R1,21M,CCGATGGGTCAGGTAG-1,2096,1308,0.2862595419847328,7,2,Ductal basal
20229,21M_R1,21M,CCGATGGGTCGCAGTC-1,8484,2591,0.05893446487505894,16,4,Orifice
20230,21M_R1,21M,CCGATGGTCAAGCGTT-1,5854,2897,0.11957635804578066,29,7,Differentiating meibocyte
20231,21M_R1,21M,CCGATGGTCCGATGTA-1,4723,2350,0.08469193309337286,24,3,Ductal suprabasal
20239,21M_R1,21M,CCGCAAGGTGCGGCTT-1,1952,1257,0.665983606557377,23,1,Ductular
20240,21M_R1,21M,CCGCAAGTCCCATTCG-1,5999,2842,0.06667777962993832,5,0,Ductal basal
20241,21M_R1,21M,CCGGACAAGCCTAGGA-1,7179,3450,0.1532246831034963,20,3,Ductal suprabasal
20242,21M_R1,21M,CCGGACACACAACGAG-1,5333,2538,0.13125820363772736,12,5,Ductal basal
20244,21M_R1,21M,CCGGACAGTCGTGGAA-1,3694,1966,0.02707092582566324,16,4,Orifice
20245,21M_R1,21M,CCGGACATCTACTTCA-1,6114,2525,0.03271180896303566,7,2,Ductal basal
20246,21M_R1,21M,CCGGGTAAGACAGCGT-1,4930,2289,0.18255578093306288,16,4,Orifice
20251,21M_R1,21M,CCGGGTAGTGTATCCA-1,3946,2314,0.1773948302078054,5,0,Ductal basal
20252,21M_R1,21M,CCGGGTAGTGTCGCTG-1,2772,1616,0.07215007215007214,5,0,Ductal basal
20255,21M_R1,21M,CCGGTAGAGATCCAAA-1,3507,2079,0.11405759908753922,23,1,Ductular
20257,21M_R1,21M,CCGGTAGAGGTATTGA-1,2270,1376,0.13215859030837004,9,4,Orifice
20259,21M_R1,21M,CCGGTAGCAAGAGCTG-1,9211,4290,0.4994028878514819,24,3,Ductal suprabasal
20262,21M_R1,21M,CCGGTAGCACGTGTGC-1,5473,2839,0.05481454412570802,12,4,Orifice
20265,21M_R1,21M,CCGGTGACACACCGCA-1,6563,2843,0.1371324089593174,12,5,Ductal basal
20267,21M_R1,21M,CCGGTGATCCGTTGGG-1,5630,2690,0.12433392539964476,29,7,Differentiating meibocyte
20271,21M_R1,21M,CCGTAGGAGCCATTGT-1,12798,4420,0.23441162681669012,23,2,Ductal basal
20275,21M_R1,21M,CCGTAGGGTGGAAATT-1,3681,2103,0.05433306166802499,5,0,Ductal basal
20279,21M_R1,21M,CCGTGAGCATCTTCGC-1,2444,1498,0.2864157119476268,23,1,Ductular
20281,21M_R1,21M,CCGTGAGTCAATGCAC-1,3629,2156,0.11022320198401765,20,3,Ductal suprabasal
20282,21M_R1,21M,CCGTTCAAGCAATAAC-1,6880,3282,0.07267441860465117,5,0,Ductal basal
20288,21M_R1,21M,CCGTTCATCTCCGAAA-1,7021,3296,0.08545791197835066,5,0,Ductal basal
20289,21M_R1,21M,CCGTTCATCTGGCTGG-1,2116,1318,0.0945179584120983,9,1,Ductular
20290,21M_R1,21M,CCGTTCATCTTTGCTA-1,3419,2025,0.058496636443404505,5,0,Ductal basal
20291,21M_R1,21M,CCTAACCAGGGCAGGA-1,6556,3207,0.13727882855399634,16,4,Orifice
20292,21M_R1,21M,CCTAACCAGGGCTTCC-1,2619,1611,0.15273004963726614,5,0,Ductal basal
20295,21M_R1,21M,CCTAACCCAGCGTGAA-1,1620,1119,0.06172839506172839,25,9,Ductal basal
20297,21M_R1,21M,CCTAACCGTTGCTAGT-1,4385,2372,0.04561003420752566,5,0,Ductal basal
20299,21M_R1,21M,CCTAACCTCCTACAAG-1,7178,2815,0.15324602953468933,5,2,Ductal basal
20302,21M_R1,21M,CCTAAGACATACGCAT-1,6602,2919,0.34837927900636173,35,7,Differentiating meibocyte
20307,21M_R1,21M,CCTAAGATCCGAGATT-1,1892,1191,0.8985200845665962,35,7,Differentiating meibocyte
20313,21M_R1,21M,CCTACGTCACCCAATA-1,11245,3985,0.12449977767896843,5,0,Ductal basal
20317,21M_R1,21M,CCTACGTCATCAGCAT-1,2801,1672,0.10710460549803642,9,1,Ductular
20321,21M_R1,21M,CCTACGTTCGAGTACT-1,4518,2254,0.11066843736166444,12,5,Ductal basal
20322,21M_R1,21M,CCTACGTTCGGAGTGA-1,5048,2622,0.1386687797147385,23,1,Ductular
20323,21M_R1,21M,CCTACGTTCGTTACCC-1,5807,2893,0.06888238333046323,5,0,Ductal basal
20332,21M_R1,21M,CCTATCGTCCATCTGC-1,1280,828,0.15625,9,1,Ductular
20334,21M_R1,21M,CCTCAACAGAGAGGTA-1,3147,1755,0.09532888465204957,5,0,Ductal basal
20337,21M_R1,21M,CCTCAACGTCGTGCCA-1,2559,1778,0.15631105900742479,25,9,Ductal basal
20340,21M_R1,21M,CCTCACAAGTACAGCG-1,9358,3813,0.0854883522120111,9,1,Ductular
20347,21M_R1,21M,CCTCACAGTTACGTAC-1,3595,2226,0.22253129346314326,9,9,Ductal basal
20351,21M_R1,21M,CCTCACATCTAGACCA-1,8636,3696,0.2663270032422418,22,8,Acinar basal
20353,21M_R1,21M,CCTCAGTAGCATCAGG-1,1812,1201,0.27593818984547464,23,1,Ductular
20354,21M_R1,21M,CCTCAGTAGCTGACTT-1,5496,2562,0.10917030567685589,23,1,Ductular
20356,21M_R1,21M,CCTCAGTAGTATGATG-1,3365,1862,0.237741456166419,5,2,Ductal basal
20361,21M_R1,21M,CCTCAGTCATCATCCC-1,4176,2005,0.33524904214559387,7,2,Ductal basal
20362,21M_R1,21M,CCTCAGTGTCCATAGT-1,5656,2603,0.0884016973125884,7,2,Ductal basal
20363,21M_R1,21M,CCTCAGTGTTGCCTAA-1,3323,1978,0.06018657839301836,5,0,Ductal basal
20364,21M_R1,21M,CCTCAGTTCATCCCGT-1,4960,2216,0.10080645161290322,7,2,Ductal basal
20366,21M_R1,21M,CCTCATGAGACCCTTA-1,4957,2627,0.18156142828323585,12,5,Ductal basal
20368,21M_R1,21M,CCTCATGCAGACTGCC-1,2812,1665,0.17780938833570412,7,1,Ductular
20372,21M_R1,21M,CCTCATGGTGGATCAG-1,2378,1337,0.2943650126156434,5,0,Ductal basal
20373,21M_R1,21M,CCTCATGGTTGACGGA-1,4759,2442,0.06303845345660852,9,1,Ductular
20376,21M_R1,21M,CCTCCAAAGAGATGCC-1,4506,2368,0.13315579227696406,5,2,Ductal basal
20377,21M_R1,21M,CCTCCAAAGTGGACGT-1,6332,2875,0.06317119393556538,5,0,Ductal basal
20385,21M_R1,21M,CCTCCAATCATTACGG-1,5836,2834,0.05140507196710075,29,7,Differentiating meibocyte
20395,21M_R1,21M,CCTCCTCGTGAATTAG-1,4193,2367,0.4054376341521584,22,8,Acinar basal
20401,21M_R1,21M,CCTCTAGCAAAGGCAC-1,8119,3541,0.09853430225397217,5,6,Ductal basal
20406,21M_R1,21M,CCTCTAGGTCGAAACG-1,3708,1917,0.18878101402373249,9,1,Ductular
20409,21M_R1,21M,CCTCTCCAGGTCATAA-1,5185,2711,0.11571841851494696,10,0,Ductal basal
20420,21M_R1,21M,CCTGCATTCATGGATC-1,7551,3503,0.03972983710766786,20,3,Ductal suprabasal
20421,21M_R1,21M,CCTGCATTCGTCAGAT-1,3122,1700,0.12812299807815503,7,2,Ductal basal
20424,21M_R1,21M,CCTGTTGCAATCTGCA-1,3808,2234,0.23634453781512604,22,8,Acinar basal
20428,21M_R1,21M,CCTGTTGGTGAGATCG-1,5777,2987,0.10386013501817552,12,5,Ductal basal
20433,21M_R1,21M,CCTTCAGTCTCTATGT-1,2447,1458,0.28606456885982834,23,1,Ductular
20436,21M_R1,21M,CCTTGTGCATATTCGG-1,2697,1672,0.482017055988135,9,1,Ductular
20438,21M_R1,21M,CCTTTGGAGGGTTGCA-1,6781,3267,0.04424126235068574,12,5,Ductal basal
20441,21M_R1,21M,CCTTTGGCAGGTCTCG-1,6010,2652,0.19966722129783696,16,4,Orifice
20442,21M_R1,21M,CCTTTGGCATGCCGGT-1,3954,2181,0.12645422357106728,9,1,Ductular
20443,21M_R1,21M,CCTTTGGTCACTCCGT-1,3447,1876,0.1450536698578474,12,4,Orifice
20447,21M_R1,21M,CGAAGGACACCAGTTA-1,3496,1804,0.20022883295194507,7,2,Ductal basal
20449,21M_R1,21M,CGAAGGACATCTTTCA-1,3409,1766,0.0880023467292461,23,1,Ductular
20452,21M_R1,21M,CGAAGGATCTCCCAAC-1,9081,3792,0.09910802775024777,5,0,Ductal basal
20453,21M_R1,21M,CGAAGGATCTTTGCGC-1,3030,1697,0.16501650165016502,7,2,Ductal basal
20454,21M_R1,21M,CGAAGTTAGATTGATG-1,4990,2548,0.06012024048096192,12,5,Ductal basal
20455,21M_R1,21M,CGAAGTTAGCCAGACA-1,5451,2550,0.20179783525958542,35,7,Differentiating meibocyte
20456,21M_R1,21M,CGAAGTTCACAAATGA-1,4338,2348,0.16136468418626093,10,0,Ductal basal
20466,21M_R1,21M,CGAATTGAGCCTGGAA-1,1492,990,0.2680965147453083,7,2,Ductal basal
20470,21M_R1,21M,CGAATTGAGTTTCGGT-1,4025,1939,0.07453416149068323,16,4,Orifice
20471,21M_R1,21M,CGAATTGCAACAGTGG-1,7125,3346,0.18245614035087718,22,8,Acinar basal
20477,21M_R1,21M,CGAATTGTCGCTCTCA-1,7441,3303,0.0671952694530305,29,7,Differentiating meibocyte
20479,21M_R1,21M,CGACAGCAGTAACCGG-1,7035,3370,0.09950248756218905,5,2,Ductal basal
20483,21M_R1,21M,CGACAGCGTACAGGTG-1,5048,2321,0.17828843106180667,16,4,Orifice
20485,21M_R1,21M,CGACAGCTCGAAGTGG-1,3878,2233,0.12893243940175347,5,5,Ductal basal
20493,21M_R1,21M,CGAGAAGTCTGAACGT-1,3754,2224,0.02663825253063399,5,0,Ductal basal
20503,21M_R1,21M,CGAGGCTAGGTCGTGA-1,2123,1365,0.23551577955723035,7,2,Ductal basal
20504,21M_R1,21M,CGAGGCTCACCGTGGT-1,6685,3014,0.05983545250560958,9,1,Ductular
20509,21M_R1,21M,CGAGTGCAGAGTTGTA-1,4478,2142,0.08932559178204555,7,2,Ductal basal
20510,21M_R1,21M,CGAGTGCAGGAACGCT-1,9084,3722,0.11008366358432409,5,0,Ductal basal
20512,21M_R1,21M,CGAGTGCAGTTAACGA-1,3011,1796,0.19926934573231483,9,3,Ductal suprabasal
20513,21M_R1,21M,CGAGTGCAGTTCCGTA-1,3879,2076,0.10311936065996391,5,2,Ductal basal
20516,21M_R1,21M,CGAGTGCTCCAGCTCT-1,5698,2902,0.1053001053001053,5,0,Ductal basal
20517,21M_R1,21M,CGAGTGCTCTCGACGG-1,4139,2063,0.41072722879922685,7,2,Ductal basal
20519,21M_R1,21M,CGAGTTAGTCGTCTCT-1,4119,2379,0.38844379703811605,29,7,Differentiating meibocyte
20522,21M_R1,21M,CGAGTTATCCACTTCG-1,1895,1032,3.9050131926121368,16,4,Orifice
20529,21M_R1,21M,CGATCGGAGTCATGGG-1,6298,3055,0.11114639568116863,24,3,Ductal suprabasal
20536,21M_R1,21M,CGATGCGCAAAGCAAT-1,6324,3283,0.14231499051233396,25,9,Ductal basal
20537,21M_R1,21M,CGATGCGCACAGACGA-1,6176,2568,0.2104922279792746,7,2,Ductal basal
20538,21M_R1,21M,CGATGCGCACGTGAGA-1,11650,3959,1.6652360515021458,24,1,Ductular
20541,21M_R1,21M,CGATGCGGTAACGGTG-1,6828,3218,0.04393673110720562,9,3,Ductal suprabasal
20543,21M_R1,21M,CGATGCGGTCGCCACA-1,3297,2085,0.12132241431604489,22,8,Acinar basal
20545,21M_R1,21M,CGATGCGTCTATACGG-1,3433,2075,0.5825808330905913,9,1,Ductular
20547,21M_R1,21M,CGATGGCAGCGCAATG-1,5781,2802,0.0864902266043937,5,0,Ductal basal
20548,21M_R1,21M,CGATGGCCACGCAGTC-1,9643,3395,0.02074043347505963,16,4,Orifice
20550,21M_R1,21M,CGATGGCCAGCACCCA-1,9836,4278,0.05083367222448149,25,9,Ductal basal
20557,21M_R1,21M,CGATGGCTCTCGCAGG-1,2938,1708,0.2042205582028591,7,2,Ductal basal
20558,21M_R1,21M,CGCAGGTAGACCTTTG-1,1232,882,0.5681818181818182,24,3,Ductal suprabasal
20560,21M_R1,21M,CGCAGGTAGTATGGAT-1,3398,1837,0.05885815185403178,9,1,Ductular
20563,21M_R1,21M,CGCAGGTCACTACGGC-1,2757,1698,0.25389916575988397,23,1,Ductular
20569,21M_R1,21M,CGCATAAAGCATAGGC-1,2162,1421,0.09250693802035154,16,4,Orifice
20584,21M_R1,21M,CGCCAGACATGACGTT-1,9793,3630,0.10211375472276116,16,4,Orifice
20586,21M_R1,21M,CGCCAGAGTAGGACCA-1,5780,2980,0.08650519031141869,25,9,Ductal basal
20591,21M_R1,21M,CGCCAGATCGAGAGAC-1,4081,2152,0.1470227885322225,9,1,Ductular
20592,21M_R1,21M,CGCCATTAGATAGGGA-1,11059,3487,0.06329686228411248,16,4,Orifice
20594,21M_R1,21M,CGCCATTCACGACGAA-1,6506,2813,0.24592683676606208,35,7,Differentiating meibocyte
20598,21M_R1,21M,CGCGTGAAGCCGCACT-1,6527,3065,0.030641948827945457,5,0,Ductal basal
20600,21M_R1,21M,CGCGTGAGTATCGCAT-1,6637,3007,0.36160916076540606,25,9,Ductal basal
20602,21M_R1,21M,CGCGTGAGTGCAGGAT-1,3309,2050,0.09066183136899365,5,0,Ductal basal
20603,21M_R1,21M,CGCGTGAGTTGCCATA-1,10520,3879,0.03802281368821293,16,4,Orifice
20611,21M_R1,21M,CGGAACCCAGAACTAA-1,8478,3677,0.11795234725171032,5,0,Ductal basal
20614,21M_R1,21M,CGGAACCGTCGTGGTC-1,1429,980,0.13995801259622112,7,2,Ductal basal
20618,21M_R1,21M,CGGAATTAGAGTTGAT-1,5081,2493,0.0787246604999016,5,2,Ductal basal
20620,21M_R1,21M,CGGAATTAGTGCCCGT-1,2469,1589,0.2025111381125962,25,9,Ductal basal
20622,21M_R1,21M,CGGAATTCACTGCGTG-1,2191,1440,0.18256503879507074,5,0,Ductal basal
20627,21M_R1,21M,CGGACACCACTCCGGA-1,10978,4392,0.08198214611040262,5,0,Ductal basal
20631,21M_R1,21M,CGGACACGTTAAGACA-1,4962,2700,0.1007658202337767,5,2,Ductal basal
20637,21M_R1,21M,CGGAGAACAGTTGAAA-1,4454,2527,0.044903457566232596,20,1,Ductular
20647,21M_R1,21M,CGGCAGTAGTCATACC-1,7117,3124,0.2248138260503021,9,1,Ductular
20649,21M_R1,21M,CGGCAGTCAAATGGCG-1,5950,2882,0.1176470588235294,7,2,Ductal basal
20651,21M_R1,21M,CGGCAGTCAGGTCCCA-1,4975,2465,0.9045226130653266,24,1,Ductular
20654,21M_R1,21M,CGGGACTCATTCAGCA-1,6304,2745,0.06345177664974619,12,5,Ductal basal
20660,21M_R1,21M,CGGGCATAGGGTCAAC-1,4251,2313,0.2117148906139732,5,0,Ductal basal
20661,21M_R1,21M,CGGGCATCATACCACA-1,7543,2917,0.05302929868752485,35,10,Differentiated meibocyte
20662,21M_R1,21M,CGGGCATGTCTCGGGT-1,3356,1832,0.17878426698450536,7,2,Ductal basal
20663,21M_R1,21M,CGGGCATGTTTGAACC-1,11358,4432,0.04402183483007572,22,8,Acinar basal
20666,21M_R1,21M,CGGGTCAAGTAATCCC-1,7226,3268,0.08303349017437033,5,0,Ductal basal
20671,21M_R1,21M,CGGGTGTAGAAATTGC-1,1680,1082,1.7857142857142856,29,7,Differentiating meibocyte
20672,21M_R1,21M,CGGGTGTAGAACCCGA-1,4360,1998,0.13761467889908258,7,2,Ductal basal
20676,21M_R1,21M,CGGGTGTCACGATTCA-1,2446,1167,0.5723630417007358,23,3,Ductal suprabasal
20677,21M_R1,21M,CGGGTGTCACGCCACA-1,2555,1645,0.23483365949119372,7,2,Ductal basal
20678,21M_R1,21M,CGGGTGTCAGGCTACC-1,4293,2122,0.23293733985557888,7,2,Ductal basal
20681,21M_R1,21M,CGGGTGTGTTGTGTTG-1,4691,2205,0.10658708164570455,7,2,Ductal basal
20684,21M_R1,21M,CGGGTGTTCGCCAACG-1,10174,3998,0.12777668566935327,24,3,Ductal suprabasal
20687,21M_R1,21M,CGGTCAGAGGCTTAGG-1,4155,2239,0.1684717208182912,9,1,Ductular
20689,21M_R1,21M,CGGTCAGCAGGACATG-1,5344,2706,0.33682634730538924,25,8,Acinar basal
20692,21M_R1,21M,CGGTCAGTCCCAGGAC-1,3664,2057,0.21834061135371177,25,3,Ductal suprabasal
20695,21M_R1,21M,CGGTCAGTCGTGCTCT-1,4428,2478,0.11291779584462511,20,3,Ductal suprabasal
20700,21M_R1,21M,CGTAAGTCAACAGATA-1,5741,2505,0.06967427277477792,16,4,Orifice
20703,21M_R1,21M,CGTAAGTTCGACGCTG-1,8398,3986,0.20242914979757085,20,3,Ductal suprabasal
20704,21M_R1,21M,CGTAATGAGCTAAGTA-1,4013,2312,0.199352105656616,12,5,Ductal basal
20710,21M_R1,21M,CGTAATGTCCCATTCG-1,4409,1632,0.22680880018144706,7,2,Ductal basal
20711,21M_R1,21M,CGTAATGTCTGCCTGT-1,5929,3103,0.06746500252993759,20,3,Ductal suprabasal
20713,21M_R1,21M,CGTAGTAAGGGCCAAT-1,6608,3359,0.13619854721549635,9,1,Ductular
20714,21M_R1,21M,CGTAGTAAGGTCTGGA-1,2165,1469,3.325635103926097,25,8,Acinar basal
20721,21M_R1,21M,CGTAGTAGTAGGACCA-1,715,608,0.13986013986013987,22,8,Acinar basal
20722,21M_R1,21M,CGTAGTAGTCAAAGCG-1,1497,1105,0.06680026720106881,12,2,Ductal basal
20731,21M_R1,21M,CGTCAAATCGAGGCAA-1,5827,2729,0.1716148961729878,23,1,Ductular
20737,21M_R1,21M,CGTCCATAGGCTCAAG-1,1071,786,0.09337068160597572,7,2,Ductal basal
20740,21M_R1,21M,CGTCCATAGTACCCTA-1,2511,1515,1.3540422142572681,35,7,Differentiating meibocyte
20741,21M_R1,21M,CGTCCATAGTTCCTGA-1,3354,1936,0.7453786523553966,12,5,Ductal basal
20742,21M_R1,21M,CGTCCATCACAACCGC-1,5666,2717,0.37063183903988706,12,5,Ductal basal
20744,21M_R1,21M,CGTCCATCAGACAATA-1,5086,2656,0.09830908375933936,24,3,Ductal suprabasal
20745,21M_R1,21M,CGTCCATCAGACCAGA-1,6047,2849,0.0992227550851662,9,1,Ductular
20750,21M_R1,21M,CGTCCATGTGAGCAGT-1,8213,3511,0.07305491294289541,25,9,Ductal basal
20752,21M_R1,21M,CGTCCATTCAGCGGAA-1,5445,2956,0.09182736455463728,20,3,Ductal suprabasal
20753,21M_R1,21M,CGTCCATTCCAACTGA-1,6985,3399,0.02863278453829635,5,0,Ductal basal
20758,21M_R1,21M,CGTGAATGTGGCATCC-1,4668,2628,0.0,20,9,Ductal basal
20759,21M_R1,21M,CGTGAATGTTGCCGAC-1,4947,2296,2.223569840307257,5,0,Ductal basal
20762,21M_R1,21M,CGTGATAAGCGTGAGT-1,4666,2491,0.10715816545220747,5,0,Ductal basal
20765,21M_R1,21M,CGTGATAGTAGCGTCC-1,2631,1541,0.15203344735841884,7,2,Ductal basal
20770,21M_R1,21M,CGTGCTTAGATAGCTA-1,3439,2020,0.23262576330328583,10,0,Ductal basal
20772,21M_R1,21M,CGTGCTTAGGTAAGGA-1,4465,2152,0.08958566629339307,9,4,Orifice
20775,21M_R1,21M,CGTGCTTCACTACACA-1,7383,3303,0.10835703643505351,12,5,Ductal basal
20776,21M_R1,21M,CGTGCTTCAGAAATCA-1,12243,4343,1.0454953851180266,5,0,Ductal basal
20780,21M_R1,21M,CGTGCTTTCATTCGTT-1,4806,2478,0.16645859342488556,16,4,Orifice
20782,21M_R1,21M,CGTGCTTTCTCCTGTG-1,8146,4059,0.09820770930518045,20,9,Ductal basal
20788,21M_R1,21M,CGTGTCTGTCTCCTGT-1,3248,1914,0.18472906403940886,7,2,Ductal basal
20792,21M_R1,21M,CGTGTCTTCGGTCGAC-1,2356,1526,0.08488964346349745,5,2,Ductal basal
20797,21M_R1,21M,CGTTAGAGTCCACTCT-1,1520,1081,0.9868421052631579,35,7,Differentiating meibocyte
20798,21M_R1,21M,CGTTAGAGTCCTATAG-1,2246,1354,0.3116651825467498,23,1,Ductular
20801,21M_R1,21M,CGTTCTGAGGTAAACT-1,4358,2331,0.06883891693437356,12,5,Ductal basal
20805,21M_R1,21M,CGTTCTGCATTACGGT-1,5337,2760,0.22484541877459246,20,3,Ductal suprabasal
20807,21M_R1,21M,CGTTCTGGTATGACAA-1,6131,3021,0.11417387049420975,16,4,Orifice
20813,21M_R1,21M,CGTTGGGGTAGGTACG-1,5331,2859,0.16882386043894204,23,1,Ductular
20822,21M_R1,21M,CTAACCCTCGTCGACG-1,3014,1789,0.033178500331785,5,0,Ductal basal
20824,21M_R1,21M,CTAACTTCAAAGTATG-1,6997,3259,0.17150207231670717,10,0,Ductal basal
20826,21M_R1,21M,CTAACTTGTCAGTCGC-1,3372,2007,0.20759193357058123,5,0,Ductal basal
20827,21M_R1,21M,CTAACTTGTCTAACTG-1,3173,1621,0.22061140876142452,7,2,Ductal basal
20828,21M_R1,21M,CTAACTTGTGCGTGCT-1,3760,2202,0.23936170212765956,22,8,Acinar basal
20830,21M_R1,21M,CTAACTTTCCGACATA-1,3794,2110,0.13178703215603585,9,1,Ductular
20832,21M_R1,21M,CTAACTTTCTGCCTGT-1,5213,2686,0.07673124880107424,5,0,Ductal basal
20834,21M_R1,21M,CTAAGTGCAGCACGAA-1,6045,2877,0.0827129859387924,5,0,Ductal basal
20836,21M_R1,21M,CTAAGTGGTGGGTTGA-1,2062,1154,0.04849660523763337,7,2,Ductal basal
20837,21M_R1,21M,CTAAGTGTCACATACG-1,5803,2872,0.03446493193175943,25,9,Ductal basal
20839,21M_R1,21M,CTAAGTGTCTCATAGG-1,4924,2682,0.2437043054427295,7,2,Ductal basal
20842,21M_R1,21M,CTACAGACAAGGACAC-1,5785,2748,0.08643042350907519,5,0,Ductal basal
20850,21M_R1,21M,CTACAGATCTAAGCGT-1,1673,1083,0.17931858936043038,12,5,Ductal basal
20853,21M_R1,21M,CTACATTCACGTAGAG-1,6669,3259,0.11995801469485678,7,2,Ductal basal
20855,21M_R1,21M,CTACATTCATGCTGCG-1,5223,2770,0.019146084625694046,24,3,Ductal suprabasal
20856,21M_R1,21M,CTACATTGTCGACTTA-1,4461,2533,0.06724949562878278,20,3,Ductal suprabasal
20857,21M_R1,21M,CTACATTTCACTGAAC-1,3878,2012,0.07735946364105209,5,0,Ductal basal
20859,21M_R1,21M,CTACATTTCTGGGAGA-1,938,719,0.9594882729211088,35,7,Differentiating meibocyte
20860,21M_R1,21M,CTACCCAAGAATTTGG-1,8920,3756,0.14573991031390135,5,0,Ductal basal
20861,21M_R1,21M,CTACCCAAGACGGTCA-1,5615,2630,0.07123775601068566,5,0,Ductal basal
20867,21M_R1,21M,CTACCTGAGCCTCATA-1,5445,2816,0.12855831037649218,5,0,Ductal basal
20872,21M_R1,21M,CTACGGGAGGAGTACC-1,1821,1257,0.16474464579901155,12,5,Ductal basal
20874,21M_R1,21M,CTACGGGCAAATACGA-1,4595,2340,0.13057671381936886,5,0,Ductal basal
20878,21M_R1,21M,CTACGGGTCGAAGCAG-1,4671,2568,0.12845215157353884,5,0,Ductal basal
20879,21M_R1,21M,CTACTATAGAGTCGAC-1,3667,1987,0.109080992637033,23,1,Ductular
20888,21M_R1,21M,CTAGACAAGCAGCCCT-1,3185,1869,0.15698587127158556,9,1,Ductular
20889,21M_R1,21M,CTAGACAAGCTGCCTG-1,8842,3673,0.2035738520696675,16,4,Orifice
20892,21M_R1,21M,CTAGACAGTCGCACAC-1,9576,3695,0.1670843776106934,12,0,Ductal basal
20902,21M_R1,21M,CTAGGTAGTCTTGCGG-1,3483,1901,0.1435544071202986,7,2,Ductal basal
20903,21M_R1,21M,CTAGGTATCATGTCAG-1,2221,1423,0.13507429085997297,9,1,Ductular
20906,21M_R1,21M,CTATAGGGTAACGGTG-1,4249,2375,0.18827959519887033,25,9,Ductal basal
20915,21M_R1,21M,CTATCCGAGCTAGATA-1,2041,1310,0.19598236158745713,7,2,Ductal basal
20916,21M_R1,21M,CTATCCGCATGACGTT-1,10820,3974,0.055452865064695,12,5,Ductal basal
20917,21M_R1,21M,CTATCCGCATGCTGCG-1,7622,3483,0.1443190763579113,22,8,Acinar basal
20923,21M_R1,21M,CTATCTACAATACGAA-1,2591,1612,0.1543805480509456,5,0,Ductal basal
20925,21M_R1,21M,CTATCTACATAGGTAA-1,3638,2119,0.21990104452996154,12,4,Orifice
20926,21M_R1,21M,CTATCTAGTTAAACAG-1,3908,2192,0.0,16,4,Orifice
20931,21M_R1,21M,CTCAACCAGCCTGAAG-1,3837,2069,0.26062027625749284,9,1,Ductular
20934,21M_R1,21M,CTCAACCGTCCAAAGG-1,7836,3525,0.0765696784073507,5,0,Ductal basal
20937,21M_R1,21M,CTCAAGAAGAGGGTGG-1,2728,1729,0.07331378299120235,22,8,Acinar basal
20938,21M_R1,21M,CTCAAGAAGCGACTTT-1,4477,2519,0.35738217556399376,29,7,Differentiating meibocyte
20941,21M_R1,21M,CTCAAGAGTCTGCAAT-1,2833,1642,0.24708789269325804,12,5,Ductal basal
20944,21M_R1,21M,CTCAATTGTCTAACTG-1,7771,3408,0.012868356710848025,16,4,Orifice
20950,21M_R1,21M,CTCACTGCAGCTCTGG-1,6184,3037,0.5336351875808538,20,3,Ductal suprabasal
20953,21M_R1,21M,CTCACTGTCAAACCCA-1,5670,2437,0.052910052910052914,23,1,Ductular
20955,21M_R1,21M,CTCAGAAAGGTAGTCG-1,2891,1790,0.17295053614666206,5,0,Ductal basal
20956,21M_R1,21M,CTCAGAAAGTGATAGT-1,8643,3601,0.13884068031933355,5,0,Ductal basal
20961,21M_R1,21M,CTCAGAATCTGGTTGA-1,1465,1003,0.06825938566552901,7,1,Ductular
20963,21M_R1,21M,CTCAGGGCAAGACCGA-1,11628,4307,0.12899896800825594,5,0,Ductal basal
20964,21M_R1,21M,CTCAGGGCACACACGC-1,6854,3202,0.05836008170411438,5,0,Ductal basal
20965,21M_R1,21M,CTCAGGGCAGGTCCGT-1,2676,1640,0.18684603886397608,9,1,Ductular
20970,21M_R1,21M,CTCAGTCAGGGTATAT-1,6251,2801,0.09598464245720685,22,8,Acinar basal
20971,21M_R1,21M,CTCAGTCAGTGGGAAA-1,2233,1394,0.22391401701746527,23,1,Ductular
20978,21M_R1,21M,CTCAGTCTCGACCAAT-1,3755,2125,0.13315579227696406,10,2,Ductal basal
20979,21M_R1,21M,CTCAGTCTCGCATGAT-1,4367,2458,0.3434852301351042,22,8,Acinar basal
20980,21M_R1,21M,CTCATCGAGGCCTTCG-1,3960,2113,0.15151515151515152,7,2,Ductal basal
20982,21M_R1,21M,CTCATCGGTATCGGTT-1,2657,1595,0.37636432066240116,16,4,Orifice
20984,21M_R1,21M,CTCATCGTCACGAGGA-1,7548,3372,0.23847376788553257,25,9,Ductal basal
20985,21M_R1,21M,CTCATCGTCATTACGG-1,4927,2581,0.06088897909478384,5,0,Ductal basal
20986,21M_R1,21M,CTCATCGTCATTGCGA-1,2071,1365,1.3037180106228876,29,7,Differentiating meibocyte
20987,21M_R1,21M,CTCATCGTCCCGTGAG-1,3605,1955,0.665742024965326,35,7,Differentiating meibocyte
20991,21M_R1,21M,CTCATGCAGCATCCCG-1,10651,3996,0.0751103182799737,7,0,Ductal basal
20992,21M_R1,21M,CTCATGCAGCTACAAA-1,2959,1732,0.23656640757012504,24,3,Ductal suprabasal
20996,21M_R1,21M,CTCATGCTCTGCTGAA-1,4373,2382,0.1600731763091699,16,4,Orifice
21002,21M_R1,21M,CTCATTAGTGACAACG-1,5399,2734,0.18521948508983144,16,4,Orifice
21010,21M_R1,21M,CTCCAACTCTTCCCGA-1,6808,3177,0.1028202115158637,12,5,Ductal basal
21013,21M_R1,21M,CTCCACACACTGCATA-1,4824,2416,0.3109452736318408,22,8,Acinar basal
21016,21M_R1,21M,CTCCACATCGACACTA-1,7284,3122,0.0686436024162548,12,5,Ductal basal
21018,21M_R1,21M,CTCCATGAGCGACATG-1,3134,1799,0.2552648372686663,7,2,Ductal basal
21019,21M_R1,21M,CTCCATGAGCTGTGCC-1,2088,1441,0.14367816091954022,24,3,Ductal suprabasal
21020,21M_R1,21M,CTCCATGAGCTTACGT-1,1619,956,0.1852995676343422,35,10,Differentiated meibocyte
21021,21M_R1,21M,CTCCATGAGGCTTCCG-1,3591,1977,0.1113895850737956,12,5,Ductal basal
21027,21M_R1,21M,CTCCATGGTTCAATCG-1,2083,1218,0.528084493518963,35,10,Differentiated meibocyte
21028,21M_R1,21M,CTCCATGTCATCCTGC-1,3013,1841,0.1327580484566877,22,8,Acinar basal
21032,21M_R1,21M,CTCCCAATCCATAGAC-1,2021,1337,0.14844136566056407,16,4,Orifice
21036,21M_R1,21M,CTCCCTCCAAACTAAG-1,4010,2439,0.12468827930174563,9,1,Ductular
21037,21M_R1,21M,CTCCCTCCATTACTCT-1,6166,3014,0.09730781706130393,5,0,Ductal basal
21040,21M_R1,21M,CTCCCTCGTTATGTGC-1,6197,3119,1.1618525092786833,25,9,Ductal basal
21042,21M_R1,21M,CTCCCTCTCATTCACT-1,4921,2549,0.0812842918106076,9,1,Ductular
21043,21M_R1,21M,CTCCGATAGAGACAAG-1,3836,2053,0.3910323253388947,7,2,Ductal basal
21045,21M_R1,21M,CTCCGATAGGCTCTAT-1,5872,2654,0.08514986376021798,9,1,Ductular
21046,21M_R1,21M,CTCCGATCACAACCGC-1,6267,2813,0.11169618637306526,9,1,Ductular
21050,21M_R1,21M,CTCCGATTCAGGTAAA-1,1535,948,2.3452768729641695,35,10,Differentiated meibocyte
21053,21M_R1,21M,CTCCGATTCGACGTCG-1,6944,3258,0.1728110599078341,12,5,Ductal basal
21060,21M_R1,21M,CTCCTCCGTCGGATTT-1,6760,3242,0.10355029585798817,5,0,Ductal basal
21064,21M_R1,21M,CTCCTCCTCTTTGCAT-1,2135,1343,0.234192037470726,9,1,Ductular
21068,21M_R1,21M,CTCCTTTCATGGGTTT-1,2863,1692,0.17464198393293748,10,0,Ductal basal
21071,21M_R1,21M,CTCGAGGAGAGCCTGA-1,1409,1039,1.27750177430802,9,1,Ductular
21075,21M_R1,21M,CTCGAGGTCTTGGATG-1,8661,3410,0.13855213023900242,29,7,Differentiating meibocyte
21076,21M_R1,21M,CTCTCAGAGCAGGCTA-1,4084,2294,0.0979431929480901,5,0,Ductal basal
21089,21M_R1,21M,CTCTCGAAGGTAAAGG-1,2934,1689,0.0681663258350375,7,2,Ductal basal
21092,21M_R1,21M,CTCTCGACACGACAAG-1,6378,2610,0.10975227343994984,16,1,Ductular
21093,21M_R1,21M,CTCTCGACAGCAGAAC-1,3783,2030,0.10573618821041501,12,4,Orifice
21100,21M_R1,21M,CTCTGGTAGGTCATCT-1,6324,2874,0.18975332068311196,9,1,Ductular
21101,21M_R1,21M,CTCTGGTAGGTCCCTG-1,2989,1746,0.10036801605888257,5,2,Ductal basal
21103,21M_R1,21M,CTCTGGTGTACCAATC-1,5258,2229,0.13313046785850133,35,10,Differentiated meibocyte
21106,21M_R1,21M,CTCTGGTGTGACCGAA-1,2321,1418,0.043084877208099955,7,2,Ductal basal
21108,21M_R1,21M,CTCTGGTGTGTTCATG-1,3622,1894,0.08282716731087797,7,2,Ductal basal
21110,21M_R1,21M,CTGAATGCAGTCTGGC-1,5776,2851,0.12119113573407202,20,3,Ductal suprabasal
21112,21M_R1,21M,CTGAGCGAGGTGCCAA-1,3927,2164,0.15278838808250572,20,3,Ductal suprabasal
21116,21M_R1,21M,CTGAGCGCACCCTTGT-1,4942,2645,0.12140833670578711,5,0,Ductal basal
21117,21M_R1,21M,CTGAGCGGTATCGTAC-1,3473,2079,0.08638065073423554,5,0,Ductal basal
21119,21M_R1,21M,CTGAGCGTCCTACCAC-1,1872,1268,0.3205128205128205,5,2,Ductal basal
21125,21M_R1,21M,CTGAGGCTCGCCGAGT-1,10898,4049,0.15599192512387594,12,5,Ductal basal
21126,21M_R1,21M,CTGAGGCTCGCTGATA-1,2209,1434,0.2716161158895428,5,0,Ductal basal
21128,21M_R1,21M,CTGATCCAGGCTCACC-1,10024,3913,0.029928172386272944,5,0,Ductal basal
21129,21M_R1,21M,CTGATCCAGTCGCCAC-1,9149,3565,0.06558093780741064,29,7,Differentiating meibocyte
21132,21M_R1,21M,CTGATCCGTATTCCGA-1,3591,2122,0.0556947925368978,5,0,Ductal basal
21135,21M_R1,21M,CTGCAGGAGAGGTGCT-1,3208,1786,0.09351620947630923,7,2,Ductal basal
21137,21M_R1,21M,CTGCAGGAGTCACGAG-1,1996,1255,0.2004008016032064,9,1,Ductular
21138,21M_R1,21M,CTGCAGGCACGACAAG-1,2915,1773,0.06861063464837049,5,2,Ductal basal
21141,21M_R1,21M,CTGCAGGGTCTGTAAC-1,5199,2754,0.019234468166955183,9,4,Orifice
21145,21M_R1,21M,CTGCAGGTCTGAATCG-1,4241,2455,0.21221410044800754,5,0,Ductal basal
21149,21M_R1,21M,CTGCATCAGAGTCAGC-1,3920,2188,0.10204081632653061,9,1,Ductular
21150,21M_R1,21M,CTGCATCAGTCGTTAC-1,3328,1928,0.18028846153846154,23,1,Ductular
21156,21M_R1,21M,CTGCATCGTCGAAACG-1,2539,1591,0.669554942890902,9,1,Ductular
21161,21M_R1,21M,CTGCCATGTACTTCCC-1,1628,1098,0.6142506142506142,9,1,Ductular
21162,21M_R1,21M,CTGCCATGTGTGGACA-1,2932,1793,0.10231923601637108,7,2,Ductal basal
21163,21M_R1,21M,CTGCCATTCCGATAGT-1,4592,2303,0.21777003484320556,7,1,Ductular
21165,21M_R1,21M,CTGCCATTCTCTATGT-1,2275,1436,0.21978021978021978,9,1,Ductular
21166,21M_R1,21M,CTGCCTAAGACGACTG-1,3540,1999,0.1694915254237288,5,0,Ductal basal
21173,21M_R1,21M,CTGCCTAGTGCCTTTC-1,4113,2123,0.14587892049598833,10,0,Ductal basal
21176,21M_R1,21M,CTGCGAGCAAACAGGC-1,8937,3634,0.05594718585655141,16,4,Orifice
21180,21M_R1,21M,CTGCGAGCAGTATGAA-1,2646,1629,0.3779289493575208,23,1,Ductular
21181,21M_R1,21M,CTGCGAGCATCTTTCA-1,8577,3849,0.1049317943336831,16,4,Orifice
21183,21M_R1,21M,CTGCGAGGTTTACTGG-1,4239,2073,0.16513328615239442,7,2,Ductal basal
21184,21M_R1,21M,CTGCGAGTCAATCAGC-1,9126,4157,0.10957703265395574,5,0,Ductal basal
21185,21M_R1,21M,CTGCGAGTCCACACCT-1,4572,2231,0.17497812773403326,7,2,Ductal basal
21187,21M_R1,21M,CTGCTCAAGACGTCGA-1,7749,3331,0.18066847335140018,25,9,Ductal basal
21192,21M_R1,21M,CTGCTCACAATGTGGG-1,9746,4021,0.1231274368971886,24,3,Ductal suprabasal
21194,21M_R1,21M,CTGCTCAGTGCACAAG-1,4751,2403,0.10524100189433805,12,5,Ductal basal
21195,21M_R1,21M,CTGCTCAGTTCGGGTC-1,4523,2171,0.044218439089100156,7,2,Ductal basal
21199,21M_R1,21M,CTGCTCATCTTTCCGG-1,4157,2067,0.09622323791195574,9,1,Ductular
21200,21M_R1,21M,CTGGACGAGTCTTGGT-1,874,624,0.34324942791762014,35,10,Differentiated meibocyte
21206,21M_R1,21M,CTGGACGTCGCAAGAG-1,1025,752,0.1951219512195122,35,3,Ductal suprabasal
21210,21M_R1,21M,CTGGCAGAGTTCTACG-1,4339,2158,0.09218713989398479,7,2,Ductal basal
21213,21M_R1,21M,CTGGCAGCAGGTGACA-1,4167,2411,0.09599232061435085,5,0,Ductal basal
21214,21M_R1,21M,CTGGCAGGTAGTCTTG-1,4130,2293,0.1694915254237288,9,1,Ductular
21220,21M_R1,21M,CTGGTCTGTCGAATTC-1,7082,3154,0.15532335498446767,5,0,Ductal basal
21222,21M_R1,21M,CTGTACCAGGGTTAGC-1,3523,2042,0.17030939540164633,9,4,Orifice
21224,21M_R1,21M,CTGTACCTCCTCTAAT-1,3068,1741,0.09778357235984356,12,5,Ductal basal
21225,21M_R1,21M,CTGTACCTCGTCTAAG-1,3115,1734,0.32102728731942215,7,2,Ductal basal
21232,21M_R1,21M,CTGTAGAGTCTAGTGT-1,2570,1727,0.07782101167315175,22,8,Acinar basal
21236,21M_R1,21M,CTGTAGATCCCTTGGT-1,3723,2070,1.50416330915928,24,3,Ductal suprabasal
21242,21M_R1,21M,CTGTATTAGTGGAAAG-1,3499,1866,0.14289797084881395,7,2,Ductal basal
21249,21M_R1,21M,CTGTATTTCGTTCCTG-1,9420,3726,0.05307855626326964,25,9,Ductal basal
21251,21M_R1,21M,CTGTATTTCTCCTGAC-1,4983,2425,0.14047762392133253,9,1,Ductular
21252,21M_R1,21M,CTGTCGTAGATGCCGA-1,1113,807,1.078167115902965,29,7,Differentiating meibocyte
21254,21M_R1,21M,CTGTCGTAGTCACACT-1,6322,2858,0.18981335020563112,12,5,Ductal basal
21270,21M_R1,21M,CTGTGGGAGTTGGCGA-1,3550,2002,0.14084507042253522,25,9,Ductal basal
21272,21M_R1,21M,CTGTGGGCACTCTGCT-1,9581,3949,0.2504957728838326,23,0,Ductal basal
21273,21M_R1,21M,CTGTGGGCAGCAGTCC-1,8602,3714,0.09300162752848175,20,3,Ductal suprabasal
21276,21M_R1,21M,CTGTGGGCATGTGGCC-1,4384,2413,0.18248175182481752,23,1,Ductular
21280,21M_R1,21M,CTGTGGGTCTCTCTAA-1,10475,3678,0.42959427207637235,5,0,Ductal basal
21283,21M_R1,21M,CTTACCGCAATCTCTT-1,11148,4142,0.08073196986006459,9,1,Ductular
21290,21M_R1,21M,CTTAGGAAGCGTTAGG-1,6189,3122,1.470350622071417,10,0,Ductal basal
21292,21M_R1,21M,CTTAGGACAACAAAGT-1,3812,1971,0.05246589716684155,23,1,Ductular
21293,21M_R1,21M,CTTAGGACAGCCTTCT-1,2614,1650,0.0,7,2,Ductal basal
21296,21M_R1,21M,CTTAGGAGTAATCAAG-1,1858,1246,0.32292787944025836,5,0,Ductal basal
21297,21M_R1,21M,CTTAGGAGTCTACGTA-1,2514,1572,0.5171042163882259,12,5,Ductal basal
21301,21M_R1,21M,CTTAGGATCGTCACCT-1,5074,2607,0.059124950729207724,5,0,Ductal basal
21302,21M_R1,21M,CTTAGGATCTCTTGCG-1,11359,4392,0.07042873492384893,5,0,Ductal basal
21307,21M_R1,21M,CTTCAATAGGTTAGTA-1,3242,1919,0.12338062924120913,5,0,Ductal basal
21309,21M_R1,21M,CTTCAATCAGCGTACC-1,4157,2309,0.04811161895597787,5,0,Ductal basal
21314,21M_R1,21M,CTTCCGAAGAGGTATT-1,3519,1838,0.2273373117362887,9,4,Orifice
21318,21M_R1,21M,CTTCCGATCTATCGGA-1,2379,1524,0.12610340479192939,16,4,Orifice
21321,21M_R1,21M,CTTCCTTAGGGCTAAC-1,3987,2129,0.17557060446450964,5,0,Ductal basal
21326,21M_R1,21M,CTTCCTTGTACAGAAT-1,2607,1619,0.3068661296509398,16,4,Orifice
21333,21M_R1,21M,CTTCGGTCACTCACTC-1,3086,1698,0.19442644199611148,22,8,Acinar basal
21341,21M_R1,21M,CTTCTAACAGATTTCG-1,3225,1840,0.09302325581395349,12,5,Ductal basal
21342,21M_R1,21M,CTTCTAAGTAGTGTGG-1,4365,2126,0.09163802978235967,35,7,Differentiating meibocyte
21348,21M_R1,21M,CTTCTCTAGGAGACCT-1,3326,1821,0.12026458208057728,7,2,Ductal basal
21354,21M_R1,21M,CTTGAGAAGCTTCTAG-1,4413,2434,0.04532064355313845,5,0,Ductal basal
21356,21M_R1,21M,CTTGAGAGTCGTCGGT-1,7662,3706,0.07830853563038372,20,0,Ductal basal
21357,21M_R1,21M,CTTGAGAGTGGCTGCT-1,6248,3199,0.11203585147247119,25,9,Ductal basal
21361,21M_R1,21M,CTTGAGATCGCGTCGA-1,1396,1045,0.21489971346704873,12,5,Ductal basal
21362,21M_R1,21M,CTTGATTAGCAGCAGT-1,9676,3452,0.09301364200082679,16,4,Orifice
21364,21M_R1,21M,CTTGATTCACGACTAT-1,3818,2083,0.1571503404924044,9,1,Ductular
21365,21M_R1,21M,CTTGATTTCACCTCTG-1,8203,3623,0.02438132390588809,7,2,Ductal basal
21366,21M_R1,21M,CTTTCAAAGCCGATAG-1,3802,2104,0.15781167806417673,7,2,Ductal basal
21367,21M_R1,21M,CTTTCAAAGGTTCCAT-1,1717,1135,0.11648223645894001,12,5,Ductal basal
21369,21M_R1,21M,CTTTCAATCACCTCTG-1,5241,2599,0.03816065636328945,12,5,Ductal basal
21370,21M_R1,21M,CTTTCAATCCAATCTT-1,1097,760,0.0,5,2,Ductal basal
21373,21M_R1,21M,CTTTCGGCAGCGTATT-1,1705,1096,0.17595307917888564,16,4,Orifice
21374,21M_R1,21M,CTTTCGGCATAATGAG-1,4354,2453,0.13780431786862654,29,7,Differentiating meibocyte
21375,21M_R1,21M,CTTTCGGCATCCTAAG-1,3008,1821,0.09973404255319149,16,4,Orifice
21378,21M_R1,21M,CTTTCGGGTTACCCAA-1,1704,1128,0.0,23,4,Orifice
21379,21M_R1,21M,CTTTCGGTCTAACGCA-1,2943,1555,0.13591573224600748,9,1,Ductular
21384,21M_R1,21M,GAAACCTAGGTAAGAG-1,4803,2551,0.12492192379762648,22,8,Acinar basal
21385,21M_R1,21M,GAAACCTCAATGGCAG-1,2368,1585,0.16891891891891891,9,1,Ductular
21386,21M_R1,21M,GAAACCTCATCAGCGC-1,4169,2359,0.0959462700887503,24,3,Ductal suprabasal
21388,21M_R1,21M,GAAATGAAGGACAAGA-1,5820,3035,0.10309278350515465,25,9,Ductal basal
21391,21M_R1,21M,GAAATGACACCGGTCA-1,3001,1716,0.13328890369876709,5,2,Ductal basal
21394,21M_R1,21M,GAAATGATCCAACTGA-1,2112,1355,1.1363636363636365,35,7,Differentiating meibocyte
21396,21M_R1,21M,GAAATGATCCTGCTAC-1,4061,2315,0.2462447672986949,24,3,Ductal suprabasal
21397,21M_R1,21M,GAAATGATCCTTCAGC-1,4444,2067,0.09000900090009001,5,0,Ductal basal
21402,21M_R1,21M,GAACACTGTTCTCCAC-1,5931,2700,0.06744225257123587,16,4,Orifice
21407,21M_R1,21M,GAACTGTAGAGTTGTA-1,12764,4318,0.07834534628643058,16,4,Orifice
21410,21M_R1,21M,GAACTGTAGGCCATAG-1,4309,2126,0.16245068461359943,7,2,Ductal basal
21411,21M_R1,21M,GAACTGTAGGTCGAGT-1,4451,2447,0.29206919793304875,20,3,Ductal suprabasal
21415,21M_R1,21M,GAACTGTCACTCGATA-1,2600,1393,0.07692307692307693,7,2,Ductal basal
21417,21M_R1,21M,GAACTGTCATCGTGGC-1,8756,3833,0.11420740063956143,5,0,Ductal basal
21419,21M_R1,21M,GAACTGTGTATCGTAC-1,3015,1748,0.16583747927031509,7,2,Ductal basal
21421,21M_R1,21M,GAACTGTTCCCGTGAG-1,5694,2551,0.052687038988408846,9,1,Ductular
21423,21M_R1,21M,GAAGAATCAGTAGTGG-1,4736,2411,0.1266891891891892,23,1,Ductular
21425,21M_R1,21M,GAAGAATGTTAGTCGT-1,2444,1527,0.04091653027823241,7,0,Ductal basal
21430,21M_R1,21M,GAAGCCCAGTACCGGA-1,3948,2013,0.025329280648429587,7,2,Ductal basal
21440,21M_R1,21M,GAAGCGAAGATGAATC-1,2095,1317,0.1431980906921241,16,4,Orifice
21442,21M_R1,21M,GAAGCGACAGTTTCAG-1,6924,3362,0.24552281917966493,22,8,Acinar basal
21443,21M_R1,21M,GAAGCGAGTAGAAACT-1,3836,2028,0.10427528675703858,5,0,Ductal basal
21448,21M_R1,21M,GAAGCGATCCATCACC-1,11757,4227,0.07655014034192395,5,0,Ductal basal
21453,21M_R1,21M,GAAGGACAGGACAACC-1,3436,2042,0.2037252619324796,22,8,Acinar basal
21454,21M_R1,21M,GAAGGACAGTAGGCCA-1,1658,1053,0.24125452352231602,23,3,Ductal suprabasal
21455,21M_R1,21M,GAAGGACCAGAGAGGG-1,2919,1874,0.2398081534772182,29,7,Differentiating meibocyte
21456,21M_R1,21M,GAAGGACGTAGTCACT-1,3403,1961,0.2057008521892448,9,1,Ductular
21459,21M_R1,21M,GAAGGACTCAAATAGG-1,5981,2778,0.25079418157498745,16,4,Orifice
21460,21M_R1,21M,GAAGGACTCCACGGAC-1,4052,2252,0.04935834155972359,20,3,Ductal suprabasal
21461,21M_R1,21M,GAAGGACTCCGACAGC-1,1350,920,0.2222222222222222,12,5,Ductal basal
21462,21M_R1,21M,GAAGGACTCTGTCCGT-1,2072,1209,0.9652509652509652,5,0,Ductal basal
21463,21M_R1,21M,GAAGGACTCTTGGTGA-1,5035,2417,0.019860973187686197,7,2,Ductal basal
21464,21M_R1,21M,GAAGGGTAGCCTCCAG-1,9936,4125,0.07045088566827697,5,0,Ductal basal
21465,21M_R1,21M,GAAGGGTAGGTGTGAC-1,4864,2647,0.061677631578947366,20,1,Ductular
21468,21M_R1,21M,GAAGGGTCAGCTTCGG-1,777,615,0.0,9,1,Ductular
21469,21M_R1,21M,GAAGGGTGTACAAGTA-1,9431,3858,0.0742233061181211,9,1,Ductular
21473,21M_R1,21M,GAAGGGTTCCCGTGAG-1,6592,3135,0.13652912621359223,29,7,Differentiating meibocyte
21475,21M_R1,21M,GAAGGGTTCTCTTAAC-1,3593,2134,0.027831895352073477,5,0,Ductal basal
21476,21M_R1,21M,GAAGTAAAGTATGGCG-1,6481,3084,0.046289152908501774,5,0,Ductal basal
21477,21M_R1,21M,GAAGTAACAATTGAGA-1,3375,2106,0.05925925925925926,25,9,Ductal basal
21479,21M_R1,21M,GAAGTAACAGGAGGTT-1,2516,1502,0.0397456279809221,23,1,Ductular
21490,21M_R1,21M,GAATCACCACAACGAG-1,2276,1382,0.08787346221441124,16,4,Orifice
21491,21M_R1,21M,GAATCACCAGACCTAT-1,9876,3728,0.08100445524503848,5,0,Ductal basal
21493,21M_R1,21M,GAATCACGTCTGTGTA-1,3441,1777,0.08718395815170009,9,1,Ductular
21500,21M_R1,21M,GAATCGTGTACTGAGG-1,9587,3890,0.09387712527380827,35,10,Differentiated meibocyte
21501,21M_R1,21M,GAATCGTGTTCTAAGC-1,4436,2562,0.15779981965734896,22,8,Acinar basal
21502,21M_R1,21M,GAATCGTTCAGACAAA-1,3918,2148,0.10209290454313426,5,0,Ductal basal
21503,21M_R1,21M,GAATCGTTCCATCGTC-1,8626,3230,0.20867145838163692,5,0,Ductal basal
21506,21M_R1,21M,GAATCGTTCTGTGCGG-1,3805,2173,0.1314060446780552,5,0,Ductal basal
21509,21M_R1,21M,GACACGCCATAGATGA-1,8695,3567,0.06900517538815411,16,4,Orifice
21521,21M_R1,21M,GACAGCCTCGCCAATA-1,4767,2371,0.12586532410320958,24,3,Ductal suprabasal
21522,21M_R1,21M,GACAGCCTCGCTCTAC-1,7870,2945,0.03811944091486658,23,1,Ductular
21525,21M_R1,21M,GACATCAAGTGGGAAA-1,11220,4457,0.035650623885918005,9,0,Ductal basal
21531,21M_R1,21M,GACCAATAGTCGGGAT-1,5889,2962,0.7471557140431313,24,3,Ductal suprabasal
21532,21M_R1,21M,GACCAATCACAAAGCG-1,2801,1571,0.10710460549803642,7,2,Ductal basal
21534,21M_R1,21M,GACCAATTCTAAGGAA-1,5787,2984,0.15552099533437014,5,0,Ductal basal
21542,21M_R1,21M,GACCCAGGTAAGGCCA-1,4145,2180,0.12062726176115801,12,5,Ductal basal
21544,21M_R1,21M,GACCCAGGTTGCTCAA-1,4292,2233,0.25629077353215285,23,1,Ductular
21548,21M_R1,21M,GACCCTTAGGCATGGT-1,1193,771,0.2514668901927913,23,3,Ductal suprabasal
21559,21M_R1,21M,GACCGTGAGAGCCGTA-1,4477,2565,0.4243913334822426,25,9,Ductal basal
21563,21M_R1,21M,GACCGTGGTAATTGGA-1,7910,3715,0.4804045512010114,29,7,Differentiating meibocyte
21565,21M_R1,21M,GACCGTGTCAAATGCC-1,7637,3422,0.1571297629959408,20,3,Ductal suprabasal
21567,21M_R1,21M,GACCGTGTCCTCACTG-1,7488,3243,0.05341880341880342,5,0,Ductal basal
21569,21M_R1,21M,GACCGTGTCTAGGCCG-1,3577,2245,0.05591277606933184,25,9,Ductal basal
21570,21M_R1,21M,GACCGTGTCTCGTGGG-1,5619,2557,0.1779676098949991,5,2,Ductal basal
21575,21M_R1,21M,GACCTTCAGTTTCAGC-1,6731,2921,0.059426533947407524,5,0,Ductal basal
21580,21M_R1,21M,GACCTTCTCTCGTCAC-1,7124,3101,0.09825940482874788,7,2,Ductal basal
21583,21M_R1,21M,GACGCTGAGTAGGGTC-1,3863,2211,0.595392182241781,23,1,Ductular
21584,21M_R1,21M,GACGCTGCAATCTCTT-1,3968,2013,0.10080645161290322,12,5,Ductal basal
21585,21M_R1,21M,GACGCTGCACCCTTAC-1,9461,3888,0.042278828876440126,22,8,Acinar basal
21587,21M_R1,21M,GACGCTGGTAATGATG-1,5863,2790,0.10233668770254137,9,1,Ductular
21589,21M_R1,21M,GACGCTGGTCTCAAGT-1,2491,1572,0.20072260136491368,16,1,Ductular
21590,21M_R1,21M,GACGCTGGTTTCCATT-1,6526,3089,0.015323322096230461,5,0,Ductal basal
21594,21M_R1,21M,GACGTTAAGGTAAGGA-1,6737,3071,0.059373608431052396,5,0,Ductal basal
21595,21M_R1,21M,GACGTTACAGTCTCTC-1,2655,1693,0.15065913370998116,20,3,Ductal suprabasal
21598,21M_R1,21M,GACGTTATCAGACCGC-1,3902,1945,0.12813941568426446,16,1,Ductular
21600,21M_R1,21M,GACGTTATCTATTTCG-1,4390,2465,0.0683371298405467,5,0,Ductal basal
21605,21M_R1,21M,GACTATGAGGTTATAG-1,4551,2552,0.06591957811470006,24,3,Ductal suprabasal
21606,21M_R1,21M,GACTATGAGTTAACGA-1,8176,3678,0.04892367906066536,5,0,Ductal basal
21610,21M_R1,21M,GACTATGGTCCAGGTC-1,11377,3908,0.12305528698250856,29,7,Differentiating meibocyte
21614,21M_R1,21M,GACTCAACACACACTA-1,8566,3852,0.046696240952603316,20,3,Ductal suprabasal
21615,21M_R1,21M,GACTCAAGTCCCGGTA-1,6733,3234,0.23763552651121342,9,1,Ductular
21619,21M_R1,21M,GACTCTCAGTATGAAC-1,6365,3225,0.06284367635506677,22,8,Acinar basal
21621,21M_R1,21M,GACTCTCCAATCGCCG-1,4179,2166,0.07178750897343862,12,5,Ductal basal
21624,21M_R1,21M,GACTCTCTCCACAGGC-1,5507,2588,0.2542218994007627,12,5,Ductal basal
21627,21M_R1,21M,GACTGATTCTTCACAT-1,3229,1909,0.712294828120161,23,1,Ductular
21633,21M_R1,21M,GACTTCCCATCCGTTC-1,4815,2343,0.3530633437175493,7,2,Ductal basal
21634,21M_R1,21M,GACTTCCTCAGACAAA-1,1480,977,0.33783783783783783,20,3,Ductal suprabasal
21635,21M_R1,21M,GACTTCCTCGCACGAC-1,4183,2430,0.16734401147501793,25,9,Ductal basal
21640,21M_R1,21M,GAGACCCAGAAGCTGC-1,3813,1952,0.05245213742460005,7,2,Ductal basal
21641,21M_R1,21M,GAGACCCAGGTATCTC-1,4778,2530,0.10464629552113855,9,1,Ductular
21642,21M_R1,21M,GAGACCCTCTCAGAAC-1,3264,1906,0.1838235294117647,9,1,Ductular
21645,21M_R1,21M,GAGACTTAGCCAGTAG-1,3030,1796,0.09900990099009901,5,0,Ductal basal
21647,21M_R1,21M,GAGACTTGTTGCGTAT-1,5477,2602,0.12780719371918933,5,0,Ductal basal
21650,21M_R1,21M,GAGAGGTAGCGTCGAA-1,10916,2085,0.06412605349945034,16,4,Orifice
21651,21M_R1,21M,GAGAGGTAGCTATCTG-1,1159,859,0.08628127696289906,7,2,Ductal basal
21657,21M_R1,21M,GAGAGGTGTGTCGCTG-1,3428,1851,0.14585764294049008,12,5,Ductal basal
21661,21M_R1,21M,GAGAGGTTCTGGTCAA-1,2659,1588,0.15043249341857842,16,4,Orifice
21663,21M_R1,21M,GAGATGGCAAGGTACG-1,11578,4230,0.025911210917256865,12,4,Orifice
21665,21M_R1,21M,GAGATGGGTATCCTCC-1,6829,2945,0.10250402694391567,7,2,Ductal basal
21666,21M_R1,21M,GAGATGGGTCCCTGTT-1,5547,2629,0.05408328826392645,5,0,Ductal basal
21668,21M_R1,21M,GAGATGGGTTCGTAAC-1,8488,3675,0.0471253534401508,25,9,Ductal basal
21673,21M_R1,21M,GAGCCTGCATGACTCA-1,2422,1499,0.041288191577208914,9,1,Ductular
21676,21M_R1,21M,GAGCCTGTCTCAGGCG-1,1130,806,0.17699115044247787,23,3,Ductal suprabasal
21679,21M_R1,21M,GAGCTGCCAAGTGGTG-1,3011,1685,0.2656924609764198,7,2,Ductal basal
21680,21M_R1,21M,GAGCTGCCACATAACC-1,4403,2391,0.13627072450601863,7,2,Ductal basal
21682,21M_R1,21M,GAGCTGCGTACAGAAT-1,2558,1584,0.0,5,0,Ductal basal
21685,21M_R1,21M,GAGCTGCGTTTGTTCT-1,4824,2444,0.06218905472636816,5,0,Ductal basal
21688,21M_R1,21M,GAGCTGCTCTCGTTTA-1,5035,2489,0.019860973187686197,29,7,Differentiating meibocyte
21690,21M_R1,21M,GAGGCAAAGGTAGATT-1,7855,3683,0.08911521323997454,5,0,Ductal basal
21691,21M_R1,21M,GAGGCAACACGACTAT-1,9042,3755,0.05529750055297501,5,0,Ductal basal
21696,21M_R1,21M,GAGGCAATCACTGAAC-1,10565,4013,0.03786086133459536,12,0,Ductal basal
21697,21M_R1,21M,GAGGCAATCCTCTCGA-1,3982,2114,0.15067805123053743,7,2,Ductal basal
21698,21M_R1,21M,GAGGCAATCGGCTGTG-1,3509,1902,0.3419777714448561,20,3,Ductal suprabasal
21700,21M_R1,21M,GAGGCCTAGCAAACAT-1,9183,3631,0.119786562125667,29,7,Differentiating meibocyte
21701,21M_R1,21M,GAGGCCTAGCTGAAGC-1,7127,3344,0.09821804405780833,5,0,Ductal basal
21703,21M_R1,21M,GAGGCCTCAGGACAGT-1,5971,2895,0.18422374811589348,25,9,Ductal basal
21705,21M_R1,21M,GAGGCCTTCAAGTGGG-1,10639,4133,0.24438387066453615,29,7,Differentiating meibocyte
21711,21M_R1,21M,GAGGGATCAAACACCT-1,2437,1596,0.3282724661469019,9,1,Ductular
21713,21M_R1,21M,GAGGGATCACTAGAGG-1,4672,2585,0.06421232876712328,5,0,Ductal basal
21717,21M_R1,21M,GAGGGATTCAGTGTGT-1,3481,1798,0.08618213157138753,12,5,Ductal basal
21719,21M_R1,21M,GAGGGTAAGAGGTTTA-1,4011,1755,0.39890301670406386,7,2,Ductal basal
21720,21M_R1,21M,GAGGGTAAGCGCCCAT-1,3862,1991,0.2330398757120663,12,5,Ductal basal
21722,21M_R1,21M,GAGGGTAGTCAACACT-1,3361,1924,0.11901219875037192,10,0,Ductal basal
21723,21M_R1,21M,GAGGGTAGTCGTACAT-1,3442,2127,0.08715862870424172,23,1,Ductular
21725,21M_R1,21M,GAGTCATAGCTACGTT-1,8955,3215,0.03350083752093803,16,4,Orifice
21737,21M_R1,21M,GAGTCTACACAACATC-1,3079,1622,0.16239038648911985,35,10,Differentiated meibocyte
21738,21M_R1,21M,GAGTCTACACATTACG-1,3652,1930,0.08214676889375684,16,4,Orifice
21740,21M_R1,21M,GAGTCTACATATTCGG-1,2343,1542,0.21340162185232608,7,2,Ductal basal
21742,21M_R1,21M,GAGTCTAGTGTGTGTT-1,4003,2185,0.12490632025980515,7,2,Ductal basal
21744,21M_R1,21M,GAGTCTATCGTAATGC-1,2464,1490,0.040584415584415584,22,8,Acinar basal
21745,21M_R1,21M,GAGTCTATCTAAGAAG-1,2235,1460,0.3131991051454139,9,4,Orifice
21749,21M_R1,21M,GAGTGAGCAAAGACTA-1,4817,2505,0.12455885405854267,5,0,Ductal basal
21751,21M_R1,21M,GAGTGAGCAATAGAGT-1,2643,1651,0.11350737797956867,16,4,Orifice
21752,21M_R1,21M,GAGTGAGCAATGTCTG-1,2713,1719,0.1474382602285293,22,8,Acinar basal
21754,21M_R1,21M,GAGTGAGCAGTGAGCA-1,6418,3126,0.17139295730757245,25,9,Ductal basal
21764,21M_R1,21M,GAGTGAGTCCTTCTAA-1,5412,2743,0.48041389504804144,20,3,Ductal suprabasal
21766,21M_R1,21M,GAGTGTTAGGTTACCT-1,2760,1594,0.4710144927536232,7,1,Ductular
21770,21M_R1,21M,GAGTGTTGTCCCTCAT-1,1933,1338,0.1551991722710812,5,0,Ductal basal
21772,21M_R1,21M,GAGTGTTGTTCGGTCG-1,2184,1365,0.13736263736263737,5,0,Ductal basal
21775,21M_R1,21M,GAGTTACAGGGTTTCT-1,4492,2578,0.333926981300089,22,8,Acinar basal
21790,21M_R1,21M,GAGTTGTGTGGGATTG-1,1897,1316,0.8434370057986295,23,1,Ductular
21792,21M_R1,21M,GAGTTGTTCTGCGATA-1,8266,3564,0.09678199854827002,5,0,Ductal basal
21793,21M_R1,21M,GAGTTTGAGATGCTAA-1,4264,2154,0.16416510318949346,9,1,Ductular
21795,21M_R1,21M,GAGTTTGGTAGTGATA-1,5406,2712,0.1849796522382538,5,0,Ductal basal
21796,21M_R1,21M,GAGTTTGGTCCGGATC-1,2490,1604,0.4016064257028112,5,0,Ductal basal
21797,21M_R1,21M,GAGTTTGGTCGTACTA-1,3068,1701,0.1303780964797914,5,0,Ductal basal
21804,21M_R1,21M,GATAGAACATCGGATT-1,4396,2423,0.09099181073703368,16,4,Orifice
21806,21M_R1,21M,GATAGAAGTCAACCAT-1,3585,2029,0.19525801952580196,5,0,Ductal basal
21807,21M_R1,21M,GATAGAAGTTTCCCAC-1,6151,2556,0.06503007641033978,7,2,Ductal basal
21808,21M_R1,21M,GATAGAATCAAACCCA-1,2290,1394,0.17467248908296942,7,2,Ductal basal
21809,21M_R1,21M,GATAGAATCGCGTTTC-1,4091,2042,0.07333170373991689,16,1,Ductular
21810,21M_R1,21M,GATAGAATCGTTCTAT-1,3694,2189,1.2994044396318354,5,0,Ductal basal
21814,21M_R1,21M,GATAGCTGTTATCTGG-1,2557,1529,0.19554165037152915,23,1,Ductular
21816,21M_R1,21M,GATCACAAGAATTTGG-1,7492,3428,0.06673785371062467,12,5,Ductal basal
21822,21M_R1,21M,GATCACATCAGGACAG-1,3956,2280,0.3033367037411527,20,3,Ductal suprabasal
21824,21M_R1,21M,GATCACATCCGTGGTG-1,5535,2942,0.09033423667570009,22,8,Acinar basal
21825,21M_R1,21M,GATCAGTAGAAGTCTA-1,4143,2434,0.12068549360366883,5,0,Ductal basal
21826,21M_R1,21M,GATCAGTAGCATCAAA-1,4121,2232,0.02426595486532395,9,1,Ductular
21828,21M_R1,21M,GATCAGTGTCAGACTT-1,3981,2239,0.15071590052750566,5,0,Ductal basal
21834,21M_R1,21M,GATCATGGTAGAATAC-1,4237,2276,0.09440641963653527,9,1,Ductular
21835,21M_R1,21M,GATCATGGTCGAGCTC-1,4691,2412,0.12790449797484546,5,0,Ductal basal
21837,21M_R1,21M,GATCATGTCCCGAGAC-1,5257,2667,0.019022256039566292,5,0,Ductal basal
21838,21M_R1,21M,GATCATGTCTATCGCC-1,4762,2494,0.20999580008399832,5,0,Ductal basal
21839,21M_R1,21M,GATCCCTAGATACATG-1,6432,2900,0.06218905472636816,7,2,Ductal basal
21852,21M_R1,21M,GATCCCTGTGGATCGA-1,6156,2573,0.14619883040935672,12,5,Ductal basal
21853,21M_R1,21M,GATCCCTGTGGCTGCT-1,6056,2968,0.1486129458388375,5,0,Ductal basal
21854,21M_R1,21M,GATCCCTGTGTTCGAT-1,6585,3261,0.21260440394836752,5,0,Ductal basal
21862,21M_R1,21M,GATCGTACAGTTAGGG-1,6605,3220,0.04542013626040878,5,0,Ductal basal
21863,21M_R1,21M,GATCGTAGTATCCCAA-1,3895,2165,0.1797175866495507,23,1,Ductular
21868,21M_R1,21M,GATCGTATCTATTGTC-1,2846,1619,0.035137034434293744,7,2,Ductal basal
21869,21M_R1,21M,GATCGTATCTCATAGG-1,2602,1549,0.11529592621060722,24,1,Ductular
21873,21M_R1,21M,GATGACTAGCTGTCCG-1,2661,1644,0.1503194287861706,9,1,Ductular
21876,21M_R1,21M,GATGACTCACCCTGAG-1,8645,3390,0.10410641989589359,16,4,Orifice
21878,21M_R1,21M,GATGACTCATCTCGTC-1,7916,3817,0.025265285497726126,25,9,Ductal basal
21881,21M_R1,21M,GATGAGGAGCAATTAG-1,2462,1566,0.3249390739236393,16,4,Orifice
21882,21M_R1,21M,GATGAGGAGCATTGTC-1,6573,2681,0.1521375323292256,7,2,Ductal basal
21887,21M_R1,21M,GATGAGGGTACCCACG-1,4605,2217,0.17372421281216072,7,1,Ductular
21892,21M_R1,21M,GATGAGGTCTACGGGC-1,2494,1489,0.08019246190858059,5,0,Ductal basal
21894,21M_R1,21M,GATGATCAGAGCTGCA-1,3842,2229,0.20822488287350338,20,3,Ductal suprabasal
21896,21M_R1,21M,GATGATCCATCGCTAA-1,9159,3835,0.0982640026203734,5,0,Ductal basal
21898,21M_R1,21M,GATGATCGTCCTCAGG-1,7608,3454,0.3548895899053628,5,0,Ductal basal
21900,21M_R1,21M,GATGCTAAGAAGTGTT-1,2187,1360,0.18289894833104708,9,1,Ductular
21902,21M_R1,21M,GATGCTAAGGATGCGT-1,3880,1960,0.36082474226804123,16,4,Orifice
21908,21M_R1,21M,GATGCTATCACCTACC-1,6039,2763,0.2152674283821825,5,0,Ductal basal
21909,21M_R1,21M,GATGGAGAGAAACCAT-1,6449,2756,0.04651884013025275,5,0,Ductal basal
21913,21M_R1,21M,GATGGAGGTCGCAACC-1,4891,2315,0.24534859946841137,12,5,Ductal basal
21917,21M_R1,21M,GATGGAGTCGACCACG-1,1649,1143,0.18192844147968465,23,1,Ductular
21922,21M_R1,21M,GATGTTGGTCTGGTTA-1,3036,1576,0.1976284584980237,7,2,Ductal basal
21925,21M_R1,21M,GATTCGAAGTCAACAA-1,1954,1269,0.255885363357216,23,1,Ductular
21926,21M_R1,21M,GATTCGACACAGTATC-1,5905,3001,0.0846740050804403,22,8,Acinar basal
21927,21M_R1,21M,GATTCGACACGCTGTG-1,4751,2320,0.10524100189433805,5,0,Ductal basal
21929,21M_R1,21M,GATTCGACAGCGATTT-1,3528,2096,0.11337868480725624,5,0,Ductal basal
21934,21M_R1,21M,GATTCGATCCATTGCC-1,6563,3212,0.09142160597287827,5,0,Ductal basal
21939,21M_R1,21M,GATTCTTCAATGTTGC-1,2141,1371,0.18682858477347034,7,2,Ductal basal
21942,21M_R1,21M,GATTCTTTCTACGGGC-1,3804,1914,0.18401682439537329,7,2,Ductal basal
21943,21M_R1,21M,GATTCTTTCTCCAAGA-1,4283,2400,0.1167406023815083,5,0,Ductal basal
21944,21M_R1,21M,GATTGGTAGTGCTAGG-1,1268,877,0.6309148264984227,35,10,Differentiated meibocyte
21950,21M_R1,21M,GATTTCTAGCCACAAG-1,3193,1891,0.06263701847792046,16,4,Orifice
21952,21M_R1,21M,GATTTCTCACTGGAAG-1,3814,2272,0.026219192448872573,5,0,Ductal basal
21959,21M_R1,21M,GCAACATCAAACTAGA-1,3161,1884,0.06327111673521038,12,5,Ductal basal
21962,21M_R1,21M,GCAACATCAGCTACAT-1,8815,3812,0.06806579693703914,20,3,Ductal suprabasal
21963,21M_R1,21M,GCAACATCATGGAATA-1,2692,1600,0.1485884101040119,12,4,Orifice
21966,21M_R1,21M,GCAACATGTTGAGGAC-1,6242,3062,0.8490868311438641,20,3,Ductal suprabasal
21967,21M_R1,21M,GCAACATTCACAACCA-1,4736,2541,0.04222972972972973,5,0,Ductal basal
21978,21M_R1,21M,GCACATAAGCCTCTCT-1,9649,3462,0.072546377862991,9,1,Ductular
21979,21M_R1,21M,GCACATACAAGTGCTT-1,7218,3403,0.11083402604599613,5,0,Ductal basal
21984,21M_R1,21M,GCACATAGTAGATGTA-1,6548,3114,0.1527183872938302,5,0,Ductal basal
21986,21M_R1,21M,GCACATAGTAGTGCGA-1,5915,3042,0.08453085376162299,25,9,Ductal basal
21990,21M_R1,21M,GCACATATCACGTAGT-1,6949,3150,0.08634335875665564,24,3,Ductal suprabasal
21993,21M_R1,21M,GCACGGTAGCTGGTGA-1,2932,1845,0.1364256480218281,5,2,Ductal basal
21997,21M_R1,21M,GCACGGTCACCAGGTC-1,5591,2670,0.19674476837774996,24,3,Ductal suprabasal
21998,21M_R1,21M,GCACGGTCAGCCTACG-1,5970,2805,0.08375209380234507,5,0,Ductal basal
21999,21M_R1,21M,GCACGGTGTTTGAAAG-1,2932,1779,0.10231923601637108,7,2,Ductal basal
22001,21M_R1,21M,GCACGGTTCTCGAGTA-1,4852,2452,0.1442704039571311,5,0,Ductal basal
22003,21M_R1,21M,GCACGTGAGACAAGCC-1,3195,1888,0.25039123630672927,5,0,Ductal basal
22006,21M_R1,21M,GCACGTGAGGGCCTCT-1,5569,2517,0.10773927096426647,12,5,Ductal basal
22012,21M_R1,21M,GCACGTGTCGGTGCAC-1,5868,2894,0.2044989775051125,20,1,Ductular
22014,21M_R1,21M,GCACTAAAGATGGTCG-1,7948,3252,0.0754906894816306,12,5,Ductal basal
22016,21M_R1,21M,GCACTAACACAAGGTG-1,4728,2531,0.08460236886632826,5,0,Ductal basal
22020,21M_R1,21M,GCACTAATCTGTCCGT-1,5695,2902,0.4214223002633889,9,4,Orifice
22024,21M_R1,21M,GCAGCCACATCTGCGG-1,2638,1668,0.1516300227445034,20,3,Ductal suprabasal
22028,21M_R1,21M,GCAGCCATCGTCTACC-1,2344,1326,1.4078498293515358,16,4,Orifice
22030,21M_R1,21M,GCAGCTGAGCGCTGCT-1,5214,2748,0.1534330648254699,9,1,Ductular
22031,21M_R1,21M,GCAGCTGCACATACTG-1,6239,2976,0.09616925789389325,5,0,Ductal basal
22033,21M_R1,21M,GCAGCTGCACTGCGTG-1,6536,3118,0.12239902080783352,5,0,Ductal basal
22035,21M_R1,21M,GCAGCTGGTCTTTCAT-1,2156,1403,0.1855287569573284,5,2,Ductal basal
22036,21M_R1,21M,GCAGCTGGTTCCATTT-1,8573,3113,0.06998716901901318,16,4,Orifice
22038,21M_R1,21M,GCAGCTGTCCCGAAAT-1,3874,2212,0.05162622612287042,5,0,Ductal basal
22040,21M_R1,21M,GCAGGCTCACAAATCC-1,2779,1614,0.1439366678661389,9,4,Orifice
22041,21M_R1,21M,GCAGGCTCACCGTACG-1,5633,2602,0.23078288656133497,23,1,Ductular
22047,21M_R1,21M,GCAGTTAAGTACAGCG-1,4612,2377,0.23850823937554208,12,5,Ductal basal
22048,21M_R1,21M,GCAGTTACAACGACAG-1,7466,3230,0.4018215912135012,9,1,Ductular
22050,21M_R1,21M,GCAGTTAGTTGTGCAT-1,7774,3205,0.06431695394906096,16,4,Orifice
22051,21M_R1,21M,GCAGTTATCAAGAATG-1,5798,2643,0.18972059330803726,35,10,Differentiated meibocyte
22052,21M_R1,21M,GCAGTTATCTCTATAC-1,3155,1795,0.15847860538827258,7,2,Ductal basal
22054,21M_R1,21M,GCATCGGAGCCTTGAT-1,6093,2839,0.11488593467914,16,4,Orifice
22059,21M_R1,21M,GCATCGGGTGCCTAAT-1,6453,2833,0.2634433596776693,12,5,Ductal basal
22060,21M_R1,21M,GCATCGGGTGTAAACA-1,4657,2501,0.08589220528237063,5,0,Ductal basal
22072,21M_R1,21M,GCATGATCATATGCGT-1,5143,2557,0.19443904335990667,7,2,Ductal basal
22073,21M_R1,21M,GCATGATGTAGGTAGC-1,5420,2687,0.09225092250922509,5,0,Ductal basal
22076,21M_R1,21M,GCATTAGAGTGTTGAA-1,2533,1602,0.03947887879984208,5,0,Ductal basal
22080,21M_R1,21M,GCATTAGGTGCCTATA-1,3890,2229,0.07712082262210797,5,0,Ductal basal
22081,21M_R1,21M,GCATTAGGTGTTACAC-1,8873,3833,0.19159247154288292,10,2,Ductal basal
22086,21M_R1,21M,GCCAACGGTCGCCTAG-1,5868,2680,0.0681663258350375,16,4,Orifice
22087,21M_R1,21M,GCCAACGGTTGCGTAT-1,6417,2991,0.0,9,1,Ductular
22088,21M_R1,21M,GCCAACGTCAGCCTTC-1,3599,1981,0.13892747985551543,7,2,Ductal basal
22098,21M_R1,21M,GCCAGGTGTATAGCTC-1,6038,2717,0.06624710168930109,12,4,Orifice
22099,21M_R1,21M,GCCAGGTTCAGACCCG-1,6535,2615,0.1530221882172915,7,2,Ductal basal
22100,21M_R1,21M,GCCAGGTTCATGCCAA-1,9915,3428,0.15128593040847202,35,10,Differentiated meibocyte
22101,21M_R1,21M,GCCAGGTTCGGATACT-1,7380,3068,0.5284552845528455,35,7,Differentiating meibocyte
22105,21M_R1,21M,GCCAGTGAGTATGAAC-1,4881,2238,0.1024380249948781,9,1,Ductular
22106,21M_R1,21M,GCCAGTGCAACGTTAC-1,3017,1643,0.06629101756711965,7,2,Ductal basal
22109,21M_R1,21M,GCCAGTGTCCCTCAAC-1,6203,2842,0.08060615831049493,5,0,Ductal basal
22116,21M_R1,21M,GCCATGGGTGCAACAG-1,5381,2713,0.05575171901133618,16,4,Orifice
22117,21M_R1,21M,GCCATGGTCAGACCGC-1,4426,2458,0.06778129236330774,20,3,Ductal suprabasal
22121,21M_R1,21M,GCCATGGTCTATCGTT-1,3719,2124,0.026888948642108095,5,2,Ductal basal
22128,21M_R1,21M,GCCATTCGTGAGGCAT-1,4759,2450,0.14708972473208656,12,5,Ductal basal
22131,21M_R1,21M,GCCCAGAAGCGTCAAG-1,4015,2290,0.099626400996264,22,8,Acinar basal
22133,21M_R1,21M,GCCCAGAAGGTTCACT-1,3047,1804,0.2297341647522153,25,9,Ductal basal
22134,21M_R1,21M,GCCCAGACAAGATCCT-1,2720,1789,0.14705882352941177,24,3,Ductal suprabasal
22140,21M_R1,21M,GCCCAGAGTCGCACAC-1,1909,1244,0.3143006809848088,12,5,Ductal basal
22155,21M_R1,21M,GCCCGAAGTGCAGATG-1,3748,2079,0.16008537886872998,5,0,Ductal basal
22157,21M_R1,21M,GCCCGAAGTTGCGTAT-1,2432,1694,0.12335526315789473,7,1,Ductular
22161,21M_R1,21M,GCCGATGAGACGGATC-1,3210,2060,0.43613707165109034,22,8,Acinar basal
22162,21M_R1,21M,GCCGATGAGACTTCAC-1,6794,3176,0.22078304386223138,5,0,Ductal basal
22165,21M_R1,21M,GCCGATGCAGCCGTCA-1,3779,1801,0.15877216194760518,7,2,Ductal basal
22168,21M_R1,21M,GCCGTGAAGCCTCGTG-1,5574,2620,0.0897021887334051,12,5,Ductal basal
22169,21M_R1,21M,GCCGTGAAGGAAGAAC-1,2539,1818,0.23631350925561243,22,9,Ductal basal
22172,21M_R1,21M,GCCGTGACAACCGATT-1,2248,1375,0.6227758007117438,12,5,Ductal basal
22179,21M_R1,21M,GCCGTGATCTATCGCC-1,10504,4273,0.06664127951256664,25,9,Ductal basal
22180,21M_R1,21M,GCCGTGATCTTTCTAG-1,6681,3218,0.5837449483610238,20,1,Ductular
22183,21M_R1,21M,GCGAGAAAGGCGAACT-1,5841,2942,0.11984249272384866,5,5,Ductal basal
22185,21M_R1,21M,GCGAGAATCTCTGACC-1,8584,3732,0.1048462255358807,10,1,Ductular
22189,21M_R1,21M,GCGATCGCAATTTCTC-1,4703,2471,0.021263023601956196,5,0,Ductal basal
22190,21M_R1,21M,GCGATCGGTCGTATTG-1,2444,1564,0.20458265139116205,5,2,Ductal basal
22203,21M_R1,21M,GCGGAAATCAATCAGC-1,1739,1141,0.3450258769407705,12,5,Ductal basal
22212,21M_R1,21M,GCGGATCGTAGACAGC-1,2991,1743,0.033433634236041454,16,4,Orifice
22214,21M_R1,21M,GCGGATCGTTATTCCT-1,4148,2313,0.16875602700096431,24,3,Ductal suprabasal
22215,21M_R1,21M,GCGGATCTCACAAGAA-1,4050,2186,0.19753086419753088,7,2,Ductal basal
22217,21M_R1,21M,GCGTGCAAGAGAGTTT-1,7653,3152,0.03920031360250882,29,7,Differentiating meibocyte
22223,21M_R1,21M,GCGTGCATCACGGTCG-1,8121,3630,0.12313754463735993,12,5,Ductal basal
22225,21M_R1,21M,GCGTGCATCTAAGGAA-1,3917,1944,0.07658922644881287,5,0,Ductal basal
22227,21M_R1,21M,GCGTTTCAGCACTTTG-1,3101,1887,0.16123831022250887,5,0,Ductal basal
22228,21M_R1,21M,GCGTTTCAGCTGCCAC-1,4149,2184,0.14461315979754158,23,1,Ductular
22231,21M_R1,21M,GCGTTTCCAACGGCCT-1,2361,1533,0.29648454044896233,22,7,Differentiating meibocyte
22232,21M_R1,21M,GCGTTTCCATGAAAGT-1,1503,1046,0.1330671989354624,23,1,Ductular
22245,21M_R1,21M,GCTCAAAAGTCACGCC-1,5995,2620,0.16680567139282734,12,5,Ductal basal
22247,21M_R1,21M,GCTCAAACACGACAGA-1,3641,2094,0.10985992859104642,5,0,Ductal basal
22255,21M_R1,21M,GCTGAATCAAGTCCCG-1,10390,3841,0.08662175168431184,7,2,Ductal basal
22257,21M_R1,21M,GCTGAATCACTCCTGT-1,8686,3197,0.023025558369790467,16,4,Orifice
22258,21M_R1,21M,GCTGAATCAGGGAGAG-1,3072,1742,0.4557291666666667,12,5,Ductal basal
22259,21M_R1,21M,GCTGAATGTACTGACT-1,2985,1736,0.1340033500837521,20,1,Ductular
22262,21M_R1,21M,GCTGAATGTTACGTAC-1,2931,1818,0.2047082906857728,9,3,Ductal suprabasal
22263,21M_R1,21M,GCTGAATGTTTCGTAG-1,8108,3345,0.061667488899852,7,2,Ductal basal
22264,21M_R1,21M,GCTGAATTCCACGTAA-1,2615,1596,0.19120458891013384,7,2,Ductal basal
22271,21M_R1,21M,GCTGCAGTCATCGACA-1,5692,2376,0.10541110330288123,16,4,Orifice
22275,21M_R1,21M,GCTGGGTAGCGGGTAT-1,3585,2104,0.22315202231520223,5,0,Ductal basal
22277,21M_R1,21M,GCTGGGTCACTCTGCT-1,6862,3018,0.11658408627222384,5,0,Ductal basal
22278,21M_R1,21M,GCTGGGTCAGCAGTAG-1,11874,4209,0.10948290382347986,25,9,Ductal basal
22281,21M_R1,21M,GCTGGGTGTGGTCTTA-1,13418,4130,0.044716053063049634,12,5,Ductal basal
22283,21M_R1,21M,GCTTCACCAAACTCGT-1,5696,2816,0.29845505617977525,12,5,Ductal basal
22289,21M_R1,21M,GCTTGGGCAAGTCCCG-1,4684,2331,1.0888129803586677,29,7,Differentiating meibocyte
22295,21M_R1,21M,GCTTGGGGTGGAAGTC-1,3100,1936,0.22580645161290325,5,0,Ductal basal
22297,21M_R1,21M,GCTTTCGAGATACGAT-1,2821,1690,0.28358738036157394,7,2,Ductal basal
22301,21M_R1,21M,GCTTTCGTCCGCAACG-1,4926,2437,0.06090133982947624,5,0,Ductal basal
22305,21M_R1,21M,GCTTTCGTCTAGTGTG-1,6663,2999,0.060033018159987996,12,5,Ductal basal
22309,21M_R1,21M,GGAACCCCAGATCCAT-1,2701,1569,0.40725657164013324,7,2,Ductal basal
22310,21M_R1,21M,GGAACCCCAGCAATTC-1,6338,2781,0.09466708740927737,23,1,Ductular
22315,21M_R1,21M,GGAACCCGTTAAAGTG-1,4763,2514,0.1259710266638673,7,2,Ductal basal
22318,21M_R1,21M,GGAAGTGCAACGTTAC-1,2507,1490,0.1994415636218588,12,5,Ductal basal
22325,21M_R1,21M,GGAAGTGGTGGGACAT-1,8019,3695,0.04988153136301285,5,0,Ductal basal
22326,21M_R1,21M,GGAAGTGGTGGGTCAA-1,3394,2105,0.20624631703005303,5,0,Ductal basal
22329,21M_R1,21M,GGAAGTGTCACGGACC-1,3301,1718,0.09088155104513784,12,5,Ductal basal
22331,21M_R1,21M,GGAATCTAGCGCCTAC-1,10349,3902,0.07730215479756498,16,4,Orifice
22333,21M_R1,21M,GGAATCTCACAGAAGC-1,3493,1876,0.08588605782994561,16,4,Orifice
22335,21M_R1,21M,GGAATCTGTGCGTCGT-1,3972,2203,0.1510574018126888,20,1,Ductular
22340,21M_R1,21M,GGAATGGAGTTCTCTT-1,3555,2136,0.16877637130801687,5,0,Ductal basal
22342,21M_R1,21M,GGAATGGCACTATCCC-1,2712,1689,0.14749262536873156,10,0,Ductal basal
22345,21M_R1,21M,GGAATGGGTTCCTTGC-1,2972,1565,0.1009421265141319,7,2,Ductal basal
22347,21M_R1,21M,GGAATGGGTTTCTATC-1,2011,1249,0.29835902536051717,16,4,Orifice
22349,21M_R1,21M,GGACGTCAGAAGCCAC-1,5015,2670,0.1794616151545364,22,8,Acinar basal
22356,21M_R1,21M,GGACGTCGTGAAGCGT-1,1287,1012,0.2331002331002331,7,0,Ductal basal
22357,21M_R1,21M,GGACGTCTCGTCCATC-1,3958,2066,0.07579585649317837,7,2,Ductal basal
22359,21M_R1,21M,GGAGAACCAAATCAAG-1,3661,2207,0.8740781207320404,22,8,Acinar basal
22363,21M_R1,21M,GGAGAACGTCGATTAC-1,4521,2450,0.11059500110595002,5,0,Ductal basal
22366,21M_R1,21M,GGAGAACTCTCATGCC-1,3729,2232,0.7240547063555913,22,8,Acinar basal
22373,21M_R1,21M,GGAGATGCATTCCTCG-1,1953,1180,0.30721966205837176,12,5,Ductal basal
22376,21M_R1,21M,GGAGATGTCACCGGTG-1,8363,3699,0.0956594523496353,9,1,Ductular
22383,21M_R1,21M,GGAGCAAAGCTTGTGT-1,4318,2263,0.06947660954145438,5,0,Ductal basal
22390,21M_R1,21M,GGAGGATAGACGCATG-1,7370,3209,0.12211668928086838,5,0,Ductal basal
22392,21M_R1,21M,GGAGGATAGGTAAAGG-1,5732,2910,0.17445917655268667,16,4,Orifice
22393,21M_R1,21M,GGAGGATCAACTCGTA-1,5390,2513,0.05565862708719852,12,5,Ductal basal
22394,21M_R1,21M,GGAGGATCAGAACCGA-1,4260,2268,0.09389671361502347,23,1,Ductular
22396,21M_R1,21M,GGAGGATGTCAATCTG-1,3940,2193,0.3299492385786802,9,1,Ductular
22398,21M_R1,21M,GGAGGATGTCTTGAGT-1,8010,3885,0.012484394506866416,25,9,Ductal basal
22399,21M_R1,21M,GGAGGATGTGTGAATA-1,3992,2274,0.1002004008016032,9,4,Orifice
22401,21M_R1,21M,GGAGGATTCGCCTAGG-1,4162,1936,0.16818837097549255,7,2,Ductal basal
22406,21M_R1,21M,GGAGGTACAGGTCAAG-1,4265,2223,0.07033997655334115,12,5,Ductal basal
22408,21M_R1,21M,GGAGGTAGTTACGGAG-1,5406,2650,0.0924898261191269,24,3,Ductal suprabasal
22411,21M_R1,21M,GGATCTAGTACGGATG-1,2873,1585,0.4524886877828055,23,3,Ductal suprabasal
22412,21M_R1,21M,GGATCTATCCCTCTCC-1,1181,757,0.3386960203217612,23,3,Ductal suprabasal
22414,21M_R1,21M,GGATCTATCTAGACCA-1,3462,1920,0.11554015020219525,7,2,Ductal basal
22415,21M_R1,21M,GGATCTATCTCTATAC-1,2967,1685,0.16852039096730706,9,1,Ductular
22417,21M_R1,21M,GGATGTTGTATACCTG-1,1441,1016,0.8327550312283136,22,8,Acinar basal
22421,21M_R1,21M,GGATGTTTCACGACTA-1,3111,1808,0.19286403085824494,9,1,Ductular
22422,21M_R1,21M,GGATGTTTCCTGTACC-1,6563,2896,0.1066585403016913,5,0,Ductal basal
22425,21M_R1,21M,GGCACGTCAAGACGAC-1,7527,3184,0.4517071874584828,12,5,Ductal basal
22426,21M_R1,21M,GGCACGTCACCTCGTT-1,4050,2234,0.2222222222222222,5,0,Ductal basal
22429,21M_R1,21M,GGCACGTTCCCACAGG-1,11761,3915,0.06802142674942607,16,4,Orifice
22439,21M_R1,21M,GGCAGTCGTTTCCCAC-1,6421,3191,0.14016508332035507,22,8,Acinar basal
22441,21M_R1,21M,GGCAGTCTCCGTTTCG-1,4276,2353,0.16370439663236672,20,3,Ductal suprabasal
22442,21M_R1,21M,GGCAGTCTCTGTGCAA-1,10518,4142,0.09507510933637574,35,7,Differentiating meibocyte
22444,21M_R1,21M,GGCGTCAAGCTTGTTG-1,3443,2001,0.17426662794074935,16,4,Orifice
22445,21M_R1,21M,GGCGTCACACCACTGG-1,5683,2646,0.01759633996128805,24,1,Ductular
22450,21M_R1,21M,GGCTGTGAGTATGGAT-1,4803,2462,0.12492192379762648,5,0,Ductal basal
22456,21M_R1,21M,GGCTTGGAGGCGTTAG-1,8864,3804,0.033844765342960284,5,0,Ductal basal
22461,21M_R1,21M,GGCTTGGCACCCGTAG-1,3325,1819,0.06015037593984962,16,4,Orifice
22467,21M_R1,21M,GGCTTTCCATTATGCG-1,1521,1074,0.19723865877712032,9,1,Ductular
22468,21M_R1,21M,GGCTTTCGTCCACGCA-1,3457,1937,0.17356089094590688,7,2,Ductal basal
22470,21M_R1,21M,GGCTTTCGTTCCACGG-1,3975,2246,0.10062893081761005,24,3,Ductal suprabasal
22473,21M_R1,21M,GGGAAGTCATAGGAGC-1,3078,1742,0.2599090318388564,24,1,Ductular
22478,21M_R1,21M,GGGAAGTTCCCTCTAG-1,3647,2069,0.19193857965451055,10,2,Ductal basal
22481,21M_R1,21M,GGGACAAAGTATGTAG-1,3760,2259,0.18617021276595747,5,0,Ductal basal
22483,21M_R1,21M,GGGACAACATAGATGA-1,3446,1775,0.05803830528148578,7,2,Ductal basal
22486,21M_R1,21M,GGGACCTAGCGGATCA-1,3566,1944,0.08412787436904094,5,2,Ductal basal
22489,21M_R1,21M,GGGACCTCATACATCG-1,8562,3441,0.1635131978509694,5,0,Ductal basal
22490,21M_R1,21M,GGGACCTCATAGGTTC-1,8072,3331,0.13627353815659068,5,0,Ductal basal
22491,21M_R1,21M,GGGACCTCATCCGAAT-1,4593,2192,0.45721750489875895,16,4,Orifice
22494,21M_R1,21M,GGGACCTTCTGAGGCC-1,4964,2447,1.0676873489121674,9,1,Ductular
22496,21M_R1,21M,GGGACTCAGAGACAAG-1,2801,1791,0.07140307033202428,12,5,Ductal basal
22499,21M_R1,21M,GGGACTCCAAGATCCT-1,3441,2134,0.14530659691950015,22,8,Acinar basal
22500,21M_R1,21M,GGGACTCCATGACAGG-1,2555,1614,0.03913894324853229,12,5,Ductal basal
22506,21M_R1,21M,GGGACTCTCCAACTAG-1,3878,2207,0.07735946364105209,23,1,Ductular
22519,21M_R1,21M,GGGAGTAGTGAATGTA-1,6139,2961,0.09773578758755497,5,0,Ductal basal
22520,21M_R1,21M,GGGAGTAGTTGGTACT-1,5261,2438,0.11404675917126021,35,10,Differentiated meibocyte
22521,21M_R1,21M,GGGAGTATCTGAGAGG-1,2786,1574,0.21536252692031585,7,2,Ductal basal
22522,21M_R1,21M,GGGATCCAGATGAAGG-1,5742,2882,0.20898641588296762,5,0,Ductal basal
22525,21M_R1,21M,GGGATCCCACGAGAAC-1,6761,3124,0.07395355716609969,12,4,Orifice
22530,21M_R1,21M,GGGATGAAGTGTAGTA-1,2417,1449,0.12412081092263137,23,1,Ductular
22532,21M_R1,21M,GGGATGACAACGGCTC-1,2576,1522,0.3105590062111801,7,2,Ductal basal
22533,21M_R1,21M,GGGATGATCTTCGACC-1,3954,2126,0.10116337885685382,5,0,Ductal basal
22540,21M_R1,21M,GGGCCATGTAACAAGT-1,7836,3519,0.11485451761102604,5,0,Ductal basal
22543,21M_R1,21M,GGGCGTTCAATGAGCG-1,7026,3177,0.07116424708226587,12,5,Ductal basal
22546,21M_R1,21M,GGGCGTTCATCCAATG-1,9043,3913,0.06634966272254782,5,0,Ductal basal
22550,21M_R1,21M,GGGCGTTTCCCTCTTT-1,6759,3373,0.4290575528924397,22,8,Acinar basal
22556,21M_R1,21M,GGGCTACGTAGGTCAG-1,2628,1582,0.1902587519025875,7,2,Ductal basal
22557,21M_R1,21M,GGGCTACTCATTGGTG-1,2331,1464,0.1287001287001287,7,2,Ductal basal
22561,21M_R1,21M,GGGCTCAAGTGTTGAA-1,2128,1316,0.3289473684210526,5,0,Ductal basal
22568,21M_R1,21M,GGGCTCATCTACGGTA-1,1550,1094,0.4516129032258065,9,1,Ductular
22569,21M_R1,21M,GGGTAGAAGACGACGT-1,2824,1727,0.10623229461756376,16,4,Orifice
22574,21M_R1,21M,GGGTAGAGTCACCCTT-1,7374,3184,0.06780580417683754,9,1,Ductular
22577,21M_R1,21M,GGGTAGATCTACACTT-1,3174,1820,0.28355387523629494,7,2,Ductal basal
22582,21M_R1,21M,GGGTATTTCAATGTCG-1,1490,1064,0.4026845637583893,22,8,Acinar basal
22584,21M_R1,21M,GGGTCACCAAATCGTC-1,4884,2239,0.10237510237510238,7,2,Ductal basal
22585,21M_R1,21M,GGGTCACGTCGTTGCG-1,6047,3024,0.0330742516950554,25,9,Ductal basal
22588,21M_R1,21M,GGGTCACTCGAATCCA-1,5284,2493,0.11355034065102196,23,1,Ductular
22589,21M_R1,21M,GGGTCACTCTACACAG-1,6347,2887,0.11028832519300456,5,0,Ductal basal
22597,21M_R1,21M,GGGTCTGCAACTTCTT-1,5355,2449,0.130718954248366,7,2,Ductal basal
22600,21M_R1,21M,GGGTCTGGTCGGCACT-1,2986,1754,0.10046885465505692,23,1,Ductular
22603,21M_R1,21M,GGGTGAAAGCATCCTA-1,3358,1935,0.2680166765932102,5,0,Ductal basal
22604,21M_R1,21M,GGGTGAACACAGACGA-1,8931,3493,0.11196954428395475,35,7,Differentiating meibocyte
22609,21M_R1,21M,GGGTGTCCACGTCGGT-1,4045,2116,0.07416563658838071,7,2,Ductal basal
22610,21M_R1,21M,GGGTGTCCAGCGCTTG-1,3694,2075,0.1353546291283162,5,0,Ductal basal
22611,21M_R1,21M,GGGTGTCGTAAGAACT-1,3940,2102,0.10152284263959391,5,0,Ductal basal
22613,21M_R1,21M,GGGTGTCGTTCCTAGA-1,3679,1992,0.2718129926610492,23,1,Ductular
22620,21M_R1,21M,GGGTTATCAAACAGGC-1,5069,2623,0.13809429867824027,5,0,Ductal basal
22621,21M_R1,21M,GGGTTATCACCTCGTT-1,4053,2458,0.17271157167530224,22,8,Acinar basal
22623,21M_R1,21M,GGGTTATGTTCTGACA-1,5125,2686,0.2926829268292683,22,8,Acinar basal
22634,21M_R1,21M,GGGTTTATCTCCTGCA-1,5425,2470,0.11059907834101382,7,2,Ductal basal
22637,21M_R1,21M,GGTAACTAGTTTCGAC-1,1560,1072,0.38461538461538464,9,1,Ductular
22639,21M_R1,21M,GGTAACTCAGGAATCG-1,10862,3843,0.07365126127784938,24,3,Ductal suprabasal
22642,21M_R1,21M,GGTAACTGTTTCAGAC-1,4982,2716,0.1405058209554396,9,1,Ductular
22653,21M_R1,21M,GGTAATCTCGGCATCG-1,4040,2123,0.17326732673267328,5,0,Ductal basal
22655,21M_R1,21M,GGTAGAGAGATTTGCC-1,6028,2791,0.1161247511612475,5,0,Ductal basal
22659,21M_R1,21M,GGTAGAGCAGCTCGGT-1,1492,1038,0.7372654155495978,12,5,Ductal basal
22661,21M_R1,21M,GGTAGAGTCACTGCTC-1,1338,859,0.29895366218236175,23,1,Ductular
22664,21M_R1,21M,GGTAGAGTCTAAACGC-1,1263,915,1.4251781472684086,35,10,Differentiated meibocyte
22666,21M_R1,21M,GGTCACGCACAACGAG-1,4248,2353,0.3531073446327684,9,1,Ductular
22667,21M_R1,21M,GGTCACGCACGCTTAA-1,7881,3130,0.05075498033244512,35,7,Differentiating meibocyte
22668,21M_R1,21M,GGTCACGCAGCGTTTA-1,2578,1583,0.3103180760279286,12,4,Orifice
22669,21M_R1,21M,GGTCACGCAGCTGTAT-1,9229,3923,0.08668328096218442,5,0,Ductal basal
22674,21M_R1,21M,GGTCACGGTACGTGAG-1,2310,1469,0.17316017316017315,5,0,Ductal basal
22678,21M_R1,21M,GGTCTGGAGTCGAATA-1,2145,1382,0.13986013986013987,7,2,Ductal basal
22689,21M_R1,21M,GGTGAAGGTCCACGCA-1,8559,3212,0.09346886318495151,7,2,Ductal basal
22692,21M_R1,21M,GGTGAAGGTGTGATGG-1,7532,3554,0.10621348911311736,9,2,Ductal basal
22693,21M_R1,21M,GGTGAAGTCCCATACC-1,4205,2242,0.23781212841854932,7,2,Ductal basal
22698,21M_R1,21M,GGTGATTCATCATTGG-1,3937,2069,0.10160020320040639,9,1,Ductular
22702,21M_R1,21M,GGTGATTGTTCAAACC-1,6862,2763,0.04371903235208394,29,7,Differentiating meibocyte
22703,21M_R1,21M,GGTGGCTAGACTTCAC-1,1270,847,0.39370078740157477,35,7,Differentiating meibocyte
22707,21M_R1,21M,GGTGGCTAGTAATCCC-1,3480,2026,0.08620689655172414,16,4,Orifice
22713,21M_R1,21M,GGTGGCTTCGCATAGT-1,3453,1952,0.1737619461337967,22,1,Ductular
22714,21M_R1,21M,GGTGTCGAGGTTATAG-1,3879,1990,0.15467904098994587,16,4,Orifice
22727,21M_R1,21M,GGTTAACCAAGATGGC-1,11331,4465,0.12355484952784397,10,2,Ductal basal
22732,21M_R1,21M,GGTTAACCATCTGTTT-1,4245,2259,0.023557126030624265,5,0,Ductal basal
22733,21M_R1,21M,GGTTAACCATGGCGCT-1,10877,4330,0.04596855750666544,12,0,Ductal basal
22734,21M_R1,21M,GGTTAACGTACGGATG-1,10449,4397,0.057421762848119444,5,0,Ductal basal
22735,21M_R1,21M,GGTTAACGTCGACGCT-1,4377,2355,0.06854009595613435,23,1,Ductular
22737,21M_R1,21M,GGTTAACTCGCAGTGC-1,10080,3977,0.16865079365079366,5,0,Ductal basal
22739,21M_R1,21M,GGTTCTCCACCTGATA-1,8281,3778,0.16906170752324598,25,9,Ductal basal
22741,21M_R1,21M,GGTTCTCCAGAGGCTA-1,4498,2368,0.22232103156958646,10,0,Ductal basal
22743,21M_R1,21M,GGTTCTCGTACCACGC-1,5809,2730,0.06885866758478223,23,1,Ductular
22744,21M_R1,21M,GGTTGTAAGAGTTCGG-1,4545,2404,0.11001100110011,16,4,Orifice
22748,21M_R1,21M,GGTTGTACATATGCGT-1,4224,2119,0.07102272727272728,12,5,Ductal basal
22752,21M_R1,21M,GTAACACCAAGTGGTG-1,1209,881,0.1654259718775848,22,8,Acinar basal
22757,21M_R1,21M,GTAACACGTGACCTGC-1,7060,3337,0.22662889518413595,12,1,Ductular
22758,21M_R1,21M,GTAACACTCGATTTCT-1,4585,2408,0.10905125408942204,20,3,Ductal suprabasal
22761,21M_R1,21M,GTAACACTCTTCCTAA-1,4864,2255,0.041118421052631575,22,8,Acinar basal
22763,21M_R1,21M,GTAACCAGTGCACAAG-1,8036,3677,0.049776007964161276,5,0,Ductal basal
22765,21M_R1,21M,GTAAGTCAGGAACGCT-1,6194,2989,0.08072328059412334,5,0,Ductal basal
22766,21M_R1,21M,GTAAGTCCACAGAAGC-1,2498,1634,0.16012810248198558,23,1,Ductular
22780,21M_R1,21M,GTAATCGCAGTCCGTG-1,1729,1082,0.6940427993059572,5,0,Ductal basal
22788,21M_R1,21M,GTAATGCCACTTCAAG-1,4583,2357,0.17455814968361336,10,0,Ductal basal
22790,21M_R1,21M,GTAATGCGTACACGCC-1,10063,4021,0.04968697207592169,25,9,Ductal basal
22792,21M_R1,21M,GTAATGCGTCTACTGA-1,3774,2157,0.1589825119236884,24,3,Ductal suprabasal
22796,21M_R1,21M,GTAATGCTCGATTGAC-1,4428,2425,0.06775067750677506,23,1,Ductular
22799,21M_R1,21M,GTACAACCATGAATAG-1,6245,2793,0.11208967173738991,7,2,Ductal basal
22802,21M_R1,21M,GTACAACTCGTTCATT-1,6133,2772,0.03261046796021523,5,0,Ductal basal
22805,21M_R1,21M,GTACAGTAGAAGGCTC-1,3089,1927,0.03237293622531564,5,0,Ductal basal
22806,21M_R1,21M,GTACAGTAGGGTTAGC-1,8281,3333,0.048303345006641706,12,5,Ductal basal
22809,21M_R1,21M,GTACAGTGTAACATAG-1,5572,2806,0.1974156496769562,7,2,Ductal basal
22816,21M_R1,21M,GTAGAAAGTTCTCCTG-1,5409,2696,0.14790164540580514,12,5,Ductal basal
22817,21M_R1,21M,GTAGAAATCCAGGACC-1,8288,3201,0.12065637065637065,12,5,Ductal basal
22822,21M_R1,21M,GTAGAGGCAGGCTCTG-1,2664,1603,0.2627627627627628,16,4,Orifice
22823,21M_R1,21M,GTAGAGGGTCGCGTTG-1,2429,1573,0.08233841086867023,5,0,Ductal basal
22826,21M_R1,21M,GTAGAGGTCCAGCAAT-1,2374,1371,0.6739679865206403,7,2,Ductal basal
22830,21M_R1,21M,GTAGATCCATGGACAG-1,4716,2575,0.19083969465648853,12,5,Ductal basal
22842,21M_R1,21M,GTAGGAGCAAGACCTT-1,3135,1808,0.09569377990430622,12,4,Orifice
22843,21M_R1,21M,GTAGGAGCACCCTAAA-1,4212,2369,0.023741690408357077,5,0,Ductal basal
22849,21M_R1,21M,GTAGGTTAGTAAACAC-1,4514,2472,0.11076650420912715,20,3,Ductal suprabasal
22851,21M_R1,21M,GTAGGTTGTGCTCGTG-1,4343,2305,0.0690766751093714,5,0,Ductal basal
22856,21M_R1,21M,GTAGGTTTCTGTCGTC-1,2851,1791,0.2455278849526482,5,0,Ductal basal
22858,21M_R1,21M,GTAGTACCAAAGCACG-1,1843,1099,0.5968529571351058,16,4,Orifice
22860,21M_R1,21M,GTAGTACCAGCAGTTT-1,5296,2544,0.11329305135951663,12,5,Ductal basal
22861,21M_R1,21M,GTAGTACGTCCACACG-1,3676,2032,0.0544069640914037,5,0,Ductal basal
22872,21M_R1,21M,GTATTGGAGGCTCCCA-1,2145,1409,0.1864801864801865,5,0,Ductal basal
22875,21M_R1,21M,GTATTGGTCAACGCTA-1,6900,3170,0.07246376811594203,9,1,Ductular
22876,21M_R1,21M,GTATTGGTCTGGAAGG-1,5685,2923,0.10554089709762532,25,9,Ductal basal
22877,21M_R1,21M,GTATTTCAGAACAAGG-1,6166,2918,0.09730781706130393,29,7,Differentiating meibocyte
22878,21M_R1,21M,GTATTTCCATGAAGCG-1,2444,1577,0.12274959083469722,24,1,Ductular
22881,21M_R1,21M,GTATTTCTCATCGACA-1,6135,2481,1.1083944580277099,5,0,Ductal basal
22883,21M_R1,21M,GTCAAACAGCAGATAT-1,4985,2492,0.14042126379137412,7,2,Ductal basal
22884,21M_R1,21M,GTCAAACAGCCGAATG-1,3578,2154,0.08384572386808273,9,3,Ductal suprabasal
22885,21M_R1,21M,GTCAAACAGGGATCAC-1,7778,3315,0.11571097968629468,5,0,Ductal basal
22887,21M_R1,21M,GTCAAACAGGTAATCA-1,5301,2814,0.11318619128466327,5,0,Ductal basal
22893,21M_R1,21M,GTCAAGTAGAATTCAG-1,1173,810,2.2165387894288147,35,10,Differentiated meibocyte
22896,21M_R1,21M,GTCAAGTGTCTTACAG-1,4782,2256,0.10455876202425764,23,1,Ductular
22903,21M_R1,21M,GTCACGGGTCCGGTCA-1,3460,1967,2.8901734104046244,29,7,Differentiating meibocyte
22904,21M_R1,21M,GTCACGGTCCAATGCA-1,5442,2523,0.09187798603454612,12,5,Ductal basal
22905,21M_R1,21M,GTCACGGTCGTCCTCA-1,8344,3352,0.047938638542665384,29,7,Differentiating meibocyte
22907,21M_R1,21M,GTCACTCAGCCAGAGT-1,4201,2166,0.07141156867412521,12,5,Ductal basal
22908,21M_R1,21M,GTCACTCAGGCCTTGC-1,7560,3126,0.10582010582010583,12,5,Ductal basal
22912,21M_R1,21M,GTCACTCGTCATCAGT-1,7272,3278,0.055005500550055,16,4,Orifice
22913,21M_R1,21M,GTCACTCGTTGAGTCT-1,7610,3393,0.38107752956636004,5,0,Ductal basal
22914,21M_R1,21M,GTCAGCGAGTTTCAGC-1,10734,4373,0.1397428731134712,5,0,Ductal basal
22916,21M_R1,21M,GTCAGCGCAATCTAGC-1,9533,3758,0.05244938634217979,5,0,Ductal basal
22917,21M_R1,21M,GTCAGCGCACAAAGCG-1,3900,2320,0.07692307692307693,5,0,Ductal basal
22921,21M_R1,21M,GTCATCCAGCACTAGG-1,6119,2647,0.06537015852263442,7,2,Ductal basal
22926,21M_R1,21M,GTCATCCCACAAGGTG-1,3101,1781,0.16123831022250887,16,4,Orifice
22927,21M_R1,21M,GTCATCCCACCCTAGG-1,2568,1604,0.5841121495327103,35,10,Differentiated meibocyte
22928,21M_R1,21M,GTCATCCCATGACTTG-1,3793,1922,0.2636435539151068,16,4,Orifice
22929,21M_R1,21M,GTCATCCGTGACAGGT-1,6693,3115,0.08964589870013448,5,0,Ductal basal
22933,21M_R1,21M,GTCATGAAGACGTCGA-1,2303,1367,0.0,12,5,Ductal basal
22937,21M_R1,21M,GTCATGACAAGATCCT-1,6318,2823,0.14245014245014245,7,5,Ductal basal
22938,21M_R1,21M,GTCATGACACGCAAAG-1,7985,3666,0.2629931120851597,10,5,Ductal basal
22941,21M_R1,21M,GTCATGAGTGTTTCTT-1,7896,3454,0.11398176291793312,7,2,Ductal basal
22943,21M_R1,21M,GTCATTTAGAACGCGT-1,4151,2347,0.12045290291496025,20,3,Ductal suprabasal
22947,21M_R1,21M,GTCATTTCATAACCCA-1,7436,3096,0.09413663259817107,12,5,Ductal basal
22948,21M_R1,21M,GTCATTTGTGTCCCTT-1,3569,2158,0.2521714766040908,24,1,Ductular
22949,21M_R1,21M,GTCCACTAGTAATTGG-1,6535,3211,0.0306044376434583,24,3,Ductal suprabasal
22951,21M_R1,21M,GTCCACTGTTATGGTC-1,4065,2133,0.09840098400984008,5,2,Ductal basal
22953,21M_R1,21M,GTCCACTTCGAGCCAC-1,3770,2061,0.10610079575596816,5,2,Ductal basal
22954,21M_R1,21M,GTCCACTTCTAGTCAG-1,4014,2098,0.04982561036372695,24,3,Ductal suprabasal
22957,21M_R1,21M,GTCCCATAGATGTTCC-1,4246,2399,0.3768252472915685,20,1,Ductular
22959,21M_R1,21M,GTCCCATAGGTAAACT-1,7613,3477,0.05254170497832654,5,0,Ductal basal
22960,21M_R1,21M,GTCCCATAGGTATTGA-1,4379,2332,0.022836263987211693,25,3,Ductal suprabasal
22964,21M_R1,21M,GTCCCATGTCGTATGT-1,1866,1274,0.10718113612004287,9,1,Ductular
22977,21M_R1,21M,GTCCTCACAATAGTGA-1,7093,3328,0.07049203440011279,9,1,Ductular
22983,21M_R1,21M,GTCGAATAGTCCTGTA-1,2435,1446,0.2874743326488706,7,2,Ductal basal
22987,21M_R1,21M,GTCGAATGTCGCAACC-1,3512,1876,0.7118451025056948,9,1,Ductular
22988,21M_R1,21M,GTCGAATTCATTACCT-1,1672,1012,0.0,23,1,Ductular
22994,21M_R1,21M,GTCGCGACACCTCTAC-1,5756,2673,0.08686587908269632,16,4,Orifice
22998,21M_R1,21M,GTCGCGAGTGCATGTT-1,9571,3998,0.10448229025180232,5,0,Ductal basal
22999,21M_R1,21M,GTCGCGATCAGTCATG-1,5341,2551,0.46807713911252574,16,4,Orifice
23004,21M_R1,21M,GTCGTAAAGCTAAATG-1,7161,3554,0.09775171065493646,25,9,Ductal basal
23005,21M_R1,21M,GTCGTAACAGAGGCTA-1,2804,1646,0.10699001426533523,7,2,Ductal basal
23008,21M_R1,21M,GTCGTAAGTGTCATTG-1,3915,2335,0.10217113665389528,9,1,Ductular
23009,21M_R1,21M,GTCGTAATCGAGTGGA-1,3743,2071,0.21373230029388193,5,0,Ductal basal
23017,21M_R1,21M,GTCGTTCTCTTACGGA-1,4401,2625,0.22722108611679162,25,9,Ductal basal
23018,21M_R1,21M,GTCTACCAGGATGCGT-1,3962,2109,0.10095911155981827,5,5,Ductal basal
23021,21M_R1,21M,GTCTACCCAGTCAACT-1,7259,2983,0.16531202644992424,7,2,Ductal basal
23023,21M_R1,21M,GTCTAGAAGAGTCGAC-1,10620,4281,0.17890772128060262,7,0,Ductal basal
23024,21M_R1,21M,GTCTAGAAGGAGGCAG-1,2782,1525,0.14378145219266716,7,2,Ductal basal
23026,21M_R1,21M,GTCTAGACAATGACCT-1,2446,1350,0.44971381847914965,23,1,Ductular
23027,21M_R1,21M,GTCTAGAGTGGAACAC-1,3814,2199,0.36706869428421607,5,0,Ductal basal
23028,21M_R1,21M,GTCTAGATCATTTGTC-1,5939,2867,0.2188920693719481,5,0,Ductal basal
23029,21M_R1,21M,GTCTAGATCCTGTACC-1,6172,3012,0.21062864549578741,5,0,Ductal basal
23031,21M_R1,21M,GTCTCACAGAGAATCT-1,2618,1499,0.1145912910618793,7,2,Ductal basal
23033,21M_R1,21M,GTCTCACAGTGATAGT-1,8749,3975,0.06857926620185163,25,9,Ductal basal
23034,21M_R1,21M,GTCTCACAGTTGTCGT-1,4630,2320,0.08639308855291576,7,2,Ductal basal
23035,21M_R1,21M,GTCTCACCACAGAGCA-1,4654,2228,0.15040825096691018,16,4,Orifice
23037,21M_R1,21M,GTCTCACTCGATTTCT-1,2695,1672,0.03710575139146568,22,8,Acinar basal
23038,21M_R1,21M,GTCTGTCAGATTAGTG-1,6310,3063,0.14263074484944532,5,0,Ductal basal
23039,21M_R1,21M,GTCTGTCAGGTGAGAA-1,5244,2773,0.13348588863463007,12,5,Ductal basal
23041,21M_R1,21M,GTCTGTCCAAGAAACT-1,4528,2156,0.15459363957597172,29,7,Differentiating meibocyte
23043,21M_R1,21M,GTCTGTCCATGGAGAC-1,3518,2110,0.17055144968732233,24,3,Ductal suprabasal
23045,21M_R1,21M,GTCTGTCTCCATAGAC-1,7710,2966,0.06485084306095978,12,5,Ductal basal
23046,21M_R1,21M,GTCTGTCTCCTTTAGT-1,6709,3075,0.044716053063049634,16,4,Orifice
23051,21M_R1,21M,GTCTTTACAGCTGAGA-1,2698,1606,0.1111934766493699,5,0,Ductal basal
23053,21M_R1,21M,GTGACGCAGCACAAAT-1,4066,2238,0.49188391539596654,5,0,Ductal basal
23055,21M_R1,21M,GTGACGCAGGCATTTC-1,1470,952,1.0204081632653061,35,10,Differentiated meibocyte
23056,21M_R1,21M,GTGACGCAGGCCTGCT-1,3753,2034,0.7727151612043699,29,7,Differentiating meibocyte
23058,21M_R1,21M,GTGACGCGTAAGCAAT-1,2230,1414,0.5381165919282511,9,1,Ductular
23059,21M_R1,21M,GTGACGCGTTGAGAGC-1,3900,2267,0.07692307692307693,5,0,Ductal basal
23061,21M_R1,21M,GTGAGCCAGACGGTCA-1,8013,2905,0.7487832272557094,24,3,Ductal suprabasal
23067,21M_R1,21M,GTGAGCCGTAGTTCCA-1,2267,1439,0.2646669607410675,7,2,Ductal basal
23073,21M_R1,21M,GTGAGCCTCTGTTCAT-1,3129,1631,0.03195909236177692,9,1,Ductular
23078,21M_R1,21M,GTGAGGAGTCCGATCG-1,3886,2083,0.6176016469377252,20,3,Ductal suprabasal
23080,21M_R1,21M,GTGAGGAGTTCTCAGA-1,3758,2123,0.13304949441192124,29,7,Differentiating meibocyte
23081,21M_R1,21M,GTGAGGATCAGTCATG-1,4934,2546,0.12160518848804217,5,0,Ductal basal
23089,21M_R1,21M,GTGAGTTTCAAACGAA-1,2595,1701,0.11560693641618498,22,3,Ductal suprabasal
23090,21M_R1,21M,GTGAGTTTCCACAAGT-1,7323,3305,0.06827802813054759,5,0,Ductal basal
23092,21M_R1,21M,GTGATGTAGAGTATAC-1,3449,1886,0.11597564511452595,5,0,Ductal basal
23093,21M_R1,21M,GTGATGTAGGTAAGAG-1,1968,1214,0.35569105691056907,9,1,Ductular
23094,21M_R1,21M,GTGATGTAGTTCCTGA-1,4147,2205,0.14468290330359296,7,2,Ductal basal
23108,21M_R1,21M,GTGCAGCCAGTCCCGA-1,8695,3750,0.23001725129384704,20,3,Ductal suprabasal
23116,21M_R1,21M,GTGCTGGAGACGATAT-1,3208,1853,0.12468827930174563,9,1,Ductular
23117,21M_R1,21M,GTGCTGGAGGGCAACT-1,3995,2182,0.10012515644555695,9,1,Ductular
23119,21M_R1,21M,GTGCTGGCAGGATCTT-1,3615,1997,0.05532503457814661,25,9,Ductal basal
23123,21M_R1,21M,GTGCTGGTCTCATTAC-1,4291,2468,0.186436728035423,25,9,Ductal basal
23125,21M_R1,21M,GTGCTTCAGAGCAACC-1,1946,1292,0.7194244604316548,29,7,Differentiating meibocyte
23127,21M_R1,21M,GTGGAAGCACCAATTG-1,7395,3448,0.09465855307640297,5,0,Ductal basal
23137,21M_R1,21M,GTGGAGACACTCCGGA-1,6711,3400,0.10430636268812397,5,0,Ductal basal
23138,21M_R1,21M,GTGGAGATCAGCATTG-1,5499,2829,0.12729587197672304,5,0,Ductal basal
23139,21M_R1,21M,GTGGAGATCATGGAGG-1,9485,4092,0.04217185028993147,5,0,Ductal basal
23140,21M_R1,21M,GTGGAGATCCCAAGTA-1,6116,2705,0.3106605624591236,20,8,Acinar basal
23141,21M_R1,21M,GTGGCGTAGGCTTAAA-1,2548,1533,0.47095761381475665,9,1,Ductular
23142,21M_R1,21M,GTGGCGTCAATCGTCA-1,2073,1323,0.0964785335262904,35,7,Differentiating meibocyte
23145,21M_R1,21M,GTGGCGTGTACAACGG-1,4495,2081,0.20022246941045607,7,2,Ductal basal
23146,21M_R1,21M,GTGGCGTGTAGTGATA-1,1925,1355,0.1038961038961039,22,8,Acinar basal
23148,21M_R1,21M,GTGGCGTGTGCATTTG-1,4269,2260,0.07027406886858749,5,0,Ductal basal
23166,21M_R1,21M,GTGGTTACAATCGCGC-1,2317,1600,0.3021148036253776,9,1,Ductular
23169,21M_R1,21M,GTGGTTACATCTTCGC-1,4297,2082,0.09308820107051431,12,5,Ductal basal
23170,21M_R1,21M,GTGGTTAGTATCGTGT-1,4497,2415,0.155659328441183,9,1,Ductular
23172,21M_R1,21M,GTGGTTATCCTAACAG-1,7197,2968,0.08336807002917883,12,5,Ductal basal
23173,21M_R1,21M,GTGGTTATCGTCCTCA-1,7754,3338,0.10317255610007739,9,1,Ductular
23183,21M_R1,21M,GTGTAACGTTTGTTGG-1,3506,2035,0.11409013120365087,5,0,Ductal basal
23184,21M_R1,21M,GTGTAACTCCAATCTT-1,5964,2884,0.0335345405767941,5,0,Ductal basal
23185,21M_R1,21M,GTGTAACTCCACACAA-1,2268,1523,0.1763668430335097,12,5,Ductal basal
23197,21M_R1,21M,GTGTGATCAAGCTGCC-1,6313,2804,0.06336131791541265,5,0,Ductal basal
23198,21M_R1,21M,GTGTGATGTAGGACCA-1,6305,2955,0.2061855670103093,5,0,Ductal basal
23199,21M_R1,21M,GTGTGATGTATTCTCT-1,2606,1530,0.2686108979278588,23,1,Ductular
23201,21M_R1,21M,GTGTGATGTGTCTAAC-1,4020,2196,0.04975124378109452,7,2,Ductal basal
23204,21M_R1,21M,GTGTGGCCAAGACGAC-1,3000,1588,0.16666666666666669,7,2,Ductal basal
23205,21M_R1,21M,GTGTGGCCAATAGTAG-1,10854,4099,0.04606596646397641,5,0,Ductal basal
23209,21M_R1,21M,GTGTGGCGTCCGGTGT-1,6281,2875,0.0318420633657061,12,1,Ductular
23210,21M_R1,21M,GTGTGGCGTTTGACAC-1,2549,1481,0.1961553550411926,9,1,Ductular
23216,21M_R1,21M,GTGTTAGAGTCAGCCC-1,9649,3921,0.290185511451964,29,7,Differentiating meibocyte
23219,21M_R1,21M,GTGTTAGGTCTCACGG-1,8547,3455,0.046800046800046805,12,5,Ductal basal
23223,21M_R1,21M,GTGTTAGTCGGTAACT-1,9329,3857,0.08575410011791189,12,5,Ductal basal
23226,21M_R1,21M,GTGTTCCAGGGTTAGC-1,7839,3614,0.17859420844495472,25,9,Ductal basal
23230,21M_R1,21M,GTGTTCCCATAGAGGC-1,4639,2393,0.08622547962923044,5,2,Ductal basal
23233,21M_R1,21M,GTGTTCCGTGCGTGCT-1,6947,2989,0.10076291924571758,24,3,Ductal suprabasal
23241,21M_R1,21M,GTTACCCAGGCATCGA-1,4536,2182,0.13227513227513227,5,0,Ductal basal
23245,21M_R1,21M,GTTACCCGTTTGATCG-1,5529,2572,0.05425935973955508,9,1,Ductular
23247,21M_R1,21M,GTTACCCTCGACACTA-1,7883,3489,0.13954078396549535,5,0,Ductal basal
23251,21M_R1,21M,GTTACGAAGCCTCTTC-1,10073,3980,0.12905787749429165,16,4,Orifice
23254,21M_R1,21M,GTTACGAGTCCAAATC-1,4265,2368,0.0,16,4,Orifice
23255,21M_R1,21M,GTTACGAGTGGTTTAC-1,10731,4060,0.10250675612710838,5,0,Ductal basal
23257,21M_R1,21M,GTTACGAGTTGCACGC-1,6584,3082,0.2278250303766707,22,8,Acinar basal
23261,21M_R1,21M,GTTAGACCATCGGAGA-1,4052,2229,0.14807502467917077,12,5,Ductal basal
23264,21M_R1,21M,GTTAGACTCTAGCCAA-1,2829,1784,0.14139271827500885,22,8,Acinar basal
23265,21M_R1,21M,GTTAGACTCTCGTCGT-1,2526,1653,0.1979414093428345,16,4,Orifice
23270,21M_R1,21M,GTTAGTGCAGGTATGG-1,5334,2830,0.03749531308586427,5,0,Ductal basal
23274,21M_R1,21M,GTTAGTGTCGGACTTA-1,1469,1005,0.4084411164057182,23,1,Ductular
23280,21M_R1,21M,GTTATGGCAGAGACTG-1,3039,1859,0.16452780519907864,24,1,Ductular
23282,21M_R1,21M,GTTATGGCATAGATCC-1,2443,1536,0.12279983626688497,5,2,Ductal basal
23288,21M_R1,21M,GTTCATTTCGCGTAGC-1,3856,1949,0.2593360995850622,7,2,Ductal basal
23297,21M_R1,21M,GTTCCGTGTGCGCTCA-1,6511,3021,0.12286899093841193,5,0,Ductal basal
23298,21M_R1,21M,GTTCCGTGTGGCTTAT-1,8020,3383,0.08728179551122195,5,0,Ductal basal
23299,21M_R1,21M,GTTCCGTGTTCTGAGT-1,5911,2635,0.15225850109964473,7,2,Ductal basal
23300,21M_R1,21M,GTTCCGTGTTGGTAGG-1,4048,2176,0.07411067193675888,5,0,Ductal basal
23301,21M_R1,21M,GTTCCGTTCACGAGGA-1,3245,1984,0.15408320493066258,5,2,Ductal basal
23303,21M_R1,21M,GTTCCGTTCCTGTACC-1,3617,1915,0.0552944429084877,12,5,Ductal basal
23311,21M_R1,21M,GTTCGCTTCCGATGTA-1,2627,1596,0.1903311762466692,5,2,Ductal basal
23313,21M_R1,21M,GTTCGCTTCTGAACGT-1,5963,2567,0.06708032869361061,9,4,Orifice
23325,21M_R1,21M,GTTCTATTCAGATGCT-1,3070,1890,0.19543973941368079,24,1,Ductular
23328,21M_R1,21M,GTTGAACAGGTAGATT-1,2966,1659,0.10114632501685772,7,2,Ductal basal
23329,21M_R1,21M,GTTGAACCATACAGAA-1,3326,1843,0.15033072760072158,7,2,Ductal basal
23334,21M_R1,21M,GTTGAACTCAGGAAAT-1,2565,1558,0.6237816764132553,7,0,Ductal basal
23336,21M_R1,21M,GTTGAACTCGGTAACT-1,4284,2270,0.11671335200746966,5,0,Ductal basal
23337,21M_R1,21M,GTTGAACTCTCACCCA-1,5466,2775,0.07317965605561653,5,0,Ductal basal
23341,21M_R1,21M,GTTGCGGGTAGCTTGT-1,4024,2251,0.0,5,0,Ductal basal
23342,21M_R1,21M,GTTGCGGGTATCACCA-1,3334,1905,0.32993401319736054,5,0,Ductal basal
23343,21M_R1,21M,GTTGCGGGTGCGCTCA-1,8301,3529,0.03614022406938923,25,9,Ductal basal
23347,21M_R1,21M,GTTGCTCAGAGCCGTA-1,4361,2306,0.09172208209126347,22,8,Acinar basal
23350,21M_R1,21M,GTTGCTCAGGATTTCC-1,5096,2609,0.15698587127158556,16,4,Orifice
23352,21M_R1,21M,GTTGCTCAGTTAACGA-1,862,625,0.580046403712297,35,10,Differentiated meibocyte
23362,21M_R1,21M,GTTGTAGGTCACTAGT-1,7112,3005,0.1265466816647919,5,0,Ductal basal
23363,21M_R1,21M,GTTGTAGGTCCACTCT-1,4608,2061,0.15190972222222224,16,4,Orifice
23365,21M_R1,21M,GTTGTAGGTCTGTGGC-1,8044,3556,0.06215813028344107,5,0,Ductal basal
23366,21M_R1,21M,GTTGTAGTCAGCTTCC-1,5078,2617,0.21662071681764475,5,0,Ductal basal
23367,21M_R1,21M,GTTGTAGTCCTGTTGC-1,2818,1573,0.10645848119233499,7,2,Ductal basal
23369,21M_R1,21M,GTTGTAGTCTCGTGGG-1,4250,2300,0.0,5,0,Ductal basal
23370,21M_R1,21M,GTTGTCCAGATTGGGC-1,4831,2428,0.10349824052991098,16,4,Orifice
23372,21M_R1,21M,GTTGTCCCAGACAATA-1,4371,2308,0.04575611988103409,16,4,Orifice
23377,21M_R1,21M,GTTGTGACATGAAAGT-1,3423,1786,0.1460706982179375,9,1,Ductular
23379,21M_R1,21M,GTTGTGAGTTGGTAGG-1,6138,3042,0.16291951775822744,16,4,Orifice
23380,21M_R1,21M,GTTGTGATCTTTGGAG-1,2417,1641,0.24824162184526274,25,9,Ductal basal
23385,21M_R1,21M,GTTTACTGTATTTCGG-1,3549,1836,0.39447731755424065,12,5,Ductal basal
23395,21M_R1,21M,TAACACGGTTCCGTTC-1,6697,3027,0.11945647304763327,12,5,Ductal basal
23396,21M_R1,21M,TAACACGTCCCATGGG-1,3194,1964,0.06261740763932373,22,8,Acinar basal
23397,21M_R1,21M,TAACACGTCGACCTAA-1,2860,1638,1.2937062937062938,7,2,Ductal basal
23399,21M_R1,21M,TAACCAGAGGGACAGG-1,7337,3126,0.0954068420335287,16,4,Orifice
23403,21M_R1,21M,TAACGACAGCATCCCG-1,10838,4415,0.08304115150396751,25,9,Ductal basal
23409,21M_R1,21M,TAACGACGTGATGTAA-1,4068,2229,0.3687315634218289,23,1,Ductular
23415,21M_R1,21M,TAAGCACCAACAGATA-1,2583,1599,0.07742934572202864,5,0,Ductal basal
23416,21M_R1,21M,TAAGCACCACTTGTCC-1,7854,3380,0.1145912910618793,24,3,Ductal suprabasal
23418,21M_R1,21M,TAAGCACTCAGGTGTT-1,4620,2297,0.06493506493506493,5,0,Ductal basal
23419,21M_R1,21M,TAAGCCAAGCGATTCT-1,3977,2011,0.15086748805632386,7,2,Ductal basal
23420,21M_R1,21M,TAAGCCAAGCTTGTGT-1,4771,2325,0.2515195975686439,12,5,Ductal basal
23423,21M_R1,21M,TAAGCCAGTCCTTTGC-1,3334,1927,0.08998200359928014,9,1,Ductular
23424,21M_R1,21M,TAAGCCAGTCGTGCCA-1,6089,3018,0.5419609131220233,29,7,Differentiating meibocyte
23427,21M_R1,21M,TAAGCGTAGCAGCGAT-1,3091,1805,0.16175994823681655,5,0,Ductal basal
23428,21M_R1,21M,TAAGCGTCAGGTGTGA-1,7494,3550,0.05337603416066186,16,4,Orifice
23436,21M_R1,21M,TAAGTCGTCACCCTCA-1,6353,3100,0.07870297497245396,5,0,Ductal basal
23438,21M_R1,21M,TAAGTCGTCTAGACAC-1,5674,3067,0.14099400775467041,16,4,Orifice
23441,21M_R1,21M,TAATCTCCATTCCTAT-1,6122,2907,0.09800718719372753,10,2,Ductal basal
23443,21M_R1,21M,TAATCTCTCTCGGTCT-1,7944,3160,3.688318227593152,20,3,Ductal suprabasal
23445,21M_R1,21M,TAATTCCAGCCATGCC-1,7471,2834,0.10708071208673536,12,4,Orifice
23446,21M_R1,21M,TAATTCCCAATAGTCC-1,1710,1222,0.5847953216374269,20,3,Ductal suprabasal
23447,21M_R1,21M,TAATTCCCAGAGAGGG-1,3380,1936,0.08875739644970414,5,0,Ductal basal
23450,21M_R1,21M,TAATTCCCATGCAGGA-1,3884,2105,0.12873326467559218,5,2,Ductal basal
23452,21M_R1,21M,TAATTCCGTGTGCTTA-1,4502,2251,0.0444247001332741,20,1,Ductular
23461,21M_R1,21M,TACAACGCAAATCCCA-1,6387,2835,0.12525442304681383,12,5,Ductal basal
23462,21M_R1,21M,TACAACGCAAGAAATC-1,6551,3367,0.10685391543275835,25,9,Ductal basal
23468,21M_R1,21M,TACACCCAGTGGAAAG-1,5012,2541,0.09976057462090981,12,5,Ductal basal
23472,21M_R1,21M,TACACCCGTATAGGGC-1,2884,1749,0.10402219140083217,5,2,Ductal basal
23479,21M_R1,21M,TACATTCAGCTGGCCT-1,5070,2352,0.03944773175542406,29,7,Differentiating meibocyte
23480,21M_R1,21M,TACATTCCAAATAAGC-1,3728,1833,0.2145922746781116,12,5,Ductal basal
23485,21M_R1,21M,TACATTCGTAGCACAG-1,4704,2155,1.594387755102041,24,3,Ductal suprabasal
23486,21M_R1,21M,TACATTCGTTGGAGGT-1,3632,2153,0.11013215859030838,20,3,Ductal suprabasal
23489,21M_R1,21M,TACATTCTCGATACGT-1,2801,1642,0.24991074616208497,10,2,Ductal basal
23498,21M_R1,21M,TACCCACTCGCGTCGA-1,4886,2612,0.12279983626688497,5,0,Ductal basal
23504,21M_R1,21M,TACCCGTGTACGAGTG-1,2244,1446,0.17825311942959002,9,4,Orifice
23507,21M_R1,21M,TACCCGTTCAGGAACG-1,5437,2701,0.09196247930844216,9,4,Orifice
23509,21M_R1,21M,TACCGAACAAGATCCT-1,4423,2280,0.09043635541487678,25,0,Ductal basal
23510,21M_R1,21M,TACCGAACAGACCATT-1,4891,2590,0.08178286648947046,5,0,Ductal basal
23511,21M_R1,21M,TACCGAACAGGTATGG-1,4117,2328,0.09715812484819043,9,1,Ductular
23513,21M_R1,21M,TACCGAAGTCCTGTTC-1,5604,2881,0.44610992148465384,5,0,Ductal basal
23515,21M_R1,21M,TACCGAATCAAGTCGT-1,4898,2468,0.04083299305839118,23,1,Ductular
23532,21M_R1,21M,TACCTCGAGGTCGTGA-1,2712,1630,0.18436578171091444,12,5,Ductal basal
23533,21M_R1,21M,TACCTCGGTGATGTAA-1,4458,2562,0.0,24,3,Ductal suprabasal
23534,21M_R1,21M,TACCTCGGTGTTGACT-1,2906,1567,0.1720578114246387,7,2,Ductal basal
23536,21M_R1,21M,TACCTGCAGAGCTGCA-1,4987,2381,0.16041708441949068,12,5,Ductal basal
23540,21M_R1,21M,TACCTGCTCCGTCAAA-1,3621,2034,0.16570008285004142,7,2,Ductal basal
23541,21M_R1,21M,TACCTGCTCTGAGTCA-1,2288,1363,0.30594405594405594,23,4,Orifice
23542,21M_R1,21M,TACGCTCCAGCTATTG-1,6621,3093,0.09062075215224287,16,4,Orifice
23545,21M_R1,21M,TACGCTCGTTGTTGCA-1,1949,1166,0.4104669061056952,16,4,Orifice
23547,21M_R1,21M,TACGCTCTCCGTGTAA-1,2337,1541,0.08557980316645272,24,1,Ductular
23549,21M_R1,21M,TACGGGCCAAACTGCT-1,3897,2081,0.25660764690787785,12,5,Ductal basal
23550,21M_R1,21M,TACGGGCCAATGTCTG-1,6180,2371,0.17799352750809064,7,2,Ductal basal
23552,21M_R1,21M,TACGGGCGTCTGCATA-1,5246,2571,0.15249714067861228,5,0,Ductal basal
23554,21M_R1,21M,TACGGGCTCGCTACAA-1,3934,2240,0.10167768174885612,5,0,Ductal basal
23558,21M_R1,21M,TACGGTACAAAGGTTA-1,1604,1028,0.3117206982543641,7,2,Ductal basal
23559,21M_R1,21M,TACGGTAGTAGCTTAC-1,1175,812,0.1702127659574468,35,10,Differentiated meibocyte
23562,21M_R1,21M,TACGGTAGTGATTAGA-1,2945,1814,0.06791171477079797,5,0,Ductal basal
23563,21M_R1,21M,TACGGTAGTGTTAGCT-1,9783,4023,0.06133088009812941,5,4,Orifice
23566,21M_R1,21M,TACGGTATCGATTGAC-1,6126,2884,0.1305909239307868,7,2,Ductal basal
23569,21M_R1,21M,TACGTCCAGCCATTGT-1,3715,2076,0.08075370121130553,9,2,Ductal basal
23570,21M_R1,21M,TACGTCCCAGTCAGCC-1,7253,2992,0.06893699158968702,5,2,Ductal basal
23572,21M_R1,21M,TACGTCCGTACCTAAC-1,2483,1546,0.5235602094240838,16,4,Orifice
23574,21M_R1,21M,TACGTCCTCAAACCCA-1,3624,1995,0.05518763796909492,23,1,Ductular
23575,21M_R1,21M,TACGTCCTCAAGTGGG-1,2232,1524,0.17921146953405018,7,1,Ductular
23576,21M_R1,21M,TACGTCCTCCGTCCTA-1,9949,3966,0.04020504573323952,12,5,Ductal basal
23579,21M_R1,21M,TACTGCCAGTAACCTC-1,3549,1845,0.14088475626937164,16,1,Ductular
23584,21M_R1,21M,TACTGCCTCAGGCGAA-1,4933,2270,0.10135819987837015,7,2,Ductal basal
23585,21M_R1,21M,TACTTACAGATGGTCG-1,2961,1753,0.5065856129685917,12,5,Ductal basal
23590,21M_R1,21M,TACTTACGTTGGTAGG-1,8076,3529,0.12382367508667656,22,8,Acinar basal
23592,21M_R1,21M,TACTTACTCCCGAAAT-1,4521,2493,0.15483300154833002,25,9,Ductal basal
23593,21M_R1,21M,TACTTACTCCTACGGG-1,4202,2391,0.09519276534983341,5,0,Ductal basal
23594,21M_R1,21M,TACTTACTCGCGGTAC-1,6105,2769,0.14742014742014742,24,1,Ductular
23596,21M_R1,21M,TACTTCAAGACATACA-1,4170,2089,0.1199040767386091,23,1,Ductular
23597,21M_R1,21M,TACTTCAAGACTGGGT-1,2481,1475,0.12091898428053204,7,2,Ductal basal
23598,21M_R1,21M,TACTTCAAGAGGCGGA-1,3458,2041,0.08675534991324466,5,2,Ductal basal
23599,21M_R1,21M,TACTTCAAGCCACCGT-1,3356,1923,0.23837902264600713,7,4,Orifice
23600,21M_R1,21M,TACTTCAAGCGCCTCA-1,4234,2235,0.0944733112895607,23,1,Ductular
23602,21M_R1,21M,TACTTCACACCGCTGA-1,3012,1763,0.2656042496679947,16,4,Orifice
23606,21M_R1,21M,TACTTCATCTTAGCTT-1,2432,1504,0.1644736842105263,5,2,Ductal basal
23608,21M_R1,21M,TACTTGTAGCCTCGTG-1,6117,2612,0.032695765898316166,24,3,Ductal suprabasal
23609,21M_R1,21M,TACTTGTGTCCAGCAC-1,2205,1344,0.18140589569160998,29,7,Differentiating meibocyte
23610,21M_R1,21M,TACTTGTGTTTAGACC-1,3263,1770,0.061293288384921846,12,5,Ductal basal
23612,21M_R1,21M,TACTTGTTCTACTGCC-1,7318,3298,0.09565455042361301,5,0,Ductal basal
23617,21M_R1,21M,TAGACCACAAAGCAAT-1,3917,2054,0.2297676793464386,16,4,Orifice
23620,21M_R1,21M,TAGACCACAAGTGGCA-1,7543,3443,0.13257324671881213,5,0,Ductal basal
23621,21M_R1,21M,TAGACCACACGCGCTA-1,5840,2984,0.03424657534246575,5,0,Ductal basal
23624,21M_R1,21M,TAGACCAGTTGACTAC-1,5899,2937,0.1525682319037125,16,4,Orifice
23625,21M_R1,21M,TAGACCATCCTAGCCT-1,6007,2839,0.083236224404861,5,0,Ductal basal
23627,21M_R1,21M,TAGACCATCTTAGCAG-1,4683,2351,0.08541533205210335,25,9,Ductal basal
23636,21M_R1,21M,TAGACTGGTTTACTTC-1,4035,2093,0.024783147459727387,9,1,Ductular
23640,21M_R1,21M,TAGAGTCGTGAGTGAC-1,3440,1986,0.1744186046511628,7,2,Ductal basal
23641,21M_R1,21M,TAGAGTCGTTAAGAAC-1,8638,2829,0.23153507756425099,29,7,Differentiating meibocyte
23642,21M_R1,21M,TAGAGTCGTTCTCACC-1,1962,1243,0.8154943934760449,20,1,Ductular
23644,21M_R1,21M,TAGAGTCTCACGGGAA-1,3331,2126,0.5403782647853498,22,8,Acinar basal
23651,21M_R1,21M,TAGATCGCAACCGGAA-1,2264,1411,0.044169611307420496,23,1,Ductular
23653,21M_R1,21M,TAGATCGGTGTGTTTG-1,5682,2900,0.17599436818021824,5,0,Ductal basal
23658,21M_R1,21M,TAGCACAAGGCGTCCT-1,8471,3738,0.40136937787746435,12,5,Ductal basal
23662,21M_R1,21M,TAGCACAGTGAGCGAT-1,6045,2983,0.0827129859387924,25,5,Ductal basal
23666,21M_R1,21M,TAGGAGGAGCTTAAGA-1,6571,3029,0.5782985846903059,25,5,Ductal basal
23668,21M_R1,21M,TAGGAGGCAATCGTCA-1,5015,2470,0.09970089730807577,16,1,Ductular
23672,21M_R1,21M,TAGGAGGGTTCAGGTT-1,4924,2694,0.10154346060113728,20,3,Ductal suprabasal
23676,21M_R1,21M,TAGGGTTAGATCCGAG-1,4069,2316,0.09830425165888423,5,0,Ductal basal
23677,21M_R1,21M,TAGGGTTAGCACCGAA-1,2381,1522,0.08399832003359933,9,1,Ductular
23678,21M_R1,21M,TAGGGTTAGTGGACTG-1,7796,3287,0.11544381734222679,25,9,Ductal basal
23680,21M_R1,21M,TAGGGTTCAAGGGTCA-1,4847,2691,1.2172477821332783,29,7,Differentiating meibocyte
23681,21M_R1,21M,TAGGGTTCACGGCTAC-1,1555,1090,0.2572347266881029,23,1,Ductular
23682,21M_R1,21M,TAGGGTTCAGCTGTAT-1,3124,1898,0.09603072983354673,22,8,Acinar basal
23685,21M_R1,21M,TAGGGTTTCCACTGAA-1,8484,3877,0.023573785950023574,5,0,Ductal basal
23686,21M_R1,21M,TAGGGTTTCGCACTCT-1,8050,3666,0.07453416149068323,22,8,Acinar basal
23689,21M_R1,21M,TAGGGTTTCTCCGCAT-1,3539,1938,0.16953941791466515,5,2,Ductal basal
23690,21M_R1,21M,TAGGTACAGAGGCCAT-1,7553,3193,0.07943863365550113,22,8,Acinar basal
23692,21M_R1,21M,TAGGTACCATTGTGCA-1,2471,1536,0.12140833670578711,7,2,Ductal basal
23693,21M_R1,21M,TAGGTACGTAGTTACC-1,3435,1973,0.11644832605531297,5,0,Ductal basal
23694,21M_R1,21M,TAGGTACGTCAATGGG-1,8886,3398,0.15755120414134594,23,1,Ductular
23702,21M_R1,21M,TAGGTTGAGAAGGCTC-1,3366,1897,0.11883541295306002,12,5,Ductal basal
23703,21M_R1,21M,TAGGTTGAGCATCCCG-1,5291,2618,0.11340011340011338,16,4,Orifice
23706,21M_R1,21M,TAGGTTGAGTAATACG-1,3045,1980,0.19704433497536944,22,8,Acinar basal
23708,21M_R1,21M,TAGGTTGCATTGAGCT-1,4811,2477,1.434213261276242,22,8,Acinar basal
23712,21M_R1,21M,TAGGTTGTCTCAGAAC-1,7409,3296,0.026994196247806725,25,9,Ductal basal
23713,21M_R1,21M,TAGTGCAAGATCGCCC-1,2162,1394,0.09250693802035154,7,2,Ductal basal
23718,21M_R1,21M,TAGTGCACAGCGTAGA-1,1402,944,0.3566333808844508,7,2,Ductal basal
23723,21M_R1,21M,TAGTGCATCCCAGGCA-1,3878,2150,0.23207839092315627,5,0,Ductal basal
23724,21M_R1,21M,TAGTGCATCCGTACGG-1,3633,1768,0.35783099366914395,25,0,Ductal basal
23725,21M_R1,21M,TAGTGCATCGCTGATA-1,2728,1663,0.1466275659824047,7,2,Ductal basal
23727,21M_R1,21M,TATACCTAGCGTATAA-1,7324,3010,0.0409612233752048,25,9,Ductal basal
23748,21M_R1,21M,TATCAGGTCCATCAGA-1,4509,2254,0.08871146595697493,12,5,Ductal basal
23756,21M_R1,21M,TATCGCCTCTACTTCA-1,10372,3750,0.028924026224450446,23,1,Ductular
23760,21M_R1,21M,TATCTGTAGTTCCGTA-1,4887,2526,0.2864743196234909,5,0,Ductal basal
23764,21M_R1,21M,TATCTGTGTACAATAG-1,2645,1550,0.11342155009451795,9,1,Ductular
23768,21M_R1,21M,TATCTGTTCAATGCAC-1,1952,1284,0.0,16,4,Orifice
23769,21M_R1,21M,TATCTGTTCACTGTCC-1,4050,2170,0.4444444444444444,9,1,Ductular
23777,21M_R1,21M,TATCTTGGTCTACATG-1,2259,1384,0.17706949977866313,12,5,Ductal basal
23778,21M_R1,21M,TATCTTGGTGAGACCA-1,8405,3535,0.24985127900059487,24,3,Ductal suprabasal
23781,21M_R1,21M,TATCTTGTCGGAAGGT-1,1310,982,0.0,9,1,Ductular
23783,21M_R1,21M,TATGTTCCAAAGGATT-1,11543,4412,0.077969332062722,5,0,Ductal basal
23784,21M_R1,21M,TATGTTCCAGACCATT-1,2401,1388,0.12494793835901709,7,2,Ductal basal
23786,21M_R1,21M,TATGTTCGTATCGCTA-1,4011,2051,0.09972575417601597,12,5,Ductal basal
23787,21M_R1,21M,TATGTTCGTCAGGTAG-1,3279,1913,0.15248551387618176,5,0,Ductal basal
23788,21M_R1,21M,TATGTTCGTCGAGTGA-1,3315,1790,0.06033182503770739,16,4,Orifice
23794,21M_R1,21M,TATTCCAAGTCATGAA-1,3252,1848,0.3075030750307503,7,2,Ductal basal
23801,21M_R1,21M,TATTCCATCTCTGACC-1,2243,1394,0.08916629514043692,16,4,Orifice
23805,21M_R1,21M,TATTGCTCACAGTGTT-1,3174,1870,0.1890359168241966,12,5,Ductal basal
23806,21M_R1,21M,TATTGCTCACCGGAAA-1,7202,3439,0.06942515967786726,20,3,Ductal suprabasal
23807,21M_R1,21M,TATTGCTGTACCTTCC-1,4552,2367,0.15377855887521968,5,0,Ductal basal
23808,21M_R1,21M,TATTGCTGTTAAGGGC-1,4610,2336,0.10845986984815618,16,4,Orifice
23810,21M_R1,21M,TATTGCTTCACTCCGT-1,4452,2491,0.04492362982929021,24,3,Ductal suprabasal
23815,21M_R1,21M,TATTGGGCAACACGAG-1,2511,1505,0.35842293906810035,35,7,Differentiating meibocyte
23819,21M_R1,21M,TATTGGGGTGTCCACG-1,1454,1018,0.20632737276478677,25,9,Ductal basal
23822,21M_R1,21M,TATTTCGAGGCCCAAA-1,5066,2321,0.09869719699960522,9,1,Ductular
23824,21M_R1,21M,TATTTCGCAACCAGAG-1,4390,2459,0.5011389521640092,24,3,Ductal suprabasal
23825,21M_R1,21M,TATTTCGCACCCAATA-1,8210,3638,0.08526187576126674,5,0,Ductal basal
23827,21M_R1,21M,TATTTCGTCCTCGATC-1,6170,3107,0.06482982171799027,9,4,Orifice
23828,21M_R1,21M,TATTTCGTCCTGATAG-1,5616,2756,0.37393162393162394,5,0,Ductal basal
23833,21M_R1,21M,TCAAGACAGTTAGAAC-1,2871,1814,0.13932427725531174,20,3,Ductal suprabasal
23834,21M_R1,21M,TCAAGACCAAGGCTTT-1,3604,1998,0.13873473917869034,5,0,Ductal basal
23835,21M_R1,21M,TCAAGACCACCCTTGT-1,2625,1635,0.1523809523809524,24,3,Ductal suprabasal
23838,21M_R1,21M,TCAAGACGTATGTCAC-1,2103,1463,0.28530670470756064,24,3,Ductal suprabasal
23843,21M_R1,21M,TCAAGCAAGGTCATCT-1,3522,1741,0.08517887563884156,7,2,Ductal basal
23851,21M_R1,21M,TCAAGTGGTGGATCAG-1,4625,2394,0.17297297297297298,5,0,Ductal basal
23852,21M_R1,21M,TCAAGTGGTGTCATCA-1,3061,1820,0.19601437438745506,16,4,Orifice
23853,21M_R1,21M,TCAAGTGTCCGTATGA-1,2061,1373,0.24260067928190196,9,1,Ductular
23856,21M_R1,21M,TCAATCTAGGATGCGT-1,2357,1530,0.1697072549851506,5,0,Ductal basal
23859,21M_R1,21M,TCAATCTTCACTTCTA-1,5093,2311,0.05890437855880621,7,2,Ductal basal
23861,21M_R1,21M,TCAATCTTCTGAATCG-1,3167,1820,0.12630249447426586,29,7,Differentiating meibocyte
23863,21M_R1,21M,TCAATCTTCTTCCCAG-1,4501,2402,0.04443457009553432,5,0,Ductal basal
23866,21M_R1,21M,TCAATTCCAAATCAAG-1,8269,3643,0.36280082234853067,29,8,Acinar basal
23867,21M_R1,21M,TCAATTCCACCTCTAC-1,12054,4340,0.1327360212377634,35,7,Differentiating meibocyte
23869,21M_R1,21M,TCAATTCTCTCTGCCA-1,3045,1666,0.22988505747126436,7,2,Ductal basal
23871,21M_R1,21M,TCACAAGGTCATAGTC-1,5386,2844,0.03713330857779428,12,5,Ductal basal
23875,21M_R1,21M,TCACACCAGAGTCTTC-1,2500,1296,1.24,23,3,Ductal suprabasal
23877,21M_R1,21M,TCACACCAGGAACGCT-1,4193,2219,0.09539709038874314,5,0,Ductal basal
23880,21M_R1,21M,TCACACCCAGACAAAT-1,5768,2781,0.15603328710124825,9,1,Ductular
23881,21M_R1,21M,TCACACCCAGACCGCT-1,3961,2165,0.17672304973491543,5,0,Ductal basal
23883,21M_R1,21M,TCACACCCATAGGTAA-1,12676,4342,0.07100031555695803,25,9,Ductal basal
23884,21M_R1,21M,TCACACCCATGGAATA-1,1681,1141,0.297441998810232,9,1,Ductular
23886,21M_R1,21M,TCACACCGTTCTCGTC-1,3798,1981,0.07898894154818326,7,2,Ductal basal
23891,21M_R1,21M,TCACACCTCTGTACAG-1,13639,4111,0.07331915829606275,16,4,Orifice
23893,21M_R1,21M,TCACATTCAAGTCCAT-1,6506,2756,0.10759299108515216,12,5,Ductal basal
23895,21M_R1,21M,TCACATTGTAGGATAT-1,1419,1007,0.21141649048625794,12,5,Ductal basal
23899,21M_R1,21M,TCACATTTCCGATGCG-1,2299,1371,0.2174858634188778,20,3,Ductal suprabasal
23901,21M_R1,21M,TCACGCTAGAGTCAAT-1,3827,2134,0.052260256075254766,23,1,Ductular
23903,21M_R1,21M,TCACGCTCAGGGTTGA-1,3842,2087,0.052056220718375845,9,4,Orifice
23904,21M_R1,21M,TCACGCTCATCTTCGC-1,2987,1596,0.13391362571141616,16,4,Orifice
23905,21M_R1,21M,TCACGCTGTATACGGG-1,4836,2290,0.10339123242349049,24,3,Ductal suprabasal
23909,21M_R1,21M,TCACGGGCAAGATTGA-1,5359,2650,0.13062138458667663,5,0,Ductal basal
23914,21M_R1,21M,TCACGGGTCAACTTTC-1,4879,2541,0.12297601967616315,5,0,Ductal basal
23918,21M_R1,21M,TCACTATAGGTGGCTA-1,7733,3279,0.129315918789603,29,7,Differentiating meibocyte
23919,21M_R1,21M,TCACTATAGTATGAAC-1,3972,2097,0.050352467270896276,7,2,Ductal basal
23920,21M_R1,21M,TCACTATAGTGTAGTA-1,4178,2205,0.09573958831977022,12,5,Ductal basal
23921,21M_R1,21M,TCACTATCACTGTCGG-1,8676,3789,0.1037344398340249,5,0,Ductal basal
23923,21M_R1,21M,TCACTATGTAATGATG-1,6001,2898,0.5499083486085653,12,5,Ductal basal
23926,21M_R1,21M,TCACTATGTTATAGCC-1,3688,1958,0.05422993492407809,16,4,Orifice
23928,21M_R1,21M,TCACTCGAGACCAGCA-1,5546,2789,0.0721240533717995,29,7,Differentiating meibocyte
23929,21M_R1,21M,TCACTCGAGTCATCGT-1,5928,2999,0.5904183535762484,25,9,Ductal basal
23930,21M_R1,21M,TCACTCGAGTCATGCT-1,4444,2469,0.40504050405040504,22,8,Acinar basal
23938,21M_R1,21M,TCACTCGTCGGTCATA-1,1961,1301,0.4589495155532891,12,5,Ductal basal
23940,21M_R1,21M,TCAGCAAAGGGACTGT-1,5230,2583,0.09560229445506692,5,0,Ductal basal
23942,21M_R1,21M,TCAGCAACAGTTAGGG-1,3015,1600,0.1990049751243781,7,2,Ductal basal
23945,21M_R1,21M,TCAGCAAGTACCGGCT-1,2284,1467,0.8318739054290718,25,9,Ductal basal
23948,21M_R1,21M,TCAGCAATCGTTCTCG-1,3406,2047,0.11743981209630064,9,1,Ductular
23954,21M_R1,21M,TCAGCCTTCATGGTAC-1,9434,3673,0.0847996608013568,12,5,Ductal basal
23956,21M_R1,21M,TCAGGGCAGCCAACCC-1,2340,1388,0.17094017094017094,9,1,Ductular
23969,21M_R1,21M,TCAGTCCAGGACGCAT-1,4747,2388,0.16852749104697703,5,2,Ductal basal
23970,21M_R1,21M,TCAGTCCAGGGTAATT-1,2240,1444,0.08928571428571429,9,1,Ductular
23972,21M_R1,21M,TCAGTCCAGTTGGACG-1,3489,1900,0.08598452278589853,9,1,Ductular
23973,21M_R1,21M,TCAGTCCCAGCTGTAT-1,10612,4202,0.10365623822088202,12,5,Ductal basal
23976,21M_R1,21M,TCAGTCCGTGCGTCGT-1,2359,1370,0.21195421788893598,7,2,Ductal basal
23978,21M_R1,21M,TCAGTCCTCACCTGGG-1,2631,1625,0.3040668947168377,7,2,Ductal basal
23980,21M_R1,21M,TCAGTCCTCGCGCCAA-1,4103,2260,0.073117231294175,12,5,Ductal basal
23981,21M_R1,21M,TCAGTCCTCTTTGCTA-1,1952,1250,0.10245901639344263,35,7,Differentiating meibocyte
23987,21M_R1,21M,TCAGTGACATGTGCTA-1,4501,2360,0.1110864252388358,12,4,Orifice
23991,21M_R1,21M,TCAGTTTGTATACGGG-1,1628,1089,0.9828009828009828,24,3,Ductal suprabasal
23993,21M_R1,21M,TCAGTTTGTGAGTTTC-1,3843,2320,1.8214936247723135,20,3,Ductal suprabasal
24003,21M_R1,21M,TCATACTAGGCAATGC-1,3607,1883,0.08317161075686166,7,2,Ductal basal
24006,21M_R1,21M,TCATACTCAGTCCCGA-1,2195,1423,0.1366742596810934,7,1,Ductular
24008,21M_R1,21M,TCATACTGTATTAAGG-1,3971,2359,1.8886930244270965,20,3,Ductal suprabasal
24009,21M_R1,21M,TCATACTGTGCTGTCG-1,4056,2242,0.1232741617357002,25,5,Ductal basal
24020,21M_R1,21M,TCATATCCATAGACTC-1,6475,3217,0.03088803088803089,5,0,Ductal basal
24023,21M_R1,21M,TCATATCTCCGTGCGA-1,3018,1681,0.23194168323392977,5,5,Ductal basal
24039,21M_R1,21M,TCATCCGCACGACCTG-1,3220,1899,0.15527950310559005,7,2,Ductal basal
24043,21M_R1,21M,TCATGAGAGGGAGGTG-1,1303,1011,0.6907137375287797,29,7,Differentiating meibocyte
24046,21M_R1,21M,TCATGAGCATATTCGG-1,1853,1203,0.16189962223421478,12,5,Ductal basal
24050,21M_R1,21M,TCATGAGTCAGGTAAA-1,2814,1699,0.10660980810234541,10,5,Ductal basal
24051,21M_R1,21M,TCATGAGTCCACAAGT-1,2955,1637,0.0338409475465313,9,1,Ductular
24052,21M_R1,21M,TCATGAGTCCTGTTAT-1,6088,3088,0.0821287779237845,5,0,Ductal basal
24055,21M_R1,21M,TCATGCCAGACATAGT-1,10655,4121,0.14077897700610043,5,0,Ductal basal
24059,21M_R1,21M,TCATGCCAGTATTGCC-1,10183,4063,0.08838259844839438,22,8,Acinar basal
24060,21M_R1,21M,TCATGCCCAACACAAA-1,3174,1950,0.1575299306868305,9,1,Ductular
24063,21M_R1,21M,TCATGCCGTTCAAGGG-1,7463,3325,0.10719549778909286,5,0,Ductal basal
24064,21M_R1,21M,TCATGCCGTTCGATTG-1,4858,2464,0.10292301358583779,22,7,Differentiating meibocyte
24067,21M_R1,21M,TCATGCCTCCATCAGA-1,8208,3403,0.07309941520467836,16,4,Orifice
24069,21M_R1,21M,TCATGCCTCTCACCCA-1,8114,3514,0.13556815380823267,5,0,Ductal basal
24081,21M_R1,21M,TCATGTTGTACAGAGC-1,1540,1089,3.571428571428571,24,3,Ductal suprabasal
24085,21M_R1,21M,TCATGTTTCACTGGGC-1,4014,2075,0.024912805181863475,5,0,Ductal basal
24088,21M_R1,21M,TCATTACAGGCACTCC-1,11940,3964,0.09212730318257956,12,2,Ductal basal
24092,21M_R1,21M,TCATTACGTCAATGGG-1,5223,2702,0.09573042312847023,5,0,Ductal basal
24097,21M_R1,21M,TCATTACTCTCCTGAC-1,969,682,0.30959752321981426,35,10,Differentiated meibocyte
24099,21M_R1,21M,TCATTACTCTGTCCCA-1,1755,1114,0.11396011396011395,7,2,Ductal basal
24102,21M_R1,21M,TCATTCAAGATGGTAT-1,1784,1168,3.4192825112107625,7,2,Ductal basal
24104,21M_R1,21M,TCATTCAAGCTACAAA-1,6755,3411,1.391561806069578,25,9,Ductal basal
24108,21M_R1,21M,TCATTCAGTAGAGGAA-1,2811,1744,0.21344717182497333,12,5,Ductal basal
24115,21M_R1,21M,TCATTGTGTCTCTCTG-1,2526,1458,0.3167062549485352,5,2,Ductal basal
24116,21M_R1,21M,TCATTGTGTGAATATG-1,3559,1850,0.1685866816521495,9,1,Ductular
24119,21M_R1,21M,TCATTGTTCTGCTTAT-1,3471,1896,0.08643042350907519,12,5,Ductal basal
24120,21M_R1,21M,TCATTTGAGTGCGCTC-1,4613,2519,0.10838933448948623,5,0,Ductal basal
24121,21M_R1,21M,TCATTTGCAACCGACC-1,2140,1340,0.23364485981308408,7,2,Ductal basal
24123,21M_R1,21M,TCATTTGCATTCTCCG-1,3316,1901,0.060313630880579006,5,0,Ductal basal
24124,21M_R1,21M,TCATTTGGTCCACGCA-1,11682,4431,0.08560178051703475,12,5,Ductal basal
24126,21M_R1,21M,TCATTTGTCGAAGCAG-1,2400,1571,0.08333333333333334,20,3,Ductal suprabasal
24127,21M_R1,21M,TCATTTGTCGCCTTGT-1,6571,2969,0.1521838380763963,29,7,Differentiating meibocyte
24135,21M_R1,21M,TCCACGTTCATTACTC-1,4288,2294,0.046641791044776115,9,1,Ductular
24138,21M_R1,21M,TCCAGAAAGTGTAGTA-1,2576,1449,3.532608695652174,23,1,Ductular
24141,21M_R1,21M,TCCAGAACATCTTAGG-1,5414,2808,0.1847063169560399,5,0,Ductal basal
24143,21M_R1,21M,TCCAGAAGTTGCTAGT-1,1850,1220,0.16216216216216214,23,1,Ductular
24147,21M_R1,21M,TCCATCGCAAACAGGC-1,9531,3793,0.13639702024971148,5,0,Ductal basal
24148,21M_R1,21M,TCCATCGCAAGTATCC-1,4938,2422,0.04050222762251924,9,1,Ductular
24150,21M_R1,21M,TCCATCGCAGTGGTGA-1,6508,2730,0.046097111247695145,5,0,Ductal basal
24151,21M_R1,21M,TCCATCGCATTGCCGG-1,3395,1862,0.2650957290132548,10,0,Ductal basal
24152,21M_R1,21M,TCCATCGGTTCCAAAC-1,4856,2628,1.873970345963756,22,8,Acinar basal
24155,21M_R1,21M,TCCATGCAGCGTTGTT-1,1462,1002,0.3419972640218878,23,1,Ductular
24156,21M_R1,21M,TCCATGCAGGTAAGAG-1,2117,1374,0.04723665564478035,23,1,Ductular
24158,21M_R1,21M,TCCATGCGTCGTTGCG-1,1505,1120,0.132890365448505,23,1,Ductular
24163,21M_R1,21M,TCCCACAAGAACTGAT-1,1918,1237,0.6256517205422315,35,10,Differentiated meibocyte
24169,21M_R1,21M,TCCCACACATCGTGCG-1,11530,4401,0.12142237640936687,29,7,Differentiating meibocyte
24174,21M_R1,21M,TCCCACATCTTCCTAA-1,1716,1207,0.8741258741258742,35,7,Differentiating meibocyte
24181,21M_R1,21M,TCCCAGTGTACTCGCG-1,3799,2299,0.18425901553040272,22,8,Acinar basal
24183,21M_R1,21M,TCCCAGTGTCTAGTGT-1,4669,2355,0.04283572499464553,5,0,Ductal basal
24186,21M_R1,21M,TCCCATGAGACCGTTT-1,7286,3591,1.4136700521548176,29,7,Differentiating meibocyte
24197,21M_R1,21M,TCCCATGGTTGGGAAC-1,2248,1252,0.26690391459074736,7,2,Ductal basal
24199,21M_R1,21M,TCCCATGTCCAGTACA-1,2310,1400,0.5627705627705628,22,8,Acinar basal
24208,21M_R1,21M,TCCGAAAGTAGGGTAC-1,9213,3523,0.054271138608488007,16,4,Orifice
24211,21M_R1,21M,TCCGAAAGTTAGAAGT-1,2788,1575,0.1793400286944046,7,2,Ductal basal
24212,21M_R1,21M,TCCGAAATCAACACCA-1,4244,2124,0.0942507068803016,7,2,Ductal basal
24219,21M_R1,21M,TCCGATCGTTAGTTCG-1,2241,1513,0.0892458723784025,25,2,Ductal basal
24222,21M_R1,21M,TCCGATCTCTATCACT-1,3014,1819,0.09953550099535502,5,0,Ductal basal
24229,21M_R1,21M,TCCGGGAGTCTTGTCC-1,1703,1094,0.2935995302407516,9,1,Ductular
24231,21M_R1,21M,TCCGGGATCTCCTGTG-1,10283,3933,0.0291743654575513,25,9,Ductal basal
24233,21M_R1,21M,TCCGTGTCACCCAACG-1,4984,2654,0.08025682182985554,25,8,Acinar basal
24234,21M_R1,21M,TCCGTGTCATGACTCA-1,7568,3325,0.03964059196617336,16,4,Orifice
24235,21M_R1,21M,TCCGTGTGTAGCTCGC-1,4399,2365,0.09092975676290066,16,4,Orifice
24237,21M_R1,21M,TCCTAATCATCTTCGC-1,6839,2879,0.07311010381634742,12,5,Ductal basal
24239,21M_R1,21M,TCCTAATGTGCAATAA-1,9262,3979,0.05398402072986396,35,7,Differentiating meibocyte
24241,21M_R1,21M,TCCTAATTCATTGCGA-1,6404,3124,0.07807620237351655,16,4,Orifice
24242,21M_R1,21M,TCCTCCCCACGCTGCA-1,7156,2938,0.09782001117942984,7,2,Ductal basal
24249,21M_R1,21M,TCCTCGACAGCGTTTA-1,3855,1986,0.1815823605706874,9,1,Ductular
24250,21M_R1,21M,TCCTCGAGTAAGATCA-1,2973,1768,0.13454423141607805,10,0,Ductal basal
24253,21M_R1,21M,TCCTCGATCATGGCCG-1,5439,2821,0.2206287920573635,22,8,Acinar basal
24262,21M_R1,21M,TCCTGCAAGACGCATG-1,4623,2378,0.1081548777849881,12,5,Ductal basal
24267,21M_R1,21M,TCCTGCACACAAACGG-1,2510,1584,0.5179282868525896,9,1,Ductular
24268,21M_R1,21M,TCCTGCACAGACCAAG-1,5377,2846,0.0,9,1,Ductular
24288,21M_R1,21M,TCGAACACATGGAACG-1,2440,1574,0.20491803278688525,9,1,Ductular
24289,21M_R1,21M,TCGAACAGTGAGTGAC-1,2654,1562,0.11303692539562923,7,2,Ductal basal
24291,21M_R1,21M,TCGAACAGTTCACCGG-1,3867,2248,0.07757951900698215,20,4,Orifice
24301,21M_R1,21M,TCGAAGTGTGATTGGG-1,6252,2632,0.0799744081893794,23,1,Ductular
24306,21M_R1,21M,TCGACCTCAGTCGGAA-1,2946,1759,0.0678886625933469,9,4,Orifice
24308,21M_R1,21M,TCGACCTGTCTCTCCA-1,4149,1998,0.07230657989877079,7,2,Ductal basal
24311,21M_R1,21M,TCGACGGAGACCAACG-1,2625,1657,0.19047619047619047,5,0,Ductal basal
24312,21M_R1,21M,TCGACGGAGTATGCAA-1,10420,4275,0.07677543186180423,25,9,Ductal basal
24316,21M_R1,21M,TCGACGGGTTTAGACC-1,4011,1987,0.07479431563201197,35,7,Differentiating meibocyte
24317,21M_R1,21M,TCGATTTAGAAGAGCA-1,2634,1675,0.15186028853454822,24,3,Ductal suprabasal
24321,21M_R1,21M,TCGATTTAGCTGGCCT-1,2766,1680,0.14461315979754158,9,1,Ductular
24322,21M_R1,21M,TCGATTTAGTAACCGG-1,4562,2476,0.24112231477422183,9,1,Ductular
24323,21M_R1,21M,TCGATTTAGTCATGAA-1,3684,1958,0.13572204125950055,7,2,Ductal basal
24330,21M_R1,21M,TCGCACTAGAGGATCC-1,3587,2070,0.08363534987454697,5,0,Ductal basal
24337,21M_R1,21M,TCGCACTTCGATGCAT-1,11345,4128,0.07933010136624064,12,5,Ductal basal
24339,21M_R1,21M,TCGCAGGCAACTGATC-1,3324,1893,0.09025270758122744,12,1,Ductular
24341,21M_R1,21M,TCGCAGGCACTTGTGA-1,1716,1185,0.2331002331002331,5,0,Ductal basal
24343,21M_R1,21M,TCGCAGGTCAACTGGT-1,5029,2487,0.059654006760787436,5,0,Ductal basal
24346,21M_R1,21M,TCGCTCAAGCGACCCT-1,7484,3323,0.053447354355959376,24,3,Ductal suprabasal
24347,21M_R1,21M,TCGCTCAAGCTCGCAC-1,3780,2049,0.15873015873015872,5,2,Ductal basal
24348,21M_R1,21M,TCGCTCAAGGACATCG-1,5749,2678,0.06957731779439903,16,4,Orifice
24350,21M_R1,21M,TCGCTCACATGACCCG-1,3039,1714,0.29615004935834155,23,1,Ductular
24351,21M_R1,21M,TCGCTCAGTAGGACCA-1,6270,2805,0.09569377990430622,24,3,Ductal suprabasal
24356,21M_R1,21M,TCGCTTGGTAGAGGAA-1,3865,2221,0.07761966364812418,5,0,Ductal basal
24360,21M_R1,21M,TCGCTTGTCTGCACCT-1,7928,3726,0.050454086781029264,25,9,Ductal basal
24363,21M_R1,21M,TCGGATAAGACCACGA-1,3522,2239,0.8517887563884157,22,9,Ductal basal
24365,21M_R1,21M,TCGGATAAGCGAGGAG-1,2591,1312,0.2701659590891548,5,0,Ductal basal
24368,21M_R1,21M,TCGGATACAGTCAGAG-1,6319,2978,0.1424275993036873,5,0,Ductal basal
24369,21M_R1,21M,TCGGATAGTCGTCATA-1,3437,2067,0.20366598778004072,16,4,Orifice
24371,21M_R1,21M,TCGGATATCGTGCAGC-1,4989,2693,0.0,16,4,Orifice
24372,21M_R1,21M,TCGGATATCGTTCTGC-1,5422,2267,0.16599040944300997,7,1,Ductular
24378,21M_R1,21M,TCGGGACTCAGTGATC-1,8656,3889,0.1732902033271719,12,0,Ductal basal
24388,21M_R1,21M,TCGGGTGAGCGTTCCG-1,3574,2088,0.08393956351426973,5,0,Ductal basal
24389,21M_R1,21M,TCGGGTGAGCTGCCAC-1,3149,1827,0.22229279136233726,5,0,Ductal basal
24392,21M_R1,21M,TCGGGTGCAGTTTGGT-1,1451,998,0.7580978635423846,29,7,Differentiating meibocyte
24396,21M_R1,21M,TCGGGTGTCCACAAGT-1,4012,2143,0.09970089730807577,16,4,Orifice
24400,21M_R1,21M,TCGGGTGTCGTCTACC-1,1854,1132,0.10787486515641855,7,2,Ductal basal
24401,21M_R1,21M,TCGGTCTAGAAGCTGC-1,3282,1851,0.18281535648994515,9,4,Orifice
24409,21M_R1,21M,TCGTCCAAGGTTGTTC-1,4148,2107,0.1205400192864031,16,4,Orifice
24411,21M_R1,21M,TCGTCCAAGTGAGTGC-1,4423,2195,0.13565453312231518,12,5,Ductal basal
24412,21M_R1,21M,TCGTCCAAGTGTACAA-1,5358,2771,0.1866368047779022,5,0,Ductal basal
24418,21M_R1,21M,TCGTCCACATGAAGCG-1,3061,1712,0.29402156158118264,10,2,Ductal basal
24423,21M_R1,21M,TCGTGCTTCCCAGGCA-1,2187,1455,0.18289894833104708,12,5,Ductal basal
24425,21M_R1,21M,TCGTGCTTCGTTCTCG-1,1972,1314,0.05070993914807302,5,0,Ductal basal
24427,21M_R1,21M,TCGTGGGCAAGACAAT-1,2972,1655,0.16823687752355315,16,4,Orifice
24434,21M_R1,21M,TCGTGGGTCTCTCTAA-1,1791,1202,0.16750418760469013,23,1,Ductular
24437,21M_R1,21M,TCTAACTCAGCGTTGC-1,3355,1926,0.11922503725782414,5,0,Ductal basal
24440,21M_R1,21M,TCTACATAGGCTCTAT-1,4267,2325,0.0937426763534099,5,0,Ductal basal
24443,21M_R1,21M,TCTACATAGTTCATGC-1,6547,3225,0.18329005651443409,5,0,Ductal basal
24446,21M_R1,21M,TCTACATCAGTGGCTC-1,2690,1634,0.11152416356877323,24,3,Ductal suprabasal
24447,21M_R1,21M,TCTACATGTCATTCCC-1,2197,1344,0.04551661356395084,16,4,Orifice
24448,21M_R1,21M,TCTACATGTGATTCAC-1,11890,4421,0.20185029436501262,12,5,Ductal basal
24451,21M_R1,21M,TCTACATTCGATTGAC-1,5094,2501,0.09815469179426776,16,4,Orifice
24453,21M_R1,21M,TCTACCGAGTCGGCAA-1,3328,1845,0.3605769230769231,23,1,Ductular
24454,21M_R1,21M,TCTACCGCACCTTCGT-1,4054,1611,0.4440059200789344,7,2,Ductal basal
24458,21M_R1,21M,TCTACCGCATGACACT-1,4085,2104,0.17135862913096694,7,2,Ductal basal
24459,21M_R1,21M,TCTACCGGTCCACACG-1,4361,1947,0.11465260261407935,7,2,Ductal basal
24461,21M_R1,21M,TCTACCGGTCTCACGG-1,8439,3228,0.23699490460955092,35,10,Differentiated meibocyte
24464,21M_R1,21M,TCTACCGTCTTACGGA-1,3408,1809,0.35211267605633806,7,2,Ductal basal
24466,21M_R1,21M,TCTATACAGCCGAACA-1,10847,3770,0.3134507237024062,5,0,Ductal basal
24467,21M_R1,21M,TCTATACAGGATTTGA-1,3455,1773,0.20260492040520983,16,4,Orifice
24469,21M_R1,21M,TCTATACAGTGCCGAA-1,6227,2769,0.12847277982977356,10,5,Ductal basal
24472,21M_R1,21M,TCTATACCAGCAAGAC-1,5365,2354,0.07455731593662629,7,2,Ductal basal
24475,21M_R1,21M,TCTATACTCCAAGCTA-1,3663,1932,0.054600054600054605,7,2,Ductal basal
24477,21M_R1,21M,TCTATACTCTGAATGC-1,5594,2899,0.10725777618877369,25,9,Ductal basal
24478,21M_R1,21M,TCTATACTCTGGCCGA-1,1566,1027,1.979565772669221,35,10,Differentiated meibocyte
24483,21M_R1,21M,TCTATCACAACCTATG-1,2592,1557,0.07716049382716049,9,4,Orifice
24488,21M_R1,21M,TCTATCATCAACCTCC-1,3990,2159,0.02506265664160401,5,0,Ductal basal
24490,21M_R1,21M,TCTCACGAGTTAACGA-1,3255,1918,0.15360983102918588,5,0,Ductal basal
24493,21M_R1,21M,TCTCACGTCCGTTGGG-1,6034,2671,0.09943652635067948,12,5,Ductal basal
24494,21M_R1,21M,TCTCACGTCGTGTTCC-1,1391,1015,0.14378145219266716,5,0,Ductal basal
24496,21M_R1,21M,TCTCAGCCATCCGCGA-1,3617,1367,0.6635333149018523,23,3,Ductal suprabasal
24499,21M_R1,21M,TCTCAGCGTATCAGCT-1,8978,3615,0.07796836711962575,16,4,Orifice
24500,21M_R1,21M,TCTCAGCTCATCGGGC-1,2938,1684,0.10211027910142954,12,5,Ductal basal
24501,21M_R1,21M,TCTCAGCTCCGACGGT-1,2470,1537,0.32388663967611336,25,4,Orifice
24503,21M_R1,21M,TCTCCGAAGCATTTGC-1,9170,3961,0.19629225736095968,22,8,Acinar basal
24506,21M_R1,21M,TCTCCGACATTGACAC-1,9805,3844,0.10198878123406425,5,0,Ductal basal
24507,21M_R1,21M,TCTCCGAGTGCCTTCT-1,4771,2186,0.06287989939216097,23,1,Ductular
24508,21M_R1,21M,TCTCCGATCGCATTGA-1,3617,2140,0.13823610727121927,5,0,Ductal basal
24514,21M_R1,21M,TCTCTGGTCTCAGTCC-1,2347,1439,0.17043033659991477,7,2,Ductal basal
24516,21M_R1,21M,TCTGCCAAGACTCGAG-1,3630,2035,0.27548209366391185,5,0,Ductal basal
24523,21M_R1,21M,TCTGGCTAGATTCGCT-1,5542,2523,0.12630819198845183,5,0,Ductal basal
24524,21M_R1,21M,TCTGGCTAGCCAAGGT-1,5623,2967,0.12448870709585631,22,8,Acinar basal
24529,21M_R1,21M,TCTGGCTCACCCTATC-1,1018,735,0.09823182711198428,12,5,Ductal basal
24530,21M_R1,21M,TCTGGCTCACTCGATA-1,3184,1731,0.031407035175879394,7,2,Ductal basal
24531,21M_R1,21M,TCTGGCTGTCGAAACG-1,975,706,1.2307692307692308,35,10,Differentiated meibocyte
24533,21M_R1,21M,TCTGGCTTCTATTGTC-1,2952,1686,0.16937669376693767,9,1,Ductular
24536,21M_R1,21M,TCTGTCGAGGAACGCT-1,7832,3445,0.16598569969356486,5,0,Ductal basal
24542,21M_R1,21M,TCTGTCGTCATGCGGC-1,4524,2295,0.15473032714412024,16,4,Orifice
24549,21M_R1,21M,TCTTCCTTCGCTAATG-1,6754,3131,0.19247853124074624,20,3,Ductal suprabasal
24551,21M_R1,21M,TCTTGCGAGTTAGAAC-1,4711,2448,0.08490766291657822,20,3,Ductal suprabasal
24553,21M_R1,21M,TCTTGCGGTGACAACG-1,10430,4163,0.1342281879194631,5,0,Ductal basal
24557,21M_R1,21M,TCTTGCGTCGTGGTAT-1,893,732,0.11198208286674133,5,0,Ductal basal
24559,21M_R1,21M,TCTTTGACAAGTGATA-1,2998,1840,0.033355570380253496,5,0,Ductal basal
24561,21M_R1,21M,TCTTTGAGTACTGCGC-1,4835,2640,1.592554291623578,25,9,Ductal basal
24564,21M_R1,21M,TCTTTGAGTGCGGTAA-1,2428,1496,0.2471169686985173,29,7,Differentiating meibocyte
24565,21M_R1,21M,TGAACGTAGGGATGTC-1,4287,2341,0.06997900629811056,5,0,Ductal basal
24566,21M_R1,21M,TGAACGTCAAATTGGA-1,5817,3034,0.034381983840467596,5,0,Ductal basal
24567,21M_R1,21M,TGAACGTGTATCATGC-1,8768,3903,0.04562043795620438,20,3,Ductal suprabasal
24573,21M_R1,21M,TGAACGTTCTCGCCTA-1,3209,1995,0.24929884699283264,22,8,Acinar basal
24577,21M_R1,21M,TGAATCGGTACGAAAT-1,1403,940,0.21382751247327159,23,1,Ductular
24578,21M_R1,21M,TGAATCGGTCAGGTGA-1,7748,3309,0.09034589571502323,12,5,Ductal basal
24580,21M_R1,21M,TGAATGCAGCAATTCC-1,2994,1599,0.23380093520374082,16,4,Orifice
24588,21M_R1,21M,TGACAGTAGCCAAGCA-1,8897,3576,0.07867820613690008,5,0,Ductal basal
24589,21M_R1,21M,TGACAGTAGCGTTACT-1,2703,1711,0.11098779134295228,23,1,Ductular
24590,21M_R1,21M,TGACAGTAGTCAGCCC-1,5668,2897,0.1058574453069866,5,0,Ductal basal
24591,21M_R1,21M,TGACAGTAGTGTTCAC-1,5864,2994,0.17053206002728513,29,7,Differentiating meibocyte
24593,21M_R1,21M,TGACAGTGTACAGTAA-1,4433,2464,0.11279043537108054,10,0,Ductal basal
24594,21M_R1,21M,TGACAGTGTACGACAG-1,9788,3702,0.1021659174499387,5,0,Ductal basal
24595,21M_R1,21M,TGACAGTGTAGTCTTG-1,3180,1789,0.15723270440251574,5,2,Ductal basal
24596,21M_R1,21M,TGACAGTGTCTGTGGC-1,1922,1309,0.052029136316337155,16,4,Orifice
24599,21M_R1,21M,TGACAGTTCATCGGGC-1,4055,2007,0.591861898890259,16,4,Orifice
24601,21M_R1,21M,TGACCCTCATCTCAAG-1,6077,2840,0.09873292743129834,20,1,Ductular
24603,21M_R1,21M,TGACCCTGTGATTAGA-1,4596,2462,0.13054830287206268,29,7,Differentiating meibocyte
24608,21M_R1,21M,TGACCCTTCTGGAGAG-1,4812,2789,0.020781379883624274,25,8,Acinar basal
24615,21M_R1,21M,TGACGCGGTCCTCCTA-1,7815,3420,0.14075495841330773,9,1,Ductular
24618,21M_R1,21M,TGACTCCAGTGGCCTC-1,3595,1916,0.6954102920723227,9,1,Ductular
24619,21M_R1,21M,TGACTCCCAATCCTAG-1,4092,2186,0.024437927663734114,12,5,Ductal basal
24620,21M_R1,21M,TGACTCCCACTAGGCC-1,11078,4356,0.13540350243726304,7,0,Ductal basal
24621,21M_R1,21M,TGACTCCGTATTGGCT-1,2153,1288,0.23223409196470043,23,3,Ductal suprabasal
24624,21M_R1,21M,TGAGACTAGAACGCGT-1,3929,2122,0.20361415118350726,9,1,Ductular
24626,21M_R1,21M,TGAGACTAGGGAGGGT-1,2196,1470,0.9562841530054645,35,7,Differentiating meibocyte
24630,21M_R1,21M,TGAGACTTCCACAAGT-1,2695,1511,0.1855287569573284,7,2,Ductal basal
24643,21M_R1,21M,TGAGCGCAGGTCATTC-1,4272,2411,0.18726591760299627,5,0,Ductal basal
24645,21M_R1,21M,TGAGCGCCACGCGGTT-1,8053,3454,0.43462063827145164,12,5,Ductal basal
24646,21M_R1,21M,TGAGCGCCAGACGGAT-1,1221,854,1.4742014742014742,35,7,Differentiating meibocyte
24647,21M_R1,21M,TGAGCGCCAGAGGCAT-1,3813,1926,0.1835824809861002,9,1,Ductular
24649,21M_R1,21M,TGAGCGCGTGCACAAG-1,1817,1236,0.2201430930104568,7,0,Ductal basal
24654,21M_R1,21M,TGAGGAGAGTCCCGGT-1,3602,2107,0.2498611882287618,25,5,Ductal basal
24659,21M_R1,21M,TGAGGAGTCTCCCATG-1,2653,1726,0.18846588767433095,5,0,Ductal basal
24660,21M_R1,21M,TGAGGGAAGAGGCGTT-1,2650,1644,0.1509433962264151,22,8,Acinar basal
24661,21M_R1,21M,TGAGGGAAGATTAGAC-1,2680,1618,1.5671641791044775,5,2,Ductal basal
24665,21M_R1,21M,TGAGGGACAGTTTCAG-1,4251,2173,0.09409550693954363,16,4,Orifice
24666,21M_R1,21M,TGAGGGAGTACAGGTG-1,11322,4197,0.07065889418830595,23,1,Ductular
24669,21M_R1,21M,TGAGGGATCCTGCTAC-1,3453,2011,0.08688097306689835,12,5,Ductal basal
24670,21M_R1,21M,TGAGGGATCTGCGGCA-1,4349,2338,0.1609565417337319,16,4,Orifice
24671,21M_R1,21M,TGAGGTTAGCCGCTTG-1,5843,2577,0.11980147184665411,7,2,Ductal basal
24672,21M_R1,21M,TGAGGTTAGTACTCGT-1,2284,1385,0.7880910683012259,35,7,Differentiating meibocyte
24676,21M_R1,21M,TGAGGTTTCGGACGTC-1,4662,2349,0.19305019305019305,35,7,Differentiating meibocyte
24677,21M_R1,21M,TGAGTCAAGACATGCG-1,4123,2454,0.14552510308028135,20,8,Acinar basal
24679,21M_R1,21M,TGAGTCACAGCTGCCA-1,3881,2116,0.07729966503478485,5,0,Ductal basal
24680,21M_R1,21M,TGAGTCACATGACTCA-1,7222,3359,0.3877042370534478,16,4,Orifice
24682,21M_R1,21M,TGAGTCATCAGTGGGA-1,4707,2200,0.06373486297004462,9,1,Ductular
24683,21M_R1,21M,TGAGTCATCCCATAGA-1,3390,1738,0.6489675516224189,9,1,Ductular
24684,21M_R1,21M,TGATCAGAGTGATAGT-1,4306,2428,0.11611704598235022,12,5,Ductal basal
24686,21M_R1,21M,TGATCAGCAGGCACAA-1,3882,2096,0.10303967027305513,5,2,Ductal basal
24688,21M_R1,21M,TGATCAGGTACGCGTC-1,4273,2299,0.07020828457758016,5,0,Ductal basal
24689,21M_R1,21M,TGATCAGGTCTTTCTA-1,6374,3056,0.06275494195167869,16,4,Orifice
24703,21M_R1,21M,TGATGCAGTTAGAGAT-1,2257,1461,0.17722640673460346,23,1,Ductular
24705,21M_R1,21M,TGATGCAGTTGACTAC-1,1533,1065,0.3913894324853229,23,1,Ductular
24709,21M_R1,21M,TGATGGTAGGGTTAGC-1,2691,1509,0.07432181345224824,7,2,Ductal basal
24711,21M_R1,21M,TGATGGTCAAGATCCT-1,1185,789,0.8438818565400843,29,7,Differentiating meibocyte
24713,21M_R1,21M,TGATGGTGTGCTTATG-1,4689,2366,0.21326508850501172,24,3,Ductal suprabasal
24715,21M_R1,21M,TGATTCTAGATGTTCC-1,2503,1656,0.15980823012385137,9,1,Ductular
24719,21M_R1,21M,TGATTCTGTGCCTGCA-1,3682,1836,0.13579576317218903,7,2,Ductal basal
24720,21M_R1,21M,TGATTCTTCCCTAGGG-1,5377,2759,0.27896596615212943,9,1,Ductular
24722,21M_R1,21M,TGATTCTTCCTGTTGC-1,2474,1533,0.16168148746968472,23,1,Ductular
24723,21M_R1,21M,TGATTTCAGAAGTGTT-1,2673,1703,0.14964459408903852,9,1,Ductular
24725,21M_R1,21M,TGATTTCAGTAGCCAG-1,11400,4208,0.11403508771929824,5,2,Ductal basal
24726,21M_R1,21M,TGATTTCAGTTATGGA-1,5217,2562,0.15334483419589803,16,4,Orifice
24727,21M_R1,21M,TGATTTCCACAGCCAC-1,3696,2093,0.13528138528138528,12,5,Ductal basal
24729,21M_R1,21M,TGATTTCTCGTAACAC-1,4577,2472,0.2184837229626393,29,7,Differentiating meibocyte
24731,21M_R1,21M,TGCACGGAGGGTTGCA-1,4015,2090,0.29887920298879206,7,2,Ductal basal
24735,21M_R1,21M,TGCACGGGTTCTCCCA-1,5357,2565,0.09333582228859437,29,7,Differentiating meibocyte
24738,21M_R1,21M,TGCAGATAGACCATAA-1,6334,3089,0.0947268708556994,22,2,Ductal basal
24739,21M_R1,21M,TGCAGATAGGATAATC-1,7222,3260,0.06923289947382996,12,5,Ductal basal
24741,21M_R1,21M,TGCAGATAGTATTGCC-1,4163,2296,0.09608455440787893,5,9,Ductal basal
24743,21M_R1,21M,TGCAGATCACTGTGTA-1,5061,2401,0.13831258644536654,5,0,Ductal basal
24747,21M_R1,21M,TGCAGATGTATGTCCA-1,11632,4140,0.10316368638239339,24,3,Ductal suprabasal
24748,21M_R1,21M,TGCAGATGTTCGGGTC-1,4103,2212,0.024372410431391666,5,0,Ductal basal
24750,21M_R1,21M,TGCAGGCAGAGCAGTC-1,8350,3633,0.059880239520958084,5,2,Ductal basal
24754,21M_R1,21M,TGCAGGCGTCCACTTC-1,2394,1481,0.29239766081871343,7,2,Ductal basal
24759,21M_R1,21M,TGCAGTACAATAGGGC-1,7192,3344,0.11123470522803114,35,0,Ductal basal
24761,21M_R1,21M,TGCAGTAGTGACCTGC-1,11267,3900,0.08875477056891809,16,4,Orifice
24764,21M_R1,21M,TGCATCCCAAGGGCAT-1,2870,1616,0.10452961672473868,29,7,Differentiating meibocyte
24765,21M_R1,21M,TGCATCCCACTGGACC-1,6322,2861,0.2530844669408415,35,7,Differentiating meibocyte
24767,21M_R1,21M,TGCATCCCAGGCGATA-1,3723,2133,0.77894171367177,20,3,Ductal suprabasal
24772,21M_R1,21M,TGCATCCTCCCAACTC-1,6910,3245,0.23154848046309695,9,1,Ductular
24774,21M_R1,21M,TGCATCCTCTTCACAT-1,6131,2877,0.048931658783232745,12,5,Ductal basal
24777,21M_R1,21M,TGCATGACACACCGAC-1,6157,2832,0.08120838070488874,10,0,Ductal basal
24778,21M_R1,21M,TGCATGACACTGGAAG-1,9933,3713,1.2886338467733816,29,7,Differentiating meibocyte
24780,21M_R1,21M,TGCATGAGTACCCAGC-1,6063,2637,0.1979218208807521,12,5,Ductal basal
24795,21M_R1,21M,TGCGACGCAAATCGTC-1,10554,4290,0.09475080538184574,5,0,Ductal basal
24798,21M_R1,21M,TGCGACGGTGAGTTTC-1,2795,1714,0.3935599284436494,9,1,Ductular
24803,21M_R1,21M,TGCGATAAGAGAGCAA-1,7268,3666,0.1926252063841497,22,8,Acinar basal
24804,21M_R1,21M,TGCGATAAGATGGTCG-1,3169,1850,0.2208898706216472,20,1,Ductular
24807,21M_R1,21M,TGCGATAAGTAGGCCA-1,6674,3552,0.26970332634102484,25,0,Ductal basal
24811,21M_R1,21M,TGCGATAGTCGCATCG-1,7337,3360,0.20444323292899005,25,9,Ductal basal
24813,21M_R1,21M,TGCGATAGTTTACGAC-1,2354,1589,0.16992353440951571,20,3,Ductal suprabasal
24814,21M_R1,21M,TGCGATAGTTTCGCTC-1,3528,1776,0.11337868480725624,7,2,Ductal basal
24819,21M_R1,21M,TGCGGCACAACGACAG-1,4656,2242,0.25773195876288657,7,2,Ductal basal
24820,21M_R1,21M,TGCGGCACAGGGAGAG-1,2922,1732,0.10266940451745381,5,2,Ductal basal
24824,21M_R1,21M,TGCGGCAGTTTACCAG-1,5109,2489,0.03914660403210021,12,5,Ductal basal
24825,21M_R1,21M,TGCGGCATCGACACTA-1,6039,2583,0.23182646133465806,7,2,Ductal basal
24832,21M_R1,21M,TGCGGGTCACTCTAGA-1,8467,3294,0.1062950277548128,23,1,Ductular
24836,21M_R1,21M,TGCGGGTTCGGCATTA-1,5898,2935,0.1525940996948118,5,0,Ductal basal
24841,21M_R1,21M,TGCTCCATCGGAGTGA-1,4786,2514,0.08357709987463435,9,1,Ductular
24853,21M_R1,21M,TGCTGAAAGTGTTGAA-1,14074,4191,0.2628961205058974,29,7,Differentiating meibocyte
24859,21M_R1,21M,TGCTTCGAGAAATTGC-1,7326,3352,0.10920010920010921,20,3,Ductal suprabasal
24861,21M_R1,21M,TGCTTCGCAGAGGACT-1,4083,2317,0.09796718099436688,5,0,Ductal basal
24865,21M_R1,21M,TGCTTCGGTAGTCTGT-1,3980,2048,0.20100502512562815,7,2,Ductal basal
24866,21M_R1,21M,TGCTTCGGTCTTGTCC-1,3494,1800,0.08586147681740126,7,2,Ductal basal
24869,21M_R1,21M,TGCTTGCCAGCAGGAT-1,4512,2503,0.06648936170212766,5,0,Ductal basal
24870,21M_R1,21M,TGCTTGCGTCCTTGTC-1,2661,1606,0.0751597143930853,9,1,Ductular
24872,21M_R1,21M,TGCTTGCTCCCACAGG-1,9161,3596,0.08732671105774478,20,3,Ductal suprabasal
24877,21M_R1,21M,TGCTTGCTCTTCCGTG-1,4777,2334,0.1465354825204103,10,2,Ductal basal
24879,21M_R1,21M,TGGAACTCATATGGCT-1,3524,1884,0.0851305334846765,29,7,Differentiating meibocyte
24880,21M_R1,21M,TGGAACTGTTAGTTCG-1,4717,2322,0.0635997456010176,7,2,Ductal basal
24883,21M_R1,21M,TGGAGAGAGGGCGAGA-1,4221,2466,0.21321961620469082,20,3,Ductal suprabasal
24889,21M_R1,21M,TGGAGAGGTTACGCCG-1,5037,2688,0.05955926146515784,5,9,Ductal basal
24890,21M_R1,21M,TGGAGAGGTTACTCAG-1,8928,3722,0.03360215053763441,25,9,Ductal basal
24893,21M_R1,21M,TGGAGGAAGACAGCTG-1,5901,2666,0.01694628029147602,5,0,Ductal basal
24896,21M_R1,21M,TGGAGGAAGCCGGATA-1,3984,2396,0.4518072289156626,20,8,Acinar basal
24902,21M_R1,21M,TGGAGGAGTGCATTTG-1,5752,2577,0.13908205841446453,7,2,Ductal basal
24903,21M_R1,21M,TGGAGGAGTTCTCCAC-1,6810,3028,0.13215859030837004,16,4,Orifice
24909,21M_R1,21M,TGGATCACATTGCTTT-1,3625,1968,0.24827586206896554,16,4,Orifice
24912,21M_R1,21M,TGGATGTAGCACTAAA-1,6606,3215,0.060551014229488345,5,0,Ductal basal
24913,21M_R1,21M,TGGATGTAGGTGCTAG-1,11633,4403,0.025788704547408232,24,0,Ductal basal
24918,21M_R1,21M,TGGATGTTCTCTGCTG-1,3261,1680,0.12266176019625882,9,0,Ductal basal
24919,21M_R1,21M,TGGCGTGAGCAATTAG-1,4290,2487,0.06993006993006994,9,1,Ductular
24921,21M_R1,21M,TGGCGTGAGTGATAAC-1,5667,2847,0.15881418740074113,5,0,Ductal basal
24923,21M_R1,21M,TGGCGTGCAGAAATCA-1,5915,2860,0.1521555367709214,24,3,Ductal suprabasal
24924,21M_R1,21M,TGGCGTGTCACCGGTG-1,5913,2554,0.08455944529003889,16,4,Orifice
24932,21M_R1,21M,TGGGAAGCAGCCTATA-1,1990,1178,0.4522613065326633,7,2,Ductal basal
24935,21M_R1,21M,TGGGAAGGTAGAGACC-1,9031,3914,0.06643782526851955,22,8,Acinar basal
24937,21M_R1,21M,TGGGAAGGTGGACAGT-1,4945,2770,0.020222446916076844,25,8,Acinar basal
24942,21M_R1,21M,TGGGAGAAGGCGATAC-1,7029,3553,0.07113387395077536,25,2,Ductal basal
24946,21M_R1,21M,TGGGAGACACCCAAGC-1,3804,2178,0.2103049421661409,9,1,Ductular
24954,21M_R1,21M,TGGGATTCACACGGTC-1,4098,2087,0.26842362127867253,12,5,Ductal basal
24961,21M_R1,21M,TGGGCGTGTCCCAAAT-1,5639,2784,0.05320092214931725,5,0,Ductal basal
24963,21M_R1,21M,TGGGCTGCAATGGCCC-1,4117,2197,0.14573718727228566,5,0,Ductal basal
24964,21M_R1,21M,TGGGCTGCACAACGCC-1,7286,3281,0.09607466373867692,5,0,Ductal basal
24966,21M_R1,21M,TGGGCTGTCGACGTCG-1,6703,3225,0.08951215873489482,29,7,Differentiating meibocyte
24968,21M_R1,21M,TGGGCTGTCTTGCAAG-1,2362,1468,0.46570702794242164,5,0,Ductal basal
24969,21M_R1,21M,TGGGTTAAGGTTAAAC-1,2799,1639,0.1429081814933905,7,2,Ductal basal
24988,21M_R1,21M,TGGTAGTGTCAGGTAG-1,2299,1543,0.04349717268377556,22,8,Acinar basal
24990,21M_R1,21M,TGGTAGTTCAGCTGAT-1,3440,1821,0.05813953488372093,16,4,Orifice
24991,21M_R1,21M,TGGTGATAGGATACAT-1,4790,2506,0.06263048016701461,23,1,Ductular
24993,21M_R1,21M,TGGTGATAGTACAGAT-1,9883,4064,0.06071031063442275,7,0,Ductal basal
24994,21M_R1,21M,TGGTGATCACCTCTAC-1,5322,2713,0.0,5,0,Ductal basal
24995,21M_R1,21M,TGGTGATCACTACTTT-1,2717,1573,0.18402649981597352,7,2,Ductal basal
24996,21M_R1,21M,TGGTGATGTAGGATAT-1,3694,2086,0.32485110990795885,23,1,Ductular
24998,21M_R1,21M,TGGTGATTCCGCTAGG-1,7730,3637,0.09055627425614489,5,0,Ductal basal
25005,21M_R1,21M,TGTAACGAGCAAATCA-1,6320,2785,0.12658227848101267,7,2,Ductal basal
25008,21M_R1,21M,TGTAACGCACTTCTCG-1,3459,2017,0.11564035848511131,5,0,Ductal basal
25009,21M_R1,21M,TGTAACGCATTGCTGA-1,4587,2500,0.10900370612600828,5,9,Ductal basal
25010,21M_R1,21M,TGTAACGGTCCAAGAG-1,3772,2048,0.07953340402969247,9,1,Ductular
25011,21M_R1,21M,TGTAACGGTGCGCTCA-1,3750,2120,0.08,5,0,Ductal basal
25016,21M_R1,21M,TGTAACGTCGCTAGCG-1,5791,2325,0.08634087376964256,7,2,Ductal basal
25018,21M_R1,21M,TGTAACGTCTAATTCC-1,3912,2119,0.8946830265848671,35,7,Differentiating meibocyte
25019,21M_R1,21M,TGTAAGCAGACATCCT-1,5694,2970,0.597119775201967,24,3,Ductal suprabasal
25020,21M_R1,21M,TGTAAGCAGCACCGAA-1,3946,2023,0.1773948302078054,7,2,Ductal basal
25021,21M_R1,21M,TGTAAGCCAGTCTGGC-1,7242,3225,0.11046672190002761,9,1,Ductular
25022,21M_R1,21M,TGTAAGCCATTACTCT-1,3437,2073,0.2618562700029095,20,3,Ductal suprabasal
25024,21M_R1,21M,TGTAAGCTCGAAGCCC-1,10830,4295,0.110803324099723,5,0,Ductal basal
25025,21M_R1,21M,TGTACAGGTCTGTAGT-1,7748,3608,0.12906556530717606,20,1,Ductular
25031,21M_R1,21M,TGTAGACTCACTGGTA-1,3203,1780,0.280986575085857,9,1,Ductular
25034,21M_R1,21M,TGTAGACTCGCTACAA-1,4243,2306,0.09427292010370021,5,2,Ductal basal
25035,21M_R1,21M,TGTCAGAAGACCTTTG-1,5472,2844,0.3472222222222222,22,8,Acinar basal
25037,21M_R1,21M,TGTCAGACAAAGGCTG-1,3285,1930,0.213089802130898,5,0,Ductal basal
25041,21M_R1,21M,TGTCAGATCGTGGTAT-1,5729,2874,0.12218537266538664,22,8,Acinar basal
25045,21M_R1,21M,TGTCCACAGTTCATCG-1,6070,2766,0.13179571663920922,12,5,Ductal basal
25046,21M_R1,21M,TGTCCACCAAGACGAC-1,5220,2468,0.1724137931034483,7,2,Ductal basal
25050,21M_R1,21M,TGTCCCAAGCGTGAGT-1,3065,1696,0.1631321370309951,7,2,Ductal basal
25053,21M_R1,21M,TGTCCCACATGGGCAA-1,3876,1976,0.07739938080495357,25,9,Ductal basal
25055,21M_R1,21M,TGTCCCAGTGCGGCTT-1,4462,2419,0.06723442402510085,5,0,Ductal basal
25058,21M_R1,21M,TGTCCCATCTCTAAGG-1,3378,1788,0.08880994671403197,24,3,Ductal suprabasal
25061,21M_R1,21M,TGTCCTGCAATCACGT-1,3370,2016,0.3264094955489614,5,0,Ductal basal
25064,21M_R1,21M,TGTCCTGCAGTTAGAA-1,2727,1606,0.07334066740007333,7,2,Ductal basal
25066,21M_R1,21M,TGTCCTGGTCTGTCCT-1,7023,3263,0.028477858465043433,5,0,Ductal basal
25068,21M_R1,21M,TGTCCTGTCGCATTGA-1,3075,1971,0.3252032520325203,22,8,Acinar basal
25071,21M_R1,21M,TGTGAGTAGGATACCG-1,3811,1975,0.23615848858567304,5,0,Ductal basal
25074,21M_R1,21M,TGTGAGTGTAATCAAG-1,1277,912,0.6264682850430697,9,1,Ductular
25078,21M_R1,21M,TGTGATGAGCTGACAG-1,6108,3009,0.13097576948264572,23,1,Ductular
25080,21M_R1,21M,TGTGATGCAGCTTCCT-1,6766,3009,0.2660360626662725,7,2,Ductal basal
25083,21M_R1,21M,TGTGATGGTAGAATAC-1,4417,2447,0.11319900384876612,5,0,Ductal basal
25084,21M_R1,21M,TGTGATGGTAGGGAGG-1,4328,2391,0.30036968576709794,9,1,Ductular
25086,21M_R1,21M,TGTGATGGTGCCTACG-1,4928,2554,0.08116883116883117,5,0,Ductal basal
25087,21M_R1,21M,TGTGATGGTGGCCACT-1,3448,1900,0.17401392111368907,16,4,Orifice
25099,21M_R1,21M,TGTGCGGTCTCGAGTA-1,3452,1937,0.17381228273464658,5,0,Ductal basal
25101,21M_R1,21M,TGTGGCGAGGAGGTTC-1,7214,2720,0.19406709176601053,23,2,Ductal basal
25102,21M_R1,21M,TGTGGCGAGGTTCTTG-1,10298,4230,0.06797436395416585,25,9,Ductal basal
25107,21M_R1,21M,TGTGGCGGTTGCTCAA-1,6209,3121,0.2899017555161862,22,8,Acinar basal
25108,21M_R1,21M,TGTGGCGTCAATCGGT-1,8752,3656,0.011425959780621572,16,4,Orifice
25113,21M_R1,21M,TGTGTGACAGTCGGTC-1,12120,4442,0.09900990099009901,5,0,Ductal basal
25114,21M_R1,21M,TGTGTGACATGAAGGC-1,9162,3832,0.07640253219821,5,0,Ductal basal
25116,21M_R1,21M,TGTGTGAGTTACACTG-1,6537,3027,0.04589261128958238,16,4,Orifice
25124,21M_R1,21M,TGTTACTAGTGCGCTC-1,5874,2734,0.32345931222335716,12,5,Ductal basal
25129,21M_R1,21M,TGTTACTGTACTGAGG-1,5919,2512,0.18584220307484373,16,4,Orifice
25130,21M_R1,21M,TGTTACTGTATCGCAT-1,7559,3303,0.026458526260087312,5,0,Ductal basal
25131,21M_R1,21M,TGTTACTGTGGCACTC-1,5296,2512,0.056646525679758315,16,4,Orifice
25132,21M_R1,21M,TGTTACTTCTGCCCTA-1,7135,3348,0.08409250175192712,5,0,Ductal basal
25135,21M_R1,21M,TGTTCATCACCTCTGT-1,2994,1721,0.033400133600534405,16,4,Orifice
25139,21M_R1,21M,TGTTCATTCTTCCGTG-1,4838,2587,0.0413393964448119,7,2,Ductal basal
25140,21M_R1,21M,TGTTCCGAGAAACCAT-1,9651,4006,0.062169723344731115,5,0,Ductal basal
25141,21M_R1,21M,TGTTCCGAGAGACAAG-1,2371,1477,0.08435259384226065,9,3,Ductal suprabasal
25143,21M_R1,21M,TGTTCCGAGGTTCATC-1,4370,2379,0.1830663615560641,22,8,Acinar basal
25144,21M_R1,21M,TGTTCCGCAATGCAGG-1,6553,3421,0.22890279261406987,22,8,Acinar basal
25148,21M_R1,21M,TGTTCCGTCGGTGTTA-1,9787,4138,0.09195872075201798,16,1,Ductular
25149,21M_R1,21M,TGTTCCGTCTCGCGTT-1,6251,3050,0.047992321228603425,5,0,Ductal basal
25150,21M_R1,21M,TGTTCTACACCCTCTA-1,3594,1954,0.13912075681691707,20,1,Ductular
25151,21M_R1,21M,TGTTCTACACGAAGAC-1,1903,1261,0.10509721492380451,24,3,Ductal suprabasal
25159,21M_R1,21M,TGTTGAGAGTGACCTT-1,3970,2157,0.10075566750629722,5,0,Ductal basal
25160,21M_R1,21M,TGTTGAGCAAATGATG-1,4631,2413,0.06478082487583675,9,1,Ductular
25162,21M_R1,21M,TGTTGAGCAGCTATAC-1,4044,2299,0.12363996043521265,35,7,Differentiating meibocyte
25163,21M_R1,21M,TGTTGAGGTCAAAGCG-1,3718,2156,0.08068854222700376,5,0,Ductal basal
25164,21M_R1,21M,TGTTGAGGTCACTCAA-1,4857,2633,0.20588840848260243,22,8,Acinar basal
25165,21M_R1,21M,TGTTGAGGTCCCGTGA-1,5708,2944,0.1401541695865452,5,0,Ductal basal
25174,21M_R1,21M,TGTTGGACACTATCCC-1,3663,2099,0.054600054600054605,5,0,Ductal basal
25182,21M_R1,21M,TTAATCCGTCACCTTC-1,3805,2108,0.3416557161629435,9,1,Ductular
25183,21M_R1,21M,TTAATCCGTCATGACT-1,6814,3139,0.146756677428823,24,3,Ductal suprabasal
25190,21M_R1,21M,TTACAGGCATGGAGAC-1,7618,3467,0.07876082961407194,9,1,Ductular
25194,21M_R1,21M,TTACAGGGTTGGACTT-1,5234,2859,0.09552923194497516,22,8,Acinar basal
25195,21M_R1,21M,TTACAGGTCACGGTCG-1,3309,1778,0.060441220912662436,16,4,Orifice
25197,21M_R1,21M,TTACCATCAACGTATC-1,3203,1706,0.031220730565095226,7,2,Ductal basal
25200,21M_R1,21M,TTACCATGTCACAGTT-1,2594,1570,0.6553585196607555,12,4,Orifice
25201,21M_R1,21M,TTACCATGTCGGCACT-1,5550,2763,0.09009009009009009,25,9,Ductal basal
25203,21M_R1,21M,TTACCATGTTCACCGG-1,2254,1442,0.1774622892635315,7,2,Ductal basal
25204,21M_R1,21M,TTACCATGTTGCCTAA-1,8677,3333,0.05762360262763627,16,4,Orifice
25205,21M_R1,21M,TTACCATTCAAACGAA-1,2323,1515,0.2152389151958674,12,5,Ductal basal
25208,21M_R1,21M,TTACCGCAGCGACTAG-1,10039,3844,0.1494172726367168,16,4,Orifice
25209,21M_R1,21M,TTACCGCAGTCATCGT-1,5926,2659,0.11812352345595681,9,1,Ductular
25215,21M_R1,21M,TTACCGCTCATCGACA-1,5360,2504,0.18656716417910446,7,2,Ductal basal
25220,21M_R1,21M,TTACGCCCATAAGCAA-1,8122,3615,0.08618566855454322,5,0,Ductal basal
25233,21M_R1,21M,TTACTGTAGAATAACC-1,3883,2136,0.12876641771825909,24,1,Ductular
25234,21M_R1,21M,TTACTGTAGACACACG-1,3493,1854,0.11451474377326079,9,1,Ductular
25235,21M_R1,21M,TTACTGTAGCGCCTCA-1,2871,1683,0.24381748519679552,5,0,Ductal basal
25237,21M_R1,21M,TTACTGTCAAGCGAAC-1,6531,2965,0.13780431786862654,12,5,Ductal basal
25238,21M_R1,21M,TTACTGTTCACCTCGT-1,3927,2274,0.10185892538833714,5,0,Ductal basal
25246,21M_R1,21M,TTAGGCACATGTTACG-1,8587,3636,0.139746127867707,5,0,Ductal basal
25252,21M_R1,21M,TTAGGCATCCAAGCTA-1,3335,1856,0.11994002998500748,16,4,Orifice
25256,21M_R1,21M,TTAGGCATCTCGCAGG-1,3150,1862,0.6666666666666667,20,3,Ductal suprabasal
25257,21M_R1,21M,TTAGGCATCTCGTCAC-1,7003,3143,0.07139797229758674,25,9,Ductal basal
25259,21M_R1,21M,TTAGGGTAGTCTAGAA-1,3503,2021,0.0,5,0,Ductal basal
25260,21M_R1,21M,TTAGGGTAGTGAGGCT-1,2654,1616,0.07535795026375283,23,1,Ductular
25266,21M_R1,21M,TTAGGGTGTCTTGAAC-1,4381,2526,0.25108422734535496,22,8,Acinar basal
25267,21M_R1,21M,TTAGGGTGTGCCGAAA-1,2869,1697,0.34855350296270476,12,5,Ductal basal
25268,21M_R1,21M,TTAGGGTGTTGAATCC-1,7028,3141,0.07114399544678429,12,4,Orifice
25277,21M_R1,21M,TTAGTCTGTAGCTTAC-1,4019,2405,0.04976362279173924,9,1,Ductular
25278,21M_R1,21M,TTAGTCTTCCGCATAA-1,3492,1832,0.3150057273768614,35,7,Differentiating meibocyte
25279,21M_R1,21M,TTATTGCAGCACACAG-1,4536,2329,0.11022927689594356,5,2,Ductal basal
25285,21M_R1,21M,TTATTGCGTGAACTAA-1,1909,1311,0.10476689366160294,10,0,Ductal basal
25286,21M_R1,21M,TTATTGCTCATTTACC-1,6173,2936,0.0971974728657055,12,4,Orifice
25288,21M_R1,21M,TTATTGCTCGAAGGAC-1,4534,2467,0.08822232024702249,5,0,Ductal basal
25295,21M_R1,21M,TTCAATCTCACGACTA-1,2316,1456,0.1295336787564767,7,4,Orifice
25300,21M_R1,21M,TTCACCGAGCTTTCTT-1,5848,2845,0.10259917920656635,5,0,Ductal basal
25312,21M_R1,21M,TTCACGCGTGTCTTCC-1,4484,2380,0.20071364852809992,20,3,Ductal suprabasal
25315,21M_R1,21M,TTCAGGAAGTCAGCCC-1,5795,3059,0.13805004314063848,22,8,Acinar basal
25316,21M_R1,21M,TTCAGGAAGTGGTTAA-1,2074,1279,0.14464802314368372,16,4,Orifice
25317,21M_R1,21M,TTCAGGACACCATATG-1,10236,4163,0.06838608831574833,7,2,Ductal basal
25322,21M_R1,21M,TTCAGGAGTAGAGATT-1,1609,1082,0.5593536357986327,12,5,Ductal basal
25325,21M_R1,21M,TTCAGGAGTCGAAACG-1,2514,1469,0.15910898965791567,7,2,Ductal basal
25326,21M_R1,21M,TTCAGGAGTTACACTG-1,4340,2135,0.20737327188940094,24,3,Ductal suprabasal
25327,21M_R1,21M,TTCAGGATCCTTATAC-1,2273,1555,0.08798944126704795,9,1,Ductular
25329,21M_R1,21M,TTCATGTCAAACGAGC-1,2717,1593,0.0736105999263894,7,2,Ductal basal
25330,21M_R1,21M,TTCATGTCACAGTATC-1,10258,4027,0.03899395593682979,5,0,Ductal basal
25340,21M_R1,21M,TTCATTGTCATACAGC-1,5000,2404,0.1,12,5,Ductal basal
25341,21M_R1,21M,TTCCAATAGGTGTGAC-1,2765,1623,0.433996383363472,5,0,Ductal basal
25342,21M_R1,21M,TTCCAATAGTAGGGTC-1,3333,1859,0.09000900090009001,9,4,Orifice
25346,21M_R1,21M,TTCCACGAGAATGTTG-1,1830,1194,0.273224043715847,23,3,Ductal suprabasal
25347,21M_R1,21M,TTCCACGAGCATGCAG-1,3964,2339,0.12613521695257315,22,7,Differentiating meibocyte
25349,21M_R1,21M,TTCCACGAGTCATGAA-1,5926,2953,0.016874789065136685,35,7,Differentiating meibocyte
25350,21M_R1,21M,TTCCACGGTCCAAGAG-1,2707,1520,3.361654968599926,7,2,Ductal basal
25351,21M_R1,21M,TTCCACGGTCCATAGT-1,3818,2211,0.10476689366160294,7,3,Ductal suprabasal
25352,21M_R1,21M,TTCCGGTAGGATGTTA-1,3970,2091,0.025188916876574305,12,5,Ductal basal
25353,21M_R1,21M,TTCCGGTCAAGTGCTT-1,2401,1470,0.04164931278633903,16,4,Orifice
25360,21M_R1,21M,TTCCGTGCACTGGATT-1,9709,3813,0.09269749716757647,12,5,Ductal basal
25364,21M_R1,21M,TTCCTAAAGCTGTACT-1,6644,3256,0.09030704394942805,25,9,Ductal basal
25365,21M_R1,21M,TTCCTAACAGTGTGCC-1,6287,2787,0.04771751232702402,5,0,Ductal basal
25372,21M_R1,21M,TTCCTCTGTAGATGTA-1,2820,1703,0.10638297872340426,16,4,Orifice
25373,21M_R1,21M,TTCCTCTGTTGCCTAA-1,6448,3133,0.18610421836228289,12,5,Ductal basal
25375,21M_R1,21M,TTCCTCTGTTTCGTTT-1,11434,3631,0.08745845723281441,35,7,Differentiating meibocyte
25378,21M_R1,21M,TTCCTTCAGAGCCATG-1,1163,750,0.5159071367153912,16,4,Orifice
25384,21M_R1,21M,TTCCTTCGTTCGAAGG-1,3581,1970,0.05585032113934655,12,5,Ductal basal
25388,21M_R1,21M,TTCGATTAGTCCTACA-1,5353,2604,0.16813002054922474,16,4,Orifice
25393,21M_R1,21M,TTCGATTGTCCCTGTT-1,3666,1972,0.2182214948172395,12,5,Ductal basal
25396,21M_R1,21M,TTCGATTTCCTCGCAT-1,6137,3053,0.21182988430829397,20,3,Ductal suprabasal
25400,21M_R1,21M,TTCGCTGAGCTTAGTC-1,4301,2292,0.13950244129272263,5,2,Ductal basal
25402,21M_R1,21M,TTCGCTGCACGTCGGT-1,4853,2742,0.082423243354626,22,8,Acinar basal
25404,21M_R1,21M,TTCGCTGGTACTGCCG-1,4621,2429,0.08656135035706557,9,1,Ductular
25407,21M_R1,21M,TTCGGTCCAAATAGCA-1,3545,2108,0.028208744710860365,5,0,Ductal basal
25408,21M_R1,21M,TTCGGTCCAACAGATA-1,2095,1394,0.1431980906921241,22,7,Differentiating meibocyte
25411,21M_R1,21M,TTCGGTCGTTCTCTCG-1,1995,1223,0.6516290726817042,7,2,Ductal basal
25413,21M_R1,21M,TTCGGTCTCCGTTGAA-1,6946,3223,0.10077742585660812,9,1,Ductular
25420,21M_R1,21M,TTCTAACGTTGTTGCA-1,3584,2066,0.16741071428571427,10,0,Ductal basal
25421,21M_R1,21M,TTCTAACTCCACCCTA-1,4871,2748,0.020529665366454525,25,9,Ductal basal
25422,21M_R1,21M,TTCTAGTAGAGTCAGC-1,3573,1992,0.22390148334732718,5,0,Ductal basal
25424,21M_R1,21M,TTCTAGTCAGCTATAC-1,3860,2029,0.18134715025906736,16,4,Orifice
25428,21M_R1,21M,TTCTCTCAGGTGTGAC-1,3701,2008,0.0810591731964334,12,5,Ductal basal
25430,21M_R1,21M,TTCTCTCCAGCCTACG-1,8323,3570,0.024029796948215786,5,0,Ductal basal
25433,21M_R1,21M,TTCTCTCTCTACGCAA-1,2363,1373,0.29623360135421073,23,3,Ductal suprabasal
25435,21M_R1,21M,TTCTGTACAAAGAACT-1,1706,1072,0.23446658851113714,7,2,Ductal basal
25436,21M_R1,21M,TTCTGTACAAGTTTGC-1,6934,3097,0.11537352177675222,29,7,Differentiating meibocyte
25437,21M_R1,21M,TTCTGTACAGTTGTCA-1,12191,4399,0.057419407759822814,12,0,Ductal basal
25438,21M_R1,21M,TTCTGTAGTACGTGTT-1,3814,1980,0.05243838489774515,5,2,Ductal basal
25439,21M_R1,21M,TTCTGTAGTATCACCA-1,9356,3792,0.05344164172723387,9,5,Ductal basal
25440,21M_R1,21M,TTCTGTAGTATGGAAT-1,3220,1854,0.43478260869565216,12,5,Ductal basal
25441,21M_R1,21M,TTCTGTATCCCATAGA-1,4502,2433,0.0444247001332741,9,1,Ductular
25443,21M_R1,21M,TTCTTCCCAAGCAATA-1,4327,2125,0.13866420152530623,12,5,Ductal basal
25445,21M_R1,21M,TTCTTCCCACTGTCCT-1,7391,3386,0.04058990664321472,24,3,Ductal suprabasal
25448,21M_R1,21M,TTCTTCCTCACGGGAA-1,1120,813,0.08928571428571429,7,2,Ductal basal
25449,21M_R1,21M,TTCTTCCTCACTGAAC-1,3099,1864,0.22587931590835753,25,3,Ductal suprabasal
25453,21M_R1,21M,TTCTTGACAATTGAAG-1,2714,1668,0.14738393515106854,12,5,Ductal basal
25455,21M_R1,21M,TTCTTGAGTGCGTGCT-1,2011,1366,0.09945300845350571,5,2,Ductal basal
25458,21M_R1,21M,TTCTTGATCTACACTT-1,4154,2314,0.02407318247472316,16,4,Orifice
25461,21M_R1,21M,TTCTTGATCTGTCAGA-1,8524,3601,0.04692632566870014,16,4,Orifice
25466,21M_R1,21M,TTGAACGGTGCGACAA-1,3219,1916,0.3417210313762038,5,0,Ductal basal
25467,21M_R1,21M,TTGAACGTCAACTGAC-1,3910,1972,0.10230179028132991,12,5,Ductal basal
25468,21M_R1,21M,TTGACCCAGCGACATG-1,5306,2870,0.09423294383716548,9,4,Orifice
25471,21M_R1,21M,TTGACCCCAAACAGGC-1,1352,953,0.14792899408284024,16,4,Orifice
25473,21M_R1,21M,TTGACCCCACTTTAGG-1,5679,2876,0.07043493572812115,12,4,Orifice
25474,21M_R1,21M,TTGACCCCAGCGGATA-1,4090,2112,0.09779951100244498,12,5,Ductal basal
25477,21M_R1,21M,TTGAGTGCAAACGTGG-1,10657,3978,0.13136905320446654,5,0,Ductal basal
25478,21M_R1,21M,TTGAGTGCAAAGGGTC-1,3988,2274,0.15045135406218654,7,2,Ductal basal
25479,21M_R1,21M,TTGAGTGCATAGATCC-1,4648,2526,0.27969018932874357,22,8,Acinar basal
25490,21M_R1,21M,TTGATGGGTACAAACA-1,2414,1514,0.041425020712510356,9,1,Ductular
25492,21M_R1,21M,TTGCATTAGAAGTCCG-1,4816,2640,0.29069767441860467,25,9,Ductal basal
25493,21M_R1,21M,TTGCATTAGCAATTCC-1,4193,1917,0.04769854519437157,7,2,Ductal basal
25499,21M_R1,21M,TTGCATTTCAATCGGT-1,3785,2112,0.34346103038309117,20,3,Ductal suprabasal
25506,21M_R1,21M,TTGCCTGTCCTGCCAT-1,1910,1261,0.10471204188481677,10,5,Ductal basal
25508,21M_R1,21M,TTGCGTCAGGATTTCC-1,3506,1864,0.08556759840273817,16,4,Orifice
25509,21M_R1,21M,TTGCGTCAGTGCAGCA-1,2743,1721,0.10936930368209989,29,7,Differentiating meibocyte
25510,21M_R1,21M,TTGCGTCGTCAACATC-1,2541,1544,0.15741833923652104,23,1,Ductular
25512,21M_R1,21M,TTGCGTCTCATTTGTC-1,4016,2082,0.24900398406374502,7,2,Ductal basal
25522,21M_R1,21M,TTGCTGCTCCTATGGA-1,1833,1234,0.10911074740861974,9,1,Ductular
25524,21M_R1,21M,TTGGATGAGAATAGTC-1,2512,1518,0.07961783439490447,9,1,Ductular
25529,21M_R1,21M,TTGGATGGTACCTTCC-1,11251,4093,0.07999288952093148,16,4,Orifice
25534,21M_R1,21M,TTGGGATAGCGAGAAA-1,2530,1525,0.0,9,1,Ductular
25535,21M_R1,21M,TTGGGATAGGTTACAA-1,3644,2149,0.27442371020856204,12,5,Ductal basal
25538,21M_R1,21M,TTGGGATCAGAGTCAG-1,4973,2252,0.1407601045646491,23,1,Ductular
25542,21M_R1,21M,TTGGGATTCAGAGCGA-1,5243,2855,0.17165744802593935,20,3,Ductal suprabasal
25543,21M_R1,21M,TTGGGATTCCGATAAC-1,1462,933,0.27359781121751026,7,2,Ductal basal
25544,21M_R1,21M,TTGGGATTCTAGAACC-1,8435,3577,0.4505038529934795,20,3,Ductal suprabasal
25545,21M_R1,21M,TTGGGATTCTGAGATC-1,8032,3723,0.049800796812749,9,2,Ductal basal
25546,21M_R1,21M,TTGGGATTCTTGGGCG-1,4665,2533,0.04287245444801715,5,2,Ductal basal
25548,21M_R1,21M,TTGGGCGAGCAGAAAG-1,1724,1245,0.23201856148491878,5,2,Ductal basal
25549,21M_R1,21M,TTGGGCGAGCGCCTCA-1,4435,2537,0.06764374295377677,22,8,Acinar basal
25550,21M_R1,21M,TTGGGCGAGGCACCAA-1,5840,2837,0.08561643835616438,12,5,Ductal basal
25556,21M_R1,21M,TTGGGCGGTAGCTTTG-1,1494,1063,0.2677376171352075,23,1,Ductular
25560,21M_R1,21M,TTGGGCGTCGACGCTG-1,4404,2433,0.31789282470481384,5,0,Ductal basal
25562,21M_R1,21M,TTGGGTAAGAGCTGCA-1,4068,2366,0.14749262536873156,9,1,Ductular
25567,21M_R1,21M,TTGGGTAAGTTGGAGC-1,5874,3048,0.08512087163772557,5,0,Ductal basal
25572,21M_R1,21M,TTGGTTTCACTGTCGG-1,5525,2833,0.05429864253393665,5,0,Ductal basal
25574,21M_R1,21M,TTGGTTTGTACCCGCA-1,12254,4266,0.10608780806267341,16,4,Orifice
25579,21M_R1,21M,TTGTGGAAGTTTCGAC-1,6698,3078,0.17915795759928338,16,4,Orifice
25586,21M_R1,21M,TTGTGGAGTGCAGATG-1,4984,2755,0.18057784911717495,12,5,Ductal basal
25587,21M_R1,21M,TTGTGGAGTGGACCTC-1,6068,2991,0.06591957811470006,5,0,Ductal basal
25591,21M_R1,21M,TTGTGGATCGATTTCT-1,6191,3210,0.12921983524471006,5,0,Ductal basal
25593,21M_R1,21M,TTGTGGATCTTTGGAG-1,891,674,0.6734006734006733,29,7,Differentiating meibocyte
25594,21M_R1,21M,TTGTGTTAGGACAAGA-1,3754,2217,0.07991475759190196,9,1,Ductular
25595,21M_R1,21M,TTGTGTTCACTTCATT-1,10254,3532,0.058513750731421885,12,5,Ductal basal
25596,21M_R1,21M,TTGTGTTCAGAGAAAG-1,3186,1900,0.09416195856873823,29,7,Differentiating meibocyte
25604,21M_R1,21M,TTGTTCAAGTCGAAGC-1,4269,2634,0.09369875849144998,25,9,Ductal basal
25606,21M_R1,21M,TTGTTCAGTAAGGCCA-1,11452,3640,0.36674816625916873,29,7,Differentiating meibocyte
25607,21M_R1,21M,TTGTTCATCTCAACCC-1,4631,2192,0.1295616497516735,16,4,Orifice
25608,21M_R1,21M,TTGTTGTAGCAGCGAT-1,2966,1699,0.10114632501685772,5,2,Ductal basal
25609,21M_R1,21M,TTGTTGTAGGCCTGAA-1,8257,3608,0.07266561705219814,23,1,Ductular
25614,21M_R1,21M,TTGTTGTGTAAGATCA-1,3352,1868,0.0,23,1,Ductular
25617,21M_R1,21M,TTGTTTGAGATTGATG-1,8597,3835,0.17447946958241248,25,9,Ductal basal
25618,21M_R1,21M,TTGTTTGCAGAGGGTT-1,2172,1365,0.32228360957642727,16,4,Orifice
25620,21M_R1,21M,TTGTTTGCATAGGCGA-1,1791,1160,0.11166945840312675,24,3,Ductal suprabasal
25622,21M_R1,21M,TTGTTTGGTCAGTCCG-1,3061,1804,0.2613524991832734,5,0,Ductal basal
25623,21M_R1,21M,TTGTTTGTCAGCAATC-1,4623,2426,0.1081548777849881,24,3,Ductal suprabasal
25624,21M_R1,21M,TTGTTTGTCGCGAAGA-1,6931,3249,0.10099552734093205,5,0,Ductal basal
25626,21M_R1,21M,TTGTTTGTCTTACACT-1,1739,1199,0.17251293847038526,20,3,Ductal suprabasal
25632,21M_R1,21M,TTTACGTAGCAACAAT-1,2698,1553,0.14825796886582654,35,7,Differentiating meibocyte
25634,21M_R1,21M,TTTACGTAGTCACTGT-1,5347,2267,0.09351037965214139,12,5,Ductal basal
25639,21M_R1,21M,TTTACGTCATGGTACT-1,9751,3973,0.07178750897343862,12,5,Ductal basal
25643,21M_R1,21M,TTTACGTTCGGAACTT-1,5612,2670,0.07127583749109052,12,5,Ductal basal
25646,21M_R1,21M,TTTACTGTCAAGGCTT-1,3680,2097,0.16304347826086957,5,0,Ductal basal
25662,21M_R1,21M,TTTCACACACATATGC-1,1778,1173,0.39370078740157477,9,1,Ductular
25664,21M_R1,21M,TTTCACACAGAGATTA-1,7629,3263,0.7340411587364005,23,3,Ductal suprabasal
25665,21M_R1,21M,TTTCACAGTAGCTTTG-1,3351,1688,0.029841838257236648,23,1,Ductular
25674,21M_R1,21M,TTTCAGTCACTAACGT-1,1609,1070,0.3729024238657551,20,3,Ductal suprabasal
25678,21M_R1,21M,TTTCAGTTCGTTCGCT-1,5319,2700,0.07520210565895845,5,0,Ductal basal
25680,21M_R1,21M,TTTCATGAGGATTTGA-1,2986,1774,0.16744809109176156,22,8,Acinar basal
25681,21M_R1,21M,TTTCATGAGGCACGAT-1,2675,1489,0.11214953271028037,7,2,Ductal basal
25685,21M_R1,21M,TTTCATGTCGCAATGT-1,10225,4094,0.07823960880195599,5,0,Ductal basal
25687,21M_R1,21M,TTTCCTCAGACCATAA-1,6003,2770,0.04997501249375312,7,2,Ductal basal
25688,21M_R1,21M,TTTCCTCAGCGACAGT-1,8527,3486,0.04690981587897267,29,7,Differentiating meibocyte
25689,21M_R1,21M,TTTCCTCAGGCGCTCT-1,5233,2405,0.07643798968087138,5,0,Ductal basal
25691,21M_R1,21M,TTTCCTCCAGGTGTTT-1,4087,2201,0.048935649620748714,5,0,Ductal basal
25692,21M_R1,21M,TTTCCTCGTGAGCAGT-1,3883,2210,0.05150656708730364,5,0,Ductal basal
25693,21M_R1,21M,TTTCCTCTCACGGGAA-1,2413,1368,0.12432656444260257,7,2,Ductal basal
25697,21M_R1,21M,TTTCGATAGCAACAGC-1,5595,2833,0.08936550491510277,9,4,Orifice
25701,21M_R1,21M,TTTGACTAGTGCCGAA-1,8921,3209,0.03362851698240108,35,10,Differentiated meibocyte
25702,21M_R1,21M,TTTGACTCAGATAAAC-1,2050,1327,0.1951219512195122,9,1,Ductular
25704,21M_R1,21M,TTTGACTGTGAACTAA-1,2350,1436,0.0425531914893617,23,1,Ductular
25705,21M_R1,21M,TTTGACTGTGTCGATT-1,4425,2092,0.06779661016949153,5,0,Ductal basal
25706,21M_R1,21M,TTTGACTTCGCTCTCA-1,2362,1459,0.12701100762066045,12,5,Ductal basal
25708,21M_R1,21M,TTTGATCAGCACACCC-1,10016,3664,0.3494408945686901,35,10,Differentiated meibocyte
25710,21M_R1,21M,TTTGATCAGTTCCAGT-1,5004,2577,0.21982414068745004,29,7,Differentiating meibocyte
25714,21M_R1,21M,TTTGATCTCGTAACAC-1,6471,3066,0.07726781023025807,5,0,Ductal basal
25718,21M_R1,21M,TTTGGAGCAAATGATG-1,3209,1729,0.12464942349641632,9,1,Ductular
25722,21M_R1,21M,TTTGGAGCAGGTCTCG-1,2303,1394,0.21710811984368217,23,1,Ductular
25724,21M_R1,21M,TTTGGAGCATTCAGCA-1,5301,2614,0.22637238256932654,25,2,Ductal basal
25725,21M_R1,21M,TTTGGAGGTCACAATC-1,3640,1875,0.054945054945054944,7,2,Ductal basal
25728,21M_R1,21M,TTTGGAGTCGAGCTGC-1,2757,1695,0.03627130939426913,12,5,Ductal basal
25735,21M_R1,21M,TTTGGTTCAATGGCAG-1,3851,2164,0.3116073747078681,5,0,Ductal basal
25737,21M_R1,21M,TTTGGTTTCTACAGGT-1,2450,1505,0.163265306122449,25,8,Acinar basal
25738,21M_R1,21M,TTTGTTGAGCTGTTCA-1,2676,1605,0.11210762331838565,16,4,Orifice
25739,21M_R1,21M,TTTGTTGAGTTGTCAC-1,1576,1070,0.12690355329949238,23,1,Ductular
25741,21M_R1,21M,TTTGTTGGTATATGGA-1,6719,2961,0.1934811727935705,24,3,Ductal suprabasal
25744,21M_R2,21M,AAACCCAAGAGCTGCA-1,7845,3544,0.11472275334608031,9,0,Ductal basal
25745,21M_R2,21M,AAACCCAAGGTCGTCC-1,2354,1426,0.1274426508071368,7,2,Ductal basal
25746,21M_R2,21M,AAACCCAAGTACAGCG-1,2820,1613,0.0,35,7,Differentiating meibocyte
25748,21M_R2,21M,AAACCCACAAATAGCA-1,2743,1505,0.14582573824279985,7,2,Ductal basal
25751,21M_R2,21M,AAACCCACAGCGTTTA-1,5932,3132,0.16857720836142953,9,1,Ductular
25754,21M_R2,21M,AAACCCATCGGCAGTC-1,3840,2125,0.15625,5,0,Ductal basal
25757,21M_R2,21M,AAACGAAGTAACAGTA-1,3461,1962,0.20225368390638546,9,1,Ductular
25759,21M_R2,21M,AAACGAATCGACACCG-1,3537,1916,0.11309018942606729,10,5,Ductal basal
25762,21M_R2,21M,AAACGCTAGTTTCAGC-1,5173,2468,0.15464913976416006,12,5,Ductal basal
25763,21M_R2,21M,AAACGCTCAAGAGTAT-1,3412,1912,0.20515826494724504,10,2,Ductal basal
25765,21M_R2,21M,AAACGCTGTAAGTAGT-1,3160,1826,0.06329113924050633,5,0,Ductal basal
25772,21M_R2,21M,AAACGCTTCGATGCAT-1,2949,1680,0.10172939979654119,12,5,Ductal basal
25775,21M_R2,21M,AAAGAACAGATAACGT-1,4096,2270,0.2197265625,16,4,Orifice
25776,21M_R2,21M,AAAGAACAGATAGCAT-1,3007,1726,0.06651147322913202,7,2,Ductal basal
25777,21M_R2,21M,AAAGAACGTTCCACAA-1,2940,1776,0.10204081632653061,9,1,Ductular
25779,21M_R2,21M,AAAGAACTCCGGACTG-1,2228,1386,0.08976660682226212,9,1,Ductular
25780,21M_R2,21M,AAAGAACTCGAGAAAT-1,2071,1226,0.14485755673587639,9,1,Ductular
25782,21M_R2,21M,AAAGGATAGATCGCCC-1,5233,2786,0.09554748710108925,29,7,Differentiating meibocyte
25788,21M_R2,21M,AAAGGATGTCCAGCCA-1,2355,1536,0.0,29,7,Differentiating meibocyte
25794,21M_R2,21M,AAAGGGCCAATACGCT-1,3602,1826,0.055524708495280406,7,2,Ductal basal
25795,21M_R2,21M,AAAGGGCCATAGGTTC-1,3481,1995,0.11490950876185005,12,5,Ductal basal
25796,21M_R2,21M,AAAGGGCTCGTTATCT-1,4267,2396,0.07030700726505743,5,0,Ductal basal
25797,21M_R2,21M,AAAGGTAAGAATCTAG-1,3146,1721,0.06357279084551812,5,0,Ductal basal
25798,21M_R2,21M,AAAGGTAAGGGATCTG-1,9467,3908,0.4964613922044998,25,9,Ductal basal
25805,21M_R2,21M,AAAGTCCCAACCAACT-1,1798,1119,0.11123470522803114,7,2,Ductal basal
25808,21M_R2,21M,AAAGTCCGTAGCCAGA-1,4998,2937,0.2801120448179272,22,8,Acinar basal
25811,21M_R2,21M,AAAGTGAAGAGTGGCT-1,5525,3000,0.07239819004524886,5,0,Ductal basal
25812,21M_R2,21M,AAAGTGAAGCACACCC-1,4802,2610,0.10412328196584757,25,9,Ductal basal
25816,21M_R2,21M,AAAGTGACAGCCCACA-1,4137,2308,0.1208605269518975,10,5,Ductal basal
25818,21M_R2,21M,AAAGTGACAGTGTGCC-1,4916,2735,0.10170870626525631,22,8,Acinar basal
25822,21M_R2,21M,AAATGGACATCGGAAG-1,3242,1940,0.1850709438618137,5,0,Ductal basal
25823,21M_R2,21M,AAATGGAGTAGCCAGA-1,3954,2358,0.1770359129994942,24,3,Ductal suprabasal
25824,21M_R2,21M,AAATGGAGTAGTCACT-1,4626,2389,0.10808473843493299,5,0,Ductal basal
25826,21M_R2,21M,AAATGGAGTTTCGGCG-1,2198,1274,0.27297543221110104,7,2,Ductal basal
25828,21M_R2,21M,AACAAAGAGCCTAGGA-1,4681,2514,0.6622516556291391,24,3,Ductal suprabasal
25839,21M_R2,21M,AACAACCAGAGTTGTA-1,4419,2118,0.15840687938447612,7,2,Ductal basal
25840,21M_R2,21M,AACAACCAGGACTAAT-1,4078,2245,0.07356547327121138,5,0,Ductal basal
25842,21M_R2,21M,AACAACCGTCTGCGCA-1,1820,1201,0.21978021978021978,23,1,Ductular
25844,21M_R2,21M,AACAACCTCCGTTTCG-1,7388,3190,0.10828370330265295,5,0,Ductal basal
25845,21M_R2,21M,AACAAGAAGACAGTCG-1,5393,2761,0.2595957722974226,20,1,Ductular
25847,21M_R2,21M,AACAAGAAGTACCGGA-1,2423,1502,0.08254230293025176,24,3,Ductal suprabasal
25851,21M_R2,21M,AACAAGATCATTCGGA-1,2406,1531,0.04156275976724855,12,5,Ductal basal
25852,21M_R2,21M,AACAAGATCCCGAATA-1,6459,3065,0.07741136398823348,5,0,Ductal basal
25855,21M_R2,21M,AACACACAGCATCTTG-1,2171,1152,0.36849378166743435,12,5,Ductal basal
25857,21M_R2,21M,AACACACGTTGTGTTG-1,6066,2943,0.13188262446422683,5,0,Ductal basal
25861,21M_R2,21M,AACACACTCTGATGGT-1,7567,3434,0.09250693802035154,5,0,Ductal basal
25865,21M_R2,21M,AACAGGGAGTCTGCAT-1,7045,2939,0.085166784953868,35,10,Differentiated meibocyte
25868,21M_R2,21M,AACAGGGGTTAAACCC-1,3677,1914,0.13598041881968997,23,1,Ductular
25871,21M_R2,21M,AACAGGGTCCTGCCAT-1,8070,3538,0.12391573729863693,9,1,Ductular
25873,21M_R2,21M,AACAGGGTCTAACGGT-1,5976,2757,0.13386880856760375,10,0,Ductal basal
25876,21M_R2,21M,AACCAACTCGTTCATT-1,4301,2212,0.023250406882120437,12,5,Ductal basal
25880,21M_R2,21M,AACCACAGTAGTAAGT-1,6434,3097,0.046627292508548336,5,0,Ductal basal
25883,21M_R2,21M,AACCACATCCCATTCG-1,6417,3124,0.07791803023219572,20,1,Ductular
25885,21M_R2,21M,AACCACATCGGTCAGC-1,4627,2605,0.15128593040847202,9,1,Ductular
25886,21M_R2,21M,AACCACATCTCTATGT-1,4031,2131,0.14884644008930786,12,5,Ductal basal
25889,21M_R2,21M,AACCATGCAGATCCTA-1,2768,1645,0.18063583815028902,7,2,Ductal basal
25893,21M_R2,21M,AACCCAAAGCCACTCG-1,4900,2260,0.163265306122449,7,2,Ductal basal
25894,21M_R2,21M,AACCCAAAGCTCTTCC-1,2586,1488,0.11600928074245939,7,2,Ductal basal
25896,21M_R2,21M,AACCCAATCGCTCTAC-1,3411,1965,0.05863383172090296,9,1,Ductular
25897,21M_R2,21M,AACCTGAAGTTCCTGA-1,3865,2158,0.18111254851228978,5,0,Ductal basal
25898,21M_R2,21M,AACCTGAAGTTGCTCA-1,3601,2163,0.30547070258261594,22,8,Acinar basal
25900,21M_R2,21M,AACCTGACAGGCAATG-1,4285,2133,0.07001166861143523,7,2,Ductal basal
25901,21M_R2,21M,AACCTGACATGAAGGC-1,7256,3428,0.12403528114663727,5,2,Ductal basal
25905,21M_R2,21M,AACCTGATCTCGCCTA-1,3919,2269,0.10206685378923194,16,4,Orifice
25907,21M_R2,21M,AACCTTTAGATAGTCA-1,2847,1837,0.10537407797681769,16,4,Orifice
25910,21M_R2,21M,AACCTTTCACGCGGTT-1,3992,2286,0.125250501002004,22,0,Ductal basal
25912,21M_R2,21M,AACCTTTGTGGACCTC-1,7067,2982,0.07075137965190322,16,4,Orifice
25916,21M_R2,21M,AACCTTTTCGGACTTA-1,3670,2077,0.2452316076294278,12,5,Ductal basal
25918,21M_R2,21M,AACGAAACAAATCGTC-1,3543,1901,0.0846740050804403,9,4,Orifice
25919,21M_R2,21M,AACGAAACAGCTACAT-1,9309,3634,0.07519604683639489,5,0,Ductal basal
25925,21M_R2,21M,AACGGGAGTACTGGGA-1,2950,1763,0.2033898305084746,23,1,Ductular
25926,21M_R2,21M,AACGGGAGTCCTACGG-1,5291,2499,0.11340011340011338,16,4,Orifice
25933,21M_R2,21M,AACGTCATCCAATCTT-1,3356,1932,0.14898688915375446,10,2,Ductal basal
25935,21M_R2,21M,AACGTCATCTGAGATC-1,5386,2754,0.03713330857779428,9,1,Ductular
25937,21M_R2,21M,AACTTCTCAGGCATGA-1,3391,1827,0.23591860808021234,23,1,Ductular
25940,21M_R2,21M,AACTTCTTCCACGTAA-1,2751,1589,0.10905125408942204,5,0,Ductal basal
25944,21M_R2,21M,AAGAACAAGAGGCGGA-1,1832,1216,0.10917030567685589,7,2,Ductal basal
25947,21M_R2,21M,AAGAACACATTGACCA-1,2173,1344,0.04601932811780948,7,2,Ductal basal
25948,21M_R2,21M,AAGAACACATTGAGGG-1,3314,1961,0.12070006035003018,23,1,Ductular
25949,21M_R2,21M,AAGAACAGTAGATCCT-1,3583,1858,0.19536701088473346,10,2,Ductal basal
25954,21M_R2,21M,AAGACAAAGCACACAG-1,2975,1832,0.20168067226890757,5,0,Ductal basal
25956,21M_R2,21M,AAGACAAAGTCATACC-1,3449,2073,0.17396346767178894,20,3,Ductal suprabasal
25957,21M_R2,21M,AAGACAAAGTTAGTAG-1,4205,2347,0.1426872770511296,5,0,Ductal basal
25958,21M_R2,21M,AAGACAAAGTTTCTTC-1,2715,1628,0.07366482504604051,12,1,Ductular
25959,21M_R2,21M,AAGACAACACTACAGT-1,2791,1621,0.14331780723754925,7,2,Ductal basal
25962,21M_R2,21M,AAGACAACATGGCTGC-1,6940,3369,0.07204610951008646,16,4,Orifice
25964,21M_R2,21M,AAGACAAGTGTTTCTT-1,10595,4384,0.018876828692779613,22,2,Ductal basal
25965,21M_R2,21M,AAGACAAGTTTCGACA-1,4231,2180,0.0,16,4,Orifice
25967,21M_R2,21M,AAGACTCAGCGCTTCG-1,2572,1254,0.46656298600311047,16,4,Orifice
25968,21M_R2,21M,AAGACTCAGGAACTCG-1,3850,2139,0.1038961038961039,5,0,Ductal basal
25970,21M_R2,21M,AAGACTCCACCGTGAC-1,3565,1953,0.22440392706872372,12,5,Ductal basal
25972,21M_R2,21M,AAGACTCCACTGATTG-1,4111,2312,2.8460228654828508,20,3,Ductal suprabasal
25976,21M_R2,21M,AAGATAGAGCATCAGG-1,5514,2713,0.14508523757707653,23,1,Ductular
25986,21M_R2,21M,AAGCATCGTTCCGCTT-1,3727,2104,0.13415615776764153,12,5,Ductal basal
25992,21M_R2,21M,AAGCCATCATGAAAGT-1,4313,2416,0.9506144215163459,29,7,Differentiating meibocyte
25994,21M_R2,21M,AAGCCATTCACGGAGA-1,2198,1426,0.5914467697907189,29,7,Differentiating meibocyte
26004,21M_R2,21M,AAGCGAGTCCCTCAAC-1,5447,3003,0.14686983660730676,20,3,Ductal suprabasal
26007,21M_R2,21M,AAGGAATAGAAGCCTG-1,2823,1754,0.14169323414806942,5,0,Ductal basal
26009,21M_R2,21M,AAGGAATAGCCATATC-1,3453,2074,0.057920648711265565,16,4,Orifice
26012,21M_R2,21M,AAGGAATCACAATGTC-1,3377,1840,0.14806040864672787,9,1,Ductular
26014,21M_R2,21M,AAGGAATCATTCACCC-1,2589,1379,0.5793742757821553,7,2,Ductal basal
26016,21M_R2,21M,AAGGAATGTGGACCAA-1,5406,2684,0.20347761746207915,16,4,Orifice
26020,21M_R2,21M,AAGGTAATCCCTCGTA-1,4481,2401,0.11158223610801161,5,0,Ductal basal
26026,21M_R2,21M,AAGTACCAGGTGCCTC-1,2182,1365,0.27497708524289644,12,5,Ductal basal
26029,21M_R2,21M,AAGTACCAGTCTGCGC-1,2867,1800,0.17439832577607256,5,0,Ductal basal
26031,21M_R2,21M,AAGTACCGTGCAGGAT-1,3484,1611,0.0,35,10,Differentiated meibocyte
26036,21M_R2,21M,AAGTCGTGTGGCTCTG-1,8492,3965,0.1413094677343382,5,0,Ductal basal
26040,21M_R2,21M,AAGTGAAAGGAACGAA-1,3366,2017,0.08912655971479501,5,0,Ductal basal
26041,21M_R2,21M,AAGTGAAAGGAGACCT-1,5550,2808,1.2972972972972971,29,7,Differentiating meibocyte
26042,21M_R2,21M,AAGTGAAGTGGAACAC-1,6994,3052,0.057191878753217046,5,0,Ductal basal
26043,21M_R2,21M,AAGTGAAGTGGTCCCA-1,5386,2445,0.05569996286669142,16,4,Orifice
26045,21M_R2,21M,AAGTGAATCTTCCTAA-1,3703,2277,0.054010261949770454,25,9,Ductal basal
26048,21M_R2,21M,AAGTTCGCAAAGGCTG-1,1644,995,0.30413625304136255,7,2,Ductal basal
26052,21M_R2,21M,AAGTTCGGTGAAGCTG-1,2157,1312,0.13908205841446453,9,1,Ductular
26054,21M_R2,21M,AAGTTCGTCCTGTAGA-1,950,781,0.21052631578947367,9,9,Ductal basal
26056,21M_R2,21M,AATAGAGGTATCAGGG-1,2826,1660,0.17692852087756544,23,1,Ductular
26057,21M_R2,21M,AATAGAGTCCCATTTA-1,3323,1895,0.06018657839301836,10,2,Ductal basal
26060,21M_R2,21M,AATCACGAGATTTGCC-1,671,513,0.5961251862891207,9,1,Ductular
26061,21M_R2,21M,AATCACGAGTGAGTTA-1,5847,2810,0.08551393877201983,5,0,Ductal basal
26068,21M_R2,21M,AATCGACAGTCTACCA-1,4659,2151,0.38634900193174504,12,1,Ductular
26070,21M_R2,21M,AATCGACCAAATACGA-1,4341,2309,0.09214466712739,22,8,Acinar basal
26073,21M_R2,21M,AATCGACGTAACGTTC-1,2493,1512,0.20056157240272765,5,2,Ductal basal
26077,21M_R2,21M,AATCGTGCAATCGCAT-1,3098,1741,0.06455777921239508,16,4,Orifice
26078,21M_R2,21M,AATCGTGCAGCCATTA-1,1270,860,0.15748031496062992,5,0,Ductal basal
26079,21M_R2,21M,AATCGTGCAGGCCTGT-1,3754,2147,0.15982951518380392,5,0,Ductal basal
26080,21M_R2,21M,AATCGTGGTTCGGCTG-1,3432,2030,0.1456876456876457,5,0,Ductal basal
26082,21M_R2,21M,AATGAAGAGAACGTGC-1,2388,1467,0.16750418760469013,23,1,Ductular
26084,21M_R2,21M,AATGAAGCACACGCCA-1,8553,3740,0.09353443236291359,24,3,Ductal suprabasal
26085,21M_R2,21M,AATGAAGCATGGCACC-1,3627,2099,0.24813895781637718,5,0,Ductal basal
26095,21M_R2,21M,AATGACCGTCTCACGG-1,3812,2186,0.3934942287513116,12,5,Ductal basal
26097,21M_R2,21M,AATGACCGTTTCGTTT-1,4049,2301,0.04939491232403062,5,0,Ductal basal
26098,21M_R2,21M,AATGACCTCCTCTAGC-1,3658,1938,0.16402405686167304,9,1,Ductular
26101,21M_R2,21M,AATGCCACACGACAAG-1,6366,2958,0.0942507068803016,5,0,Ductal basal
26103,21M_R2,21M,AATGCCACAGGCGTTC-1,4795,2633,0.31282586027111575,20,3,Ductal suprabasal
26104,21M_R2,21M,AATGCCACAGTCCCGA-1,3328,1978,1.7728365384615383,35,7,Differentiating meibocyte
26105,21M_R2,21M,AATGGAAAGATTAGAC-1,2925,1861,0.20512820512820512,25,9,Ductal basal
26106,21M_R2,21M,AATGGAAAGCAATTCC-1,1263,943,0.7125890736342043,29,7,Differentiating meibocyte
26107,21M_R2,21M,AATGGAAAGGTGATAT-1,902,695,0.4434589800443459,22,8,Acinar basal
26110,21M_R2,21M,AATGGAATCCCTGTTG-1,5902,3083,0.10166045408336156,20,3,Ductal suprabasal
26113,21M_R2,21M,AATGGCTCAAGAGATT-1,5493,2504,0.01820498816675769,16,4,Orifice
26114,21M_R2,21M,AATGGCTCACTATGTG-1,12475,4460,0.16032064128256512,22,2,Ductal basal
26117,21M_R2,21M,AATGGCTCATGAAAGT-1,3299,1910,0.09093664746892997,5,0,Ductal basal
26118,21M_R2,21M,AATGGCTGTCAGCGTC-1,4978,2567,0.08035355564483729,7,2,Ductal basal
26119,21M_R2,21M,AATGGCTGTGCACAAG-1,1553,1155,0.25756600128783,24,3,Ductal suprabasal
26121,21M_R2,21M,AATGGCTTCCGGCAGT-1,6329,3027,0.805814504661084,29,7,Differentiating meibocyte
26126,21M_R2,21M,AATTCCTCAACTCGTA-1,1253,931,0.3192338387869114,9,1,Ductular
26127,21M_R2,21M,AATTCCTGTCCCTGAG-1,2691,1594,0.14864362690449648,16,4,Orifice
26128,21M_R2,21M,AATTCCTGTCTTTATC-1,2049,1384,0.09760858955588092,5,0,Ductal basal
26129,21M_R2,21M,AATTCCTGTGCTCTTC-1,7791,3424,0.3593890386343217,20,3,Ductal suprabasal
26132,21M_R2,21M,AATTTCCAGCTCTTCC-1,3079,1876,0.1948684637869438,9,1,Ductular
26135,21M_R2,21M,AATTTCCAGTTCCATG-1,4216,2222,0.0,23,1,Ductular
26143,21M_R2,21M,ACAAAGAGTCCAGAAG-1,6098,2727,0.016398819285011478,5,0,Ductal basal
26144,21M_R2,21M,ACAAAGATCCGCATAA-1,5433,2646,0.07362414872078042,9,0,Ductal basal
26145,21M_R2,21M,ACAAAGATCGGCTGTG-1,3798,1873,0.18430753027909424,23,1,Ductular
26146,21M_R2,21M,ACAACCAAGATTCGAA-1,5862,2913,0.18764926646195837,12,4,Orifice
26150,21M_R2,21M,ACAACCACAGGCACAA-1,6570,2850,0.091324200913242,9,1,Ductular
26152,21M_R2,21M,ACAACCAGTACTCGTA-1,7818,3501,0.14070094653364032,9,1,Ductular
26161,21M_R2,21M,ACAAGCTCACGCCACA-1,7480,3363,0.08021390374331551,5,2,Ductal basal
26164,21M_R2,21M,ACAAGCTCAGGTCAGA-1,8595,3833,0.06980802792321117,5,6,Ductal basal
26165,21M_R2,21M,ACAAGCTGTATCATGC-1,3317,1811,0.1507386192342478,7,2,Ductal basal
26166,21M_R2,21M,ACAAGCTGTCTGCCTT-1,4476,2447,0.06702412868632708,20,3,Ductal suprabasal
26168,21M_R2,21M,ACAAGCTTCAGTCAGT-1,4684,2558,0.08539709649871904,5,0,Ductal basal
26173,21M_R2,21M,ACACAGTCACTAACGT-1,4876,2397,0.06152584085315833,29,7,Differentiating meibocyte
26176,21M_R2,21M,ACACCAAAGGCGCTCT-1,3476,1977,0.05753739930955121,9,1,Ductular
26177,21M_R2,21M,ACACCAAAGGTTAAAC-1,2832,1628,0.07062146892655367,7,2,Ductal basal
26180,21M_R2,21M,ACACCAACACGAGAAC-1,7104,2682,0.07038288288288289,7,2,Ductal basal
26185,21M_R2,21M,ACACGCGAGATTGACA-1,2095,1340,0.0,9,1,Ductular
26187,21M_R2,21M,ACACGCGCAATAACGA-1,2518,1529,0.23828435266084197,12,4,Orifice
26188,21M_R2,21M,ACACGCGCATCGCTCT-1,11774,4366,0.11890606420927466,12,1,Ductular
26189,21M_R2,21M,ACACGCGGTACACGCC-1,6091,2992,0.14775898867181086,12,5,Ductal basal
26192,21M_R2,21M,ACACGCGGTGCACATT-1,4756,2132,0.16820857863751051,12,5,Ductal basal
26195,21M_R2,21M,ACACGCGTCTACTATC-1,6173,2834,0.14579620929855822,16,4,Orifice
26196,21M_R2,21M,ACACTGAAGAAGTCTA-1,8321,3932,0.3124624444177383,20,0,Ductal basal
26197,21M_R2,21M,ACACTGACAATACCTG-1,2484,1529,0.40257648953301123,7,2,Ductal basal
26200,21M_R2,21M,ACAGAAAAGAAGTCTA-1,3864,2138,0.025879917184265012,16,4,Orifice
26202,21M_R2,21M,ACAGAAAGTAACAGTA-1,10773,4383,0.1113895850737956,25,3,Ductal suprabasal
26207,21M_R2,21M,ACAGCCGGTGTCATTG-1,8747,3361,0.18291985823710985,9,2,Ductal basal
26208,21M_R2,21M,ACAGCCGGTTCGGCTG-1,7423,3553,0.06735821096591674,20,9,Ductal basal
26213,21M_R2,21M,ACAGGGACACCACATA-1,4980,2818,0.1606425702811245,25,9,Ductal basal
26219,21M_R2,21M,ACATCCCCAGGTTCAT-1,2346,1287,0.1278772378516624,7,2,Ductal basal
26220,21M_R2,21M,ACATCCCCATATGCGT-1,4839,2039,0.14465798718743542,7,2,Ductal basal
26225,21M_R2,21M,ACATCCCTCCCGTTGT-1,2791,1694,0.03582945180938731,5,2,Ductal basal
26228,21M_R2,21M,ACATCGAAGCGCTGAA-1,2120,1374,0.2358490566037736,5,0,Ductal basal
26229,21M_R2,21M,ACATCGACACACCGCA-1,7313,3496,0.09571995077259675,9,0,Ductal basal
26231,21M_R2,21M,ACATCGAGTCTGATAC-1,2201,1521,0.2271694684234439,25,9,Ductal basal
26232,21M_R2,21M,ACATCGAGTTGCGGCT-1,4923,2587,0.1218769043266301,5,0,Ductal basal
26234,21M_R2,21M,ACATCGATCCGCGAGT-1,4830,2287,0.08281573498964803,5,0,Ductal basal
26236,21M_R2,21M,ACATGCACAGCCCACA-1,8421,3848,0.13062581641135257,23,9,Ductal basal
26248,21M_R2,21M,ACCAAACCAAATTGGA-1,2695,1595,0.2597402597402597,23,1,Ductular
26252,21M_R2,21M,ACCAACAAGGTGCCAA-1,8380,3618,0.13126491646778043,5,0,Ductal basal
26255,21M_R2,21M,ACCAACAGTATACCTG-1,5200,2465,0.11538461538461539,12,5,Ductal basal
26258,21M_R2,21M,ACCAACAGTTGGAGGT-1,3348,1881,0.17921146953405018,12,5,Ductal basal
26260,21M_R2,21M,ACCAACATCGGCCTTT-1,7909,3203,0.07586294095334428,23,1,Ductular
26262,21M_R2,21M,ACCACAAAGACGGTCA-1,5162,2800,0.13560635412630762,24,1,Ductular
26263,21M_R2,21M,ACCACAAAGTCACGAG-1,4355,2254,0.022962112514351322,12,5,Ductal basal
26266,21M_R2,21M,ACCACAACAAAGGGTC-1,1493,1089,0.33489618218352313,25,1,Ductular
26267,21M_R2,21M,ACCACAACAAGACGAC-1,5025,2783,0.03980099502487562,20,9,Ductal basal
26268,21M_R2,21M,ACCACAAGTCGTCATA-1,3202,1821,0.06246096189881324,16,4,Orifice
26270,21M_R2,21M,ACCACAATCCATGATG-1,4164,1959,0.04803073967339097,23,1,Ductular
26274,21M_R2,21M,ACCATTTAGTGAGCCA-1,2837,1630,0.14099400775467041,5,0,Ductal basal
26277,21M_R2,21M,ACCATTTCAGCGTGCT-1,5718,2596,1.0143406785589366,23,3,Ductal suprabasal
26280,21M_R2,21M,ACCATTTTCCAGCTCT-1,5358,2626,0.03732736095558044,5,0,Ductal basal
26281,21M_R2,21M,ACCATTTTCGCCATAA-1,7289,3537,0.06859651529702292,22,8,Acinar basal
26282,21M_R2,21M,ACCCAAACAGATCACT-1,4101,2166,0.17069007559131918,16,4,Orifice
26285,21M_R2,21M,ACCCAAAGTACAATAG-1,10161,4213,0.08857395925597875,5,0,Ductal basal
26286,21M_R2,21M,ACCCAAAGTCGAACGA-1,8021,3176,0.7729709512529609,5,0,Ductal basal
26287,21M_R2,21M,ACCCAAATCAGTCAGT-1,1718,1208,0.0,5,0,Ductal basal
26290,21M_R2,21M,ACCCTCAAGTGAATAC-1,4583,2522,0.15273838097316167,25,0,Ductal basal
26293,21M_R2,21M,ACCCTCACATAGAATG-1,6783,3175,0.08845643520566121,5,0,Ductal basal
26298,21M_R2,21M,ACCCTCATCAGAGTGG-1,9799,4140,0.04082049188692724,5,0,Ductal basal
26300,21M_R2,21M,ACCCTCATCTGAGGCC-1,4883,2226,0.08191685439279131,7,2,Ductal basal
26306,21M_R2,21M,ACCCTTGTCTGCTGAA-1,2499,1479,0.12004801920768307,7,2,Ductal basal
26312,21M_R2,21M,ACCTACCCAAGTGGTG-1,5781,2612,0.10378827192527244,12,5,Ductal basal
26313,21M_R2,21M,ACCTACCCAATCCTTT-1,2600,1493,0.07692307692307693,16,4,Orifice
26319,21M_R2,21M,ACCTACCTCCCGAATA-1,2266,1498,0.22065313327449249,9,1,Ductular
26324,21M_R2,21M,ACCTGAACAGCGGTTC-1,7615,3360,0.03939592908732764,5,0,Ductal basal
26325,21M_R2,21M,ACCTGAACAGTGAGCA-1,3653,1947,0.19162332329592116,7,2,Ductal basal
26327,21M_R2,21M,ACCTGAACATTGACCA-1,10864,4490,0.156480117820324,25,1,Ductular
26329,21M_R2,21M,ACCTGAAGTGGTAATA-1,3418,1832,0.14628437682855472,7,2,Ductal basal
26330,21M_R2,21M,ACCTGAATCAAGGACG-1,7623,3727,0.05247277974550702,22,8,Acinar basal
26332,21M_R2,21M,ACCTGTCAGCCTCCAG-1,4609,2374,0.23866348448687352,12,5,Ductal basal
26333,21M_R2,21M,ACCTGTCCACGCGCAT-1,4052,2126,0.14807502467917077,9,1,Ductular
26336,21M_R2,21M,ACCTGTCGTGAACGGT-1,2306,1536,0.13009540329575023,24,3,Ductal suprabasal
26340,21M_R2,21M,ACGATCACAAGACGAC-1,5374,2735,0.14886490509862302,5,2,Ductal basal
26342,21M_R2,21M,ACGATCACAGTTACCA-1,7559,3201,0.026458526260087312,5,0,Ductal basal
26343,21M_R2,21M,ACGATCACATAATGAG-1,5032,2552,0.0794912559618442,5,0,Ductal basal
26344,21M_R2,21M,ACGATCAGTCTCAGGC-1,2410,1440,0.2074688796680498,7,2,Ductal basal
26349,21M_R2,21M,ACGATGTTCCGCAGTG-1,2295,1394,0.261437908496732,7,2,Ductal basal
26350,21M_R2,21M,ACGATGTTCTGTTGGA-1,2434,1441,0.657354149548069,23,1,Ductular
26353,21M_R2,21M,ACGCACGCACACCTGG-1,5898,2742,0.1525940996948118,23,1,Ductular
26357,21M_R2,21M,ACGCACGGTAGTATAG-1,3650,2144,0.1095890410958904,22,9,Ductal basal
26361,21M_R2,21M,ACGGAAGAGGCTTAGG-1,3909,2052,0.07674597083653108,5,0,Ductal basal
26382,21M_R2,21M,ACGGTCGTCGAATCCA-1,3613,1828,0.249100470523111,7,2,Ductal basal
26385,21M_R2,21M,ACGGTTAAGTCATCGT-1,9202,3777,0.04346881112801565,24,3,Ductal suprabasal
26386,21M_R2,21M,ACGGTTACAGCGGTTC-1,3116,1753,0.16046213093709885,7,2,Ductal basal
26388,21M_R2,21M,ACGGTTAGTCCGGTCA-1,3432,2045,0.029137529137529136,5,0,Ductal basal
26389,21M_R2,21M,ACGGTTAGTGAATGAT-1,2154,1415,0.2785515320334262,9,4,Orifice
26390,21M_R2,21M,ACGGTTAGTGCATTAC-1,7303,3286,0.027386005751061204,24,3,Ductal suprabasal
26394,21M_R2,21M,ACGTAACAGGTGATCG-1,7194,3024,0.09730330831248263,5,0,Ductal basal
26396,21M_R2,21M,ACGTAACGTTTGAACC-1,1331,876,0.6010518407212623,35,7,Differentiating meibocyte
26399,21M_R2,21M,ACGTACACACGATTCA-1,9804,4138,0.04079967360261118,5,0,Ductal basal
26400,21M_R2,21M,ACGTACAGTCGTGGAA-1,3629,1938,0.11022320198401765,16,4,Orifice
26407,21M_R2,21M,ACGTACATCTCTATAC-1,6655,3238,0.09015777610818933,25,9,Ductal basal
26413,21M_R2,21M,ACGTAGTCATTCGATG-1,9594,3944,0.08338544923910778,12,5,Ductal basal
26414,21M_R2,21M,ACGTAGTGTACGTTCA-1,2556,1720,0.2347417840375587,9,1,Ductular
26419,21M_R2,21M,ACGTAGTTCTTGGAAC-1,2722,1672,0.18368846436443792,12,5,Ductal basal
26420,21M_R2,21M,ACGTCCTAGAATTGCA-1,2212,1483,0.22603978300180833,22,8,Acinar basal
26424,21M_R2,21M,ACGTTCCAGGCAGTCA-1,5076,2629,0.039401103230890466,5,0,Ductal basal
26425,21M_R2,21M,ACGTTCCCATATCTCT-1,5379,2957,0.2230897936419409,16,8,Acinar basal
26427,21M_R2,21M,ACGTTCCGTTATAGCC-1,3253,2071,0.0,16,4,Orifice
26428,21M_R2,21M,ACTACGAAGAAGGATG-1,2593,1548,0.15426147319706904,7,2,Ductal basal
26430,21M_R2,21M,ACTACGAAGTGAACAT-1,4013,2251,0.149514079242462,7,2,Ductal basal
26437,21M_R2,21M,ACTATCTCAGGGTCTC-1,5378,2553,1.840833023428784,29,7,Differentiating meibocyte
26439,21M_R2,21M,ACTATCTGTCGAGTTT-1,11016,3738,0.03631082062454612,16,4,Orifice
26443,21M_R2,21M,ACTATGGAGTTAACAG-1,3402,2003,0.08818342151675485,12,5,Ductal basal
26446,21M_R2,21M,ACTATGGTCAAGAAAC-1,7412,2965,0.06745817593092283,35,7,Differentiating meibocyte
26453,21M_R2,21M,ACTATTCGTAGCTGTT-1,1781,1240,0.39303761931499154,20,3,Ductal suprabasal
26454,21M_R2,21M,ACTATTCGTGACATCT-1,2923,1794,0.4447485460143688,20,1,Ductular
26456,21M_R2,21M,ACTATTCTCCGTGACG-1,4655,2469,0.08592910848549946,22,8,Acinar basal
26462,21M_R2,21M,ACTCCCACACGCCACA-1,7874,3566,0.1143002286004572,5,0,Ductal basal
26464,21M_R2,21M,ACTCCCATCCTACGAA-1,8817,3592,0.03402517863218782,5,0,Ductal basal
26465,21M_R2,21M,ACTCCCATCGTTACCC-1,3101,1698,0.19348597226701064,7,2,Ductal basal
26468,21M_R2,21M,ACTCTCGAGGTTGTTC-1,11491,4213,0.06961970237577234,16,4,Orifice
26474,21M_R2,21M,ACTGATGCATCCGAGC-1,3532,1966,0.05662514156285391,29,7,Differentiating meibocyte
26475,21M_R2,21M,ACTGATGGTGGTCCGT-1,2348,1477,0.08517887563884156,9,1,Ductular
26481,21M_R2,21M,ACTGCAAGTTTCGGCG-1,5282,2787,0.05679666792881485,24,3,Ductal suprabasal
26483,21M_R2,21M,ACTGCAATCCTGTTGC-1,5725,2867,0.08733624454148471,5,0,Ductal basal
26487,21M_R2,21M,ACTGTCCAGATTGGGC-1,2256,1510,0.1773049645390071,5,2,Ductal basal
26488,21M_R2,21M,ACTGTCCCAAGAGTAT-1,3067,1718,0.097815454841865,16,4,Orifice
26489,21M_R2,21M,ACTGTCCTCATTCCTA-1,8425,3063,0.09495548961424333,7,2,Ductal basal
26490,21M_R2,21M,ACTGTCCTCCATCGTC-1,12104,3312,0.07435558493060146,7,2,Ductal basal
26493,21M_R2,21M,ACTGTCCTCGGTCGGT-1,4662,2302,0.0858000858000858,5,0,Ductal basal
26494,21M_R2,21M,ACTGTCCTCTTCGACC-1,4062,2161,0.14771048744460857,16,4,Orifice
26496,21M_R2,21M,ACTGTGAAGTAACGTA-1,6059,2937,0.0825218682950982,7,2,Ductal basal
26508,21M_R2,21M,ACTTAGGGTTGCAACT-1,2363,1475,0.25391451544646637,12,4,Orifice
26509,21M_R2,21M,ACTTAGGTCTTGAACG-1,1663,1188,0.24052916416115455,20,1,Ductular
26510,21M_R2,21M,ACTTATCAGAGTTGAT-1,3307,1818,0.18143332325370426,29,7,Differentiating meibocyte
26515,21M_R2,21M,ACTTATCGTATCCCTC-1,3320,1840,0.0,5,0,Ductal basal
26517,21M_R2,21M,ACTTATCGTGGTCTCG-1,2334,1493,0.12853470437017994,9,1,Ductular
26518,21M_R2,21M,ACTTATCTCGCCGTGA-1,3016,1692,0.0663129973474801,7,2,Ductal basal
26520,21M_R2,21M,ACTTCCGAGGGTTAAT-1,3528,1880,0.05668934240362812,35,7,Differentiating meibocyte
26524,21M_R2,21M,ACTTCCGGTAGGAAAG-1,4823,2547,0.16587186398507153,16,4,Orifice
26525,21M_R2,21M,ACTTCCGGTCCAGCGT-1,9386,4045,0.06392499467291711,5,0,Ductal basal
26531,21M_R2,21M,ACTTCGCAGGTGCCAA-1,4727,2299,0.06346519991537973,5,0,Ductal basal
26533,21M_R2,21M,ACTTCGCCATAGCTGT-1,10653,3799,0.17835351544165962,29,7,Differentiating meibocyte
26534,21M_R2,21M,ACTTCGCGTGAATTAG-1,3946,2127,0.15205271160669032,5,0,Ductal basal
26535,21M_R2,21M,ACTTCGCGTGTCCAAT-1,2631,1687,0.19004180919802355,5,2,Ductal basal
26540,21M_R2,21M,ACTTTCAAGGGTCAAC-1,3763,2057,0.13287270794578793,5,0,Ductal basal
26543,21M_R2,21M,ACTTTCACAGATACTC-1,3799,2013,0.5264543300868649,7,2,Ductal basal
26545,21M_R2,21M,ACTTTGTAGCAGCACA-1,6837,3017,0.17551557700745943,16,4,Orifice
26548,21M_R2,21M,ACTTTGTCAAGTCCAT-1,5271,2377,0.11383039271485487,16,4,Orifice
26550,21M_R2,21M,ACTTTGTGTTAGCTAC-1,2446,1615,0.04088307440719542,25,9,Ductal basal
26555,21M_R2,21M,AGAAATGAGTGTACAA-1,2376,1497,0.16835016835016833,5,0,Ductal basal
26560,21M_R2,21M,AGAAATGGTGATACAA-1,5588,2973,0.08947745168217609,24,3,Ductal suprabasal
26561,21M_R2,21M,AGAAATGGTGCCAAGA-1,3355,1859,0.08941877794336811,9,1,Ductular
26562,21M_R2,21M,AGAAATGTCCCAATAG-1,10935,4264,0.07315957933241884,5,0,Ductal basal
26563,21M_R2,21M,AGAAATGTCCTACCGT-1,2815,1650,0.21314387211367672,5,0,Ductal basal
26564,21M_R2,21M,AGAACAACATCCGCGA-1,4150,2278,0.14457831325301204,5,0,Ductal basal
26568,21M_R2,21M,AGAACAATCACTACTT-1,5323,2887,0.3945143715949653,20,3,Ductal suprabasal
26570,21M_R2,21M,AGAACAATCCCTTCCC-1,4567,2212,0.06568863586599519,12,5,Ductal basal
26573,21M_R2,21M,AGAACCTAGGACAACC-1,5169,2695,0.1934610176049526,5,0,Ductal basal
26574,21M_R2,21M,AGAACCTAGGTATTGA-1,3118,1810,0.09621552277100706,5,0,Ductal basal
26575,21M_R2,21M,AGAACCTAGGTCGCCT-1,2379,1492,0.2101723413198823,7,2,Ductal basal
26581,21M_R2,21M,AGAAGCGCAAGGACAC-1,3827,2231,0.1567807682257643,5,0,Ductal basal
26582,21M_R2,21M,AGAAGCGCACAGCTGC-1,2328,1486,0.1718213058419244,12,5,Ductal basal
26584,21M_R2,21M,AGAAGCGGTACTGCGC-1,2468,1537,0.1620745542949757,5,0,Ductal basal
26592,21M_R2,21M,AGAAGTACAACAGCTT-1,8222,3232,0.07297494526879104,12,5,Ductal basal
26593,21M_R2,21M,AGAAGTACATCCTGTC-1,2900,1707,0.10344827586206896,5,0,Ductal basal
26595,21M_R2,21M,AGAAGTAGTCGTGCCA-1,4181,2413,0.3826835685242765,5,0,Ductal basal
26598,21M_R2,21M,AGAAGTATCCGTCAAA-1,3701,2065,0.1621183463928668,16,4,Orifice
26602,21M_R2,21M,AGACAAACAAATTAGG-1,4104,1906,0.09746588693957114,16,4,Orifice
26605,21M_R2,21M,AGACAAACACGACTAT-1,7439,3214,0.13442667025137786,24,1,Ductular
26606,21M_R2,21M,AGACAAACACTCACTC-1,12327,4457,0.2677050377220735,5,0,Ductal basal
26608,21M_R2,21M,AGACAAACATGACACT-1,7051,3355,0.7091192738618636,20,3,Ductal suprabasal
26615,21M_R2,21M,AGACACTGTTGTAAAG-1,2552,1490,0.35266457680250785,35,7,Differentiating meibocyte
26616,21M_R2,21M,AGACACTGTTTCGCTC-1,8982,3469,0.0222667557336896,23,1,Ductular
26622,21M_R2,21M,AGACAGGAGAACGTGC-1,1875,1242,0.4266666666666667,12,5,Ductal basal
26627,21M_R2,21M,AGACAGGGTTGTTGAC-1,3332,1888,0.15006002400960386,29,7,Differentiating meibocyte
26631,21M_R2,21M,AGACCATCAATAGGAT-1,4000,2286,0.2,5,0,Ductal basal
26633,21M_R2,21M,AGACCATCACTATGTG-1,2926,1398,0.0,16,4,Orifice
26634,21M_R2,21M,AGACCATCATACATCG-1,5414,2535,0.16623568526043592,9,1,Ductular
26637,21M_R2,21M,AGACCCGAGAATAGTC-1,4782,2563,0.04182350480970305,5,0,Ductal basal
26638,21M_R2,21M,AGACCCGAGATCACCT-1,2734,1624,0.18288222384784197,7,2,Ductal basal
26643,21M_R2,21M,AGACCCGGTCACTACA-1,2831,1722,0.2119392440833628,9,1,Ductular
26650,21M_R2,21M,AGACTCAAGCCGGATA-1,4698,2257,0.10642826734780758,12,5,Ductal basal
26654,21M_R2,21M,AGACTCAGTGTTCATG-1,3106,1710,0.09658725048293626,12,5,Ductal basal
26655,21M_R2,21M,AGACTCAGTTGTGGAG-1,6111,2849,0.2127311405661921,5,0,Ductal basal
26656,21M_R2,21M,AGACTCATCCGCTAGG-1,3853,2114,0.15572281339216196,5,0,Ductal basal
26657,21M_R2,21M,AGACTCATCCGTGGTG-1,5347,2606,0.22442491116513932,35,10,Differentiated meibocyte
26659,21M_R2,21M,AGAGAATAGGGAACAA-1,1869,1249,1.5516318887105405,9,1,Ductular
26664,21M_R2,21M,AGAGAATGTGCCCTTT-1,3800,2231,0.10526315789473684,20,3,Ductal suprabasal
26667,21M_R2,21M,AGAGAGCGTGCATTAC-1,4080,2284,0.1715686274509804,20,3,Ductal suprabasal
26677,21M_R2,21M,AGATAGATCAGTGTCA-1,2058,1412,0.24295432458697766,16,4,Orifice
26679,21M_R2,21M,AGATCCACAGGAATCG-1,5325,2738,0.11267605633802817,12,4,Orifice
26680,21M_R2,21M,AGATCCAGTTCGTACA-1,4082,1865,0.17148456638902498,16,4,Orifice
26682,21M_R2,21M,AGATCGTAGAACAGGA-1,8630,3356,0.0,23,1,Ductular
26685,21M_R2,21M,AGATCGTAGTCATCCA-1,6000,2819,0.1,12,5,Ductal basal
26688,21M_R2,21M,AGATCGTGTTAAAGTG-1,2667,1775,0.11248593925759282,22,8,Acinar basal
26691,21M_R2,21M,AGATGAAAGATAGTGT-1,1813,1334,0.27578599007170435,22,8,Acinar basal
26694,21M_R2,21M,AGATGAAGTTACGTAC-1,5585,2905,0.17905102954341987,5,5,Ductal basal
26695,21M_R2,21M,AGATGCTAGCGTACAG-1,3029,1746,0.2641135688345989,29,7,Differentiating meibocyte
26699,21M_R2,21M,AGATGCTGTCGGTGAA-1,3073,1855,0.16270745200130166,9,4,Orifice
26701,21M_R2,21M,AGATGCTTCCAGCCTT-1,3841,2116,0.2082790939859412,9,1,Ductular
26705,21M_R2,21M,AGCATCAGTCGAACAG-1,2971,1738,0.30292830696735107,9,1,Ductular
26707,21M_R2,21M,AGCATCATCCTCAGAA-1,5796,3016,0.0862663906142167,5,0,Ductal basal
26710,21M_R2,21M,AGCCAATAGGTTCATC-1,2759,1561,0.21747009786154403,7,2,Ductal basal
26714,21M_R2,21M,AGCCAATGTCTCCTGT-1,11405,3940,0.07014467338886454,7,2,Ductal basal
26719,21M_R2,21M,AGCCACGGTGATTCAC-1,5127,2624,0.25355958650282817,25,8,Acinar basal
26721,21M_R2,21M,AGCCACGTCAGGTAAA-1,4207,2335,0.07130972189208462,23,4,Orifice
26723,21M_R2,21M,AGCCACGTCGATAACC-1,10303,3885,0.07764728719790352,25,9,Ductal basal
26724,21M_R2,21M,AGCCACGTCTTTACAC-1,7596,3243,0.07898894154818326,24,3,Ductal suprabasal
26725,21M_R2,21M,AGCCAGCCAAGGTTGG-1,6605,2808,0.12112036336109008,5,0,Ductal basal
26729,21M_R2,21M,AGCCAGCTCACTCTTA-1,8764,3461,0.14833409402099498,12,5,Ductal basal
26730,21M_R2,21M,AGCCAGCTCCCATAGA-1,2621,1489,0.11446012972148034,7,2,Ductal basal
26731,21M_R2,21M,AGCGATTAGACTACGG-1,1809,1264,0.11055831951354339,20,1,Ductular
26735,21M_R2,21M,AGCGATTCAGCCGTTG-1,6208,3036,0.08054123711340205,12,2,Ductal basal
26736,21M_R2,21M,AGCGATTCAGCGGATA-1,5440,2807,0.09191176470588235,16,4,Orifice
26738,21M_R2,21M,AGCGATTCATACACCA-1,4079,2010,0.07354743809757293,7,2,Ductal basal
26739,21M_R2,21M,AGCGATTCATATAGCC-1,8558,3610,0.15190465061930358,16,4,Orifice
26741,21M_R2,21M,AGCGATTGTGCGAACA-1,1804,1224,0.3325942350332594,7,2,Ductal basal
26743,21M_R2,21M,AGCGATTTCATCAGTG-1,4974,2538,0.32167269802975473,23,1,Ductular
26745,21M_R2,21M,AGCGATTTCCGTCCTA-1,9945,4069,0.09049773755656108,12,5,Ductal basal
26749,21M_R2,21M,AGCGATTTCTGTCGCT-1,3260,1951,0.1226993865030675,5,0,Ductal basal
26752,21M_R2,21M,AGCGCCAGTCCCGGTA-1,4212,2441,0.5223171889838557,24,1,Ductular
26753,21M_R2,21M,AGCGCCAGTCTGTGAT-1,3172,1822,0.12610340479192939,9,1,Ductular
26761,21M_R2,21M,AGCGCTGCATAATCGC-1,7549,3459,0.13246787653993908,12,0,Ductal basal
26763,21M_R2,21M,AGCGCTGTCTGGCCGA-1,4038,1944,0.22288261515601782,23,3,Ductal suprabasal
26769,21M_R2,21M,AGCGTATCAGCAAGAC-1,11772,3658,0.08494733265375466,16,4,Orifice
26771,21M_R2,21M,AGCGTATTCTCATTTG-1,4527,2091,0.5080627347028938,7,2,Ductal basal
26774,21M_R2,21M,AGCGTCGCACTGTGAT-1,2320,1387,0.12931034482758622,5,0,Ductal basal
26776,21M_R2,21M,AGCGTCGTCTCCGAGG-1,874,691,0.11441647597254005,5,0,Ductal basal
26782,21M_R2,21M,AGCTACAAGTCATAGA-1,3794,2045,0.3953610964681075,7,2,Ductal basal
26785,21M_R2,21M,AGCTACAGTCACTTAG-1,5454,2602,0.07334066740007333,12,5,Ductal basal
26786,21M_R2,21M,AGCTACAGTCTGTCCT-1,8251,3342,0.04847897224578839,12,5,Ductal basal
26790,21M_R2,21M,AGCTCAATCAAGCCTA-1,4807,2290,0.1248179737882255,9,1,Ductular
26800,21M_R2,21M,AGGAAATGTATGGTTC-1,5825,3027,0.034334763948497854,5,0,Ductal basal
26802,21M_R2,21M,AGGAAATTCCGATCGG-1,3399,1919,0.11768167107972932,5,0,Ductal basal
26804,21M_R2,21M,AGGAATAAGTATAGAC-1,4008,2332,0.09980039920159679,5,2,Ductal basal
26805,21M_R2,21M,AGGAATACAAGGTCAG-1,3192,1908,0.09398496240601503,16,4,Orifice
26806,21M_R2,21M,AGGAATACATATCTCT-1,5480,2829,0.18248175182481752,24,3,Ductal suprabasal
26809,21M_R2,21M,AGGAATAGTTACGGAG-1,4165,2444,0.12004801920768307,12,5,Ductal basal
26812,21M_R2,21M,AGGACGAAGGCACAAC-1,8133,3604,0.07377351530800443,5,5,Ductal basal
26814,21M_R2,21M,AGGACGAGTACTAACC-1,5966,2984,0.0670465973851827,22,8,Acinar basal
26818,21M_R2,21M,AGGACGAGTGCCTAAT-1,3005,1789,0.16638935108153077,7,2,Ductal basal
26826,21M_R2,21M,AGGAGGTAGCGATGCA-1,3792,2010,0.23734177215189875,12,4,Orifice
26827,21M_R2,21M,AGGAGGTCAGCGTACC-1,3272,1788,0.1528117359413203,7,2,Ductal basal
26829,21M_R2,21M,AGGAGGTCATCCTTGC-1,3476,2071,0.14384349827387802,22,8,Acinar basal
26832,21M_R2,21M,AGGAGGTTCTGGACCG-1,2578,1630,0.23273855702094648,5,0,Ductal basal
26834,21M_R2,21M,AGGATAAGTCCGGTGT-1,2062,1315,0.19398642095053348,5,0,Ductal basal
26838,21M_R2,21M,AGGATCTAGCCTTCTC-1,5752,3148,0.08692628650904034,25,9,Ductal basal
26840,21M_R2,21M,AGGATCTCACTGTCCT-1,3630,2096,0.11019283746556473,24,3,Ductal suprabasal
26850,21M_R2,21M,AGGCATTTCTGGGCCA-1,8884,2702,0.8554705087798289,24,3,Ductal suprabasal
26852,21M_R2,21M,AGGCCACAGACCCTTA-1,8902,3731,0.056167153448663215,22,7,Differentiating meibocyte
26855,21M_R2,21M,AGGCCACGTCTGTGGC-1,2696,1576,0.0741839762611276,7,2,Ductal basal
26870,21M_R2,21M,AGGGAGTGTTTACGTG-1,2630,1600,0.11406844106463879,7,2,Ductal basal
26871,21M_R2,21M,AGGGCCTAGACGCCAA-1,15295,4418,0.08499509643674404,29,7,Differentiating meibocyte
26872,21M_R2,21M,AGGGCCTAGCGTTGTT-1,2017,1358,0.2974714923153198,16,4,Orifice
26873,21M_R2,21M,AGGGCCTAGGACACTG-1,5243,2440,0.07629219912263971,24,3,Ductal suprabasal
26874,21M_R2,21M,AGGGCCTCAAACCACT-1,1829,1126,0.38272279934390374,35,7,Differentiating meibocyte
26875,21M_R2,21M,AGGGCCTCAATCTCGA-1,1156,798,0.6920415224913495,24,3,Ductal suprabasal
26880,21M_R2,21M,AGGGCCTGTCGACTTA-1,3065,1760,0.13050570962479607,12,5,Ductal basal
26884,21M_R2,21M,AGGGCTCCACATACGT-1,3238,1978,0.1852995676343422,9,1,Ductular
26889,21M_R2,21M,AGGGTCCAGCAGTCTT-1,2963,1814,0.5737428282146473,23,1,Ductular
26892,21M_R2,21M,AGGGTCCCATACAGGG-1,5697,2330,0.19308407934000352,23,1,Ductular
26893,21M_R2,21M,AGGGTCCCATGAGTAA-1,2595,1590,0.6165703275529866,23,1,Ductular
26894,21M_R2,21M,AGGGTCCGTGCCCGTA-1,5748,3118,0.12178148921363954,5,0,Ductal basal
26895,21M_R2,21M,AGGGTCCTCTTAGCTT-1,2922,1639,0.034223134839151265,7,2,Ductal basal
26896,21M_R2,21M,AGGGTGAAGCGTGAGT-1,5611,2461,0.12475494564248799,7,2,Ductal basal
26897,21M_R2,21M,AGGGTGAGTACGATGG-1,3276,1860,0.1221001221001221,9,1,Ductular
26904,21M_R2,21M,AGGGTTTCACTAACCA-1,3127,2011,0.09593859929645027,20,3,Ductal suprabasal
26906,21M_R2,21M,AGGGTTTCAGATACCT-1,4160,1962,0.1201923076923077,23,1,Ductular
26908,21M_R2,21M,AGGGTTTCATCGGAGA-1,2024,1312,0.3952569169960474,9,1,Ductular
26913,21M_R2,21M,AGGTAGGCACGTCGTG-1,1901,1355,0.0,24,3,Ductal suprabasal
26914,21M_R2,21M,AGGTAGGCATTGACTG-1,3576,1833,0.13982102908277405,7,2,Ductal basal
26921,21M_R2,21M,AGGTCATCAGGTGAGT-1,2836,1827,0.10578279266572638,12,5,Ductal basal
26924,21M_R2,21M,AGGTCATGTGATTCTG-1,1686,1149,0.41518386714116245,12,5,Ductal basal
26925,21M_R2,21M,AGGTCATGTGTTAGCT-1,4204,2372,0.4043767840152236,24,3,Ductal suprabasal
26926,21M_R2,21M,AGGTCATTCTCACTCG-1,6927,3029,0.08661758336942399,16,4,Orifice
26932,21M_R2,21M,AGGTCTACACTGAATC-1,5501,2738,0.21814215597164155,20,1,Ductular
26935,21M_R2,21M,AGGTCTATCCCAAGTA-1,2519,1590,0.07939658594680428,24,3,Ductal suprabasal
26936,21M_R2,21M,AGGTCTATCTTCACGC-1,7875,3658,0.13968253968253969,25,9,Ductal basal
26937,21M_R2,21M,AGGTGTTAGACATATG-1,5151,2735,0.07765482430596,25,9,Ductal basal
26940,21M_R2,21M,AGGTGTTCAAGTGCTT-1,4112,2343,0.12159533073929961,20,3,Ductal suprabasal
26943,21M_R2,21M,AGGTGTTTCAAGGAGC-1,3676,2151,0.0544069640914037,9,1,Ductular
26944,21M_R2,21M,AGGTGTTTCACTCGAA-1,2069,1309,0.1933301111648139,35,7,Differentiating meibocyte
26949,21M_R2,21M,AGGTTACCACCTCTAC-1,4879,2390,0.18446402951424473,9,1,Ductular
26951,21M_R2,21M,AGGTTACCAGTCACGC-1,5895,2781,0.13570822731128074,16,4,Orifice
26954,21M_R2,21M,AGGTTGTCACTACCCT-1,1934,1291,0.2068252326783868,5,2,Ductal basal
26963,21M_R2,21M,AGTAACCCAATCGCCG-1,3267,2009,0.09182736455463728,5,5,Ductal basal
26964,21M_R2,21M,AGTAACCCAGAACTAA-1,3198,1811,0.031269543464665414,5,0,Ductal basal
26967,21M_R2,21M,AGTAACCTCTCGAGTA-1,2711,1469,0.11066027296200663,35,10,Differentiated meibocyte
26971,21M_R2,21M,AGTACCATCATCGCCT-1,5511,2804,0.03629105425512611,5,0,Ductal basal
26972,21M_R2,21M,AGTACCATCCATGCAA-1,4220,2144,0.21327014218009477,9,1,Ductular
26978,21M_R2,21M,AGTACTGGTCCGGTGT-1,6839,2800,0.029244041526538967,12,5,Ductal basal
26985,21M_R2,21M,AGTAGCTCAGCATGCC-1,1454,1002,0.6189821182943603,23,1,Ductular
26989,21M_R2,21M,AGTAGCTGTGCAAGAC-1,3422,1827,0.08766803039158387,12,5,Ductal basal
26998,21M_R2,21M,AGTAGTCGTGTGAGCA-1,2440,1589,0.28688524590163933,12,5,Ductal basal
27001,21M_R2,21M,AGTAGTCTCTACCACC-1,2595,1558,0.03853564547206166,12,5,Ductal basal
27002,21M_R2,21M,AGTCAACAGAGCGACT-1,3490,1985,0.17191977077363896,12,5,Ductal basal
27003,21M_R2,21M,AGTCAACAGCATAGGC-1,3340,1881,0.029940119760479042,9,1,Ductular
27004,21M_R2,21M,AGTCAACAGCTGTTCA-1,7077,3150,0.0847816871555744,20,3,Ductal suprabasal
27006,21M_R2,21M,AGTCAACAGTTCGCAT-1,1159,881,0.1725625539257981,23,1,Ductular
27007,21M_R2,21M,AGTCAACCAATCAAGA-1,6095,2961,0.14766201804757997,12,5,Ductal basal
27009,21M_R2,21M,AGTCAACGTATGTGTC-1,10107,4168,0.12862372613040468,16,4,Orifice
27010,21M_R2,21M,AGTCAACGTCGGTAAG-1,3904,2057,0.15368852459016394,5,2,Ductal basal
27012,21M_R2,21M,AGTCAACGTTACGATC-1,4063,1991,0.07383706620723603,7,2,Ductal basal
27016,21M_R2,21M,AGTCACACAATACGCT-1,4041,2064,0.0989853996535511,23,1,Ductular
27018,21M_R2,21M,AGTCACACATCATTTC-1,8788,3502,0.09103322712790168,5,0,Ductal basal
27022,21M_R2,21M,AGTCATGAGTCACTGT-1,5736,2910,0.15690376569037656,24,3,Ductal suprabasal
27025,21M_R2,21M,AGTCATGCACCGCTAG-1,5340,2592,0.11235955056179776,5,0,Ductal basal
27027,21M_R2,21M,AGTCATGGTTATGTGC-1,1834,1202,0.43620501635768816,7,2,Ductal basal
27029,21M_R2,21M,AGTCTCCCAAAGGAGA-1,2258,1447,1.328609388839681,5,0,Ductal basal
27032,21M_R2,21M,AGTCTCCCAAGCGCTC-1,3323,1824,0.06018657839301836,29,7,Differentiating meibocyte
27033,21M_R2,21M,AGTCTCCCATCGTGCG-1,6936,3602,0.043252595155709346,20,3,Ductal suprabasal
27036,21M_R2,21M,AGTCTCCTCAGGAAGC-1,11103,4026,0.10807889759524453,16,4,Orifice
27037,21M_R2,21M,AGTCTCCTCGACGATT-1,6050,2514,0.1322314049586777,35,7,Differentiating meibocyte
27040,21M_R2,21M,AGTGACTCACGGAAGT-1,7283,3041,0.08238363311822051,5,0,Ductal basal
27042,21M_R2,21M,AGTGACTGTCATTGCA-1,3925,2153,0.35668789808917195,16,4,Orifice
27044,21M_R2,21M,AGTGACTGTTGGGATG-1,2189,1440,0.1827318410232983,9,1,Ductular
27048,21M_R2,21M,AGTGATCCAATTTCCT-1,3044,1629,0.2628120893561104,9,1,Ductular
27050,21M_R2,21M,AGTGATCCACTAGGCC-1,2438,1519,0.12305168170631665,23,1,Ductular
27055,21M_R2,21M,AGTGCCGCATCCTCAC-1,5700,2717,0.15789473684210525,5,0,Ductal basal
27057,21M_R2,21M,AGTGCCGGTCACTAGT-1,2921,1868,0.13693940431359122,12,5,Ductal basal
27058,21M_R2,21M,AGTGCCGGTCCTGGGT-1,12226,4358,0.057255030263373134,16,4,Orifice
27059,21M_R2,21M,AGTGCCGGTTGCTCAA-1,1461,952,0.20533880903490762,7,2,Ductal basal
27061,21M_R2,21M,AGTGCCGTCAGCAATC-1,6553,3149,0.09156111704562796,5,0,Ductal basal
27068,21M_R2,21M,AGTTAGCCAGAAGTGC-1,3416,1972,0.117096018735363,5,0,Ductal basal
27073,21M_R2,21M,AGTTCCCGTCGAACAG-1,5383,2702,0.13003901170351106,16,4,Orifice
27074,21M_R2,21M,AGTTCCCTCGACACCG-1,4506,2409,0.11096316023080338,25,8,Acinar basal
27083,21M_R2,21M,AGTTCGATCATGCGGC-1,2784,1639,0.14367816091954022,23,1,Ductular
27087,21M_R2,21M,ATACCGAAGTGCTACT-1,5406,2531,0.07399186089530152,16,4,Orifice
27088,21M_R2,21M,ATACCGACAATCGCAT-1,2006,1273,0.049850448654037885,7,2,Ductal basal
27093,21M_R2,21M,ATACCGATCAGTCCGG-1,6775,3070,0.25092250922509224,23,4,Orifice
27094,21M_R2,21M,ATACCGATCGCTCCTA-1,2928,1735,0.0,5,0,Ductal basal
27096,21M_R2,21M,ATACCTTAGCAGATAT-1,2665,1583,0.075046904315197,12,5,Ductal basal
27105,21M_R2,21M,ATACTTCGTAGAGATT-1,2387,1595,0.12568077084206117,12,4,Orifice
27106,21M_R2,21M,ATACTTCGTATATGGA-1,3198,1674,0.06253908692933083,12,5,Ductal basal
27114,21M_R2,21M,ATAGACCCACGTTCGG-1,6482,3061,0.09256402344955261,12,5,Ductal basal
27115,21M_R2,21M,ATAGACCCACTCTGCT-1,3431,1850,0.0,22,8,Acinar basal
27117,21M_R2,21M,ATAGACCGTAAGGTCG-1,1780,1157,0.22471910112359553,7,2,Ductal basal
27118,21M_R2,21M,ATAGACCGTAGCGTTT-1,3905,1913,0.10243277848911651,7,2,Ductal basal
27120,21M_R2,21M,ATAGACCTCCGTGTCT-1,9940,3962,0.030181086519114688,25,9,Ductal basal
27126,21M_R2,21M,ATAGAGATCACGTCCT-1,6336,2838,0.04734848484848485,12,5,Ductal basal
27135,21M_R2,21M,ATAGGCTTCACCCATC-1,4136,2150,0.09671179883945842,9,1,Ductular
27136,21M_R2,21M,ATAGGCTTCCCATACC-1,4944,2605,0.12135922330097086,5,0,Ductal basal
27144,21M_R2,21M,ATATCCTTCAACTGGT-1,3083,1747,0.03243593902043464,9,1,Ductular
27145,21M_R2,21M,ATATCCTTCTACCTTA-1,6557,3240,0.09150526155253927,25,9,Ductal basal
27146,21M_R2,21M,ATCACAGAGACCAGAC-1,4839,2255,0.14465798718743542,29,7,Differentiating meibocyte
27155,21M_R2,21M,ATCACAGTCGGATAAA-1,3345,1747,0.20926756352765324,7,2,Ductal basal
27158,21M_R2,21M,ATCACGATCTAGCCAA-1,6239,2772,0.09616925789389325,23,1,Ductular
27164,21M_R2,21M,ATCACTTTCGAGTCCG-1,2071,1200,0.1931434089811685,9,1,Ductular
27165,21M_R2,21M,ATCACTTTCTACTATC-1,3622,2066,0.02760905577029266,5,0,Ductal basal
27166,21M_R2,21M,ATCAGGTAGGGTTTCT-1,2182,1372,0.09165902841429881,12,4,Orifice
27167,21M_R2,21M,ATCAGGTCACTAACCA-1,5036,2438,0.0,16,4,Orifice
27170,21M_R2,21M,ATCAGGTTCAGGACGA-1,902,676,1.1086474501108647,35,10,Differentiated meibocyte
27171,21M_R2,21M,ATCAGGTTCTGGCTGG-1,3151,1823,0.031735956839098696,5,0,Ductal basal
27175,21M_R2,21M,ATCATTCCACTGGCGT-1,3706,1648,0.6745817593092283,5,0,Ductal basal
27178,21M_R2,21M,ATCATTCCATATCTCT-1,3655,2074,0.19151846785225718,29,7,Differentiating meibocyte
27181,21M_R2,21M,ATCATTCTCATGAGGG-1,2509,1617,0.03985651654045436,9,1,Ductular
27187,21M_R2,21M,ATCCACCCATTCCTCG-1,5289,2686,0.3403289846851957,9,1,Ductular
27188,21M_R2,21M,ATCCACCGTAGGGAGG-1,5598,2825,0.08931761343336907,5,0,Ductal basal
27191,21M_R2,21M,ATCCACCTCAACCGAT-1,9898,3835,0.10103051121438675,29,7,Differentiating meibocyte
27194,21M_R2,21M,ATCCATTAGTACAACA-1,5544,2589,0.05411255411255411,5,0,Ductal basal
27195,21M_R2,21M,ATCCATTCATGTTCGA-1,4144,2157,0.04826254826254826,16,4,Orifice
27198,21M_R2,21M,ATCCATTGTGTTTACG-1,3774,2073,0.23847376788553257,9,1,Ductular
27199,21M_R2,21M,ATCCATTGTTTGACAC-1,2685,1675,2.160148975791434,22,8,Acinar basal
27202,21M_R2,21M,ATCCATTTCTCATGGA-1,6703,3204,0.1491869312248247,12,5,Ductal basal
27204,21M_R2,21M,ATCCCTGAGTGGACGT-1,7037,2725,0.15631661219269574,29,7,Differentiating meibocyte
27205,21M_R2,21M,ATCCCTGGTGTGAATA-1,3059,1934,0.13076168682576006,5,0,Ductal basal
27206,21M_R2,21M,ATCCGTCAGACTACCT-1,4114,2263,0.09722897423432182,5,0,Ductal basal
27207,21M_R2,21M,ATCCGTCAGTGGATTA-1,8984,3826,0.08904719501335707,25,9,Ductal basal
27208,21M_R2,21M,ATCCGTCAGTGGGAAA-1,6739,3398,0.14838996883810654,5,0,Ductal basal
27213,21M_R2,21M,ATCCGTCTCTTAATCC-1,6846,2881,0.1460706982179375,12,5,Ductal basal
27215,21M_R2,21M,ATCCTATAGGATTCCT-1,1850,1258,0.21621621621621623,9,1,Ductular
27216,21M_R2,21M,ATCCTATAGGGAGGCA-1,2910,1722,0.13745704467353953,5,0,Ductal basal
27218,21M_R2,21M,ATCCTATAGTGTAGAT-1,1762,1163,0.056753688989784334,20,3,Ductal suprabasal
27220,21M_R2,21M,ATCCTATCAGACGCTC-1,4444,2306,0.15751575157515751,16,4,Orifice
27222,21M_R2,21M,ATCCTATGTACTCGTA-1,2799,1610,0.10718113612004287,16,4,Orifice
27223,21M_R2,21M,ATCCTATGTAGGGAGG-1,4518,2364,0.06640106241699867,16,4,Orifice
27226,21M_R2,21M,ATCCTATTCGTTCCCA-1,3897,1884,0.07698229407236336,23,1,Ductular
27227,21M_R2,21M,ATCGATGAGCAGGTCA-1,3079,1855,0.0974342318934719,5,2,Ductal basal
27228,21M_R2,21M,ATCGATGCAAGAGGTC-1,3945,2024,0.050697084917617236,7,2,Ductal basal
27229,21M_R2,21M,ATCGATGCAAGTCATC-1,2576,1447,0.11645962732919254,7,2,Ductal basal
27236,21M_R2,21M,ATCGCCTCACCTAAAC-1,2570,1453,0.1556420233463035,7,2,Ductal basal
27238,21M_R2,21M,ATCGCCTCACTCTGCT-1,10220,4158,0.1076320939334638,9,1,Ductular
27246,21M_R2,21M,ATCGGATCACGCAGTC-1,6265,2749,0.07980845969672785,16,4,Orifice
27248,21M_R2,21M,ATCGGATCATTGAGGG-1,5127,2749,0.11702750146284377,5,0,Ductal basal
27249,21M_R2,21M,ATCGGATGTCCGGTGT-1,8148,3581,0.09818360333824251,5,0,Ductal basal
27251,21M_R2,21M,ATCGGCGCAAACTAAG-1,9866,4131,0.10135819987837015,25,9,Ductal basal
27252,21M_R2,21M,ATCGGCGCACACGGTC-1,10397,4082,0.06732711359045879,5,0,Ductal basal
27255,21M_R2,21M,ATCGTAGAGTAATTGG-1,7981,3653,1.127678235810049,25,9,Ductal basal
27262,21M_R2,21M,ATCGTAGTCGACGAGA-1,866,663,2.3094688221709005,29,7,Differentiating meibocyte
27263,21M_R2,21M,ATCGTCCAGGTGCTTT-1,12480,4174,0.7692307692307693,29,7,Differentiating meibocyte
27266,21M_R2,21M,ATCGTCCGTCATTGCA-1,4989,2326,0.10022048506714773,20,3,Ductal suprabasal
27268,21M_R2,21M,ATCGTCCGTGTCATTG-1,6789,3063,0.07364854912358226,23,1,Ductular
27269,21M_R2,21M,ATCGTCCTCATCCTAT-1,3880,2205,0.07731958762886598,7,2,Ductal basal
27271,21M_R2,21M,ATCGTCCTCGTAACAC-1,9837,3951,0.1321541120260242,5,0,Ductal basal
27272,21M_R2,21M,ATCGTGAAGACTACCT-1,2902,1614,0.10337698139214334,7,2,Ductal basal
27274,21M_R2,21M,ATCGTGACACCTGAAT-1,7809,3475,0.11525163273146369,5,0,Ductal basal
27275,21M_R2,21M,ATCGTGACAGGAGACT-1,3897,2099,0.07698229407236336,5,0,Ductal basal
27277,21M_R2,21M,ATCGTGAGTTGCTGAT-1,5634,2584,0.08874689385871495,16,4,Orifice
27281,21M_R2,21M,ATCTCTAAGTCAGAGC-1,2559,1370,0.039077764751856196,7,2,Ductal basal
27282,21M_R2,21M,ATCTCTACAACAAAGT-1,2444,1643,0.04091653027823241,22,8,Acinar basal
27283,21M_R2,21M,ATCTCTACAAGGAGTC-1,2091,1349,0.0,5,0,Ductal basal
27284,21M_R2,21M,ATCTCTAGTCACGTGC-1,1488,1058,0.2688172043010753,22,8,Acinar basal
27286,21M_R2,21M,ATCTCTAGTTAGAGAT-1,3059,1906,0.13076168682576006,5,0,Ductal basal
27288,21M_R2,21M,ATCTCTATCAGGACGA-1,3772,1955,0.07953340402969247,7,2,Ductal basal
27291,21M_R2,21M,ATCTTCACATTCAGCA-1,4407,2416,0.09076469253460404,5,0,Ductal basal
27295,21M_R2,21M,ATGAAAGCATCAGCGC-1,4490,2471,0.13363028953229397,5,0,Ductal basal
27296,21M_R2,21M,ATGAAAGGTTGTCAGT-1,3469,1924,0.11530700490054771,16,4,Orifice
27299,21M_R2,21M,ATGACCACAACATCGT-1,7343,3146,0.16342094511779928,5,0,Ductal basal
27303,21M_R2,21M,ATGACCAGTGAGCAGT-1,9363,3906,0.24564776246929404,5,0,Ductal basal
27304,21M_R2,21M,ATGACCATCATACGAC-1,9083,3847,0.06605746999889904,12,5,Ductal basal
27307,21M_R2,21M,ATGACCATCTCCCTAG-1,4277,2394,0.0,12,5,Ductal basal
27308,21M_R2,21M,ATGAGGGAGGTAAACT-1,3176,1769,0.1889168765743073,10,2,Ductal basal
27309,21M_R2,21M,ATGAGGGCACTTCCTG-1,4167,1946,0.3839692824574034,7,2,Ductal basal
27311,21M_R2,21M,ATGAGGGGTCCAAATC-1,5170,2383,0.17408123791102514,12,5,Ductal basal
27316,21M_R2,21M,ATGAGGGTCTCTGACC-1,4926,2566,0.06090133982947624,7,2,Ductal basal
27317,21M_R2,21M,ATGAGGGTCTGGGCGT-1,1735,1189,0.23054755043227668,5,0,Ductal basal
27322,21M_R2,21M,ATGAGTCGTAGGCAAC-1,5128,2732,0.09750390015600624,22,7,Differentiating meibocyte
27327,21M_R2,21M,ATGATCGGTAGACGGT-1,4685,2374,0.08537886872998933,5,0,Ductal basal
27329,21M_R2,21M,ATGATCGGTCATATGC-1,2335,1509,0.21413276231263384,12,5,Ductal basal
27330,21M_R2,21M,ATGATCGGTGAGGATC-1,2066,1332,0.0968054211035818,12,1,Ductular
27338,21M_R2,21M,ATGCATGGTGGCCTCA-1,4107,2178,0.048697345994643294,12,5,Ductal basal
27344,21M_R2,21M,ATGCCTCCAAGCAATA-1,5511,2647,0.07258210851025222,9,1,Ductular
27348,21M_R2,21M,ATGCCTCGTTTAGACC-1,3988,2140,0.12537612838515547,5,0,Ductal basal
27349,21M_R2,21M,ATGCCTCTCACCTCGT-1,3940,2052,0.17766497461928935,29,7,Differentiating meibocyte
27351,21M_R2,21M,ATGCGATAGGTAGTCG-1,3316,1810,0.0,12,5,Ductal basal
27353,21M_R2,21M,ATGCGATAGTTGGGAC-1,7912,3584,0.05055611729019212,5,0,Ductal basal
27354,21M_R2,21M,ATGCGATCAGAGGACT-1,11681,4382,0.05992637616642411,5,0,Ductal basal
27357,21M_R2,21M,ATGCGATCATTGTGCA-1,4487,2258,0.1337196344996657,16,4,Orifice
27358,21M_R2,21M,ATGCGATGTAAGAACT-1,5595,2883,0.12511170688114387,5,0,Ductal basal
27363,21M_R2,21M,ATGGAGGAGCCTAGGA-1,6278,3272,0.1911436763300414,12,5,Ductal basal
27368,21M_R2,21M,ATGGAGGTCAAAGGAT-1,3020,1796,0.2317880794701987,12,1,Ductular
27370,21M_R2,21M,ATGGATCAGAGGCCAT-1,6540,3205,0.8256880733944955,24,3,Ductal suprabasal
27371,21M_R2,21M,ATGGATCAGGGCAGAG-1,6056,3004,0.3797886393659181,5,5,Ductal basal
27372,21M_R2,21M,ATGGATCAGTCGAGGT-1,2442,1583,0.08190008190008191,5,0,Ductal basal
27374,21M_R2,21M,ATGGATCGTACGTACT-1,3076,1747,0.032509752925877766,7,2,Ductal basal
27378,21M_R2,21M,ATGGATCTCTGAATCG-1,6612,3069,0.1512401693889897,16,4,Orifice
27383,21M_R2,21M,ATGGGAGCATGACAGG-1,4374,2330,0.09144947416552354,5,0,Ductal basal
27386,21M_R2,21M,ATGGGAGGTGGAGGTT-1,5863,3040,0.3070100631076241,7,2,Ductal basal
27387,21M_R2,21M,ATGGGAGGTTGGCCGT-1,3337,1917,0.08990110878034162,12,5,Ductal basal
27394,21M_R2,21M,ATGGTTGAGTCAGAGC-1,4956,2292,0.12106537530266344,16,4,Orifice
27395,21M_R2,21M,ATGGTTGGTGTATTGC-1,3810,2196,0.07874015748031496,5,0,Ductal basal
27397,21M_R2,21M,ATGGTTGTCGACTCCT-1,2198,1459,0.09099181073703368,5,0,Ductal basal
27403,21M_R2,21M,ATGTCCCTCGAACCAT-1,2403,1589,0.08322929671244278,25,8,Acinar basal
27408,21M_R2,21M,ATGTCTTCAATGACCT-1,1634,1163,0.06119951040391676,20,3,Ductal suprabasal
27412,21M_R2,21M,ATGTCTTGTACTCCGG-1,3039,1654,0.8226390259953932,12,5,Ductal basal
27416,21M_R2,21M,ATTACCTAGGTAGCCA-1,4582,2248,0.021824530772588387,12,5,Ductal basal
27422,21M_R2,21M,ATTACTCCAATGGCAG-1,7228,3239,0.09684560044272275,9,1,Ductular
27424,21M_R2,21M,ATTACTCGTGCAGTGA-1,3126,1882,0.03198976327575176,5,0,Ductal basal
27436,21M_R2,21M,ATTATCCCAGCCGTCA-1,2637,1557,0.30337504740235116,5,2,Ductal basal
27437,21M_R2,21M,ATTATCCCATCCGATA-1,5402,2776,0.1480932987782303,25,9,Ductal basal
27438,21M_R2,21M,ATTATCCGTATCCTCC-1,4938,2236,0.1012555690562981,7,2,Ductal basal
27447,21M_R2,21M,ATTCACTTCCTTTGAT-1,1362,955,0.22026431718061676,16,4,Orifice
27449,21M_R2,21M,ATTCAGGAGCGAGAAA-1,3316,1865,0.3618817852834741,16,4,Orifice
27451,21M_R2,21M,ATTCAGGCAATAAGGT-1,3036,1809,0.36231884057971014,5,0,Ductal basal
27453,21M_R2,21M,ATTCAGGGTTGGTAGG-1,3071,1728,0.0651253663301856,5,2,Ductal basal
27459,21M_R2,21M,ATTCATCTCCCAAGTA-1,4565,2145,0.17524644030668127,12,4,Orifice
27460,21M_R2,21M,ATTCATCTCGATGCAT-1,3336,1993,0.20983213429256595,9,1,Ductular
27461,21M_R2,21M,ATTCATCTCTGGCTGG-1,4935,2467,0.16210739614994932,16,4,Orifice
27462,21M_R2,21M,ATTCCATCACGATAGG-1,3694,1917,0.10828370330265295,5,0,Ductal basal
27466,21M_R2,21M,ATTCCCGAGGTAGTAT-1,2846,1505,0.035137034434293744,12,5,Ductal basal
27467,21M_R2,21M,ATTCCCGCACATCCCT-1,8461,3870,0.09455147145727455,5,0,Ductal basal
27469,21M_R2,21M,ATTCCCGCATGTTTGG-1,4383,2405,0.34223134839151265,9,1,Ductular
27486,21M_R2,21M,ATTCTACCAAGTGCAG-1,2523,1540,0.15854141894569956,9,1,Ductular
27487,21M_R2,21M,ATTCTACCATGTGACT-1,2095,1360,0.23866348448687352,5,0,Ductal basal
27488,21M_R2,21M,ATTCTACGTTCCAGGC-1,2119,1389,0.09438414346389806,5,2,Ductal basal
27489,21M_R2,21M,ATTCTTGAGAATTGCA-1,884,664,0.5656108597285068,23,1,Ductular
27491,21M_R2,21M,ATTCTTGCACTTGTGA-1,3412,2008,0.058616647127784284,9,1,Ductular
27492,21M_R2,21M,ATTCTTGGTCCACATA-1,3720,2055,0.0,5,0,Ductal basal
27496,21M_R2,21M,ATTGGGTAGATGAATC-1,4568,2332,0.17513134851138354,7,2,Ductal basal
27497,21M_R2,21M,ATTGGGTAGCACCGAA-1,3685,2172,0.5427408412483039,20,1,Ductular
27500,21M_R2,21M,ATTGGGTCAACTGCTA-1,5383,2876,0.1114620100315809,16,4,Orifice
27502,21M_R2,21M,ATTGGGTCAGTAGTGG-1,5145,2569,0.1943634596695821,25,9,Ductal basal
27505,21M_R2,21M,ATTGGGTGTTGGCTAT-1,3439,1913,0.11631288165164291,5,0,Ductal basal
27507,21M_R2,21M,ATTGGGTTCGCAGATT-1,2960,1655,0.30405405405405406,7,2,Ductal basal
27512,21M_R2,21M,ATTGTTCCACAAGTGG-1,9332,4007,0.08572653236176596,5,0,Ductal basal
27514,21M_R2,21M,ATTGTTCCACGCTATA-1,9017,3594,0.04436065210158589,29,7,Differentiating meibocyte
27520,21M_R2,21M,ATTGTTCGTTGTGGAG-1,2840,1609,0.28169014084507044,16,4,Orifice
27522,21M_R2,21M,ATTGTTCTCCAATCTT-1,2496,1499,0.2403846153846154,7,2,Ductal basal
27523,21M_R2,21M,ATTTACCCAAATTGCC-1,6283,3147,0.047747891134808214,20,3,Ductal suprabasal
27525,21M_R2,21M,ATTTACCTCGGACTGC-1,3885,2000,0.10296010296010295,23,1,Ductular
27526,21M_R2,21M,ATTTACCTCTCTTCAA-1,3687,2044,0.054244643341470035,16,4,Orifice
27528,21M_R2,21M,ATTTCACAGTGTTGTC-1,1551,1067,0.1289490651192779,23,1,Ductular
27530,21M_R2,21M,ATTTCACCAAGAGTTA-1,1517,1089,0.3295978905735003,9,1,Ductular
27533,21M_R2,21M,ATTTCACTCCGTCAAA-1,3873,2033,0.05163955589981926,12,5,Ductal basal
27534,21M_R2,21M,ATTTCTGCAACTCATG-1,2574,1596,0.11655011655011654,9,1,Ductular
27535,21M_R2,21M,ATTTCTGCAGCTCGGT-1,4227,2244,0.07097232079488999,5,0,Ductal basal
27538,21M_R2,21M,CAAAGAAAGGAGAATG-1,5593,2661,0.17879492222420884,5,0,Ductal basal
27539,21M_R2,21M,CAAAGAAAGTGTCATC-1,3807,2083,0.07880220646178093,16,4,Orifice
27542,21M_R2,21M,CAAAGAACATTCAGGT-1,4985,2731,0.06018054162487463,25,9,Ductal basal
27544,21M_R2,21M,CAAAGAAGTATGGAGC-1,2610,1547,0.0,16,4,Orifice
27545,21M_R2,21M,CAAAGAAGTGTATCCA-1,2022,1380,0.19782393669634024,23,1,Ductular
27548,21M_R2,21M,CAACAACAGCTCGGCT-1,4572,2194,0.08748906386701663,12,5,Ductal basal
27550,21M_R2,21M,CAACAACAGTTGCTGT-1,1411,956,0.9922041105598866,35,7,Differentiating meibocyte
27551,21M_R2,21M,CAACAACCAAATGAGT-1,3660,1918,0.2185792349726776,7,2,Ductal basal
27552,21M_R2,21M,CAACAACCAGAGTTCT-1,6017,2683,0.1329566229017783,5,2,Ductal basal
27553,21M_R2,21M,CAACAACCATCCAACA-1,3648,2012,0.3015350877192982,9,1,Ductular
27559,21M_R2,21M,CAACAGTCACTGGCCA-1,5749,2840,0.38267524786919466,25,9,Ductal basal
27561,21M_R2,21M,CAACAGTGTGCGTGCT-1,2887,1700,0.20782819535850364,23,1,Ductular
27564,21M_R2,21M,CAACAGTTCTCGGGAC-1,944,683,0.847457627118644,35,10,Differentiated meibocyte
27565,21M_R2,21M,CAACCAAAGAGGTTTA-1,2879,1736,1.0072941993747828,7,2,Ductal basal
27569,21M_R2,21M,CAACCAAGTCGTGCCA-1,3949,2381,0.17726006583945303,20,1,Ductular
27570,21M_R2,21M,CAACCAAGTTTACTGG-1,3890,2187,0.2827763496143959,9,1,Ductular
27573,21M_R2,21M,CAACCTCAGCGTGAGT-1,3665,1970,0.1364256480218281,9,4,Orifice
27575,21M_R2,21M,CAACCTCAGGACAAGA-1,4920,2333,0.06097560975609756,12,5,Ductal basal
27576,21M_R2,21M,CAACCTCAGTACTGTC-1,7418,3313,0.06740361283364789,12,5,Ductal basal
27577,21M_R2,21M,CAACCTCAGTATGATG-1,3159,1769,0.22158911047799934,23,1,Ductular
27580,21M_R2,21M,CAACCTCCATCTGTTT-1,6162,2945,0.06491398896462187,9,1,Ductular
27581,21M_R2,21M,CAACCTCGTGATTCTG-1,9639,4049,0.05187260089220873,20,2,Ductal basal
27588,21M_R2,21M,CAACGATAGATGGCGT-1,3551,2112,0.19712756969867645,5,2,Ductal basal
27591,21M_R2,21M,CAACGATGTTCTGACA-1,7247,3155,0.24837863943700844,16,4,Orifice
27594,21M_R2,21M,CAACGATTCTTAGCAG-1,2267,1402,0.6616674018526687,16,4,Orifice
27596,21M_R2,21M,CAACGGCCACCATAAC-1,7816,2927,0.21750255885363357,7,2,Ductal basal
27597,21M_R2,21M,CAACGGCGTATGATCC-1,3177,1735,0.5350960025180989,23,1,Ductular
27602,21M_R2,21M,CAAGACTCATGACTCA-1,5031,2637,0.0795070562512423,5,0,Ductal basal
27603,21M_R2,21M,CAAGACTGTAGGCAAC-1,3389,1913,0.2655650634405429,23,1,Ductular
27607,21M_R2,21M,CAAGAGGAGATAGTCA-1,9673,3894,0.10338054378166028,22,8,Acinar basal
27608,21M_R2,21M,CAAGAGGAGCGGTAGT-1,3947,2129,0.12667848999239928,5,0,Ductal basal
27609,21M_R2,21M,CAAGAGGAGCTCTGTA-1,2922,1844,1.1293634496919918,9,1,Ductular
27611,21M_R2,21M,CAAGAGGCAGTTTCAG-1,5771,2695,0.19060821348119908,5,2,Ductal basal
27618,21M_R2,21M,CAAGCTAGTGATCGTT-1,1757,1235,0.22766078542970974,9,1,Ductular
27624,21M_R2,21M,CAAGGGAAGTATGCAA-1,1955,1309,0.2557544757033248,23,1,Ductular
27628,21M_R2,21M,CAAGGGAGTTGCCGAC-1,2833,1729,0.0705965407695023,23,1,Ductular
27630,21M_R2,21M,CAAGGGAGTTTCGTTT-1,3207,1667,0.1559089491736826,7,2,Ductal basal
27631,21M_R2,21M,CAAGGGATCCATTTGT-1,9605,3489,0.07287870900572618,24,1,Ductular
27636,21M_R2,21M,CAAGGGATCGGTCACG-1,2033,1319,0.1967535661583866,5,2,Ductal basal
27641,21M_R2,21M,CAATACGGTGCCTACG-1,4418,2368,0.1358080579447714,5,0,Ductal basal
27642,21M_R2,21M,CAATCGAAGGACTTCT-1,10755,4214,0.02789400278940028,5,0,Ductal basal
27644,21M_R2,21M,CAATGACAGTCAGCGA-1,7366,3285,0.06787944610371979,9,1,Ductular
27645,21M_R2,21M,CAATGACCAGAGCTAG-1,2017,1344,0.2478929102627665,10,2,Ductal basal
27646,21M_R2,21M,CAATGACCAGTAGTGG-1,1666,1038,0.900360144057623,23,3,Ductal suprabasal
27648,21M_R2,21M,CAATGACGTGTCCCTT-1,5515,2795,0.19945602901178605,10,0,Ductal basal
27650,21M_R2,21M,CAATGACTCAGTGGGA-1,1846,1297,0.6500541711809318,5,0,Ductal basal
27655,21M_R2,21M,CAATTTCCACACGGTC-1,2333,1514,0.2571795970852979,20,3,Ductal suprabasal
27658,21M_R2,21M,CAATTTCGTGAGTAAT-1,2988,1821,0.2008032128514056,5,0,Ductal basal
27659,21M_R2,21M,CACAACACAATGAACA-1,7622,3407,0.06559958016268697,5,0,Ductal basal
27660,21M_R2,21M,CACAACACAGACCAGA-1,6717,3041,0.08932559178204555,29,7,Differentiating meibocyte
27663,21M_R2,21M,CACAACAGTGTCATGT-1,5328,2777,0.22522522522522523,20,3,Ductal suprabasal
27664,21M_R2,21M,CACAACATCCATAAGC-1,7466,3059,0.04018215912135012,16,4,Orifice
27667,21M_R2,21M,CACACAAAGAGCAGTC-1,5178,2628,0.0772499034376207,7,2,Ductal basal
27669,21M_R2,21M,CACACAAGTAGACACG-1,3023,1811,0.16539861065167052,9,1,Ductular
27671,21M_R2,21M,CACACAATCTTAATCC-1,4664,2389,0.2358490566037736,23,1,Ductular
27673,21M_R2,21M,CACAGATAGTTGTCGT-1,3581,2173,0.08377548170901983,24,3,Ductal suprabasal
27674,21M_R2,21M,CACAGATGTACCTTCC-1,7437,3270,0.10757025682398816,29,7,Differentiating meibocyte
27683,21M_R2,21M,CACAGGCTCTTCGATT-1,7175,3300,0.0975609756097561,9,0,Ductal basal
27684,21M_R2,21M,CACATGAAGCCATCCG-1,4723,2505,0.10586491636671606,5,0,Ductal basal
27693,21M_R2,21M,CACCAAAAGAGGGTGG-1,3886,2119,0.23160061760164694,5,0,Ductal basal
27695,21M_R2,21M,CACCAAATCCGCTGTT-1,5618,2538,0.21359914560341758,7,2,Ductal basal
27696,21M_R2,21M,CACCAAATCGCCTAGG-1,2072,1306,0.19305019305019305,23,1,Ductular
27702,21M_R2,21M,CACCGTTGTTCACCGG-1,3838,2158,0.1563314226159458,20,3,Ductal suprabasal
27704,21M_R2,21M,CACCGTTTCTGCAGCG-1,9332,3419,0.03214744963566224,25,9,Ductal basal
27706,21M_R2,21M,CACGAATAGCTGGCTC-1,10649,4107,0.1032960841393558,5,0,Ductal basal
27707,21M_R2,21M,CACGAATAGGGTTTCT-1,3958,2235,0.17685699848408287,5,0,Ductal basal
27711,21M_R2,21M,CACGAATGTATCCTTT-1,5054,2663,0.0593589236248516,9,1,Ductular
27713,21M_R2,21M,CACGAATTCTAAGCGT-1,3812,2155,0.13116474291710387,5,0,Ductal basal
27714,21M_R2,21M,CACGGGTCAACGTTAC-1,2542,1558,0.07867820613690008,25,9,Ductal basal
27716,21M_R2,21M,CACGGGTCATCAACCA-1,3767,1948,0.10618529333687285,7,2,Ductal basal
27720,21M_R2,21M,CACGTGGCACGTAGAG-1,11884,4369,0.05048805116122518,5,0,Ductal basal
27722,21M_R2,21M,CACGTGGTCAGCAATC-1,2705,1605,0.07393715341959334,12,5,Ductal basal
27723,21M_R2,21M,CACGTGGTCCGAGTGC-1,5561,2283,0.14385901816220104,7,2,Ductal basal
27725,21M_R2,21M,CACGTTCAGCTTAGTC-1,6809,3079,0.08811866647084741,23,3,Ductal suprabasal
27727,21M_R2,21M,CACGTTCCAGCGTATT-1,9451,3753,0.10580890911014706,5,2,Ductal basal
27728,21M_R2,21M,CACGTTCGTACCAATC-1,8091,3435,0.14831294030404152,16,4,Orifice
27729,21M_R2,21M,CACGTTCTCTGTGCGG-1,2604,1591,0.19201228878648233,7,2,Ductal basal
27733,21M_R2,21M,CACTAAGCACAAATCC-1,3750,2167,0.13333333333333333,5,0,Ductal basal
27734,21M_R2,21M,CACTAAGCATGCAGCC-1,1986,1330,0.906344410876133,22,8,Acinar basal
27738,21M_R2,21M,CACTAAGTCTCAAAGC-1,5763,2511,0.12146451500954364,7,2,Ductal basal
27741,21M_R2,21M,CACTGAACACATATGC-1,8876,3806,0.15772870662460567,25,9,Ductal basal
27744,21M_R2,21M,CACTGAAGTAGCGCCT-1,2904,1751,0.10330578512396695,12,5,Ductal basal
27749,21M_R2,21M,CACTGGGCATCTAGAC-1,3879,2093,0.10311936065996391,16,4,Orifice
27753,21M_R2,21M,CACTGGGTCGGCTGGT-1,2799,1596,0.07145409074669525,16,4,Orifice
27755,21M_R2,21M,CACTGTCCAACTTGGT-1,7341,3070,0.10897697861326795,24,3,Ductal suprabasal
27760,21M_R2,21M,CACTTCGGTGAATGAT-1,2726,1483,0.1467351430667645,7,2,Ductal basal
27768,21M_R2,21M,CACTTCGTCTGCCTGT-1,7845,3240,0.10197578075207138,5,0,Ductal basal
27769,21M_R2,21M,CAGAGCCAGATAGCAT-1,4562,2330,0.15344147303814115,12,5,Ductal basal
27773,21M_R2,21M,CAGATACAGCCGTAAG-1,3819,2164,0.20947892118355593,9,1,Ductular
27784,21M_R2,21M,CAGATCACATCTTCGC-1,5703,2839,0.19288093985621604,5,0,Ductal basal
27788,21M_R2,21M,CAGATTGCACAGCTGC-1,5174,2649,0.2126014688828759,5,0,Ductal basal
27803,21M_R2,21M,CAGCACGTCCGTGTCT-1,3321,1840,0.2408912978018669,7,2,Ductal basal
27804,21M_R2,21M,CAGCACGTCGAGAATA-1,6261,2970,0.15971889474524836,24,3,Ductal suprabasal
27807,21M_R2,21M,CAGCAGCAGTAGGTTA-1,9912,3594,2.048022598870056,29,7,Differentiating meibocyte
27812,21M_R2,21M,CAGCAGCGTATCCCTC-1,6667,3103,0.119994000299985,5,0,Ductal basal
27815,21M_R2,21M,CAGCCAGAGACTTGTC-1,3720,2107,0.13440860215053765,20,3,Ductal suprabasal
27817,21M_R2,21M,CAGCCAGCACCTGTCT-1,7414,3535,0.9306717021850553,5,2,Ductal basal
27818,21M_R2,21M,CAGCCAGCAGCTAACT-1,4153,2223,0.12039489525644113,5,0,Ductal basal
27828,21M_R2,21M,CAGCGTGGTAATACCC-1,7185,3298,0.26443980514961724,5,0,Ductal basal
27830,21M_R2,21M,CAGCGTGGTTGTTTGG-1,12152,3628,0.06583278472679394,16,4,Orifice
27839,21M_R2,21M,CAGGCCATCTCTGCTG-1,5884,2980,1.2066621346023114,29,7,Differentiating meibocyte
27841,21M_R2,21M,CAGGGCTCACGGGTAA-1,7029,3329,0.04268032437046522,5,0,Ductal basal
27842,21M_R2,21M,CAGGGCTGTGGATCGA-1,2070,1324,0.1932367149758454,5,2,Ductal basal
27845,21M_R2,21M,CAGGGCTTCTCAATCT-1,4869,2426,0.06161429451632779,22,8,Acinar basal
27850,21M_R2,21M,CAGGTATGTTGAGTCT-1,6840,3445,0.11695906432748539,25,9,Ductal basal
27851,21M_R2,21M,CAGGTATTCCTTTAGT-1,4669,2217,0.08567144998929106,5,0,Ductal basal
27852,21M_R2,21M,CAGTGCGAGAAGTGTT-1,4926,2385,0.08120178643930166,16,4,Orifice
27853,21M_R2,21M,CAGTGCGAGACTACCT-1,5877,2906,0.11910838863365664,5,0,Ductal basal
27854,21M_R2,21M,CAGTGCGAGGCGTTGA-1,9053,3988,0.06627637247321329,25,0,Ductal basal
27858,21M_R2,21M,CAGTGCGTCAAGTCGT-1,5700,3049,0.17543859649122806,25,9,Ductal basal
27861,21M_R2,21M,CAGTTAGAGCTCCCTT-1,4227,2293,0.11828720132481667,5,0,Ductal basal
27862,21M_R2,21M,CAGTTAGCACAGGATG-1,2591,1503,0.19297568506368198,7,2,Ductal basal
27864,21M_R2,21M,CAGTTAGTCAGAGTTC-1,5823,2849,0.05151983513652757,5,2,Ductal basal
27866,21M_R2,21M,CAGTTAGTCGATACTG-1,4938,2254,0.08100445524503848,12,4,Orifice
27867,21M_R2,21M,CAGTTAGTCGGAGTAG-1,2142,1370,0.700280112044818,29,7,Differentiating meibocyte
27868,21M_R2,21M,CAGTTAGTCTGTTCAT-1,8934,3851,0.0671591672263264,12,5,Ductal basal
27870,21M_R2,21M,CAGTTCCCATACCATG-1,3995,2263,0.22528160200250313,9,1,Ductular
27872,21M_R2,21M,CAGTTCCGTAGATTAG-1,2563,1581,0.39016777214202103,5,2,Ductal basal
27879,21M_R2,21M,CATAAGCCACACCGAC-1,6586,3122,0.06073489219556636,16,4,Orifice
27881,21M_R2,21M,CATAAGCCATGGCACC-1,5030,2777,0.039761431411530816,5,0,Ductal basal
27883,21M_R2,21M,CATAAGCTCCCATGGG-1,11790,3657,0.05937234944868532,16,4,Orifice
27885,21M_R2,21M,CATACAGAGAAGAACG-1,7516,3049,0.05321979776476849,29,7,Differentiating meibocyte
27887,21M_R2,21M,CATACAGAGATCGGTG-1,1626,1153,0.36900369003690037,29,7,Differentiating meibocyte
27888,21M_R2,21M,CATACAGAGCCTGTGC-1,3632,2143,0.4129955947136564,22,8,Acinar basal
27895,21M_R2,21M,CATACCCAGCGTCTCG-1,3092,1854,0.16170763260025875,23,1,Ductular
27896,21M_R2,21M,CATACCCAGTCATACC-1,4720,2475,0.0423728813559322,22,8,Acinar basal
27901,21M_R2,21M,CATACCCCATGGAGAC-1,1983,1369,0.10085728693898136,20,3,Ductal suprabasal
27902,21M_R2,21M,CATACCCGTAAGATTG-1,2812,1621,0.17780938833570412,7,0,Ductal basal
27903,21M_R2,21M,CATACCCGTAGCGATG-1,6726,3032,0.07433838834374071,29,7,Differentiating meibocyte
27906,21M_R2,21M,CATACCCTCGATTTCT-1,7826,3538,0.03833375926399182,25,9,Ductal basal
27907,21M_R2,21M,CATACCCTCGGTAACT-1,4418,2272,0.04526935264825713,5,0,Ductal basal
27911,21M_R2,21M,CATACTTGTAACGCGA-1,3257,2046,0.24562480810561868,25,9,Ductal basal
27916,21M_R2,21M,CATAGACAGAGTGTTA-1,4259,2498,0.30523597088518434,22,8,Acinar basal
27918,21M_R2,21M,CATAGACAGCGAGAAA-1,3917,2212,0.15317845289762574,5,0,Ductal basal
27919,21M_R2,21M,CATAGACCAAGCCATT-1,3878,1871,0.07735946364105209,9,1,Ductular
27920,21M_R2,21M,CATAGACCATCGAAGG-1,2333,1522,0.12858979854264896,25,9,Ductal basal
27924,21M_R2,21M,CATAGACTCACATACG-1,4021,2235,0.14921661278288983,20,3,Ductal suprabasal
27926,21M_R2,21M,CATCAAGAGGGATCAC-1,3184,1848,0.09422110552763818,23,3,Ductal suprabasal
27927,21M_R2,21M,CATCAAGAGTATAGGT-1,1439,1025,0.13898540653231412,7,4,Orifice
27928,21M_R2,21M,CATCAAGCACGCGGTT-1,3440,1757,0.0872093023255814,9,1,Ductular
27931,21M_R2,21M,CATCCACAGATAGTCA-1,6350,3183,0.015748031496062992,25,9,Ductal basal
27933,21M_R2,21M,CATCCACAGCTGTACT-1,5336,2524,0.1686656671664168,5,0,Ductal basal
27934,21M_R2,21M,CATCCACAGGGAGTTC-1,2715,1643,0.5156537753222836,5,2,Ductal basal
27935,21M_R2,21M,CATCCACAGGGTACAC-1,7817,3367,0.10234105155430473,9,1,Ductular
27942,21M_R2,21M,CATCCCAAGATGCTAA-1,5002,2625,0.1599360255897641,24,3,Ductal suprabasal
27943,21M_R2,21M,CATCCCAAGGCTGAAC-1,3222,1734,0.40347610180012417,7,2,Ductal basal
27944,21M_R2,21M,CATCCCAAGTCATGGG-1,1102,769,0.18148820326678766,23,1,Ductular
27947,21M_R2,21M,CATCCCACAGTTGGTT-1,3538,2147,0.1978518937252685,9,4,Orifice
27948,21M_R2,21M,CATCCCAGTAGTGATA-1,5168,2683,0.21284829721362228,5,0,Ductal basal
27950,21M_R2,21M,CATCCCAGTCACCACG-1,1450,933,0.13793103448275862,16,4,Orifice
27951,21M_R2,21M,CATCCCAGTGGCTGAA-1,7432,3170,0.05382131324004305,24,3,Ductal suprabasal
27954,21M_R2,21M,CATCCGTAGCCTTGAT-1,2620,1706,0.26717557251908397,20,3,Ductal suprabasal
27955,21M_R2,21M,CATCCGTAGGTAAGAG-1,1458,1100,0.2743484224965706,20,3,Ductal suprabasal
27958,21M_R2,21M,CATCGCTAGCCTTCTC-1,3478,1994,0.6037952846463485,9,1,Ductular
27959,21M_R2,21M,CATCGCTAGCTCACTA-1,3488,1871,0.11467889908256881,7,2,Ductal basal
27961,21M_R2,21M,CATCGCTCAACAGTGG-1,1306,852,0.22970903522205208,35,10,Differentiated meibocyte
27962,21M_R2,21M,CATCGCTCAATTCACG-1,6846,3068,0.10224948875255625,16,2,Ductal basal
27969,21M_R2,21M,CATCGGGAGACAGTCG-1,4516,2451,0.22143489813994688,16,4,Orifice
27970,21M_R2,21M,CATCGGGAGCAAACAT-1,8367,3761,0.2629377315644795,22,8,Acinar basal
27974,21M_R2,21M,CATCGGGAGTGCCGAA-1,4459,2222,0.06727965911639382,35,10,Differentiated meibocyte
27975,21M_R2,21M,CATCGGGCAACCTATG-1,8395,3421,0.09529481834425253,12,4,Orifice
27978,21M_R2,21M,CATCGGGCAGGTTCCG-1,3522,2189,0.1135718341851221,20,3,Ductal suprabasal
27979,21M_R2,21M,CATCGGGCATGGAACG-1,2651,1582,0.1131648434552999,7,2,Ductal basal
27982,21M_R2,21M,CATCGTCAGAGAGGGC-1,795,593,1.257861635220126,35,10,Differentiated meibocyte
27983,21M_R2,21M,CATCGTCAGTGCGCTC-1,7698,3390,0.09093270979475189,12,5,Ductal basal
27987,21M_R2,21M,CATCGTCCACACCGCA-1,4169,2266,0.23986567522187577,12,5,Ductal basal
27997,21M_R2,21M,CATGAGTTCTGGAGAG-1,2210,1446,0.13574660633484162,7,2,Ductal basal
27998,21M_R2,21M,CATGCAAAGGCATGGT-1,14891,4065,0.49022899738096837,29,7,Differentiating meibocyte
27999,21M_R2,21M,CATGCAAGTAACCCGC-1,2183,1434,0.22904260192395787,29,7,Differentiating meibocyte
28001,21M_R2,21M,CATGCAATCGAATCCA-1,4270,2068,0.0702576112412178,7,2,Ductal basal
28002,21M_R2,21M,CATGCAATCTCGCGTT-1,4236,2182,0.141643059490085,5,0,Ductal basal
28007,21M_R2,21M,CATGCCTGTACGACAG-1,1516,982,0.1978891820580475,12,5,Ductal basal
28008,21M_R2,21M,CATGCCTGTAGATCGG-1,6958,3189,0.12934751365334868,5,5,Ductal basal
28009,21M_R2,21M,CATGCCTGTCAGTTTG-1,4497,2296,0.177896375361352,5,2,Ductal basal
28010,21M_R2,21M,CATGCCTGTTAAGGAT-1,1913,1307,0.26136957658128596,24,3,Ductal suprabasal
28014,21M_R2,21M,CATGCGGAGGTGCTGA-1,3829,1879,0.18281535648994515,7,2,Ductal basal
28019,21M_R2,21M,CATGCGGCAGAGGCTA-1,4481,2506,0.2901138138808302,5,0,Ductal basal
28022,21M_R2,21M,CATGCGGTCCTAGCGG-1,3338,1888,0.2696225284601558,7,2,Ductal basal
28023,21M_R2,21M,CATGCGGTCGCAGTGC-1,3712,1673,0.18857758620689655,35,3,Ductal suprabasal
28027,21M_R2,21M,CATGCTCGTGAACTAA-1,3454,1856,0.0,7,2,Ductal basal
28029,21M_R2,21M,CATGCTCTCTTGGTGA-1,2060,1412,0.3883495145631068,9,2,Ductal basal
28030,21M_R2,21M,CATGGATAGCAGCAGT-1,3893,2191,0.2825584382224505,7,2,Ductal basal
28034,21M_R2,21M,CATGGATGTATTTCTC-1,7737,3410,0.025849812588858732,25,9,Ductal basal
28035,21M_R2,21M,CATGGATTCAGCGGAA-1,8739,3787,0.11442956860052637,5,6,Ductal basal
28039,21M_R2,21M,CATGGTAAGGATTACA-1,5661,2849,0.03532944709415298,25,9,Ductal basal
28041,21M_R2,21M,CATGGTAGTAACCCTA-1,1904,1082,1.523109243697479,24,3,Ductal suprabasal
28045,21M_R2,21M,CATTCATAGCACACAG-1,2752,1634,0.436046511627907,9,4,Orifice
28047,21M_R2,21M,CATTCATAGTCTAGAA-1,3932,2260,0.10172939979654119,20,3,Ductal suprabasal
28050,21M_R2,21M,CATTCATCAGTTAGGG-1,3114,1711,0.12845215157353884,16,4,Orifice
28054,21M_R2,21M,CATTCCGCAAGTGGGT-1,10871,4435,0.09198785760279643,16,4,Orifice
28056,21M_R2,21M,CATTCCGCATCCTTGC-1,14034,2957,0.1496365968362548,23,3,Ductal suprabasal
28059,21M_R2,21M,CATTCCGGTGCAATGG-1,5969,2775,0.016753224995811694,5,0,Ductal basal
28061,21M_R2,21M,CATTCCGGTGCCCTTT-1,11174,4024,0.17898693395382137,24,3,Ductal suprabasal
28067,21M_R2,21M,CATTCTAGTTATAGAG-1,813,663,0.7380073800738007,9,3,Ductal suprabasal
28068,21M_R2,21M,CATTCTATCACTTGTT-1,6403,2484,0.12494143370295174,7,2,Ductal basal
28073,21M_R2,21M,CATTGAGTCGTAACAC-1,4441,2490,0.11258725512272011,5,0,Ductal basal
28074,21M_R2,21M,CATTGCCAGCTAGATA-1,5926,2830,0.13499831252109348,5,0,Ductal basal
28075,21M_R2,21M,CATTGCCAGTATCCTG-1,4811,2381,0.1662855955102889,5,0,Ductal basal
28076,21M_R2,21M,CATTGCCCAATGTCAC-1,2185,1454,0.09153318077803205,5,2,Ductal basal
28079,21M_R2,21M,CATTGCCGTGACAACG-1,6935,3431,0.49026676279740444,20,3,Ductal suprabasal
28082,21M_R2,21M,CATTGTTAGGGTTGCA-1,3957,1749,0.1516300227445034,7,2,Ductal basal
28088,21M_R2,21M,CATTGTTGTCTCGGGT-1,1664,1164,2.4639423076923075,16,4,Orifice
28092,21M_R2,21M,CATTGTTGTTTGAACC-1,3740,1992,0.08021390374331551,7,1,Ductular
28098,21M_R2,21M,CATTTCACAGCCATTA-1,12264,4305,0.03261578604044357,16,2,Ductal basal
28099,21M_R2,21M,CATTTCACAGTACTAC-1,4068,2176,0.19665683382497542,35,10,Differentiated meibocyte
28100,21M_R2,21M,CATTTCAGTACAAAGT-1,2113,1353,0.37860861334595364,23,4,Orifice
28101,21M_R2,21M,CATTTCAGTGCCGAAA-1,6851,3115,0.014596409283316304,12,5,Ductal basal
28103,21M_R2,21M,CCAAGCGCAACCAACT-1,4823,2427,0.24880779597760727,12,5,Ductal basal
28105,21M_R2,21M,CCAAGCGCAGGTCTCG-1,3961,2133,0.025246149962130777,5,2,Ductal basal
28108,21M_R2,21M,CCAAGCGTCTGCTTTA-1,3198,1950,0.09380863039399624,5,0,Ductal basal
28110,21M_R2,21M,CCAATGAGTGCATTAC-1,822,621,0.7299270072992701,25,9,Ductal basal
28111,21M_R2,21M,CCAATGATCAAGAATG-1,4156,2042,0.16843118383060635,16,4,Orifice
28119,21M_R2,21M,CCAATTTTCCGTAATG-1,4193,2338,0.07154781779155736,12,5,Ductal basal
28121,21M_R2,21M,CCACAAAAGTGCGACA-1,6452,2850,0.07749535027898327,23,1,Ductular
28122,21M_R2,21M,CCACAAACAGTAACGG-1,4959,2552,0.04033071183706392,7,2,Ductal basal
28124,21M_R2,21M,CCACAAAGTTGCATGT-1,2778,1684,0.0,9,1,Ductular
28126,21M_R2,21M,CCACACTAGGCGATAC-1,2850,1585,0.07017543859649122,16,4,Orifice
28130,21M_R2,21M,CCACCATCATCCCGTT-1,2305,1446,0.21691973969631237,10,0,Ductal basal
28133,21M_R2,21M,CCACGAGAGAACTTCC-1,4964,2380,0.1007252215954875,12,5,Ductal basal
28137,21M_R2,21M,CCACGAGCACCAGTAT-1,2547,1539,0.11778563015312131,7,2,Ductal basal
28138,21M_R2,21M,CCACGAGCATTAGGCT-1,9290,3793,0.0968783638320775,5,0,Ductal basal
28146,21M_R2,21M,CCACGTTTCGCATGAT-1,3272,1968,0.030562347188264057,10,2,Ductal basal
28147,21M_R2,21M,CCACGTTTCTGAACGT-1,11501,4313,0.5912529345274323,5,0,Ductal basal
28150,21M_R2,21M,CCACTTGAGTATGAGT-1,3830,1830,0.0783289817232376,16,4,Orifice
28153,21M_R2,21M,CCATAAGAGGTAAACT-1,3974,2144,0.10065425264217413,12,4,Orifice
28155,21M_R2,21M,CCATAAGCAGGACTTT-1,4124,2206,0.19398642095053348,10,6,Ductal basal
28158,21M_R2,21M,CCATAAGTCAACCGAT-1,4739,2546,0.10550749103186326,5,0,Ductal basal
28162,21M_R2,21M,CCATCACCATCCTTCG-1,5544,2612,0.03607503607503607,5,2,Ductal basal
28165,21M_R2,21M,CCATCACTCTTGCGCT-1,8553,3785,0.09353443236291359,5,0,Ductal basal
28167,21M_R2,21M,CCCAACTCAACGTTAC-1,3678,1820,0.1631321370309951,7,2,Ductal basal
28172,21M_R2,21M,CCCATTGAGACGGAAA-1,2796,1941,0.6795422031473534,25,8,Acinar basal
28173,21M_R2,21M,CCCATTGAGATTGTGA-1,1561,1179,0.06406149903907751,16,4,Orifice
28176,21M_R2,21M,CCCATTGTCGTGGCGT-1,2926,1703,0.10252904989747096,9,1,Ductular
28181,21M_R2,21M,CCCGAAGTCAGCCCAG-1,6965,2895,0.12921751615218952,12,5,Ductal basal
28184,21M_R2,21M,CCCGGAACACGCCACA-1,6495,3073,0.13856812933025403,5,0,Ductal basal
28185,21M_R2,21M,CCCGGAAGTCCTTAAG-1,9611,3994,0.10404744563520965,5,0,Ductal basal
28188,21M_R2,21M,CCCTAACCATCGGAAG-1,9062,4262,0.12138600750386229,25,9,Ductal basal
28190,21M_R2,21M,CCCTAACTCCATCAGA-1,1558,1086,0.38510911424903727,9,1,Ductular
28202,21M_R2,21M,CCCTCTCCATATACCG-1,4070,2158,0.09828009828009827,24,3,Ductal suprabasal
28205,21M_R2,21M,CCCTCTCTCAAGCCTA-1,4520,2183,0.08849557522123894,9,1,Ductular
28207,21M_R2,21M,CCCTCTCTCGCAGTTA-1,3623,2125,0.1380071763731714,5,0,Ductal basal
28209,21M_R2,21M,CCCTCTCTCTCCACTG-1,4816,2564,0.14534883720930233,22,7,Differentiating meibocyte
28213,21M_R2,21M,CCCTGATCAACCTAAC-1,3766,2069,0.05310674455655868,9,1,Ductular
28214,21M_R2,21M,CCCTGATCAGCGGTCT-1,9288,3472,0.07536606373815677,16,4,Orifice
28218,21M_R2,21M,CCCTGATGTTTACCAG-1,5952,2622,0.03360215053763441,16,4,Orifice
28221,21M_R2,21M,CCCTGATTCTTGAGCA-1,5263,2949,0.057001710051301537,25,9,Ductal basal
28226,21M_R2,21M,CCCTTAGTCAAGGACG-1,2578,1681,0.23273855702094648,20,3,Ductal suprabasal
28227,21M_R2,21M,CCCTTAGTCAATCAGC-1,4085,1967,0.07343941248470012,7,2,Ductal basal
28228,21M_R2,21M,CCGAACGCACCCATAA-1,2038,1339,0.5397448478900884,7,2,Ductal basal
28230,21M_R2,21M,CCGAACGCATTAGGCT-1,6421,2440,0.7319732128951877,24,3,Ductal suprabasal
28231,21M_R2,21M,CCGAACGGTAAGTCAA-1,2229,1313,0.22431583669807087,7,2,Ductal basal
28233,21M_R2,21M,CCGAACGTCCATAGGT-1,3222,1968,0.15518311607697083,5,2,Ductal basal
28235,21M_R2,21M,CCGATCTCAGGGCTTC-1,3809,2077,0.10501443948542925,5,0,Ductal basal
28239,21M_R2,21M,CCGATCTTCGCACTCT-1,1228,848,0.16286644951140067,7,2,Ductal basal
28247,21M_R2,21M,CCGATGGGTGTTAACC-1,3203,1848,0.280986575085857,12,5,Ductal basal
28248,21M_R2,21M,CCGATGGGTTTGAACC-1,4213,2079,0.23736055067647754,12,5,Ductal basal
28252,21M_R2,21M,CCGCAAGCAACGATTC-1,5441,2859,0.05513692335967653,5,0,Ductal basal
28253,21M_R2,21M,CCGCAAGCAAGAGAGA-1,3365,2113,0.1188707280832095,22,8,Acinar basal
28254,21M_R2,21M,CCGCAAGCAAGGTTGG-1,3323,1957,0.18055973517905505,12,5,Ductal basal
28256,21M_R2,21M,CCGCAAGCAGTCAACT-1,5910,2997,0.18612521150592215,29,7,Differentiating meibocyte
28260,21M_R2,21M,CCGGACAGTGTCATTG-1,3327,1844,0.15028554253080853,7,2,Ductal basal
28264,21M_R2,21M,CCGGTAGAGCAACTTC-1,10629,4222,0.11289867344058707,5,0,Ductal basal
28265,21M_R2,21M,CCGGTAGAGCTGCCTG-1,3497,2080,0.31455533314269374,9,1,Ductular
28274,21M_R2,21M,CCGGTGATCTAACGCA-1,3525,2027,0.0,9,1,Ductular
28281,21M_R2,21M,CCGTAGGGTGGTCTCG-1,2291,1413,0.13094718463553034,9,1,Ductular
28286,21M_R2,21M,CCGTGAGTCAAAGGAT-1,7285,3307,0.5490734385724091,20,3,Ductal suprabasal
28300,21M_R2,21M,CCTAAGAAGACTCATC-1,1406,963,0.2844950213371266,35,7,Differentiating meibocyte
28303,21M_R2,21M,CCTAAGACAGCTATAC-1,4403,2212,0.09084714967067908,7,0,Ductal basal
28308,21M_R2,21M,CCTAAGATCAACTTTC-1,3888,2276,0.15432098765432098,5,0,Ductal basal
28312,21M_R2,21M,CCTAAGATCTGTAACG-1,3073,1850,0.097624471200781,9,4,Orifice
28317,21M_R2,21M,CCTACGTCACGCAGTC-1,4953,2406,0.10094891984655764,16,4,Orifice
28318,21M_R2,21M,CCTACGTTCCGTAATG-1,3907,2103,0.02559508574353724,12,5,Ductal basal
28319,21M_R2,21M,CCTACGTTCGATTTCT-1,5835,2540,0.13710368466152528,22,8,Acinar basal
28320,21M_R2,21M,CCTATCGCAAGAGAGA-1,3398,1988,0.2942907592701589,9,0,Ductal basal
28329,21M_R2,21M,CCTCAACCATATCGGT-1,4061,2232,0.14774686037921694,5,0,Ductal basal
28332,21M_R2,21M,CCTCAACGTGATCGTT-1,2526,1668,0.1583531274742676,5,0,Ductal basal
28336,21M_R2,21M,CCTCACAAGTAAACGT-1,2902,1648,0.3790489317711923,23,1,Ductular
28339,21M_R2,21M,CCTCAGTGTCCTGGTG-1,3178,1734,0.5978602894902455,5,0,Ductal basal
28340,21M_R2,21M,CCTCAGTTCAATGTCG-1,2071,1362,0.386286817962337,16,4,Orifice
28347,21M_R2,21M,CCTCATGCACCTCGTT-1,1030,723,0.48543689320388345,35,10,Differentiated meibocyte
28348,21M_R2,21M,CCTCATGCATTCACCC-1,4282,2350,0.046707146193367584,5,0,Ductal basal
28349,21M_R2,21M,CCTCATGGTTTGACAC-1,8739,3657,0.022885913720105275,5,0,Ductal basal
28350,21M_R2,21M,CCTCATGTCACACCGG-1,4481,2357,0.08926578888640928,5,2,Ductal basal
28351,21M_R2,21M,CCTCCAAAGAACCGCA-1,6431,3047,0.07774840615767377,5,0,Ductal basal
28353,21M_R2,21M,CCTCCAACATAACGGG-1,2426,1562,0.2885408079142622,22,8,Acinar basal
28355,21M_R2,21M,CCTCCAAGTGACTGAG-1,6540,2687,0.06116207951070336,12,5,Ductal basal
28357,21M_R2,21M,CCTCCTCAGAATACAC-1,4019,2324,0.19905449116695695,9,1,Ductular
28362,21M_R2,21M,CCTCCTCCAAGTGACG-1,5636,2493,0.14194464158977999,7,2,Ductal basal
28369,21M_R2,21M,CCTCTAGAGTCATGAA-1,1777,1234,0.22509848058525606,24,3,Ductal suprabasal
28370,21M_R2,21M,CCTCTAGCACGTATAC-1,8641,4081,0.05786367318597385,25,9,Ductal basal
28375,21M_R2,21M,CCTCTAGTCGTGCTCT-1,2932,1852,0.06821282401091405,22,1,Ductular
28376,21M_R2,21M,CCTCTCCAGGACTATA-1,8312,3555,0.27670837343599614,22,8,Acinar basal
28378,21M_R2,21M,CCTCTCCCAGTAGAGC-1,8440,3555,0.07109004739336493,12,5,Ductal basal
28380,21M_R2,21M,CCTCTCCCATAGGTTC-1,2987,1501,0.2343488449949782,16,4,Orifice
28381,21M_R2,21M,CCTCTCCGTAACCCGC-1,4878,2355,0.02050020500205002,24,3,Ductal suprabasal
28383,21M_R2,21M,CCTCTCCTCGTTACCC-1,4470,2140,0.0447427293064877,16,4,Orifice
28387,21M_R2,21M,CCTGCATGTACCAATC-1,1622,1132,0.18495684340320592,9,1,Ductular
28391,21M_R2,21M,CCTGTTGCAATAGTCC-1,3819,1966,0.15710919088766695,9,1,Ductular
28392,21M_R2,21M,CCTGTTGCACTTGAAC-1,9796,4136,0.030624744793793388,5,2,Ductal basal
28394,21M_R2,21M,CCTGTTGTCATTTGTC-1,2538,1713,0.2364066193853428,9,1,Ductular
28402,21M_R2,21M,CCTTCAGGTTGGGTTT-1,3496,1804,0.11441647597254005,7,2,Ductal basal
28404,21M_R2,21M,CCTTGTGAGGTACTGG-1,6228,3125,0.12845215157353884,9,1,Ductular
28413,21M_R2,21M,CCTTTGGTCTATCGTT-1,3691,1887,0.0541858574911948,7,2,Ductal basal
28414,21M_R2,21M,CGAAGGAAGACGATAT-1,5332,2806,0.018754688672168042,9,4,Orifice
28415,21M_R2,21M,CGAAGGACAGACCAGA-1,7972,3562,0.11289513296537881,12,5,Ductal basal
28416,21M_R2,21M,CGAAGGAGTTCACCGG-1,10555,4065,0.09474182851729039,24,0,Ductal basal
28417,21M_R2,21M,CGAAGGATCGTTATCT-1,2207,1364,0.22655188038060714,23,1,Ductular
28418,21M_R2,21M,CGAAGTTAGAGCAGTC-1,3054,1800,0.29469548133595286,16,4,Orifice
28420,21M_R2,21M,CGAAGTTCAAACAGGC-1,4856,2540,0.04118616144975289,9,1,Ductular
28427,21M_R2,21M,CGAAGTTGTGAATATG-1,901,677,0.776914539400666,35,10,Differentiated meibocyte
28429,21M_R2,21M,CGAAGTTTCCTACCAC-1,8950,3880,0.16759776536312848,12,5,Ductal basal
28431,21M_R2,21M,CGAATTGAGTCATGCT-1,2934,1726,0.17041581458759372,7,2,Ductal basal
28434,21M_R2,21M,CGAATTGCACCGTCGA-1,7655,3291,0.11757021554539517,24,0,Ductal basal
28438,21M_R2,21M,CGAATTGGTCTAGTGT-1,4727,2473,0.23270573302305902,9,1,Ductular
28440,21M_R2,21M,CGAATTGTCATTCGTT-1,2782,1609,0.17972681524083392,22,7,Differentiating meibocyte
28446,21M_R2,21M,CGACAGCGTGTGTTTG-1,4882,2691,0.061450225317492835,24,1,Ductular
28449,21M_R2,21M,CGAGAAGCAATCGAAA-1,4489,2222,0.06683002895967921,5,2,Ductal basal
28450,21M_R2,21M,CGAGAAGGTCAGGTAG-1,4072,2386,0.09823182711198428,9,1,Ductular
28452,21M_R2,21M,CGAGAAGGTGCCTTTC-1,6493,2927,0.26182042199291544,16,4,Orifice
28457,21M_R2,21M,CGAGGAACAAGATTGA-1,10927,4409,0.15557792623775968,22,8,Acinar basal
28462,21M_R2,21M,CGAGGAATCTGTACAG-1,4617,2436,0.1299545159194282,25,9,Ductal basal
28464,21M_R2,21M,CGAGGCTCAAATACGA-1,8620,3641,0.04640371229698376,5,0,Ductal basal
28467,21M_R2,21M,CGAGGCTTCGATGCTA-1,6726,3347,0.05947071067499256,22,8,Acinar basal
28468,21M_R2,21M,CGAGGCTTCTCATTAC-1,4876,2409,0.10254306808859721,12,5,Ductal basal
28469,21M_R2,21M,CGAGTGCAGCACTCAT-1,6044,2771,0.04963600264725347,22,8,Acinar basal
28475,21M_R2,21M,CGAGTGCCATTGACAC-1,7563,3580,0.1190003966679889,24,2,Ductal basal
28476,21M_R2,21M,CGAGTGCGTCGTTCAA-1,869,660,0.11507479861910241,7,2,Ductal basal
28477,21M_R2,21M,CGAGTGCGTGCGGCTT-1,3523,2122,0.05676979846721544,9,1,Ductular
28480,21M_R2,21M,CGAGTTAAGACATCAA-1,4666,2368,0.02143163309044149,29,7,Differentiating meibocyte
28481,21M_R2,21M,CGAGTTAAGACCAGCA-1,13033,4066,0.08440113557891506,5,0,Ductal basal
28487,21M_R2,21M,CGATCGGAGGTATAGT-1,2070,1329,0.14492753623188406,20,3,Ductal suprabasal
28488,21M_R2,21M,CGATCGGAGTAGAATC-1,4244,2377,0.1413760603204524,9,1,Ductular
28490,21M_R2,21M,CGATCGGCATCTAACG-1,2673,1587,0.11223344556677892,9,1,Ductular
28491,21M_R2,21M,CGATCGGGTAGCTGAG-1,2009,1371,0.2986560477849677,23,1,Ductular
28498,21M_R2,21M,CGATCGGTCTTTACAC-1,5280,2601,0.03787878787878788,24,3,Ductal suprabasal
28499,21M_R2,21M,CGATGCGAGTAACGAT-1,7359,3324,0.09512161978529692,23,1,Ductular
28508,21M_R2,21M,CGATGGCAGGGTGAGG-1,4935,2638,0.020263424518743665,29,7,Differentiating meibocyte
28510,21M_R2,21M,CGATGGCAGTTCCGTA-1,3607,2088,0.08317161075686166,24,3,Ductal suprabasal
28513,21M_R2,21M,CGATGGCGTAACGTTC-1,7067,2996,0.05660110372152258,25,9,Ductal basal
28515,21M_R2,21M,CGATGGCTCCCAGTGG-1,2973,1640,0.20181634712411706,9,8,Acinar basal
28520,21M_R2,21M,CGCAGGTTCTATCCAT-1,2685,1595,0.07448789571694599,7,2,Ductal basal
28523,21M_R2,21M,CGCATAACACATATGC-1,4497,2097,0.13342228152101399,7,2,Ductal basal
28533,21M_R2,21M,CGCCAGAAGCTCCATA-1,3731,2284,0.21441972661484857,22,8,Acinar basal
28538,21M_R2,21M,CGCCAGACATAAGATG-1,11560,4425,0.6228373702422145,5,0,Ductal basal
28540,21M_R2,21M,CGCCAGACATTGTCGA-1,5307,2579,0.03768607499528924,12,5,Ductal basal
28544,21M_R2,21M,CGCCAGATCCAGGACC-1,5214,2595,0.07671653241273495,24,3,Ductal suprabasal
28547,21M_R2,21M,CGCCATTCAAGAGAGA-1,3211,1954,0.15571473061351604,25,9,Ductal basal
28549,21M_R2,21M,CGCCATTCACGGGTAA-1,5762,2538,0.17355085039916696,9,4,Orifice
28552,21M_R2,21M,CGCCATTTCATGAGTC-1,4061,2227,0.2708692440285644,9,4,Orifice
28557,21M_R2,21M,CGCGTGACATAACAGA-1,4948,2572,0.10105092966855296,9,1,Ductular
28558,21M_R2,21M,CGCGTGACATATTCGG-1,7419,3243,0.08087343307723413,12,0,Ductal basal
28559,21M_R2,21M,CGCGTGAGTACGTAGG-1,3369,1909,1.0388839418224993,29,7,Differentiating meibocyte
28568,21M_R2,21M,CGGAACCCAATTGTGC-1,5773,2911,0.10393209769617184,5,0,Ductal basal
28572,21M_R2,21M,CGGAACCTCCATTTCA-1,5575,2919,0.10762331838565023,5,2,Ductal basal
28573,21M_R2,21M,CGGAACCTCTCCTGAC-1,7815,3356,1.0492642354446577,20,3,Ductal suprabasal
28579,21M_R2,21M,CGGAATTGTTGTGGCC-1,3009,1747,0.09970089730807577,7,2,Ductal basal
28586,21M_R2,21M,CGGACACGTATCGCTA-1,2114,1351,0.04730368968779565,7,2,Ductal basal
28587,21M_R2,21M,CGGACACTCCCGTTGT-1,10156,4272,0.21662071681764475,25,8,Acinar basal
28588,21M_R2,21M,CGGACACTCGGCCAAC-1,4301,2307,0.06975122064636131,22,8,Acinar basal
28591,21M_R2,21M,CGGAGAACAATAGTAG-1,3815,2045,0.0,16,4,Orifice
28597,21M_R2,21M,CGGAGAATCTCACGAA-1,4866,2348,0.12330456226880394,29,7,Differentiating meibocyte
28602,21M_R2,21M,CGGCAGTGTTGTTGAC-1,3190,1806,0.28213166144200624,35,10,Differentiated meibocyte
28604,21M_R2,21M,CGGCAGTTCGGTGAAG-1,6716,3251,0.07444907683144729,24,1,Ductular
28605,21M_R2,21M,CGGCAGTTCGTTCTGC-1,965,664,0.20725388601036268,35,10,Differentiated meibocyte
28612,21M_R2,21M,CGGGACTGTATGACAA-1,3571,2115,0.11201344161299356,5,0,Ductal basal
28613,21M_R2,21M,CGGGACTGTTAAACCC-1,3577,2133,0.27956388034665924,22,8,Acinar basal
28614,21M_R2,21M,CGGGACTTCAGCAGAG-1,3885,2234,1.4671814671814671,5,0,Ductal basal
28617,21M_R2,21M,CGGGCATAGTTGAATG-1,2955,1740,0.23688663282571912,5,2,Ductal basal
28621,21M_R2,21M,CGGGCATCACGGATCC-1,11893,4283,0.23543260741612712,5,0,Ductal basal
28624,21M_R2,21M,CGGGTCAAGACATAGT-1,3977,2197,0.2765903947699271,9,1,Ductular
28632,21M_R2,21M,CGGGTGTAGCGCCTAC-1,4424,2587,0.22603978300180833,22,8,Acinar basal
28634,21M_R2,21M,CGGGTGTAGGTAGTAT-1,3978,1871,0.17596782302664657,16,4,Orifice
28636,21M_R2,21M,CGGGTGTCAAGACCTT-1,6022,2892,0.16605778811026237,10,5,Ductal basal
28640,21M_R2,21M,CGGGTGTTCGGTAGGA-1,3838,2243,0.1563314226159458,5,0,Ductal basal
28643,21M_R2,21M,CGGTCAGAGACGGTCA-1,4662,2043,0.1287001287001287,7,2,Ductal basal
28644,21M_R2,21M,CGGTCAGAGGACTTCT-1,5444,2672,0.055106539309331376,5,0,Ductal basal
28646,21M_R2,21M,CGGTCAGTCCGATTAG-1,2372,1488,0.42158516020236086,20,3,Ductal suprabasal
28662,21M_R2,21M,CGTAATGAGCCTGGAA-1,7613,3420,0.11821883620123472,9,1,Ductular
28665,21M_R2,21M,CGTAATGCACTGAGTT-1,3010,1747,0.0664451827242525,20,3,Ductal suprabasal
28666,21M_R2,21M,CGTAATGCAGAGGGTT-1,6219,2998,0.08039877793857533,7,2,Ductal basal
28667,21M_R2,21M,CGTAATGCATACGCAT-1,3434,1906,1.10658124635993,29,7,Differentiating meibocyte
28669,21M_R2,21M,CGTAATGGTACAAAGT-1,2586,1559,0.27068832173240526,23,1,Ductular
28670,21M_R2,21M,CGTAATGGTACGACTT-1,2602,1622,0.1921598770176787,5,0,Ductal basal
28673,21M_R2,21M,CGTAATGGTTCGGCCA-1,5821,2914,0.05153753650575502,22,8,Acinar basal
28674,21M_R2,21M,CGTAATGGTTGTGGAG-1,6942,3198,0.10083549409392106,12,5,Ductal basal
28678,21M_R2,21M,CGTAGTAAGCCAAGTG-1,5139,2688,0.0,25,9,Ductal basal
28679,21M_R2,21M,CGTAGTAAGTCGGCAA-1,8277,3497,0.1812250815512867,16,4,Orifice
28683,21M_R2,21M,CGTAGTAGTGACCTGC-1,4764,2424,0.08396305625524769,5,0,Ductal basal
28687,21M_R2,21M,CGTAGTATCTCTCGCA-1,4596,2463,0.10879025239338555,10,0,Ductal basal
28690,21M_R2,21M,CGTCAAACACAAGGTG-1,11913,4064,0.04197095609837992,16,4,Orifice
28691,21M_R2,21M,CGTCAAACATAGGAGC-1,2369,1473,0.16884761502743773,7,2,Ductal basal
28692,21M_R2,21M,CGTCAAAGTACTGACT-1,4955,2580,0.12108980827447023,29,7,Differentiating meibocyte
28693,21M_R2,21M,CGTCAAAGTAGTTCCA-1,5831,2856,0.1371977362373521,5,0,Ductal basal
28697,21M_R2,21M,CGTCAAATCGCTGATA-1,5037,2908,0.13897161008536826,22,8,Acinar basal
28698,21M_R2,21M,CGTCCATAGACTGGGT-1,3988,2148,0.17552657973921765,29,7,Differentiating meibocyte
28700,21M_R2,21M,CGTCCATGTACTAGCT-1,4959,2423,0.12099213551119178,7,2,Ductal basal
28701,21M_R2,21M,CGTCCATGTCGAATTC-1,6553,2814,0.07630093087135663,7,2,Ductal basal
28703,21M_R2,21M,CGTCCATTCGCGTAGC-1,5473,2624,0.07308605883427736,16,2,Ductal basal
28709,21M_R2,21M,CGTGAATCACATTCTT-1,1409,984,0.28388928317955997,7,2,Ductal basal
28715,21M_R2,21M,CGTGAATTCCATCGTC-1,5396,2832,0.24091919940696813,5,0,Ductal basal
28716,21M_R2,21M,CGTGAATTCCCGAGAC-1,1900,1255,0.3684210526315789,12,5,Ductal basal
28719,21M_R2,21M,CGTGATAAGGCTGGAT-1,8583,3746,0.09320750320400792,25,9,Ductal basal
28722,21M_R2,21M,CGTGATACACGACGCT-1,8174,3623,0.19574259848299486,5,0,Ductal basal
28725,21M_R2,21M,CGTGATAGTCAGACTT-1,2528,1504,0.23734177215189875,9,1,Ductular
28726,21M_R2,21M,CGTGATAGTCCTGTTC-1,2182,1272,0.18331805682859761,35,7,Differentiating meibocyte
28728,21M_R2,21M,CGTGATATCAAGTGGG-1,3314,1976,0.09052504526252263,9,1,Ductular
28734,21M_R2,21M,CGTGCTTCATGAGATA-1,2754,1568,0.2178649237472767,7,2,Ductal basal
28735,21M_R2,21M,CGTGCTTGTCGATTCA-1,5159,2681,0.05815080441946114,16,4,Orifice
28736,21M_R2,21M,CGTGCTTTCTCTATGT-1,4425,2427,0.1581920903954802,16,4,Orifice
28738,21M_R2,21M,CGTGTCTCAATTGCTG-1,950,677,0.21052631578947367,35,7,Differentiating meibocyte
28739,21M_R2,21M,CGTGTCTCAGCGGATA-1,9255,4080,0.0864397622906537,5,0,Ductal basal
28741,21M_R2,21M,CGTGTCTGTAGCTTAC-1,2610,1603,0.07662835249042146,9,1,Ductular
28742,21M_R2,21M,CGTGTCTGTCACGCTG-1,3503,2157,0.14273479874393377,22,8,Acinar basal
28744,21M_R2,21M,CGTGTCTTCAGATTGC-1,2566,1478,0.1558846453624318,5,0,Ductal basal
28745,21M_R2,21M,CGTGTCTTCTTGGCTC-1,2500,1650,0.16,5,0,Ductal basal
28746,21M_R2,21M,CGTTAGAAGCGCCATC-1,2667,1622,0.14998125234345708,35,7,Differentiating meibocyte
28747,21M_R2,21M,CGTTAGAAGCTGTCCG-1,1544,957,0.9715025906735751,35,10,Differentiated meibocyte
28750,21M_R2,21M,CGTTAGAGTTCAGGTT-1,3525,2021,0.14184397163120568,16,4,Orifice
28751,21M_R2,21M,CGTTAGAGTTCGTGCG-1,4757,2425,0.10510826150935462,16,4,Orifice
28753,21M_R2,21M,CGTTAGATCGAACCAT-1,5184,2441,0.07716049382716049,12,5,Ductal basal
28754,21M_R2,21M,CGTTCTGAGATGAACT-1,2949,1751,0.3730077992539844,9,2,Ductal basal
28757,21M_R2,21M,CGTTCTGCACTGCACG-1,8109,3598,0.06165988407941793,5,0,Ductal basal
28758,21M_R2,21M,CGTTCTGCATAACAGA-1,4771,2474,0.10479983232026828,7,2,Ductal basal
28760,21M_R2,21M,CGTTCTGGTCTGTCAA-1,2109,1310,0.1896633475580844,24,3,Ductal suprabasal
28762,21M_R2,21M,CGTTCTGTCACGATAC-1,5854,2883,0.0683293474547318,5,0,Ductal basal
28764,21M_R2,21M,CGTTCTGTCTACTGCC-1,2520,1514,0.15873015873015872,12,5,Ductal basal
28765,21M_R2,21M,CGTTGGGAGACCTCCG-1,5429,2898,0.09209799226376865,9,4,Orifice
28767,21M_R2,21M,CGTTGGGGTATACCTG-1,3052,1912,0.09829619921363039,23,1,Ductular
28768,21M_R2,21M,CGTTGGGGTGGACTAG-1,3051,1848,0.06555227794165848,5,0,Ductal basal
28774,21M_R2,21M,CTAACTTAGATCACTC-1,4487,2209,0.04457321149988857,16,4,Orifice
28775,21M_R2,21M,CTAACTTAGCGAATGC-1,2502,1611,0.07993605115907274,12,5,Ductal basal
28778,21M_R2,21M,CTAACTTCATCTTTCA-1,3482,2020,0.14359563469270534,5,0,Ductal basal
28780,21M_R2,21M,CTAACTTTCGCTTTAT-1,1357,911,0.2947678703021371,9,1,Ductular
28783,21M_R2,21M,CTAAGTGCAAGCGAAC-1,5892,2604,0.08486082824168364,12,4,Orifice
28784,21M_R2,21M,CTAAGTGCAATAGTAG-1,2621,1545,0.3052270125906143,5,2,Ductal basal
28786,21M_R2,21M,CTAAGTGTCCGCAAAT-1,3233,2044,0.06186204763377668,9,1,Ductular
28788,21M_R2,21M,CTACAGAGTACCAGAG-1,4389,2427,0.5012531328320802,22,8,Acinar basal
28789,21M_R2,21M,CTACAGAGTAGTGGCA-1,2962,1629,0.0675219446320054,16,4,Orifice
28790,21M_R2,21M,CTACAGAGTGCAGTGA-1,5386,2848,0.09283327144448571,5,0,Ductal basal
28794,21M_R2,21M,CTACATTAGAGGTTAT-1,4868,2613,0.061626951520131465,23,4,Orifice
28798,21M_R2,21M,CTACATTCAAGCAGGT-1,3722,2147,0.21493820526598603,20,3,Ductal suprabasal
28799,21M_R2,21M,CTACATTGTGCCAAGA-1,6062,2977,0.11547344110854503,5,0,Ductal basal
28800,21M_R2,21M,CTACATTGTGCGGATA-1,3081,1798,0.16228497241155468,7,2,Ductal basal
28801,21M_R2,21M,CTACATTGTGGACAGT-1,4704,2546,0.06377551020408163,5,0,Ductal basal
28807,21M_R2,21M,CTACCCATCCCAGGCA-1,2325,1410,0.6881720430107527,16,4,Orifice
28808,21M_R2,21M,CTACCCATCGTTCGCT-1,3786,2091,0.13206550449022716,10,0,Ductal basal
28816,21M_R2,21M,CTACCTGTCAAGGACG-1,3752,1973,0.053304904051172705,7,2,Ductal basal
28819,21M_R2,21M,CTACCTGTCTCGAGTA-1,8400,3354,0.07142857142857142,12,5,Ductal basal
28820,21M_R2,21M,CTACGGGCAACTGAAA-1,3237,1888,0.15446400988569664,5,0,Ductal basal
28821,21M_R2,21M,CTACGGGCAGCGCGTT-1,1975,1351,1.0632911392405064,12,5,Ductal basal
28822,21M_R2,21M,CTACGGGCAGCTTTCC-1,9950,4031,0.1708542713567839,29,7,Differentiating meibocyte
28823,21M_R2,21M,CTACGGGGTTTCACTT-1,6110,2708,0.08183306055646482,16,4,Orifice
28824,21M_R2,21M,CTACGGGTCGCGCTGA-1,8180,3726,0.08557457212713936,25,9,Ductal basal
28826,21M_R2,21M,CTACGGGTCTGAGAAA-1,3157,1905,0.22172949002217296,9,1,Ductular
28827,21M_R2,21M,CTACTATAGCTCGAAG-1,911,687,0.3293084522502744,9,1,Ductular
28829,21M_R2,21M,CTACTATTCGCATTGA-1,2013,1318,0.09935419771485346,7,2,Ductal basal
28830,21M_R2,21M,CTACTATTCGGAGTGA-1,8831,3742,0.03397123768542634,16,4,Orifice
28833,21M_R2,21M,CTAGACAAGACTCCGC-1,4148,1902,0.07232401157184186,9,1,Ductular
28834,21M_R2,21M,CTAGACAAGCGGGTTA-1,4498,2422,0.20008892841262785,10,0,Ductal basal
28837,21M_R2,21M,CTAGACACAAGTACCT-1,7290,3073,0.17832647462277093,5,0,Ductal basal
28838,21M_R2,21M,CTAGACACACCAGCCA-1,4869,2587,0.06161429451632779,5,0,Ductal basal
28839,21M_R2,21M,CTAGACACAGTGTATC-1,5371,2847,0.24204058834481476,20,3,Ductal suprabasal
28841,21M_R2,21M,CTAGACAGTTGTGTAC-1,3553,1824,0.14072614691809737,7,2,Ductal basal
28842,21M_R2,21M,CTAGACATCAGTGTGT-1,11821,4208,0.025378563573301753,16,4,Orifice
28849,21M_R2,21M,CTAGGTATCTGCCTCA-1,6749,3192,0.0296340198547933,5,0,Ductal basal
28850,21M_R2,21M,CTATAGGAGAGCTGAC-1,3298,2014,0.09096422073984232,20,3,Ductal suprabasal
28853,21M_R2,21M,CTATAGGAGTTACGAA-1,1266,930,0.23696682464454977,9,1,Ductular
28858,21M_R2,21M,CTATAGGTCAGAGTTC-1,3810,1972,0.15748031496062992,12,5,Ductal basal
28860,21M_R2,21M,CTATCCGAGACAGCTG-1,9815,4108,0.05094243504839531,5,0,Ductal basal
28861,21M_R2,21M,CTATCCGAGCGTACAG-1,6639,2996,0.060250037656273535,5,0,Ductal basal
28864,21M_R2,21M,CTATCCGCACATTCGA-1,4551,2322,0.15381234893430015,25,9,Ductal basal
28865,21M_R2,21M,CTATCCGCAGAGAATT-1,3195,1698,0.12519561815336464,7,2,Ductal basal
28869,21M_R2,21M,CTATCCGGTCACTCAA-1,4688,2492,0.12798634812286688,5,0,Ductal basal
28875,21M_R2,21M,CTATCTACAGGTCTCG-1,9906,4137,0.06056935190793458,22,8,Acinar basal
28880,21M_R2,21M,CTATCTATCACACCGG-1,3738,1920,0.13376136971642588,7,2,Ductal basal
28881,21M_R2,21M,CTATCTATCGTCGATA-1,2915,1796,0.06861063464837049,7,2,Ductal basal
28883,21M_R2,21M,CTCAACCCAACTAGAA-1,6234,3248,0.4812319538017324,22,8,Acinar basal
28885,21M_R2,21M,CTCAACCTCTTGGATG-1,4838,2669,0.0826787928896238,29,7,Differentiating meibocyte
28886,21M_R2,21M,CTCAAGACAATATCCG-1,4345,2199,0.18411967779056385,12,5,Ductal basal
28888,21M_R2,21M,CTCAAGAGTATGAGGC-1,4529,2330,0.08831971737690439,5,2,Ductal basal
28890,21M_R2,21M,CTCAAGAGTGAGGATC-1,3293,2168,0.18220467658669906,22,9,Ductal basal
28892,21M_R2,21M,CTCAAGATCTCTGCCA-1,2771,1637,0.25261638397690367,12,5,Ductal basal
28893,21M_R2,21M,CTCAAGATCTGTACAG-1,5881,2869,0.08501955449753444,5,0,Ductal basal
28899,21M_R2,21M,CTCAATTTCCGAAATC-1,2211,1378,0.18091361374943465,9,1,Ductular
28900,21M_R2,21M,CTCACTGAGCCTGCCA-1,5742,2528,0.2960640891675374,16,4,Orifice
28904,21M_R2,21M,CTCACTGCATAACAGA-1,6556,2771,0.6863941427699817,24,3,Ductal suprabasal
28906,21M_R2,21M,CTCACTGGTGTTCAGT-1,7075,3547,0.11307420494699646,5,0,Ductal basal
28908,21M_R2,21M,CTCAGAAAGAGCCGAT-1,1405,955,0.0711743772241993,35,7,Differentiating meibocyte
28909,21M_R2,21M,CTCAGAAAGCCTGAAG-1,5886,2846,0.1529051987767584,5,0,Ductal basal
28910,21M_R2,21M,CTCAGAAAGCGAGGAG-1,2448,1627,0.32679738562091504,22,1,Ductular
28916,21M_R2,21M,CTCAGAAGTTGAGAGC-1,3185,1846,0.15698587127158556,5,0,Ductal basal
28919,21M_R2,21M,CTCAGGGAGCGCACAA-1,2402,1547,0.08326394671107411,7,2,Ductal basal
28920,21M_R2,21M,CTCAGGGAGTACCGGA-1,3165,1791,0.2527646129541864,16,4,Orifice
28925,21M_R2,21M,CTCAGGGGTGACAACG-1,9311,4042,0.09665986467618945,25,9,Ductal basal
28928,21M_R2,21M,CTCAGGGTCCTTCGAC-1,4306,2124,0.1625638643752903,10,2,Ductal basal
28936,21M_R2,21M,CTCAGTCTCGCCTTGT-1,3068,1698,0.09778357235984356,7,2,Ductal basal
28938,21M_R2,21M,CTCATCGAGGAAAGAC-1,3794,1979,0.02635740643120717,16,4,Orifice
28941,21M_R2,21M,CTCATCGCAGGTCCCA-1,5140,2405,0.11673151750972763,5,0,Ductal basal
28944,21M_R2,21M,CTCATGCAGAAGCGCT-1,7087,3197,0.11288274305065614,5,0,Ductal basal
28946,21M_R2,21M,CTCATGCCACAAATCC-1,3608,2032,0.08314855875831485,9,1,Ductular
28947,21M_R2,21M,CTCATGCCACAGTGTT-1,5723,2576,0.06989341254586755,16,4,Orifice
28948,21M_R2,21M,CTCATGCCAGAGTGAC-1,3194,1819,0.06261740763932373,16,4,Orifice
28949,21M_R2,21M,CTCATGCCATAGGAGC-1,3257,1857,0.15351550506601166,12,5,Ductal basal
28954,21M_R2,21M,CTCATGCTCTCATTTG-1,2353,1451,0.08499787505312367,7,2,Ductal basal
28955,21M_R2,21M,CTCATTAAGAATTGTG-1,8392,3482,0.10724499523355577,12,5,Ductal basal
28956,21M_R2,21M,CTCATTAAGTAACCTC-1,8628,3455,0.1043115438108484,5,2,Ductal basal
28957,21M_R2,21M,CTCATTACAACTACGT-1,4090,2185,0.1711491442542787,5,0,Ductal basal
28958,21M_R2,21M,CTCATTACATCACAGT-1,2901,1692,0.24129610479145122,5,0,Ductal basal
28962,21M_R2,21M,CTCCAACAGCAGGTCA-1,9138,3422,0.02188662727073758,16,4,Orifice
28963,21M_R2,21M,CTCCAACAGCGACTGA-1,2917,1632,0.2056907781967775,7,2,Ductal basal
28964,21M_R2,21M,CTCCAACAGGATCACG-1,4788,2633,0.20885547201336674,24,3,Ductal suprabasal
28972,21M_R2,21M,CTCCACAAGCTGGAGT-1,3166,1901,0.28427037271004424,5,0,Ductal basal
28974,21M_R2,21M,CTCCACACATGAGATA-1,1183,825,0.422654268808115,23,3,Ductal suprabasal
28975,21M_R2,21M,CTCCACAGTAATCAGA-1,6238,2876,0.09618467457518436,5,0,Ductal basal
28976,21M_R2,21M,CTCCACATCCGAACGC-1,6647,2619,0.12035504738979991,7,2,Ductal basal
28987,21M_R2,21M,CTCCCTCAGATGACCG-1,9200,3700,0.021739130434782608,25,9,Ductal basal
28990,21M_R2,21M,CTCCCTCCACACAGAG-1,3000,1790,0.4,12,5,Ductal basal
28996,21M_R2,21M,CTCCGATCAACACTAC-1,2173,1333,1.2425218591808558,29,7,Differentiating meibocyte
29001,21M_R2,21M,CTCCTCCAGACATCCT-1,7064,2874,0.028312570781426957,16,4,Orifice
29006,21M_R2,21M,CTCCTCCTCGGTCAGC-1,4852,2466,0.12366034624896949,5,0,Ductal basal
29007,21M_R2,21M,CTCCTCCTCGTGGGTC-1,6911,3080,0.07234843003906816,16,4,Orifice
29011,21M_R2,21M,CTCCTTTGTGCAAGAC-1,1936,1334,0.15495867768595042,9,1,Ductular
29016,21M_R2,21M,CTCGAGGCAGACACCC-1,4822,2437,0.020738282870178346,10,0,Ductal basal
29017,21M_R2,21M,CTCGAGGCAGTATTCG-1,4745,2405,0.1475237091675448,24,3,Ductal suprabasal
29018,21M_R2,21M,CTCGAGGCATGAATCC-1,3335,1814,0.23988005997001496,9,1,Ductular
29020,21M_R2,21M,CTCGAGGTCATACAGC-1,4365,2256,0.11454753722794961,9,1,Ductular
29022,21M_R2,21M,CTCTCAGAGTTGAAAC-1,6614,3286,0.06047777441790142,5,0,Ductal basal
29023,21M_R2,21M,CTCTCAGCAAGGTTGG-1,2245,1422,0.0,7,2,Ductal basal
29029,21M_R2,21M,CTCTCGAGTACCTGTA-1,4958,2686,0.06050826946349334,5,0,Ductal basal
29032,21M_R2,21M,CTCTCGAGTTCGAGCC-1,7175,3121,0.041811846689895474,22,0,Ductal basal
29033,21M_R2,21M,CTCTCGAGTTGTGCCG-1,3355,1855,0.17883755588673622,12,4,Orifice
29034,21M_R2,21M,CTCTCGATCACTTTGT-1,2777,1749,0.28808066258552395,9,1,Ductular
29037,21M_R2,21M,CTCTCGATCTTCTCAA-1,2920,1849,0.136986301369863,10,0,Ductal basal
29038,21M_R2,21M,CTCTGGTAGAGTGTTA-1,4516,2428,0.08857395925597875,22,7,Differentiating meibocyte
29039,21M_R2,21M,CTCTGGTAGCCAGTAG-1,11080,4347,0.04512635379061372,25,9,Ductal basal
29045,21M_R2,21M,CTGAATGCAGAAGCTG-1,6042,2409,0.24826216484607747,7,2,Ductal basal
29050,21M_R2,21M,CTGAGCGCACCGGAAA-1,3316,1916,0.18094089264173704,5,0,Ductal basal
29051,21M_R2,21M,CTGAGCGCATCCTTCG-1,7548,3693,0.10598834128245893,5,0,Ductal basal
29061,21M_R2,21M,CTGATCCAGTTGGAGC-1,3113,1844,0.22486347574686796,5,2,Ductal basal
29069,21M_R2,21M,CTGCAGGCAAGGGCAT-1,3411,2091,0.1759014951627089,22,8,Acinar basal
29070,21M_R2,21M,CTGCAGGGTACAGCGA-1,2944,1465,0.20380434782608695,23,1,Ductular
29071,21M_R2,21M,CTGCAGGTCCGATGTA-1,2852,1344,0.24544179523141654,23,3,Ductal suprabasal
29077,21M_R2,21M,CTGCATCCATAGGTTC-1,3168,1853,0.03156565656565657,5,0,Ductal basal
29079,21M_R2,21M,CTGCATCGTTACGTAC-1,10465,4248,0.03822264691829909,5,6,Ductal basal
29080,21M_R2,21M,CTGCATCTCATTGTGG-1,6472,2971,0.04635352286773795,24,3,Ductal suprabasal
29082,21M_R2,21M,CTGCCATAGTAGGCCA-1,4474,2220,0.06705409029950828,9,1,Ductular
29084,21M_R2,21M,CTGCCATCATCAGCTA-1,3684,1922,0.10857763300760044,7,2,Ductal basal
29085,21M_R2,21M,CTGCCATGTCTACAAC-1,4038,1967,0.07429420505200594,12,5,Ductal basal
29092,21M_R2,21M,CTGCCTACAGATGCGA-1,4226,2320,0.1656412683388547,5,0,Ductal basal
29093,21M_R2,21M,CTGCCTAGTCCTCCAT-1,9997,4047,0.19005701710513154,5,0,Ductal basal
29094,21M_R2,21M,CTGCCTAGTGAACCGA-1,3418,2069,0.3510825043885313,20,3,Ductal suprabasal
29096,21M_R2,21M,CTGCGAGAGTTACGAA-1,6978,3111,0.1289767841788478,23,1,Ductular
29104,21M_R2,21M,CTGCTCAGTCCATCTC-1,2882,1685,0.17349063150589866,16,4,Orifice
29110,21M_R2,21M,CTGGACGCAAGCGCTC-1,2075,1386,0.5301204819277108,9,1,Ductular
29112,21M_R2,21M,CTGGACGCAGTGTACT-1,1634,1118,0.550795593635251,25,9,Ductal basal
29135,21M_R2,21M,CTGTACCGTCTTACAG-1,3799,2243,0.21058173203474598,29,7,Differentiating meibocyte
29136,21M_R2,21M,CTGTACCTCGATTTCT-1,3949,2147,0.3798429982273993,12,5,Ductal basal
29139,21M_R2,21M,CTGTAGAAGTGTAGTA-1,3611,2169,0.1938521185267239,9,1,Ductular
29141,21M_R2,21M,CTGTAGATCAGCTAGT-1,1806,1188,0.16611295681063123,16,4,Orifice
29143,21M_R2,21M,CTGTAGATCTTCGACC-1,2467,1563,0.040535062829347386,5,2,Ductal basal
29144,21M_R2,21M,CTGTATTAGCGTTCCG-1,9064,3644,0.088261253309797,12,5,Ductal basal
29156,21M_R2,21M,CTGTCGTGTTCACCGG-1,3189,1983,0.12543116964565695,9,1,Ductular
29164,21M_R2,21M,CTGTGAAGTAAGATAC-1,2811,1559,0.1422981145499822,7,2,Ductal basal
29166,21M_R2,21M,CTGTGAATCATGCGGC-1,2158,1323,0.9267840593141797,24,3,Ductal suprabasal
29167,21M_R2,21M,CTGTGAATCATGGAGG-1,2198,1332,0.09099181073703368,7,2,Ductal basal
29180,21M_R2,21M,CTTACCGGTCCTATAG-1,9111,3582,0.021951487213258698,22,8,Acinar basal
29186,21M_R2,21M,CTTAGGAGTCATCGGC-1,1436,1006,0.6267409470752089,35,7,Differentiating meibocyte
29187,21M_R2,21M,CTTAGGAGTGAATAAC-1,2660,1654,0.2255639097744361,5,0,Ductal basal
29189,21M_R2,21M,CTTAGGATCTCCACTG-1,873,672,1.145475372279496,35,10,Differentiated meibocyte
29191,21M_R2,21M,CTTCAATCACGCTGAC-1,1476,989,0.13550135501355012,7,2,Ductal basal
29204,21M_R2,21M,CTTCCTTCAATCGCCG-1,2954,1850,0.13540961408259986,9,1,Ductular
29205,21M_R2,21M,CTTCCTTGTAGACGGT-1,1619,1152,0.1852995676343422,9,1,Ductular
29207,21M_R2,21M,CTTCCTTGTCGATTAC-1,5548,2752,0.10814708002883922,5,0,Ductal basal
29208,21M_R2,21M,CTTCGGTAGAGCAACC-1,2729,1616,0.47636496885305973,12,5,Ductal basal
29211,21M_R2,21M,CTTCGGTCAGCCGTTG-1,2613,1588,0.15308075009567548,12,5,Ductal basal
29216,21M_R2,21M,CTTCTAAGTGAGTTTC-1,6433,3161,0.0621793875330328,5,0,Ductal basal
29219,21M_R2,21M,CTTCTCTAGGCTCCCA-1,5771,2782,0.1386241552590539,5,2,Ductal basal
29221,21M_R2,21M,CTTCTCTGTAGGTAGC-1,2428,1600,0.08237232289950577,5,0,Ductal basal
29227,21M_R2,21M,CTTCTCTTCGGCATCG-1,10099,3908,0.06931379344489554,16,4,Orifice
29229,21M_R2,21M,CTTGAGAAGATTAGCA-1,4100,2407,0.0975609756097561,25,9,Ductal basal
29233,21M_R2,21M,CTTGAGACACGATAGG-1,2212,1502,0.18083182640144665,9,1,Ductular
29238,21M_R2,21M,CTTGAGATCACTCACC-1,6705,3208,0.0894854586129754,5,0,Ductal basal
29239,21M_R2,21M,CTTGATTAGAATTCAG-1,1085,777,1.8433179723502304,35,10,Differentiated meibocyte
29244,21M_R2,21M,CTTTCAAAGACAGCGT-1,1640,1087,0.6707317073170732,16,4,Orifice
29246,21M_R2,21M,CTTTCAACAAGCACAG-1,904,656,1.2168141592920354,23,1,Ductular
29251,21M_R2,21M,CTTTCAAGTAGGCAGT-1,1979,1245,0.15159171298635674,16,4,Orifice
29258,21M_R2,21M,CTTTCGGCACGAGGTA-1,2768,1818,0.1083815028901734,5,0,Ductal basal
29260,21M_R2,21M,CTTTCGGTCACTTGGA-1,4066,2059,0.024594195769798325,12,5,Ductal basal
29262,21M_R2,21M,CTTTCGGTCTAGGCCG-1,3482,1845,0.08615738081562321,16,4,Orifice
29265,21M_R2,21M,GAAACCTGTACCGGAA-1,3511,1913,0.11392765593847907,16,4,Orifice
29269,21M_R2,21M,GAAATGAAGATGTTGA-1,2910,1747,0.06872852233676977,9,4,Orifice
29273,21M_R2,21M,GAAATGACAGTGGTGA-1,1584,1136,0.1893939393939394,9,1,Ductular
29274,21M_R2,21M,GAAATGAGTACGGATG-1,7936,3433,0.03780241935483871,5,0,Ductal basal
29275,21M_R2,21M,GAAATGAGTCCAGTTA-1,2269,1517,0.13221683561040104,5,0,Ductal basal
29279,21M_R2,21M,GAACACTAGAGTCACG-1,3467,1848,0.17306028266512835,7,2,Ductal basal
29284,21M_R2,21M,GAACACTTCTCCCAAC-1,3328,1672,0.09014423076923077,7,2,Ductal basal
29287,21M_R2,21M,GAACGTTCAACTCCAA-1,5619,2811,0.05339028296849973,25,9,Ductal basal
29292,21M_R2,21M,GAACGTTGTGTTCAGT-1,1385,1043,0.07220216606498195,20,3,Ductal suprabasal
29297,21M_R2,21M,GAACTGTTCCTTACCG-1,4968,2565,0.22141706924315618,25,9,Ductal basal
29300,21M_R2,21M,GAAGAATCATCACGGC-1,3137,2026,0.0318775900541919,20,3,Ductal suprabasal
29301,21M_R2,21M,GAAGAATGTGCGTTTA-1,4350,2398,0.13793103448275862,9,4,Orifice
29304,21M_R2,21M,GAAGAATTCCGGGACT-1,2756,1607,0.10885341074020319,7,2,Ductal basal
29307,21M_R2,21M,GAAGCCCCAGTAGTGG-1,4419,2262,0.15840687938447612,16,4,Orifice
29308,21M_R2,21M,GAAGCCCGTGATGTAA-1,2319,1440,0.129366106080207,12,5,Ductal basal
29312,21M_R2,21M,GAAGCGAAGCATGAAT-1,3550,1944,0.2535211267605634,12,5,Ductal basal
29318,21M_R2,21M,GAAGCGACAGTCTACA-1,2505,1490,0.07984031936127745,16,4,Orifice
29319,21M_R2,21M,GAAGCGAGTGCGGTAA-1,2920,1770,0.17123287671232876,7,2,Ductal basal
29323,21M_R2,21M,GAAGGACCAGCGTTTA-1,3002,1815,0.1665556295802798,5,0,Ductal basal
29325,21M_R2,21M,GAAGGACGTTCTAACG-1,3366,1746,0.05941770647653001,7,2,Ductal basal
29327,21M_R2,21M,GAAGGACTCGTCTAAG-1,1297,944,0.15420200462606012,23,1,Ductular
29332,21M_R2,21M,GAAGGGTTCGGACTTA-1,5487,2749,0.12757426644796793,5,0,Ductal basal
29335,21M_R2,21M,GAAGTAACAACACAGG-1,2920,1578,0.10273972602739725,7,2,Ductal basal
29338,21M_R2,21M,GAAGTAACACCTGTCT-1,2656,1504,0.07530120481927711,7,2,Ductal basal
29341,21M_R2,21M,GAAGTAAGTTGTCAGT-1,2482,1427,0.32232070910556004,7,2,Ductal basal
29344,21M_R2,21M,GAATAGACATCCTCAC-1,8612,3957,0.05805852299117511,25,8,Acinar basal
29346,21M_R2,21M,GAATAGAGTCACAATC-1,2374,1506,0.6739679865206403,25,9,Ductal basal
29347,21M_R2,21M,GAATAGAGTGGATCAG-1,1901,1284,0.10520778537611783,16,4,Orifice
29348,21M_R2,21M,GAATAGAGTTCTTGTT-1,6869,3405,0.04367447954578541,5,0,Ductal basal
29349,21M_R2,21M,GAATAGATCTGTGCGG-1,5643,2801,0.21265284423179162,25,9,Ductal basal
29354,21M_R2,21M,GAATCACTCTGGTCAA-1,4869,2432,0.14376668720476485,9,1,Ductular
29355,21M_R2,21M,GAATCGTAGTCTCCTC-1,1386,1006,0.2886002886002886,20,3,Ductal suprabasal
29356,21M_R2,21M,GAATCGTCACAGTCAT-1,2422,1466,0.16515276630883566,7,2,Ductal basal
29357,21M_R2,21M,GAATCGTCACGTACAT-1,4599,2516,0.15220700152207,20,3,Ductal suprabasal
29358,21M_R2,21M,GAATCGTCAGGCACTC-1,2435,1460,0.08213552361396304,16,4,Orifice
29360,21M_R2,21M,GAATCGTGTCTTGTCC-1,9294,3496,0.3443081557994405,29,7,Differentiating meibocyte
29362,21M_R2,21M,GAATCGTTCCAAGCAT-1,6327,2983,0.0948316737790422,29,7,Differentiating meibocyte
29363,21M_R2,21M,GAATCGTTCCGGTAGC-1,4487,2245,0.11143302874972141,7,2,Ductal basal
29364,21M_R2,21M,GAATCGTTCTCCCAAC-1,1514,1024,0.26420079260237783,35,10,Differentiated meibocyte
29368,21M_R2,21M,GACAGCCAGTTGCCCG-1,4729,2489,0.10573059843518715,5,2,Ductal basal
29369,21M_R2,21M,GACAGCCCAAGGGCAT-1,11216,3957,0.04457917261055635,25,9,Ductal basal
29370,21M_R2,21M,GACAGCCCAAGTGGAC-1,11292,4374,0.008855827134254339,5,0,Ductal basal
29374,21M_R2,21M,GACAGCCCAGCTATAC-1,6480,3106,0.06172839506172839,5,0,Ductal basal
29375,21M_R2,21M,GACAGCCCAGTGCCTG-1,8565,3767,0.15178050204319907,5,0,Ductal basal
29379,21M_R2,21M,GACATCACAAAGGTTA-1,6432,3097,0.10883084577114428,12,5,Ductal basal
29384,21M_R2,21M,GACCAATCACCCTGAG-1,5246,2495,0.0571864277544796,5,0,Ductal basal
29385,21M_R2,21M,GACCAATCACCTATCC-1,2370,1532,0.08438818565400844,23,1,Ductular
29391,21M_R2,21M,GACCAATTCCAGGACC-1,7555,3464,0.05294506949040371,22,8,Acinar basal
29393,21M_R2,21M,GACCCAGAGCGTTCAT-1,2376,1606,0.16835016835016833,5,0,Ductal basal
29396,21M_R2,21M,GACCCAGCAAGCTACT-1,5402,2670,0.05553498704183636,20,3,Ductal suprabasal
29400,21M_R2,21M,GACCCAGCATCTCAAG-1,3397,1978,0.14718869590815425,5,2,Ductal basal
29404,21M_R2,21M,GACCCAGTCGCTCTCA-1,2674,1446,0.0,16,4,Orifice
29414,21M_R2,21M,GACCCTTTCTGTTGGA-1,3597,2054,0.13900472616068948,12,9,Ductal basal
29417,21M_R2,21M,GACCGTGCAGGTCCGT-1,4262,2327,0.2111684655091506,9,1,Ductular
29418,21M_R2,21M,GACCGTGCATAGGCGA-1,10016,4045,0.27955271565495204,5,2,Ductal basal
29431,21M_R2,21M,GACCTTCGTTGCTCCT-1,2775,1568,0.6126126126126126,35,7,Differentiating meibocyte
29439,21M_R2,21M,GACGTTATCACTGAAC-1,4996,2421,0.10008006405124098,5,0,Ductal basal
29440,21M_R2,21M,GACGTTATCATCTGTT-1,1467,946,0.5453306066803,9,4,Orifice
29443,21M_R2,21M,GACTATGAGCGAACTG-1,7234,3397,0.15205971799834117,5,0,Ductal basal
29446,21M_R2,21M,GACTATGCACGACGAA-1,5635,2754,0.23070097604259093,23,1,Ductular
29448,21M_R2,21M,GACTATGTCCGCTAGG-1,1798,1208,0.22246941045606228,5,0,Ductal basal
29450,21M_R2,21M,GACTCAAAGCACTCCG-1,9615,3926,0.062402496099843996,5,0,Ductal basal
29452,21M_R2,21M,GACTCAACAGCGTGCT-1,9626,4171,0.14543943486391026,25,9,Ductal basal
29456,21M_R2,21M,GACTCAATCGTAGCCG-1,2686,1202,0.4095309009679821,35,3,Ductal suprabasal
29458,21M_R2,21M,GACTCTCAGAGAGTTT-1,3657,1954,0.08203445447087777,5,0,Ductal basal
29459,21M_R2,21M,GACTCTCAGCTCGAAG-1,5569,2818,0.10773927096426647,7,2,Ductal basal
29470,21M_R2,21M,GACTGATCATGACTAC-1,4395,2449,0.5915813424345847,29,7,Differentiating meibocyte
29473,21M_R2,21M,GACTTCCCACCCTAAA-1,6965,3257,0.1148600143575018,5,0,Ductal basal
29479,21M_R2,21M,GACTTCCTCCGAGATT-1,6573,3264,0.09128251939753537,25,9,Ductal basal
29480,21M_R2,21M,GACTTCCTCGAGAAAT-1,4127,2291,0.12115338017930699,9,1,Ductular
29481,21M_R2,21M,GAGAAATAGACATCAA-1,4048,1936,0.12351778656126483,16,4,Orifice
29483,21M_R2,21M,GAGAAATAGCTCTGTA-1,3594,2201,0.25041736227045075,20,2,Ductal basal
29488,21M_R2,21M,GAGAAATGTGAATTAG-1,3246,1995,0.12322858903265559,20,8,Acinar basal
29493,21M_R2,21M,GAGACCCAGTTTGTCG-1,4162,1970,0.07208073041806823,16,4,Orifice
29495,21M_R2,21M,GAGACCCGTGGTCTCG-1,2334,1458,0.2570694087403599,5,2,Ductal basal
29502,21M_R2,21M,GAGACTTCATAGACTC-1,11447,4243,0.10483096007687603,12,0,Ductal basal
29509,21M_R2,21M,GAGAGGTCAGTTGCGC-1,8547,4001,0.08190008190008191,20,3,Ductal suprabasal
29510,21M_R2,21M,GAGAGGTCATGTCGTA-1,4391,2216,0.36438168982008656,5,0,Ductal basal
29512,21M_R2,21M,GAGAGGTTCTTCGATT-1,5388,3054,0.07423904974016332,22,8,Acinar basal
29514,21M_R2,21M,GAGATGGAGCCATCCG-1,2885,1785,0.2772963604852686,9,9,Ductal basal
29515,21M_R2,21M,GAGATGGCAGCGTATT-1,3762,1950,0.13290802764486975,10,2,Ductal basal
29517,21M_R2,21M,GAGATGGGTTGTACGT-1,11284,4335,0.044310528181495924,20,0,Ductal basal
29518,21M_R2,21M,GAGATGGGTTGTCTAG-1,1153,885,0.26019080659150046,23,1,Ductular
29522,21M_R2,21M,GAGCCTGAGCGCTGAA-1,7187,3341,0.13914011409489355,5,0,Ductal basal
29524,21M_R2,21M,GAGCCTGCAGCGTAGA-1,2600,1706,0.0,20,1,Ductular
29525,21M_R2,21M,GAGCCTGGTGACTCGC-1,3644,2088,0.24698133918770582,5,0,Ductal basal
29527,21M_R2,21M,GAGCCTGTCGGCTTGG-1,3704,2320,0.10799136069114472,20,3,Ductal suprabasal
29528,21M_R2,21M,GAGCTGCAGACGCATG-1,9330,2961,0.1607717041800643,35,10,Differentiated meibocyte
29529,21M_R2,21M,GAGCTGCAGCCAGTAG-1,6285,3042,0.06364359586316627,23,1,Ductular
29532,21M_R2,21M,GAGCTGCAGGCCCAAA-1,8216,3632,0.04868549172346641,5,2,Ductal basal
29534,21M_R2,21M,GAGCTGCCAGCACAAG-1,4348,2185,0.09199632014719411,5,0,Ductal basal
29535,21M_R2,21M,GAGCTGCCAGTTAGAA-1,2675,1575,0.11214953271028037,23,1,Ductular
29536,21M_R2,21M,GAGCTGCGTATCTCGA-1,3757,2156,0.07985094490284801,22,3,Ductal suprabasal
29537,21M_R2,21M,GAGGCAAAGCAGGGAG-1,4724,2648,0.14817950889077053,22,8,Acinar basal
29538,21M_R2,21M,GAGGCAAAGCGGGTAT-1,3522,1903,0.1419647927314026,7,2,Ductal basal
29542,21M_R2,21M,GAGGCAACATGACAAA-1,10004,3875,0.059976009596161534,5,0,Ductal basal
29543,21M_R2,21M,GAGGCAAGTGCCTTCT-1,6146,2815,0.13016596160104132,12,5,Ductal basal
29551,21M_R2,21M,GAGGCCTTCAGGGTAG-1,11034,3977,0.11781765452238535,12,4,Orifice
29554,21M_R2,21M,GAGGGATAGAGAGCCT-1,3749,2222,0.2667377967457989,22,8,Acinar basal
29556,21M_R2,21M,GAGGGATGTAGCTGAG-1,4264,2328,0.07035647279549719,7,2,Ductal basal
29559,21M_R2,21M,GAGGGTAGTCAGGTGA-1,3698,2059,0.05408328826392645,12,5,Ductal basal
29565,21M_R2,21M,GAGGGTATCTTCTAAC-1,5100,2746,0.1176470588235294,5,0,Ductal basal
29567,21M_R2,21M,GAGTCATCACGACAGA-1,2812,1634,0.21337126600284498,16,4,Orifice
29569,21M_R2,21M,GAGTCTAAGAAGCTGC-1,10653,4227,0.037548108514033604,22,3,Ductal suprabasal
29570,21M_R2,21M,GAGTCTAAGGACGCTA-1,3499,1995,0.05715918833952558,5,0,Ductal basal
29571,21M_R2,21M,GAGTCTAAGGCGACAT-1,2426,1557,0.12366034624896949,16,4,Orifice
29577,21M_R2,21M,GAGTCTATCACTGTTT-1,1664,1108,0.06009615384615385,12,5,Ductal basal
29578,21M_R2,21M,GAGTCTATCATTCGTT-1,3993,1986,0.1753067868770348,12,5,Ductal basal
29581,21M_R2,21M,GAGTGAGCAAACGTGG-1,8072,3508,0.06194251734390485,5,0,Ductal basal
29585,21M_R2,21M,GAGTGAGGTATGCGTT-1,3657,2113,0.16406890894175555,7,2,Ductal basal
29597,21M_R2,21M,GAGTTACGTTACCCAA-1,3335,1949,0.2698650674662669,5,0,Ductal basal
29599,21M_R2,21M,GAGTTACTCCCGTGTT-1,6270,3135,0.07974481658692185,5,0,Ductal basal
29601,21M_R2,21M,GAGTTGTCAATGACCT-1,3083,1825,0.12974375608173855,5,0,Ductal basal
29602,21M_R2,21M,GAGTTGTCACATACGT-1,3459,1857,0.08673026886383348,5,0,Ductal basal
29608,21M_R2,21M,GAGTTTGAGGTTCAGG-1,875,644,0.5714285714285714,35,7,Differentiating meibocyte
29609,21M_R2,21M,GAGTTTGCACTGATTG-1,6639,3175,0.09037505648441031,25,9,Ductal basal
29611,21M_R2,21M,GAGTTTGGTACCCGCA-1,2033,1332,0.6394490900147565,23,1,Ductular
29612,21M_R2,21M,GAGTTTGTCAAGCCAT-1,1682,1141,0.2972651605231867,5,2,Ductal basal
29613,21M_R2,21M,GAGTTTGTCACGTAGT-1,7012,2856,0.2852253280091272,12,5,Ductal basal
29616,21M_R2,21M,GATAGAACAAGTAGTA-1,2455,1502,0.40733197556008144,16,4,Orifice
29619,21M_R2,21M,GATAGCTAGTCGTCTA-1,3250,1994,0.1846153846153846,24,3,Ductal suprabasal
29620,21M_R2,21M,GATAGCTCAGTTCACA-1,9077,4125,0.03305056736807315,25,9,Ductal basal
29621,21M_R2,21M,GATAGCTGTCGTTGCG-1,3339,1823,0.20964360587002098,7,2,Ductal basal
29622,21M_R2,21M,GATAGCTGTTGCGTAT-1,3478,1974,0.05750431282346176,16,4,Orifice
29623,21M_R2,21M,GATAGCTGTTTGATCG-1,6988,3445,0.08586147681740126,20,3,Ductal suprabasal
29624,21M_R2,21M,GATCACAAGTGCACAG-1,10204,4218,0.13720109760878088,29,0,Ductal basal
29627,21M_R2,21M,GATCACATCCAACCGG-1,9543,3979,0.0838310803730483,22,8,Acinar basal
29630,21M_R2,21M,GATCAGTCAGGTCAAG-1,5757,2626,0.12159110647906896,12,5,Ductal basal
29633,21M_R2,21M,GATCAGTCATCAGCTA-1,4107,2069,0.09739469198928659,12,5,Ductal basal
29636,21M_R2,21M,GATCAGTTCCTTATAC-1,11284,4312,0.026586316908897553,5,9,Ductal basal
29643,21M_R2,21M,GATCCCTCAAGCGCAA-1,2337,1459,0.21394950791613182,10,2,Ductal basal
29644,21M_R2,21M,GATCCCTTCAGGAGAC-1,9858,3809,0.06086427267194157,5,0,Ductal basal
29650,21M_R2,21M,GATCGTACACTGGCGT-1,6739,1841,0.05935598753524262,16,4,Orifice
29651,21M_R2,21M,GATCGTACAGCAGACA-1,1770,1179,0.39548022598870053,35,7,Differentiating meibocyte
29654,21M_R2,21M,GATCGTAGTTCTGAGT-1,4935,2417,0.364741641337386,7,1,Ductular
29655,21M_R2,21M,GATCGTATCCTTCGAC-1,3337,1689,0.029967036260113877,7,2,Ductal basal
29658,21M_R2,21M,GATGACTAGCGTTCCG-1,4961,2616,0.14110058455956462,20,3,Ductal suprabasal
29663,21M_R2,21M,GATGACTTCCACTGGG-1,7753,3536,0.1160840964787824,5,0,Ductal basal
29664,21M_R2,21M,GATGACTTCGAGGCAA-1,3385,2031,0.059084194977843424,5,0,Ductal basal
29670,21M_R2,21M,GATGATCAGGTGTGAC-1,5856,2755,0.10245901639344263,24,3,Ductal suprabasal
29677,21M_R2,21M,GATGCTAAGCGAGGAG-1,2301,1493,0.1303780964797914,9,1,Ductular
29679,21M_R2,21M,GATGCTACAGAAATTG-1,1914,1264,0.20898641588296762,7,2,Ductal basal
29683,21M_R2,21M,GATGCTATCCGATAAC-1,1813,1326,0.441257584114727,35,10,Differentiated meibocyte
29685,21M_R2,21M,GATGGAGAGACGGAAA-1,2738,1593,0.18261504747991236,9,1,Ductular
29687,21M_R2,21M,GATGGAGAGTACCGGA-1,6280,2592,0.04777070063694268,12,4,Orifice
29690,21M_R2,21M,GATGGAGTCGTGGACC-1,2408,1511,0.08305647840531562,20,3,Ductal suprabasal
29693,21M_R2,21M,GATGTTGAGAAATTCG-1,8083,3768,0.037114932574539156,22,0,Ductal basal
29694,21M_R2,21M,GATGTTGCATAATGCC-1,10181,3916,0.7268441214026127,5,0,Ductal basal
29696,21M_R2,21M,GATGTTGTCGTGCTCT-1,7682,3619,0.0520697734964853,5,0,Ductal basal
29706,21M_R2,21M,GATTCTTAGACGCAGT-1,3908,1734,0.7932446264073695,24,3,Ductal suprabasal
29708,21M_R2,21M,GATTCTTAGTGGTCAG-1,1684,1112,0.29691211401425177,35,10,Differentiated meibocyte
29715,21M_R2,21M,GATTGGTAGTTCCGTA-1,3601,1926,0.11108025548458762,7,2,Ductal basal
29720,21M_R2,21M,GATTTCTAGCCGTTAT-1,2839,1589,0.17611835153222966,16,4,Orifice
29724,21M_R2,21M,GATTTCTTCTAGTGTG-1,2740,1702,0.145985401459854,9,1,Ductular
29725,21M_R2,21M,GCAACATAGCAGATAT-1,6366,2818,0.07854225573358467,23,1,Ductular
29734,21M_R2,21M,GCAACCGGTGGAAGTC-1,3225,1753,0.09302325581395349,7,2,Ductal basal
29735,21M_R2,21M,GCAACCGTCAACTGGT-1,4750,2337,0.10526315789473684,12,4,Orifice
29748,21M_R2,21M,GCACGTGAGATGCAGC-1,2808,1583,0.07122507122507123,22,7,Differentiating meibocyte
29752,21M_R2,21M,GCACGTGCAGAGTTGG-1,8153,3913,0.8585796639273887,29,7,Differentiating meibocyte
29759,21M_R2,21M,GCACTAACACATTCTT-1,2199,1335,0.22737608003638018,9,1,Ductular
29761,21M_R2,21M,GCACTAAGTTTCCAAG-1,1914,1161,0.2612330198537095,16,4,Orifice
29763,21M_R2,21M,GCAGCCAAGGCTCCCA-1,2859,1612,0.48968170689052115,35,10,Differentiated meibocyte
29766,21M_R2,21M,GCAGCCATCAACACCA-1,8460,3755,0.08274231678486997,25,9,Ductal basal
29772,21M_R2,21M,GCAGCTGAGGTGCTAG-1,8407,3834,0.13084334483168789,5,0,Ductal basal
29773,21M_R2,21M,GCAGCTGCAGATACCT-1,3155,1760,0.4754358161648178,20,3,Ductal suprabasal
29775,21M_R2,21M,GCAGCTGGTCCACTTC-1,5897,2854,0.05087332541970493,16,4,Orifice
29781,21M_R2,21M,GCAGGCTGTTAGGCCC-1,5071,2409,0.0788799053441136,29,7,Differentiating meibocyte
29786,21M_R2,21M,GCAGTTACAGCCCACA-1,13569,4420,0.10317635787456703,16,4,Orifice
29787,21M_R2,21M,GCAGTTAGTTCCATTT-1,9380,3950,0.11727078891257996,5,0,Ductal basal
29788,21M_R2,21M,GCAGTTATCTCGCTTG-1,6090,2404,0.04926108374384236,7,2,Ductal basal
29793,21M_R2,21M,GCATCGGCAGAGTCTT-1,7810,3450,0.06402048655569782,25,9,Ductal basal
29799,21M_R2,21M,GCATCTCAGTAGACCG-1,3143,1881,0.34998409163219857,5,0,Ductal basal
29801,21M_R2,21M,GCATCTCGTAAGGAGA-1,3527,2071,0.02835270768358378,5,0,Ductal basal
29802,21M_R2,21M,GCATCTCGTACTGACT-1,2929,1666,0.13656538067599863,5,2,Ductal basal
29803,21M_R2,21M,GCATCTCGTATCGTAC-1,2733,1562,0.18294914013904134,7,2,Ductal basal
29806,21M_R2,21M,GCATGATAGAAGGCTC-1,4464,2299,0.13440860215053765,7,2,Ductal basal
29812,21M_R2,21M,GCATGATTCTTGGCTC-1,3171,1902,0.06307158625039419,10,0,Ductal basal
29813,21M_R2,21M,GCATTAGGTTTGATCG-1,3794,2157,0.10542962572482868,5,0,Ductal basal
29815,21M_R2,21M,GCATTAGTCATTTCGT-1,1135,754,0.3524229074889868,9,1,Ductular
29816,21M_R2,21M,GCATTAGTCCACTAGA-1,4297,2385,0.18617640214102862,23,1,Ductular
29817,21M_R2,21M,GCATTAGTCGCAAGAG-1,4272,2396,0.16385767790262173,5,0,Ductal basal
29819,21M_R2,21M,GCCAACGAGAGACAAG-1,4214,2227,0.21357380161366873,12,1,Ductular
29821,21M_R2,21M,GCCAACGAGGTCGAGT-1,3428,2061,0.26254375729288215,5,0,Ductal basal
29824,21M_R2,21M,GCCAGCAAGAATACAC-1,2165,1465,0.23094688221709006,9,3,Ductal suprabasal
29826,21M_R2,21M,GCCAGCACAGAACTTC-1,2088,1454,0.28735632183908044,12,5,Ductal basal
29827,21M_R2,21M,GCCAGCACATGACACT-1,3821,2223,0.15702695629416383,5,0,Ductal basal
29831,21M_R2,21M,GCCAGGTAGGTAGTCG-1,9726,3993,0.1747892247583796,7,3,Ductal suprabasal
29832,21M_R2,21M,GCCAGGTCAATTTCGG-1,4843,2266,0.12389015073301672,5,0,Ductal basal
29837,21M_R2,21M,GCCAGGTTCCTTCGAC-1,1388,867,0.5043227665706052,35,10,Differentiated meibocyte
29839,21M_R2,21M,GCCAGGTTCGCCGTGA-1,5385,2811,0.09285051067780872,9,1,Ductular
29844,21M_R2,21M,GCCAGTGAGTTGGAAT-1,6020,2901,0.08305647840531562,20,3,Ductal suprabasal
29845,21M_R2,21M,GCCAGTGGTGTCTTCC-1,3435,1869,0.17467248908296942,7,2,Ductal basal
29848,21M_R2,21M,GCCATGGCAAGCGATG-1,3313,1968,0.21128886205855718,22,8,Acinar basal
29855,21M_R2,21M,GCCATGGTCATGTCTT-1,3072,1836,0.4557291666666667,22,8,Acinar basal
29862,21M_R2,21M,GCCATTCGTACGATTC-1,10670,4266,0.06560449859418932,5,0,Ductal basal
29867,21M_R2,21M,GCCATTCGTTGCCGAC-1,3227,1814,0.12395413696932135,7,2,Ductal basal
29869,21M_R2,21M,GCCATTCTCATGGAGG-1,2468,1503,0.28363047001620745,9,1,Ductular
29870,21M_R2,21M,GCCATTCTCTGAGATC-1,3892,2108,0.12846865364850976,16,4,Orifice
29871,21M_R2,21M,GCCCAGAAGAGCCCAA-1,2121,1346,0.6129184347006129,35,7,Differentiating meibocyte
29877,21M_R2,21M,GCCCAGAGTTAGGCCC-1,4374,2233,0.11431184270690445,7,2,Ductal basal
29878,21M_R2,21M,GCCCAGATCGATACAC-1,1658,1056,0.18094089264173704,23,1,Ductular
29880,21M_R2,21M,GCCCGAAAGAGGGTAA-1,2201,1359,0.31803725579282144,12,1,Ductular
29884,21M_R2,21M,GCCCGAACAAGTGGAC-1,4344,2389,0.06906077348066297,5,0,Ductal basal
29890,21M_R2,21M,GCCCGAAGTTCATCTT-1,3327,1894,0.030057108506161705,9,1,Ductular
29894,21M_R2,21M,GCCGATGCAAGCAGGT-1,6441,3123,0.09315323707498836,5,0,Ductal basal
29896,21M_R2,21M,GCCGATGCATGGAGAC-1,8644,3714,0.06941230911614993,12,5,Ductal basal
29898,21M_R2,21M,GCCGATGGTCGTTCAA-1,4418,2373,0.11317338162064282,5,0,Ductal basal
29902,21M_R2,21M,GCCGTGAAGTAAGACT-1,5444,2615,0.03673769287288758,5,0,Ductal basal
29908,21M_R2,21M,GCCTGTTAGTCTACCA-1,4256,2076,0.1644736842105263,7,2,Ductal basal
29911,21M_R2,21M,GCGAGAAAGACCCGCT-1,4262,2253,0.14077897700610043,5,2,Ductal basal
29914,21M_R2,21M,GCGAGAAAGTTGGAGC-1,8493,3603,0.035323207347227124,5,0,Ductal basal
29916,21M_R2,21M,GCGAGAACACTCCGGA-1,4483,2477,0.17845192951148786,5,0,Ductal basal
29918,21M_R2,21M,GCGAGAAGTATAGGAT-1,5477,2710,0.054774511593938285,5,0,Ductal basal
29919,21M_R2,21M,GCGAGAATCCCTCGAT-1,6410,2714,0.046801872074883,24,3,Ductal suprabasal
29921,21M_R2,21M,GCGAGAATCGGTGTAT-1,4241,2438,0.28295213393067675,20,3,Ductal suprabasal
29924,21M_R2,21M,GCGATCGGTCAACACT-1,5035,2667,0.07944389275074479,25,9,Ductal basal
29934,21M_R2,21M,GCGGAAAGTTGGGTAG-1,3046,1779,0.1969796454366382,9,4,Orifice
29935,21M_R2,21M,GCGGAAATCTCTTGCG-1,3791,2039,0.4220522289633343,24,3,Ductal suprabasal
29936,21M_R2,21M,GCGGATCAGATTGTGA-1,3239,2032,0.1234949058351343,12,5,Ductal basal
29941,21M_R2,21M,GCGGATCGTACGTGAG-1,3897,2384,0.2052861175263023,20,3,Ductal suprabasal
29944,21M_R2,21M,GCGTGCAAGTGGTGAC-1,4981,2441,0.16061031921300944,12,5,Ductal basal
29946,21M_R2,21M,GCGTGCACAAGGTCGA-1,3355,1772,0.17883755588673622,16,4,Orifice
29950,21M_R2,21M,GCGTGCACATTACTCT-1,2939,1688,0.10207553589656344,9,1,Ductular
29951,21M_R2,21M,GCGTGCAGTAAGTCAA-1,7751,3642,0.16772029415559284,20,1,Ductular
29952,21M_R2,21M,GCGTGCAGTATCCCAA-1,4010,2152,0.12468827930174563,5,0,Ductal basal
29954,21M_R2,21M,GCGTGCAGTTCGGTAT-1,7139,3498,0.25213615352290236,12,5,Ductal basal
29955,21M_R2,21M,GCGTGCATCACAACCA-1,8207,3584,0.18277080541001584,5,0,Ductal basal
29957,21M_R2,21M,GCGTGCATCTATACGG-1,2852,1608,0.2805049088359046,12,5,Ductal basal
29958,21M_R2,21M,GCGTGCATCTGGGCAC-1,2725,1476,0.07339449541284404,7,2,Ductal basal
29963,21M_R2,21M,GCGTTTCCAGCTGAAG-1,2056,1338,0.14591439688715954,7,2,Ductal basal
29964,21M_R2,21M,GCGTTTCCATAGATGA-1,5840,3072,0.0684931506849315,5,0,Ductal basal
29965,21M_R2,21M,GCGTTTCCATCGTCCT-1,9201,3859,0.10868383871318335,5,0,Ductal basal
29970,21M_R2,21M,GCGTTTCTCGCGCCAA-1,3528,1849,0.08503401360544217,16,4,Orifice
29972,21M_R2,21M,GCTACAAAGGACGGAG-1,5620,3040,0.2491103202846975,25,9,Ductal basal
29975,21M_R2,21M,GCTACAAGTGCCTTCT-1,2414,1409,0.12427506213753108,7,2,Ductal basal
29977,21M_R2,21M,GCTACCTAGAGCAGCT-1,6280,2841,0.11146496815286625,16,4,Orifice
29982,21M_R2,21M,GCTACCTCAGCGTGCT-1,3773,1994,0.1855287569573284,12,5,Ductal basal
29989,21M_R2,21M,GCTCAAATCGTAGTGT-1,2859,1706,0.0,12,5,Ductal basal
29999,21M_R2,21M,GCTGCAGAGTGCGTCC-1,4817,2664,0.08303923603902845,25,9,Ductal basal
30000,21M_R2,21M,GCTGCAGAGTTATGGA-1,5166,2585,0.13550135501355012,9,1,Ductular
30004,21M_R2,21M,GCTGCAGGTGAGTCAG-1,1327,866,1.2057272042200453,35,7,Differentiating meibocyte
30010,21M_R2,21M,GCTGGGTAGATGCTAA-1,1218,916,0.49261083743842365,9,4,Orifice
30011,21M_R2,21M,GCTGGGTAGCGCTGAA-1,5218,2508,0.038328861632809505,16,4,Orifice
30012,21M_R2,21M,GCTGGGTAGCTGTGCC-1,4713,2401,0.0424358158285593,5,0,Ductal basal
30014,21M_R2,21M,GCTGGGTAGTCCTGCG-1,4228,2198,0.33112582781456956,7,2,Ductal basal
30015,21M_R2,21M,GCTGGGTGTACTCGTA-1,3399,1996,0.23536334215945864,12,1,Ductular
30017,21M_R2,21M,GCTGGGTTCGGTCACG-1,3926,1978,0.8660213958227204,7,2,Ductal basal
30019,21M_R2,21M,GCTTCACAGGGCATGT-1,6418,2929,0.10906824555936429,25,9,Ductal basal
30028,21M_R2,21M,GCTTGGGAGCTGTTCA-1,2930,1758,0.034129692832764506,7,2,Ductal basal
30032,21M_R2,21M,GCTTGGGGTTAAAGTG-1,1241,868,0.4834810636583401,35,10,Differentiated meibocyte
30034,21M_R2,21M,GCTTGGGTCTCTCTAA-1,7723,3274,0.05179334455522465,5,0,Ductal basal
30035,21M_R2,21M,GCTTTCGAGAGTCAAT-1,6660,2950,0.12012012012012012,12,5,Ductal basal
30036,21M_R2,21M,GCTTTCGAGCAATAAC-1,4401,2058,0.09088843444671665,7,2,Ductal basal
30041,21M_R2,21M,GGAACCCAGAAGGTAG-1,5958,3132,0.1510574018126888,25,8,Acinar basal
30045,21M_R2,21M,GGAACCCGTTATGACC-1,3239,1797,0.18524235875270145,29,7,Differentiating meibocyte
30048,21M_R2,21M,GGAACCCTCCGACAGC-1,1984,1263,0.20161290322580644,22,7,Differentiating meibocyte
30053,21M_R2,21M,GGAAGTGGTTTGGAAA-1,8627,3890,0.1506896951431552,22,7,Differentiating meibocyte
30056,21M_R2,21M,GGAAGTGTCTATCCAT-1,2860,1716,0.17482517482517482,16,4,Orifice
30057,21M_R2,21M,GGAAGTGTCTTCGCTG-1,2762,1740,0.3620564808110065,5,0,Ductal basal
30058,21M_R2,21M,GGAAGTGTCTTGGAAC-1,4115,2374,0.12150668286755771,25,9,Ductal basal
30061,21M_R2,21M,GGAATCTCATAGGAGC-1,4980,2500,0.1606425702811245,16,4,Orifice
30062,21M_R2,21M,GGAATCTGTATCATGC-1,10040,4049,0.08964143426294821,5,0,Ductal basal
30066,21M_R2,21M,GGAATGGCATCTCGTC-1,4975,2721,0.10050251256281408,22,7,Differentiating meibocyte
30071,21M_R2,21M,GGACGTCCAGCTACAT-1,8579,3503,0.20981466371371954,22,1,Ductular
30072,21M_R2,21M,GGACGTCCAGTTGGTT-1,2589,1656,0.34762456546929316,9,1,Ductular
30073,21M_R2,21M,GGACGTCCATGGCCAC-1,6422,2832,0.09342883836810963,12,1,Ductular
30074,21M_R2,21M,GGACGTCGTAGGCAGT-1,4104,2174,0.21929824561403508,9,1,Ductular
30075,21M_R2,21M,GGACGTCGTATGCGTT-1,2565,1650,0.11695906432748539,10,0,Ductal basal
30076,21M_R2,21M,GGACGTCTCCTGGTCT-1,5197,2639,0.03848374061958822,5,0,Ductal basal
30080,21M_R2,21M,GGAGAACCACACCGCA-1,5044,2524,0.1586042823156225,5,0,Ductal basal
30083,21M_R2,21M,GGAGAACTCGGTCGGT-1,4628,2266,0.1512532411408816,12,5,Ductal basal
30088,21M_R2,21M,GGAGATGCAGAGCGTA-1,11153,4226,0.4214112794763741,29,7,Differentiating meibocyte
30093,21M_R2,21M,GGAGCAAAGACTCTTG-1,5915,2424,0.1183431952662722,7,2,Ductal basal
30096,21M_R2,21M,GGAGCAACAAAGCTAA-1,1927,1226,0.15568240788790866,7,2,Ductal basal
30100,21M_R2,21M,GGAGCAAGTTCGGCTG-1,3251,1869,0.12303906490310675,5,2,Ductal basal
30103,21M_R2,21M,GGAGGATCACTCCTGT-1,4666,2526,0.15002143163309042,22,7,Differentiating meibocyte
30104,21M_R2,21M,GGAGGATCAGCTACTA-1,4759,2520,0.16810254255095608,5,0,Ductal basal
30107,21M_R2,21M,GGAGGATTCCGCAGTG-1,2273,1450,0.1759788825340959,5,0,Ductal basal
30108,21M_R2,21M,GGAGGTAAGAAGGGAT-1,6009,2964,0.1331336328840073,5,0,Ductal basal
30110,21M_R2,21M,GGAGGTAAGCCATATC-1,3820,2177,0.07853403141361257,22,8,Acinar basal
30111,21M_R2,21M,GGAGGTAAGCCTGTCG-1,6176,3104,0.08095854922279792,22,8,Acinar basal
30113,21M_R2,21M,GGAGGTACAGTCGCTG-1,3489,1961,0.05732301519059903,5,0,Ductal basal
30114,21M_R2,21M,GGAGGTACATTATGCG-1,3193,1960,0.03131850923896023,23,1,Ductular
30116,21M_R2,21M,GGAGGTAGTTATAGAG-1,1564,1125,0.0639386189258312,9,3,Ductal suprabasal
30127,21M_R2,21M,GGATGTTAGCCTATCA-1,6978,3061,0.07165376898824878,7,2,Ductal basal
30131,21M_R2,21M,GGATGTTGTGCATCTA-1,5933,3121,0.033709758975223325,25,9,Ductal basal
30132,21M_R2,21M,GGATGTTGTGTTTGCA-1,3489,1938,0.11464603038119806,12,1,Ductular
30133,21M_R2,21M,GGATGTTTCAGCCTCT-1,4467,2432,0.24625027982986344,20,3,Ductal suprabasal
30134,21M_R2,21M,GGATGTTTCGATACGT-1,3283,1837,0.15229972586049345,5,2,Ductal basal
30137,21M_R2,21M,GGCACGTAGGTACTGG-1,4270,2248,0.09367681498829039,25,9,Ductal basal
30153,21M_R2,21M,GGCTGTGAGACGAGCT-1,2841,1725,0.0703977472720873,5,2,Ductal basal
30154,21M_R2,21M,GGCTGTGAGAGGTTAT-1,2687,1639,0.11164867882396724,9,1,Ductular
30156,21M_R2,21M,GGCTGTGAGTCATGCT-1,7353,3510,1.3191894464844283,24,3,Ductal suprabasal
30158,21M_R2,21M,GGCTGTGTCCTACGAA-1,2298,1403,0.26109660574412535,7,2,Ductal basal
30160,21M_R2,21M,GGCTTGGAGGAGCAAA-1,8873,4206,0.12397159923363012,22,8,Acinar basal
30163,21M_R2,21M,GGCTTGGCATGGAAGC-1,2814,1679,0.8173418621179815,12,5,Ductal basal
30165,21M_R2,21M,GGCTTGGGTATGAAAC-1,11407,4236,0.06136582800035066,24,3,Ductal suprabasal
30166,21M_R2,21M,GGCTTGGGTGATTCTG-1,3263,1835,0.18387986515476554,7,2,Ductal basal
30169,21M_R2,21M,GGCTTTCAGACCTGGA-1,7469,3493,0.21421877091980182,7,2,Ductal basal
30170,21M_R2,21M,GGCTTTCAGTCCGCGT-1,2651,1651,0.07544322897019992,10,6,Ductal basal
30171,21M_R2,21M,GGCTTTCAGTTGGAGC-1,2730,1666,0.10989010989010989,7,2,Ductal basal
30175,21M_R2,21M,GGCTTTCGTCACCACG-1,6175,2663,0.048582995951417005,12,5,Ductal basal
30177,21M_R2,21M,GGCTTTCTCATCACTT-1,5458,2604,0.10993037742762918,9,1,Ductular
30181,21M_R2,21M,GGGAAGTAGTAGAATC-1,4757,2592,0.18919487071683833,7,2,Ductal basal
30182,21M_R2,21M,GGGAAGTCATGACTCA-1,4955,2643,0.10090817356205853,5,0,Ductal basal
30183,21M_R2,21M,GGGAAGTGTTCTGACA-1,3027,1876,0.39643211100099107,5,2,Ductal basal
30189,21M_R2,21M,GGGACAACATAGGTTC-1,5834,2976,0.11998628728145354,5,0,Ductal basal
30192,21M_R2,21M,GGGACAATCCTCTCGA-1,5584,2536,0.12535816618911175,5,0,Ductal basal
30199,21M_R2,21M,GGGACCTGTTGACTAC-1,2799,1794,0.571632725973562,20,3,Ductal suprabasal
30202,21M_R2,21M,GGGACTCAGCCACTCG-1,4717,2624,0.1271994912020352,5,0,Ductal basal
30203,21M_R2,21M,GGGACTCAGCGAGTCA-1,7873,3443,0.07620983106820779,5,0,Ductal basal
30209,21M_R2,21M,GGGACTCTCCACGGGT-1,6033,2817,0.11602850986242334,16,4,Orifice
30211,21M_R2,21M,GGGAGATAGGTACAGC-1,5096,2756,0.09811616954474096,23,3,Ductal suprabasal
30215,21M_R2,21M,GGGAGTAAGCGACCCT-1,3955,2237,0.17699115044247787,12,5,Ductal basal
30216,21M_R2,21M,GGGAGTAAGTAGGAAG-1,3486,1998,0.11474469305794606,5,0,Ductal basal
30219,21M_R2,21M,GGGAGTAGTCAAATCC-1,1883,1225,2.336696760488582,5,0,Ductal basal
30225,21M_R2,21M,GGGATCCGTATACCCA-1,2472,1629,0.20226537216828477,12,5,Ductal basal
30229,21M_R2,21M,GGGATGAAGAATCGCG-1,5670,2776,0.052910052910052914,5,0,Ductal basal
30233,21M_R2,21M,GGGATGATCTGCTAGA-1,5761,2746,0.10414858531504947,12,5,Ductal basal
30235,21M_R2,21M,GGGCCATAGCTTAAGA-1,2092,1425,0.19120458891013384,5,0,Ductal basal
30236,21M_R2,21M,GGGCCATCAACTTGCA-1,3632,2029,0.13766519823788548,5,2,Ductal basal
30238,21M_R2,21M,GGGCCATTCTGCTTTA-1,6641,2964,0.09034783918084627,10,0,Ductal basal
30242,21M_R2,21M,GGGCGTTCAGAGTTGG-1,1668,1124,0.2398081534772182,23,3,Ductal suprabasal
30246,21M_R2,21M,GGGCTACCACTTTATC-1,3232,1994,0.9591584158415841,22,7,Differentiating meibocyte
30248,21M_R2,21M,GGGCTACGTTCAAAGA-1,5750,2685,0.17391304347826086,5,2,Ductal basal
30250,21M_R2,21M,GGGCTACTCCCATTTA-1,6298,2630,0.06351222610352493,12,5,Ductal basal
30255,21M_R2,21M,GGGCTCAAGGTACAAT-1,10099,3826,0.0594118229527676,5,0,Ductal basal
30257,21M_R2,21M,GGGCTCACAAACGTGG-1,3353,2127,0.26841634357291977,22,8,Acinar basal
30258,21M_R2,21M,GGGCTCACAATACAGA-1,6087,2553,0.04928536224741252,7,2,Ductal basal
30259,21M_R2,21M,GGGCTCACACAACGAG-1,2511,1502,0.1991238550378335,9,1,Ductular
30260,21M_R2,21M,GGGCTCACACGCGTGT-1,4061,2153,0.19699581383895592,5,2,Ductal basal
30262,21M_R2,21M,GGGCTCACATGGATCT-1,1404,985,0.641025641025641,29,7,Differentiating meibocyte
30263,21M_R2,21M,GGGCTCATCATTGGTG-1,1840,1001,0.9239130434782609,35,3,Ductal suprabasal
30264,21M_R2,21M,GGGCTCATCCTTGGAA-1,1854,1246,0.37756202804746497,22,8,Acinar basal
30265,21M_R2,21M,GGGCTCATCTGCTTTA-1,4087,2092,0.09787129924149743,12,5,Ductal basal
30268,21M_R2,21M,GGGTAGAAGTTCCGTA-1,2985,1802,0.16750418760469013,5,0,Ductal basal
30269,21M_R2,21M,GGGTAGACAAGTCCCG-1,2759,1719,0.32620514679231605,12,5,Ductal basal
30277,21M_R2,21M,GGGTATTGTGGCTAGA-1,3280,1828,0.1829268292682927,5,2,Ductal basal
30278,21M_R2,21M,GGGTATTGTTGGCTAT-1,3978,2116,0.1256913021618904,16,4,Orifice
30280,21M_R2,21M,GGGTCACAGGTATAGT-1,2835,1613,0.10582010582010583,7,2,Ductal basal
30290,21M_R2,21M,GGGTCTGAGGTGCCTC-1,2403,1491,0.12484394506866417,10,0,Ductal basal
30291,21M_R2,21M,GGGTCTGCAAGCACCC-1,2718,1516,0.11037527593818984,23,1,Ductular
30292,21M_R2,21M,GGGTCTGGTAGTGTGG-1,7757,3007,0.07734949078251901,16,4,Orifice
30294,21M_R2,21M,GGGTCTGTCTCTAAGG-1,10350,4010,0.1352657004830918,16,4,Orifice
30295,21M_R2,21M,GGGTGAACAAGGTCTT-1,6740,2919,0.2967359050445104,23,1,Ductular
30298,21M_R2,21M,GGGTGAAGTAGCGTCC-1,8856,3457,0.16937669376693767,16,4,Orifice
30299,21M_R2,21M,GGGTGAAGTCACTTAG-1,3174,1918,0.3780718336483932,5,0,Ductal basal
30301,21M_R2,21M,GGGTGAAGTGAGTAAT-1,6488,2678,0.2928483353884094,12,4,Orifice
30303,21M_R2,21M,GGGTGTCAGCATCAAA-1,3124,1821,0.19206145966709345,5,2,Ductal basal
30304,21M_R2,21M,GGGTGTCCAAAGCTAA-1,8227,3652,0.06077549532028686,5,0,Ductal basal
30305,21M_R2,21M,GGGTGTCCAATTTCTC-1,4364,2276,0.022914757103574702,5,0,Ductal basal
30306,21M_R2,21M,GGGTGTCCACTGGAAG-1,4704,2441,0.04251700680272109,9,4,Orifice
30309,21M_R2,21M,GGGTGTCTCTTCCACG-1,7941,3593,0.17630021407883137,9,1,Ductular
30314,21M_R2,21M,GGGTTTAAGCGATGGT-1,6357,3197,0.14157621519584712,22,7,Differentiating meibocyte
30321,21M_R2,21M,GGGTTTACAGGTGTGA-1,4042,2072,0.0,5,0,Ductal basal
30323,21M_R2,21M,GGGTTTATCATCACTT-1,1774,1157,0.3382187147688839,7,9,Ductal basal
30330,21M_R2,21M,GGTAATCAGGGAGGAC-1,3733,2072,0.16072863648540048,23,1,Ductular
30338,21M_R2,21M,GGTAGAGGTCGCATCG-1,3165,1988,0.18957345971563982,9,1,Ductular
30339,21M_R2,21M,GGTAGAGGTCGTTATG-1,3073,1885,0.195248942401562,5,0,Ductal basal
30342,21M_R2,21M,GGTAGAGTCGGCTCTT-1,4323,2108,0.18505667360629194,16,4,Orifice
30343,21M_R2,21M,GGTCACGAGCACCAGA-1,4071,2295,0.2210759027266028,20,3,Ductal suprabasal
30346,21M_R2,21M,GGTCACGCATCGTCCT-1,6945,3109,0.1007919366450684,16,4,Orifice
30347,21M_R2,21M,GGTCACGGTTCTTGCC-1,11721,4150,0.05119017148707448,12,5,Ductal basal
30351,21M_R2,21M,GGTCTGGGTCGTTGCG-1,3215,1968,0.18662519440124417,5,0,Ductal basal
30352,21M_R2,21M,GGTCTGGGTTAATCGC-1,3867,2014,0.18101887768295835,23,1,Ductular
30354,21M_R2,21M,GGTCTGGTCACTTGGA-1,2434,1531,0.24650780608052586,23,1,Ductular
30365,21M_R2,21M,GGTGAAGGTGTGATGG-1,5624,2698,0.08890469416785206,5,0,Ductal basal
30370,21M_R2,21M,GGTGATTAGGCACAAC-1,7323,3203,0.10924484500887614,25,9,Ductal basal
30371,21M_R2,21M,GGTGATTAGTCCCTAA-1,7435,3354,0.06724949562878278,16,4,Orifice
30376,21M_R2,21M,GGTGATTTCTTGGTGA-1,6228,2902,0.04816955684007707,5,6,Ductal basal
30382,21M_R2,21M,GGTGTCGCACATAGCT-1,2741,1603,0.18241517694272164,12,5,Ductal basal
30384,21M_R2,21M,GGTGTCGGTCTTGCTC-1,3589,2001,0.05572582892170522,7,2,Ductal basal
30392,21M_R2,21M,GGTGTTAAGTGGCGAT-1,3623,2084,0.08280430582390284,5,0,Ductal basal
30393,21M_R2,21M,GGTGTTACAAGGTCGA-1,2359,1473,0.1695633743111488,20,3,Ductal suprabasal
30396,21M_R2,21M,GGTGTTATCTCACTCG-1,5650,2670,0.017699115044247787,12,5,Ductal basal
30404,21M_R2,21M,GGTTGTACAATGAAAC-1,2590,1576,0.3088803088803089,12,5,Ductal basal
30406,21M_R2,21M,GGTTGTAGTCGTGATT-1,7780,3432,0.1928020565552699,29,7,Differentiating meibocyte
30407,21M_R2,21M,GGTTGTAGTTGGTACT-1,3099,1840,0.16134236850596967,24,3,Ductal suprabasal
30408,21M_R2,21M,GGTTGTATCCCATTCG-1,3149,1976,0.22229279136233726,20,3,Ductal suprabasal
30409,21M_R2,21M,GGTTGTATCGAAGTGG-1,6256,3003,0.8951406649616368,9,4,Orifice
30410,21M_R2,21M,GGTTGTATCTGTGCAA-1,2298,1487,0.13054830287206268,20,3,Ductal suprabasal
30412,21M_R2,21M,GTAACACAGGGCATGT-1,4810,2535,0.10395010395010396,25,9,Ductal basal
30414,21M_R2,21M,GTAACACCAACTAGAA-1,4062,2207,0.07385524372230429,5,0,Ductal basal
30415,21M_R2,21M,GTAACACCACAACCGC-1,3525,1829,0.14184397163120568,7,2,Ductal basal
30417,21M_R2,21M,GTAACACCACTTTAGG-1,6212,2993,0.016097875080489377,16,4,Orifice
30420,21M_R2,21M,GTAACACGTGATTCAC-1,4974,2425,0.10052271813429835,16,4,Orifice
30421,21M_R2,21M,GTAACACGTGCAACAG-1,2379,1598,0.25220680958385877,5,0,Ductal basal
30423,21M_R2,21M,GTAACACTCCCTGTTG-1,3120,1872,0.3525641025641026,22,7,Differentiating meibocyte
30425,21M_R2,21M,GTAACCAAGCCTATTG-1,4964,2566,0.040290088638195005,16,4,Orifice
30429,21M_R2,21M,GTAAGTCAGAATCGCG-1,3808,2276,0.13130252100840337,5,0,Ductal basal
30431,21M_R2,21M,GTAAGTCAGTTGTACC-1,2751,1687,0.10905125408942204,20,3,Ductal suprabasal
30432,21M_R2,21M,GTAAGTCCAAGGCCTC-1,10274,3566,0.08759976640062293,16,4,Orifice
30435,21M_R2,21M,GTAAGTCGTTTACTGG-1,2485,1454,0.28169014084507044,12,1,Ductular
30436,21M_R2,21M,GTAAGTCTCCTTATAC-1,3673,1893,0.10890280424720937,7,2,Ductal basal
30441,21M_R2,21M,GTAATCGCAAGCGAGT-1,9161,3678,0.12007422770439909,16,4,Orifice
30445,21M_R2,21M,GTAATCGGTTCCTTGC-1,3303,1881,0.18165304268846502,5,0,Ductal basal
30448,21M_R2,21M,GTAATCGTCGTCTACC-1,3593,2118,0.22265516281658781,24,3,Ductal suprabasal
30452,21M_R2,21M,GTAATGCCATTGAGGG-1,8349,3678,0.1197748233321356,5,0,Ductal basal
30458,21M_R2,21M,GTACAACCAAGTGCTT-1,3094,1802,0.12928248222365868,25,9,Ductal basal
30459,21M_R2,21M,GTACAACCATCTCGTC-1,5600,2513,0.25,7,2,Ductal basal
30461,21M_R2,21M,GTACAACGTTACCTTT-1,3102,1892,0.06447453255963895,16,5,Ductal basal
30464,21M_R2,21M,GTACAGTCAAAGGCGT-1,4389,2407,0.0683526999316473,5,0,Ductal basal
30467,21M_R2,21M,GTACAGTCAGCCTACG-1,3470,1843,0.1729106628242075,16,4,Orifice
30469,21M_R2,21M,GTACAGTGTCTAACGT-1,12619,4400,0.09509469847056026,29,7,Differentiating meibocyte
30470,21M_R2,21M,GTACAGTGTCTGATAC-1,8705,3430,0.08041355542791499,9,1,Ductular
30474,21M_R2,21M,GTAGAAAAGGGAGGTG-1,2632,1741,0.11398176291793312,5,0,Ductal basal
30475,21M_R2,21M,GTAGAAACAAAGGCTG-1,5952,3049,0.08400537634408602,5,0,Ductal basal
30480,21M_R2,21M,GTAGAAAGTATCGTGT-1,3467,1810,0.11537352177675222,23,1,Ductular
30482,21M_R2,21M,GTAGAAATCCTCTCGA-1,7096,3479,0.07046223224351747,25,9,Ductal basal
30486,21M_R2,21M,GTAGATCAGGCCTTCG-1,3988,2244,0.12537612838515547,5,0,Ductal basal
30488,21M_R2,21M,GTAGATCCAAATAAGC-1,3377,1887,0.17767249037607344,12,5,Ductal basal
30489,21M_R2,21M,GTAGATCCAACGACTT-1,2566,1712,0.5066250974279034,12,5,Ductal basal
30493,21M_R2,21M,GTAGATCGTTACAGCT-1,5152,2475,1.2228260869565217,35,7,Differentiating meibocyte
30495,21M_R2,21M,GTAGCTACAAACTCTG-1,1269,787,0.2364066193853428,23,3,Ductal suprabasal
30498,21M_R2,21M,GTAGCTAGTCGTCAGC-1,3122,1634,0.2242152466367713,7,2,Ductal basal
30501,21M_R2,21M,GTAGCTATCGCCTCTA-1,2116,1356,0.23629489603024575,7,2,Ductal basal
30502,21M_R2,21M,GTAGGAGAGATGAATC-1,3693,2081,0.05415651232060655,12,5,Ductal basal
30506,21M_R2,21M,GTAGGAGAGTATGACA-1,5284,2710,0.09462528387585163,9,1,Ductular
30509,21M_R2,21M,GTAGGAGGTTAGGCCC-1,2953,1681,0.16931933626820184,23,1,Ductular
30511,21M_R2,21M,GTAGGAGTCTGGTGGC-1,4383,2472,0.13689253935660506,29,7,Differentiating meibocyte
30512,21M_R2,21M,GTAGGAGTCTTGTTAC-1,3954,1640,0.10116337885685382,16,4,Orifice
30517,21M_R2,21M,GTAGGTTGTACACGCC-1,5543,2796,0.054122316435143425,20,3,Ductal suprabasal
30521,21M_R2,21M,GTAGGTTTCGTCCTCA-1,11879,4475,0.13469147234615708,5,0,Ductal basal
30522,21M_R2,21M,GTAGGTTTCTGGACTA-1,1249,886,0.32025620496397117,29,7,Differentiating meibocyte
30523,21M_R2,21M,GTAGTACAGCTGGCCT-1,4307,2441,0.11609008590666356,12,5,Ductal basal
30526,21M_R2,21M,GTAGTACGTCACGACC-1,6917,3035,0.04337140378776926,12,5,Ductal basal
30528,21M_R2,21M,GTAGTACGTGTCTTCC-1,2817,1659,0.1774937877174299,16,4,Orifice
30534,21M_R2,21M,GTATTGGTCGCCTATC-1,11416,4268,0.04379817799579537,5,0,Ductal basal
30539,21M_R2,21M,GTATTTCTCGTGGGTC-1,6485,2805,0.04626060138781804,12,5,Ductal basal
30545,21M_R2,21M,GTCAAACCAATGTGGG-1,8247,3407,0.18188432157148052,24,3,Ductal suprabasal
30554,21M_R2,21M,GTCAAGTCAGTTACCA-1,11763,3537,0.05950862875116893,16,4,Orifice
30555,21M_R2,21M,GTCAAGTGTACAATAG-1,2442,1496,0.08190008190008191,5,2,Ductal basal
30556,21M_R2,21M,GTCAAGTGTCATTCCC-1,10408,4235,0.06725595695618755,5,0,Ductal basal
30557,21M_R2,21M,GTCAAGTTCACCGACG-1,3266,1855,0.1837109614206981,7,2,Ductal basal
30559,21M_R2,21M,GTCAAGTTCGTGCAGC-1,10203,4205,0.4410467509556013,22,8,Acinar basal
30560,21M_R2,21M,GTCACGGAGGACTGGT-1,2667,1683,0.14998125234345708,5,2,Ductal basal
30561,21M_R2,21M,GTCACGGAGGCCTAAG-1,3967,1956,0.22687169145449962,7,2,Ductal basal
30566,21M_R2,21M,GTCACGGGTTGGGCCT-1,2766,1601,0.10845986984815618,7,1,Ductular
30570,21M_R2,21M,GTCACTCGTCTAGGTT-1,2694,1616,0.07423904974016332,5,2,Ductal basal
30573,21M_R2,21M,GTCACTCTCATCAGTG-1,4016,2097,0.0,12,5,Ductal basal
30576,21M_R2,21M,GTCAGCGAGCAAGGAA-1,3899,2122,0.17953321364452424,5,0,Ductal basal
30578,21M_R2,21M,GTCAGCGCAACTTGGT-1,4072,2184,0.09823182711198428,5,0,Ductal basal
30579,21M_R2,21M,GTCAGCGCAGCCGGTT-1,6934,3180,0.1009518315546582,29,7,Differentiating meibocyte
30582,21M_R2,21M,GTCAGCGTCCCGAAAT-1,7961,3661,0.03768370807687476,5,0,Ductal basal
30587,21M_R2,21M,GTCATCCCATAATCGC-1,2829,1646,0.2120890774125133,7,2,Ductal basal
30588,21M_R2,21M,GTCATCCCATCCAATG-1,4464,2514,0.06720430107526883,20,3,Ductal suprabasal
30590,21M_R2,21M,GTCATCCCATGCACTA-1,2398,1476,0.4170141784820684,35,7,Differentiating meibocyte
30598,21M_R2,21M,GTCATGACAACGGCCT-1,3267,1864,0.061218243036424855,12,5,Ductal basal
30599,21M_R2,21M,GTCATGAGTGTAGGAC-1,2704,1790,0.14792899408284024,9,1,Ductular
30601,21M_R2,21M,GTCATGATCTGGGCGT-1,4431,2322,0.06770480704129993,16,4,Orifice
30604,21M_R2,21M,GTCATTTGTAGACGTG-1,4663,2368,0.15011794981771392,5,0,Ductal basal
30606,21M_R2,21M,GTCATTTTCAACTGGT-1,1916,1194,0.15657620041753653,7,2,Ductal basal
30607,21M_R2,21M,GTCCACTAGAGAGCCT-1,5558,2821,0.16192875134940626,9,1,Ductular
30611,21M_R2,21M,GTCCACTGTTATGGTC-1,3735,2181,0.1606425702811245,25,9,Ductal basal
30612,21M_R2,21M,GTCCACTGTTCAAGTC-1,10162,3523,0.0590434953749262,16,4,Orifice
30624,21M_R2,21M,GTCCTCAGTCGTCTCT-1,10631,4011,0.09406452826639074,29,7,Differentiating meibocyte
30627,21M_R2,21M,GTCGAATCAACCGTGC-1,4348,2379,0.11499540018399264,9,4,Orifice
30631,21M_R2,21M,GTCGCGAAGCATCCCG-1,4370,2085,0.11441647597254005,7,2,Ductal basal
30634,21M_R2,21M,GTCGCGAAGTTGAAGT-1,5327,2477,0.1314060446780552,16,4,Orifice
30636,21M_R2,21M,GTCGCGACACTGCACG-1,6615,3032,0.06046863189720333,5,2,Ductal basal
30640,21M_R2,21M,GTCGCGAGTATAATGG-1,4099,2066,0.17077335935594046,12,5,Ductal basal
30642,21M_R2,21M,GTCGCGAGTTAGCTAC-1,4775,2471,0.02094240837696335,5,0,Ductal basal
30646,21M_R2,21M,GTCGTAAAGGGAACAA-1,5471,2683,0.20106013525863645,16,4,Orifice
30649,21M_R2,21M,GTCGTAACAATAACCC-1,12135,3816,0.08240626287597858,16,4,Orifice
30652,21M_R2,21M,GTCGTAAGTACGAGTG-1,2810,1788,0.1779359430604982,23,1,Ductular
30656,21M_R2,21M,GTCGTAAGTTACCGTA-1,4615,2363,0.21668472372697722,5,0,Ductal basal
30658,21M_R2,21M,GTCGTAATCATGCATG-1,11246,4085,0.595767383958741,29,7,Differentiating meibocyte
30660,21M_R2,21M,GTCGTTCAGGGCCAAT-1,3458,1885,0.1735106998264893,12,5,Ductal basal
30661,21M_R2,21M,GTCGTTCCAGATTCGT-1,3061,1747,0.22868343678536426,23,1,Ductular
30663,21M_R2,21M,GTCTACCAGCCTGGAA-1,1858,1242,0.0,23,1,Ductular
30664,21M_R2,21M,GTCTACCAGCGAGTCA-1,6184,2914,0.09702457956015524,5,0,Ductal basal
30667,21M_R2,21M,GTCTACCGTAACAAGT-1,5038,2584,0.11909487892020643,9,1,Ductular
30668,21M_R2,21M,GTCTACCGTTATGTGC-1,2854,1701,0.5255781359495445,22,8,Acinar basal
30670,21M_R2,21M,GTCTACCTCTTCGTAT-1,4705,2480,0.08501594048884166,5,0,Ductal basal
30672,21M_R2,21M,GTCTAGACAGCAGTCC-1,2978,1639,0.1343183344526528,9,1,Ductular
30676,21M_R2,21M,GTCTAGAGTTGCTTGA-1,4824,2418,0.020729684908789386,5,0,Ductal basal
30677,21M_R2,21M,GTCTAGATCAGCGGAA-1,3332,1810,0.12004801920768307,23,1,Ductular
30678,21M_R2,21M,GTCTAGATCCCTGTTG-1,2991,1745,0.20060180541624875,5,2,Ductal basal
30680,21M_R2,21M,GTCTAGATCTGTCGCT-1,4550,2512,0.06593406593406594,5,0,Ductal basal
30682,21M_R2,21M,GTCTCACAGAGCAGCT-1,3161,1755,0.09490667510281556,7,2,Ductal basal
30685,21M_R2,21M,GTCTCACCACCAAATC-1,4560,2656,0.08771929824561403,22,8,Acinar basal
30689,21M_R2,21M,GTCTCACGTTTCGTAG-1,9087,3395,1.4856388246946188,5,0,Ductal basal
30690,21M_R2,21M,GTCTCACTCGGCACTG-1,5198,2484,0.11542901115813775,16,4,Orifice
30691,21M_R2,21M,GTCTGTCAGAGATTCA-1,6776,2733,0.14757969303423848,16,4,Orifice
30696,21M_R2,21M,GTCTGTCGTACGAGTG-1,5898,3070,0.050864699898270596,25,9,Ductal basal
30699,21M_R2,21M,GTCTTTAAGGCCCACT-1,11385,4410,0.026350461133069828,25,9,Ductal basal
30700,21M_R2,21M,GTCTTTAAGGTCGTAG-1,5283,2718,0.09464319515426842,5,0,Ductal basal
30707,21M_R2,21M,GTCTTTATCAGCATTG-1,3282,1995,0.6093845216331505,7,9,Ductal basal
30709,21M_R2,21M,GTGACGCAGGGTGAAA-1,4001,2353,0.3249187703074231,23,1,Ductular
30712,21M_R2,21M,GTGACGCCAACCGATT-1,5841,2742,0.1027221366204417,5,0,Ductal basal
30714,21M_R2,21M,GTGACGCCACATTCTT-1,4107,2185,0.09739469198928659,12,5,Ductal basal
30715,21M_R2,21M,GTGACGCCACGTGTGC-1,6706,3180,0.05964807634953773,12,4,Orifice
30716,21M_R2,21M,GTGACGCGTACAACGG-1,7801,3508,0.15382643250865272,5,0,Ductal basal
30717,21M_R2,21M,GTGACGCGTCCCTGAG-1,1230,891,0.24390243902439024,22,8,Acinar basal
30720,21M_R2,21M,GTGACGCTCCCTTTGG-1,3586,2093,0.16731734523145567,9,1,Ductular
30721,21M_R2,21M,GTGACGCTCCGCAACG-1,3156,1888,0.03168567807351077,5,2,Ductal basal
30723,21M_R2,21M,GTGAGCCCAGCTGAGA-1,4723,2253,0.10586491636671606,12,4,Orifice
30724,21M_R2,21M,GTGAGCCCAGGTCTCG-1,7666,3193,0.2869814766501435,5,2,Ductal basal
30732,21M_R2,21M,GTGAGGACACGATTCA-1,6967,3284,0.04306014066312617,5,2,Ductal basal
30733,21M_R2,21M,GTGAGGACAGGCGTTC-1,3099,1730,0.12907389480477574,7,2,Ductal basal
30736,21M_R2,21M,GTGAGGATCGCAGTTA-1,4469,2489,0.0447527411053927,12,5,Ductal basal
30737,21M_R2,21M,GTGAGGATCGGCTGAC-1,2678,1705,0.11202389843166542,5,0,Ductal basal
30739,21M_R2,21M,GTGAGTTAGCGTGAGT-1,4446,2428,0.1349527665317139,22,8,Acinar basal
30741,21M_R2,21M,GTGAGTTAGGCTCACC-1,2544,1499,0.1179245283018868,7,2,Ductal basal
30746,21M_R2,21M,GTGAGTTGTGACGCCT-1,3813,2270,0.1049042748492001,9,3,Ductal suprabasal
30747,21M_R2,21M,GTGAGTTTCCCTCGAT-1,2832,1434,2.6483050847457625,23,3,Ductal suprabasal
30748,21M_R2,21M,GTGATGTAGACCGCCT-1,10821,4415,0.05544774050457444,25,9,Ductal basal
30753,21M_R2,21M,GTGATGTCATGACAGG-1,4969,2732,0.1006238679814852,9,1,Ductular
30754,21M_R2,21M,GTGATGTGTGCCGAAA-1,2502,1528,0.2398081534772182,23,1,Ductular
30759,21M_R2,21M,GTGATGTTCGTTCCTG-1,6343,3095,0.7094434810026801,22,7,Differentiating meibocyte
30764,21M_R2,21M,GTGCACGGTTACTCAG-1,3956,2070,0.0,20,3,Ductal suprabasal
30769,21M_R2,21M,GTGCAGCCAAATCGTC-1,6144,2917,0.16276041666666669,12,4,Orifice
30771,21M_R2,21M,GTGCAGCTCCATATGG-1,6044,2785,0.14890800794176043,10,2,Ductal basal
30772,21M_R2,21M,GTGCAGCTCGAGAATA-1,3813,2188,0.05245213742460005,5,0,Ductal basal
30775,21M_R2,21M,GTGCGTGAGGTTTACC-1,3561,1959,0.11232799775344005,12,5,Ductal basal
30776,21M_R2,21M,GTGCGTGCATTCACCC-1,7301,3105,0.09587727708533077,22,8,Acinar basal
30777,21M_R2,21M,GTGCGTGGTTTGGGAG-1,1516,1053,0.9234828496042217,29,7,Differentiating meibocyte
30784,21M_R2,21M,GTGCTTCCAACTCGTA-1,3528,2141,0.25510204081632654,24,3,Ductal suprabasal
30786,21M_R2,21M,GTGCTTCCAGCTACAT-1,5580,2722,0.07168458781362007,22,8,Acinar basal
30787,21M_R2,21M,GTGCTTCCATTCAGGT-1,5354,2293,0.2614867388868136,7,2,Ductal basal
30788,21M_R2,21M,GTGCTTCGTCGATTAC-1,5358,2501,0.03732736095558044,5,2,Ductal basal
30791,21M_R2,21M,GTGCTTCTCCATTGCC-1,502,401,0.199203187250996,16,4,Orifice
30792,21M_R2,21M,GTGCTTCTCGCTGATA-1,3730,1898,0.05361930294906167,5,2,Ductal basal
30797,21M_R2,21M,GTGGAAGGTTGGTACT-1,12479,4325,0.12020193925795337,24,2,Ductal basal
30806,21M_R2,21M,GTGGAGACAAATACAG-1,3310,1941,0.09063444108761329,5,0,Ductal basal
30807,21M_R2,21M,GTGGAGACAGACACCC-1,2432,1455,0.08223684210526315,7,2,Ductal basal
30809,21M_R2,21M,GTGGAGATCCCAATAG-1,10173,4140,0.0491497100167109,25,9,Ductal basal
30813,21M_R2,21M,GTGGCGTGTCACCACG-1,5972,2706,0.06697923643670461,12,5,Ductal basal
30814,21M_R2,21M,GTGGCGTGTGCACAAG-1,3417,2064,0.08779631255487269,5,0,Ductal basal
30816,21M_R2,21M,GTGGCGTTCTTGATTC-1,5454,2709,0.07334066740007333,9,1,Ductular
30819,21M_R2,21M,GTGGGAATCACCTTAT-1,4905,2644,0.12232415902140673,29,7,Differentiating meibocyte
30820,21M_R2,21M,GTGGGAATCTACGGGC-1,6604,2849,0.27256208358570566,12,5,Ductal basal
30822,21M_R2,21M,GTGGTTACAACTGGTT-1,2375,1383,0.16842105263157894,9,1,Ductular
30824,21M_R2,21M,GTGGTTACATCACCAA-1,3013,1806,0.09956853634251576,25,9,Ductal basal
30828,21M_R2,21M,GTGTAACCAGTGTGCC-1,3339,1906,0.1497454327643007,9,1,Ductular
30830,21M_R2,21M,GTGTAACGTACGGTTT-1,3858,2210,0.15552099533437014,9,1,Ductular
30831,21M_R2,21M,GTGTAACGTCTGTGAT-1,3066,1891,0.0,5,0,Ductal basal
30833,21M_R2,21M,GTGTCCTAGAACTCCT-1,9138,3364,0.1860363318012694,24,3,Ductal suprabasal
30834,21M_R2,21M,GTGTCCTAGCATGAAT-1,6415,3264,0.1402961808261886,20,3,Ductal suprabasal
30837,21M_R2,21M,GTGTCCTCAACCTATG-1,4480,2546,0.044642857142857144,5,0,Ductal basal
30840,21M_R2,21M,GTGTCCTGTGCCGAAA-1,2766,1687,0.18076644974692696,7,1,Ductular
30842,21M_R2,21M,GTGTCCTTCAGAACCT-1,3752,1983,0.10660980810234541,24,3,Ductal suprabasal
30845,21M_R2,21M,GTGTGATAGCAGAAAG-1,7365,3628,0.0814663951120163,25,0,Ductal basal
30849,21M_R2,21M,GTGTGATTCAATCCGA-1,1707,1074,0.23432923257176333,5,2,Ductal basal
30850,21M_R2,21M,GTGTGATTCCATTTCA-1,4917,2651,0.12202562538133008,10,0,Ductal basal
30851,21M_R2,21M,GTGTGGCAGAACTCCT-1,4958,2767,0.10084711577248891,5,0,Ductal basal
30852,21M_R2,21M,GTGTGGCAGATTGCGG-1,3391,2000,0.26540843409023884,5,0,Ductal basal
30853,21M_R2,21M,GTGTGGCAGTGTAGTA-1,2856,1739,0.1400560224089636,5,2,Ductal basal
30856,21M_R2,21M,GTGTGGCCACGGCTAC-1,5622,2876,0.08893632159373889,12,5,Ductal basal
30863,21M_R2,21M,GTGTTAGCAGTTAAAG-1,3835,2069,0.15645371577574968,12,5,Ductal basal
30866,21M_R2,21M,GTGTTCCCACATGACT-1,6432,3248,0.2021144278606965,5,0,Ductal basal
30868,21M_R2,21M,GTGTTCCCAGGCATTT-1,8491,3841,0.6006359674949947,5,0,Ductal basal
30873,21M_R2,21M,GTGTTCCTCGCGAAGA-1,5751,2926,0.1564945226917058,5,0,Ductal basal
30877,21M_R2,21M,GTTACAGCAAATTGCC-1,3125,1615,0.7040000000000001,12,5,Ductal basal
30878,21M_R2,21M,GTTACAGCACACGTGC-1,3236,1701,0.21631644004944375,16,4,Orifice
30880,21M_R2,21M,GTTACAGCAGCGTTTA-1,6375,2915,0.0784313725490196,5,0,Ductal basal
30890,21M_R2,21M,GTTACCCTCGAGAACG-1,10279,4319,0.048642864091837726,20,3,Ductal suprabasal
30891,21M_R2,21M,GTTACCCTCGATTGAC-1,1576,1086,0.12690355329949238,23,1,Ductular
30896,21M_R2,21M,GTTACGAGTTAGTTCG-1,3870,1923,0.10335917312661498,7,2,Ductal basal
30898,21M_R2,21M,GTTACGATCACGAACT-1,2465,1540,0.2028397565922921,16,4,Orifice
30907,21M_R2,21M,GTTAGTGAGATGTTCC-1,2674,1652,0.11219147344801794,5,0,Ductal basal
30908,21M_R2,21M,GTTAGTGAGCGGTAGT-1,2021,1374,0.09896091044037605,9,1,Ductular
30910,21M_R2,21M,GTTAGTGCACAATCTG-1,3330,1874,0.03003003003003003,9,1,Ductular
30913,21M_R2,21M,GTTAGTGGTCGAATTC-1,7754,3374,0.11606912561258705,29,7,Differentiating meibocyte
30919,21M_R2,21M,GTTATGGAGGCCTAGA-1,3953,2055,0.25297242600556535,5,0,Ductal basal
30923,21M_R2,21M,GTTATGGGTATTTCTC-1,7481,2886,0.05346878759524128,24,1,Ductular
30924,21M_R2,21M,GTTATGGGTGATGTAA-1,2697,1689,0.11123470522803114,16,4,Orifice
30927,21M_R2,21M,GTTATGGTCAGGTAAA-1,6806,3162,0.07346459006758742,5,0,Ductal basal
30930,21M_R2,21M,GTTATGGTCTCGTGGG-1,3257,1915,0.15351550506601166,9,1,Ductular
30934,21M_R2,21M,GTTCATTAGCGTCTCG-1,1903,1334,0.3152916447714136,5,0,Ductal basal
30937,21M_R2,21M,GTTCATTTCCAAACCA-1,6964,3146,0.11487650775416428,29,7,Differentiating meibocyte
30938,21M_R2,21M,GTTCATTTCCAAAGGG-1,3252,1885,0.06150061500615006,22,8,Acinar basal
30939,21M_R2,21M,GTTCATTTCCTTATGT-1,6606,2572,0.13623978201634876,16,4,Orifice
30942,21M_R2,21M,GTTCATTTCGTACACA-1,6550,3100,0.1068702290076336,29,7,Differentiating meibocyte
30944,21M_R2,21M,GTTCCGTAGAGAGCGG-1,2826,1781,0.07077140835102619,5,0,Ductal basal
30945,21M_R2,21M,GTTCCGTAGATGCAGC-1,5339,2413,0.09365049634763065,9,4,Orifice
30953,21M_R2,21M,GTTCCGTTCCTCAGAA-1,5592,2502,0.17882689556509299,35,10,Differentiated meibocyte
30954,21M_R2,21M,GTTCCGTTCTATTGTC-1,3233,1803,0.1546551190844417,7,2,Ductal basal
30958,21M_R2,21M,GTTCGCTGTATGCTTG-1,4601,2541,0.06520321669202347,25,0,Ductal basal
30965,21M_R2,21M,GTTCTATGTACTCGTA-1,1982,1308,0.2522704339051463,12,5,Ductal basal
30966,21M_R2,21M,GTTCTATGTCTGTAAC-1,6197,2905,0.16136840406648378,5,0,Ductal basal
30969,21M_R2,21M,GTTCTATTCAGGAGAC-1,2198,1272,0.0,12,5,Ductal basal
30970,21M_R2,21M,GTTCTATTCGGATAAA-1,2897,1644,0.10355540214014498,5,0,Ductal basal
30981,21M_R2,21M,GTTGAACTCGCACTCT-1,2724,1517,0.03671071953010279,7,2,Ductal basal
30982,21M_R2,21M,GTTGAACTCTAGCATG-1,1761,1209,1.0221465076660987,23,1,Ductular
30985,21M_R2,21M,GTTGCGGCACTCCTTG-1,5611,2936,0.14257708073427197,25,9,Ductal basal
30992,21M_R2,21M,GTTGCTCAGAAACACT-1,9616,3649,0.2391846921797005,35,10,Differentiated meibocyte
30993,21M_R2,21M,GTTGCTCAGCAGGTCA-1,11391,4368,0.061452023527346154,12,5,Ductal basal
30994,21M_R2,21M,GTTGCTCAGTAGGCCA-1,5282,2699,0.47330556607345703,29,7,Differentiating meibocyte
30999,21M_R2,21M,GTTGCTCGTGTGAATA-1,3571,1757,0.05600672080649678,7,2,Ductal basal
31001,21M_R2,21M,GTTGCTCGTTCTCTAT-1,5543,2796,0.12628540501533467,5,0,Ductal basal
31008,21M_R2,21M,GTTGTAGAGTTACGTC-1,2395,1491,0.12526096033402923,7,2,Ductal basal
31010,21M_R2,21M,GTTGTAGCAGTCGCTG-1,4298,2119,0.09306654257794324,7,2,Ductal basal
31012,21M_R2,21M,GTTGTAGGTCTCACAA-1,2855,1877,0.0,20,3,Ductal suprabasal
31016,21M_R2,21M,GTTGTCCGTATGACAA-1,1319,970,0.22744503411675512,29,7,Differentiating meibocyte
31019,21M_R2,21M,GTTGTGAAGAGTCCGA-1,4452,2318,0.24707996406109614,24,3,Ductal suprabasal
31020,21M_R2,21M,GTTGTGAAGGAATGTT-1,2271,1418,0.08806693086745927,23,1,Ductular
31021,21M_R2,21M,GTTGTGAAGGTGCAGT-1,2099,1377,0.5240590757503573,29,7,Differentiating meibocyte
31023,21M_R2,21M,GTTGTGACAATAGAGT-1,4861,2619,0.1440032915038058,9,1,Ductular
31024,21M_R2,21M,GTTGTGACAATAGTAG-1,4015,2171,0.12453300124533001,5,0,Ductal basal
31031,21M_R2,21M,GTTTACTAGACGGAAA-1,3007,1840,0.09976720984369804,23,1,Ductular
31038,21M_R2,21M,GTTTGGACAGAGGCAT-1,7497,3303,0.09337068160597572,20,3,Ductal suprabasal
31040,21M_R2,21M,GTTTGGACAGGATTCT-1,3134,1887,0.09572431397574985,5,0,Ductal basal
31045,21M_R2,21M,TAACACGAGGCCCAAA-1,10428,4326,0.11507479861910241,5,1,Ductular
31047,21M_R2,21M,TAACACGCAAAGGGTC-1,2203,1450,0.04539264639128461,20,3,Ductal suprabasal
31048,21M_R2,21M,TAACACGCAGCTCCTT-1,2887,1720,0.13855213023900242,5,2,Ductal basal
31053,21M_R2,21M,TAACCAGCACGGCCAT-1,1160,836,0.9482758620689655,29,7,Differentiating meibocyte
31055,21M_R2,21M,TAACCAGCAGTTGGTT-1,5626,2896,0.07109847138286526,9,4,Orifice
31060,21M_R2,21M,TAACCAGGTCCCTAAA-1,1057,812,0.3784295175023652,20,3,Ductal suprabasal
31061,21M_R2,21M,TAACCAGGTCCGGTGT-1,2943,1845,0.13591573224600748,5,0,Ductal basal
31065,21M_R2,21M,TAACGACCAGGATGAC-1,3087,1968,0.0,22,8,Acinar basal
31068,21M_R2,21M,TAACGACGTGCTCCGA-1,5352,2832,0.13079222720478326,20,3,Ductal suprabasal
31072,21M_R2,21M,TAACTTCAGAGAATCT-1,8746,3828,0.0914703864623828,5,2,Ductal basal
31073,21M_R2,21M,TAACTTCAGGAACTCG-1,3657,2120,0.10937927262783702,9,1,Ductular
31074,21M_R2,21M,TAACTTCCACCTCAGG-1,5885,2900,0.016992353440951572,9,0,Ductal basal
31078,21M_R2,21M,TAACTTCTCAGAGTTC-1,3220,1776,0.062111801242236024,16,4,Orifice
31080,21M_R2,21M,TAAGCACAGAACAAGG-1,2387,1388,0.1675743611227482,35,10,Differentiated meibocyte
31085,21M_R2,21M,TAAGCACCAGACGCTC-1,2312,1438,0.3027681660899654,12,4,Orifice
31090,21M_R2,21M,TAAGCACTCGCTCTCA-1,6221,2733,0.04822375823822536,12,5,Ductal basal
31091,21M_R2,21M,TAAGCACTCTTCGCTG-1,10096,4440,0.2377179080824089,22,0,Ductal basal
31094,21M_R2,21M,TAAGCCAAGCTGGTGA-1,4012,2251,0.27417746759720835,23,1,Ductular
31099,21M_R2,21M,TAAGCCACAGCAAGAC-1,12125,4446,0.04948453608247423,25,9,Ductal basal
31102,21M_R2,21M,TAAGCCATCCGATGCG-1,7270,3341,0.2613480055020633,29,7,Differentiating meibocyte
31103,21M_R2,21M,TAAGCGTAGGTTGTTC-1,1637,1148,0.42761148442272445,24,3,Ductal suprabasal
31112,21M_R2,21M,TAAGTCGCACCGGTCA-1,2724,1621,0.14684287812041116,16,4,Orifice
31118,21M_R2,21M,TAATTCCAGGCTTAAA-1,2584,1458,0.07739938080495357,12,5,Ductal basal
31120,21M_R2,21M,TAATTCCGTACCGCGT-1,2959,1647,0.1013856032443393,9,1,Ductular
31122,21M_R2,21M,TAATTCCGTCGGTACC-1,1837,1278,0.10887316276537834,5,6,Ductal basal
31126,21M_R2,21M,TACAACGAGAGTTCGG-1,2750,1614,0.4363636363636364,9,1,Ductular
31129,21M_R2,21M,TACAACGTCAAGAAAC-1,5402,2236,0.11106997408367272,16,4,Orifice
31134,21M_R2,21M,TACACCCTCCTAGCGG-1,5627,2452,2.381375510929447,35,10,Differentiated meibocyte
31136,21M_R2,21M,TACACCCTCTACTGCC-1,4411,2132,0.09068238494672409,24,3,Ductal suprabasal
31138,21M_R2,21M,TACAGGTAGGAAAGGT-1,10514,4257,0.057066768118698874,5,0,Ductal basal
31139,21M_R2,21M,TACAGGTAGGGCCTCT-1,3234,1898,0.1855287569573284,5,0,Ductal basal
31142,21M_R2,21M,TACAGGTGTAACCAGG-1,2999,1751,0.16672224074691563,9,1,Ductular
31150,21M_R2,21M,TACATTCTCAACCTTT-1,1593,1059,0.12554927809165098,9,1,Ductular
31152,21M_R2,21M,TACATTCTCTGCCCTA-1,3505,1999,0.14265335235378032,12,5,Ductal basal
31154,21M_R2,21M,TACATTCTCTGCTTTA-1,4114,2393,0.14584346135148274,12,5,Ductal basal
31158,21M_R2,21M,TACCCACAGGAAGAAC-1,3458,1801,0.08675534991324466,7,2,Ductal basal
31159,21M_R2,21M,TACCCACAGGACAGCT-1,2846,1811,0.21082220660576245,22,8,Acinar basal
31160,21M_R2,21M,TACCCACCAAACACGG-1,4733,2393,0.23241073315022187,24,1,Ductular
31170,21M_R2,21M,TACCCGTAGGCTAAAT-1,4044,2083,0.0741839762611276,5,0,Ductal basal
31171,21M_R2,21M,TACCCGTAGTAGGAAG-1,3252,1774,0.15375153751537515,16,4,Orifice
31174,21M_R2,21M,TACCCGTTCCTCTAGC-1,3957,2068,0.1263583522870862,16,4,Orifice
31175,21M_R2,21M,TACCCGTTCTTTGGAG-1,3521,1985,0.05680204487361545,9,1,Ductular
31179,21M_R2,21M,TACCGAAAGCATTTGC-1,3042,1690,0.19723865877712032,16,4,Orifice
31183,21M_R2,21M,TACCGAAAGTACCATC-1,2957,1795,0.06763611768684477,9,1,Ductular
31184,21M_R2,21M,TACCGAACAAGCGGAT-1,2600,1489,0.11538461538461539,7,2,Ductal basal
31189,21M_R2,21M,TACCGGGAGAGTCAGC-1,2109,1330,0.1422475106685633,9,4,Orifice
31190,21M_R2,21M,TACCGGGAGTAGTCAA-1,7141,3011,0.04201092283993838,16,4,Orifice
31191,21M_R2,21M,TACCGGGCAACTCGTA-1,2441,1585,0.0819336337566571,24,3,Ductal suprabasal
31195,21M_R2,21M,TACCGGGGTGGCTTAT-1,5836,3068,0.3427004797806717,20,3,Ductal suprabasal
31196,21M_R2,21M,TACCGGGGTTATTCCT-1,3350,1873,0.208955223880597,23,1,Ductular
31197,21M_R2,21M,TACCGGGTCACTGCTC-1,6309,3134,0.0951022349025202,22,8,Acinar basal
31213,21M_R2,21M,TACCTGCGTGTATCCA-1,3526,1965,0.17016449234259784,9,1,Ductular
31215,21M_R2,21M,TACCTGCTCCGCCTAT-1,5923,2966,0.05065000844166807,23,1,Ductular
31216,21M_R2,21M,TACCTGCTCGCGATCG-1,6863,3383,0.08742532420224391,5,6,Ductal basal
31218,21M_R2,21M,TACGCTCAGCCTGTGC-1,3411,1977,0.0,9,1,Ductular
31219,21M_R2,21M,TACGCTCAGCGATGAC-1,3277,1898,0.091547146780592,25,9,Ductal basal
31220,21M_R2,21M,TACGCTCAGGTGGCTA-1,5898,2931,0.084774499830451,5,0,Ductal basal
31221,21M_R2,21M,TACGCTCAGTCGCCCA-1,3960,1958,0.0,7,2,Ductal basal
31229,21M_R2,21M,TACGGGCTCAGCTGTA-1,7608,3466,0.07886435331230283,5,0,Ductal basal
31231,21M_R2,21M,TACGGTAAGCACTCGC-1,7768,3401,0.038619979402677654,5,0,Ductal basal
31233,21M_R2,21M,TACGGTAAGCCTGAAG-1,6511,3288,0.29181385347872835,5,0,Ductal basal
31234,21M_R2,21M,TACGGTACACCGTCTT-1,3596,1943,0.13904338153503892,7,2,Ductal basal
31236,21M_R2,21M,TACGGTAGTGTTACTG-1,2497,1659,0.12014417300760913,5,0,Ductal basal
31239,21M_R2,21M,TACGGTATCACTCACC-1,3706,1858,0.10793308148947653,7,2,Ductal basal
31240,21M_R2,21M,TACGGTATCGCATTGA-1,2568,1604,0.19470404984423675,12,5,Ductal basal
31246,21M_R2,21M,TACGTCCTCCTGATAG-1,7957,3487,0.12567550584391102,24,3,Ductal suprabasal
31248,21M_R2,21M,TACTGCCCATTGACCA-1,3358,2100,0.1786777843954735,20,3,Ductal suprabasal
31253,21M_R2,21M,TACTTACCAGTTGTTG-1,8251,3803,0.10907768755302387,5,0,Ductal basal
31256,21M_R2,21M,TACTTCAAGCTAAATG-1,1520,1112,0.13157894736842105,9,1,Ductular
31257,21M_R2,21M,TACTTCACAAATACGA-1,3490,2054,0.42979942693409745,16,4,Orifice
31258,21M_R2,21M,TACTTCACATGTTCAG-1,1895,1229,0.05277044854881266,7,2,Ductal basal
31260,21M_R2,21M,TACTTCAGTATTAAGG-1,1971,1364,0.10147133434804667,5,0,Ductal basal
31262,21M_R2,21M,TACTTCAGTGTAGGAC-1,2439,1615,0.16400164001640016,7,1,Ductular
31265,21M_R2,21M,TACTTCATCTCCGCAT-1,5473,2514,0.03654302941713868,5,2,Ductal basal
31268,21M_R2,21M,TACTTGTCAGACCTGC-1,3217,1875,0.3419334783960211,12,5,Ductal basal
31271,21M_R2,21M,TACTTGTGTGGCCCAT-1,3609,2009,0.0831255195344971,7,2,Ductal basal
31273,21M_R2,21M,TACTTGTGTTCGTTCC-1,3354,1804,0.02981514609421586,7,2,Ductal basal
31276,21M_R2,21M,TACTTGTTCCAACACA-1,4090,2169,0.1466992665036675,5,0,Ductal basal
31279,21M_R2,21M,TAGACCAAGACATAGT-1,2336,1410,0.21404109589041095,9,1,Ductular
31280,21M_R2,21M,TAGACCAAGATCGCCC-1,4958,2174,0.10084711577248891,7,2,Ductal basal
31281,21M_R2,21M,TAGACCACAATGTGGG-1,4818,2505,0.08302200083022,25,9,Ductal basal
31284,21M_R2,21M,TAGACCACAGCAATTC-1,5517,2942,0.1087547580206634,25,9,Ductal basal
31285,21M_R2,21M,TAGACCAGTACAGGTG-1,5625,2751,0.28444444444444444,5,0,Ductal basal
31286,21M_R2,21M,TAGACCATCATTCCTA-1,3304,1814,0.12106537530266344,7,2,Ductal basal
31287,21M_R2,21M,TAGACCATCCACCTCA-1,8138,3372,0.036864094372081595,5,0,Ductal basal
31294,21M_R2,21M,TAGAGTCAGCGACTAG-1,1889,1272,0.15881418740074113,5,2,Ductal basal
31297,21M_R2,21M,TAGAGTCGTTAGGACG-1,8433,3346,0.03557452863749555,12,5,Ductal basal
31302,21M_R2,21M,TAGATCGCACATTGTG-1,9362,4172,0.021362956633198035,25,9,Ductal basal
31304,21M_R2,21M,TAGATCGTCCGAGTGC-1,2070,1337,0.3864734299516908,29,7,Differentiating meibocyte
31305,21M_R2,21M,TAGCACAAGTCCCGAC-1,4297,2172,0.09308820107051431,9,1,Ductular
31307,21M_R2,21M,TAGCACAGTCACAGAG-1,2674,1615,0.07479431563201197,23,1,Ductular
31308,21M_R2,21M,TAGCACATCAGGACAG-1,3327,1865,0.18034265103697023,16,4,Orifice
31309,21M_R2,21M,TAGCACATCGATGCTA-1,4288,2137,0.3031716417910448,7,0,Ductal basal
31313,21M_R2,21M,TAGGGTTAGCCTGAAG-1,1514,1079,0.13210039630118892,9,4,Orifice
31314,21M_R2,21M,TAGGGTTAGGCTAAAT-1,3037,1710,0.19756338491932832,7,2,Ductal basal
31320,21M_R2,21M,TAGGTACAGATTGTGA-1,3515,2176,0.4551920341394026,20,3,Ductal suprabasal
31321,21M_R2,21M,TAGGTACAGGGTCTTT-1,7651,3595,0.06535093451836362,5,0,Ductal basal
31322,21M_R2,21M,TAGGTACAGTAAGAGG-1,3730,2116,0.2680965147453083,5,0,Ductal basal
31327,21M_R2,21M,TAGGTACCAGCGTGCT-1,6107,2961,0.04912395611593254,7,2,Ductal basal
31329,21M_R2,21M,TAGGTACGTAGAATGT-1,3092,1806,0.03234152652005175,16,4,Orifice
31332,21M_R2,21M,TAGGTTGAGGCGATAC-1,4982,2628,0.1806503412284223,12,1,Ductular
31339,21M_R2,21M,TAGGTTGTCTTTGGAG-1,3735,2120,0.08032128514056225,5,0,Ductal basal
31341,21M_R2,21M,TAGTGCACAGCCGTCA-1,3505,1866,0.19971469329529246,7,2,Ductal basal
31345,21M_R2,21M,TAGTGCAGTGGCAGAT-1,1830,1165,0.273224043715847,12,5,Ductal basal
31346,21M_R2,21M,TAGTGCATCAAACCCA-1,4312,1860,0.0463821892393321,7,2,Ductal basal
31352,21M_R2,21M,TATACCTCACGCTGAC-1,8605,3844,0.06972690296339339,5,0,Ductal basal
31353,21M_R2,21M,TATACCTCACTCCTGT-1,5453,2511,0.05501558774986246,9,1,Ductular
31355,21M_R2,21M,TATACCTGTATTTCGG-1,9395,3977,0.18094731240021286,16,4,Orifice
31358,21M_R2,21M,TATACCTGTTGTGTAC-1,3693,2164,0.2437043054427295,22,8,Acinar basal
31359,21M_R2,21M,TATACCTTCAAGAGTA-1,3764,1968,0.2656748140276302,7,2,Ductal basal
31361,21M_R2,21M,TATATCCAGAAACACT-1,2731,1752,0.14646649578908824,25,9,Ductal basal
31363,21M_R2,21M,TATATCCAGGATCACG-1,2240,1420,0.08928571428571429,5,0,Ductal basal
31371,21M_R2,21M,TATATCCTCACCCATC-1,10062,3946,0.02981514609421586,5,0,Ductal basal
31373,21M_R2,21M,TATATCCTCGACGTCG-1,7262,3431,0.12393280088129992,22,7,Differentiating meibocyte
31380,21M_R2,21M,TATCAGGGTGATATAG-1,1937,1289,0.05162622612287042,5,0,Ductal basal
31383,21M_R2,21M,TATCAGGTCGCGCTGA-1,3139,1952,0.06371455877668047,16,4,Orifice
31390,21M_R2,21M,TATCCTACACTTTAGG-1,4229,2313,0.07093875620714117,25,3,Ductal suprabasal
31395,21M_R2,21M,TATCGCCCAGTTGAAA-1,4350,2191,0.11494252873563218,5,0,Ductal basal
31398,21M_R2,21M,TATCGCCTCCCATAGA-1,2398,1620,0.16680567139282734,22,8,Acinar basal
31405,21M_R2,21M,TATCTGTTCCGTAGTA-1,5542,2360,0.018044027426921686,16,4,Orifice
31406,21M_R2,21M,TATCTTGAGGACGCTA-1,1728,1200,0.1736111111111111,22,8,Acinar basal
31412,21M_R2,21M,TATCTTGTCCGTGGTG-1,3007,1814,0.03325573661456601,9,1,Ductular
31413,21M_R2,21M,TATGTTCAGACATCCT-1,4530,2418,0.04415011037527594,5,0,Ductal basal
31423,21M_R2,21M,TATTCCATCGTGTGGC-1,1859,1192,0.21516944593867668,7,2,Ductal basal
31425,21M_R2,21M,TATTGCTAGAGTTGAT-1,3876,2099,0.05159958720330237,5,0,Ductal basal
31433,21M_R2,21M,TATTGGGTCTCGTCAC-1,4428,2465,0.11291779584462511,5,0,Ductal basal
31437,21M_R2,21M,TATTTCGGTAAGACCG-1,7856,3711,0.15274949083503053,5,0,Ductal basal
31438,21M_R2,21M,TATTTCGGTCCACACG-1,4631,2559,0.19434247462751025,5,0,Ductal basal
31444,21M_R2,21M,TCAAGCAAGGATACGC-1,4069,2228,0.1228803145736053,5,0,Ductal basal
31447,21M_R2,21M,TCAAGCACACACGTGC-1,3092,1859,0.0646830530401035,7,3,Ductal suprabasal
31453,21M_R2,21M,TCAAGCATCTGCGATA-1,1667,1114,0.11997600479904018,12,1,Ductular
31456,21M_R2,21M,TCAAGTGAGTGGATTA-1,1972,1179,0.15212981744421905,7,2,Ductal basal
31457,21M_R2,21M,TCAAGTGCACCAGACC-1,6320,3011,0.18987341772151897,9,0,Ductal basal
31459,21M_R2,21M,TCAAGTGCATCTAACG-1,2719,1602,0.2206693637366679,7,2,Ductal basal
31461,21M_R2,21M,TCAAGTGTCACGGACC-1,5710,2344,0.15761821366024517,7,2,Ductal basal
31464,21M_R2,21M,TCAATCTAGCGAACTG-1,7712,3501,0.03890041493775934,5,0,Ductal basal
31467,21M_R2,21M,TCAATCTGTGCCGTTG-1,4348,2248,0.1609935602575897,29,7,Differentiating meibocyte
31469,21M_R2,21M,TCAATTCAGTATCCTG-1,2911,1589,0.20611473720371004,7,2,Ductal basal
31473,21M_R2,21M,TCAATTCGTTCCTTGC-1,4248,2097,0.25894538606403017,9,1,Ductular
31474,21M_R2,21M,TCAATTCTCCCGAATA-1,4316,2365,0.04633920296570899,22,8,Acinar basal
31491,21M_R2,21M,TCACACCTCTCCAATT-1,5258,2707,0.07607455306200077,5,0,Ductal basal
31493,21M_R2,21M,TCACATTAGGGCGAGA-1,4766,2519,0.0629458665547629,5,0,Ductal basal
31494,21M_R2,21M,TCACATTAGTGCGTCC-1,5537,2905,0.2167238576846668,9,1,Ductular
31495,21M_R2,21M,TCACATTCAATACGAA-1,3606,1928,0.055463117027176934,5,6,Ductal basal
31496,21M_R2,21M,TCACATTCACACGGTC-1,3110,1968,0.1607717041800643,29,7,Differentiating meibocyte
31499,21M_R2,21M,TCACGCTAGAGTGTTA-1,3330,2048,0.21021021021021022,9,1,Ductular
31500,21M_R2,21M,TCACGCTAGCCGATAG-1,3623,2076,0.38642009384487996,9,1,Ductular
31502,21M_R2,21M,TCACGCTCACGCTGCA-1,3750,2132,0.08,9,4,Orifice
31506,21M_R2,21M,TCACGCTGTTATCTGG-1,1700,1148,0.29411764705882354,9,1,Ductular
31508,21M_R2,21M,TCACGCTTCCGTCACT-1,1267,892,0.3946329913180742,9,1,Ductular
31509,21M_R2,21M,TCACGGGAGAGTCTGG-1,1645,1167,0.911854103343465,9,1,Ductular
31510,21M_R2,21M,TCACGGGAGGATATGT-1,3219,1979,0.12426219322771047,9,1,Ductular
31516,21M_R2,21M,TCACTATAGGTAAGGA-1,5285,2802,0.03784295175023652,12,5,Ductal basal
31519,21M_R2,21M,TCACTATCAACGGCTC-1,3571,1928,0.16802016241949033,7,2,Ductal basal
31522,21M_R2,21M,TCACTATGTAGCACGA-1,1557,1125,0.12845215157353884,25,9,Ductal basal
31528,21M_R2,21M,TCACTCGCAACCACAT-1,1181,826,0.42337002540220153,24,3,Ductal suprabasal
31531,21M_R2,21M,TCACTCGGTTCACCGG-1,10508,4328,0.07613247049866768,24,3,Ductal suprabasal
31533,21M_R2,21M,TCAGCAAAGCAATTAG-1,9820,4044,0.27494908350305497,16,1,Ductular
31536,21M_R2,21M,TCAGCAAGTGCGACAA-1,2837,1597,0.10574550581600281,7,2,Ductal basal
31538,21M_R2,21M,TCAGCCTAGTTCTACG-1,4921,2389,0.1422475106685633,12,5,Ductal basal
31539,21M_R2,21M,TCAGCCTCAAGTGGTG-1,9327,4020,0.10721561059290233,25,9,Ductal basal
31540,21M_R2,21M,TCAGCCTTCAACTACG-1,5104,2627,0.07836990595611285,5,5,Ductal basal
31545,21M_R2,21M,TCAGGGCGTCCGGTGT-1,6398,3054,0.1875586120662707,5,0,Ductal basal
31546,21M_R2,21M,TCAGGGCGTTTCGTAG-1,5827,2531,0.06864595846919512,12,5,Ductal basal
31548,21M_R2,21M,TCAGGTAAGCAGAAAG-1,1692,1126,0.5910165484633569,7,2,Ductal basal
31550,21M_R2,21M,TCAGGTAAGTATTCCG-1,6314,2930,0.07918910357934748,5,0,Ductal basal
31553,21M_R2,21M,TCAGGTACACCAGGTC-1,3874,2388,1.0841507485802788,22,8,Acinar basal
31554,21M_R2,21M,TCAGGTAGTCACTAGT-1,5439,2528,0.01838573267144696,35,7,Differentiating meibocyte
31556,21M_R2,21M,TCAGTCCTCTAGCAAC-1,4713,2069,0.10608953957139827,7,2,Ductal basal
31561,21M_R2,21M,TCAGTGAAGGCCGCTT-1,3188,1899,0.031367628607277286,5,2,Ductal basal
31563,21M_R2,21M,TCAGTGAGTCGTGTTA-1,5137,2688,0.07786645902277595,25,9,Ductal basal
31566,21M_R2,21M,TCAGTGAGTTGCTCAA-1,5125,2473,0.07804878048780488,5,0,Ductal basal
31567,21M_R2,21M,TCAGTTTAGCTTCATG-1,3151,1913,0.31735956839098695,29,7,Differentiating meibocyte
31568,21M_R2,21M,TCAGTTTAGTGAGGCT-1,4692,2163,0.08525149190110827,35,10,Differentiated meibocyte
31575,21M_R2,21M,TCATACTGTCTGTAAC-1,2823,1721,0.17711654268508678,9,1,Ductular
31578,21M_R2,21M,TCATACTTCTCGAGTA-1,5222,2435,0.11489850631941785,16,4,Orifice
31579,21M_R2,21M,TCATATCCAATTGAAG-1,2413,1435,0.08288437629506838,9,1,Ductular
31582,21M_R2,21M,TCATATCGTTGGGCCT-1,4242,2256,0.07072135785007072,9,3,Ductal suprabasal
31583,21M_R2,21M,TCATATCTCAAGTGTC-1,5772,2887,0.0693000693000693,29,7,Differentiating meibocyte
31586,21M_R2,21M,TCATCATAGAGTCACG-1,7188,3071,0.06956037840845854,29,7,Differentiating meibocyte
31587,21M_R2,21M,TCATCATAGGGTCTTT-1,3737,1918,0.18731602890018734,7,2,Ductal basal
31589,21M_R2,21M,TCATCATCAACCGTAT-1,2037,1260,0.19636720667648502,7,2,Ductal basal
31590,21M_R2,21M,TCATCATCACGCTTAA-1,3454,1946,0.2026635784597568,23,3,Ductal suprabasal
31594,21M_R2,21M,TCATCATGTCTCGGAC-1,6370,2803,0.03139717425431711,9,1,Ductular
31598,21M_R2,21M,TCATCCGCAGTCTACA-1,4640,2540,0.021551724137931036,9,1,Ductular
31600,21M_R2,21M,TCATCCGGTAGACAAT-1,5601,2811,0.08926977325477593,5,0,Ductal basal
31603,21M_R2,21M,TCATCCGTCGTTATCT-1,7090,3427,0.14104372355430184,12,5,Ductal basal
31605,21M_R2,21M,TCATGAGCAGGGTTGA-1,4201,2262,0.21423470602237563,16,4,Orifice
31606,21M_R2,21M,TCATGAGGTACAGAAT-1,2638,1502,0.03790750568612585,24,3,Ductal suprabasal
31611,21M_R2,21M,TCATGCCGTCAAACGG-1,1687,1238,2.2525192649673977,22,8,Acinar basal
31613,21M_R2,21M,TCATGCCTCAGGACAG-1,7294,2881,0.13709898546750754,7,2,Ductal basal
31620,21M_R2,21M,TCATGTTAGGCGTCCT-1,4027,2259,0.04966476285075739,16,4,Orifice
31622,21M_R2,21M,TCATGTTCAGTAGATA-1,1473,1034,0.0,23,1,Ductular
31623,21M_R2,21M,TCATGTTGTACCAATC-1,8014,3345,0.12478163214374843,16,4,Orifice
31628,21M_R2,21M,TCATTACAGCCATTCA-1,4774,2562,0.06284038542103058,29,7,Differentiating meibocyte
31629,21M_R2,21M,TCATTACAGGGAGTTC-1,1985,1326,0.2518891687657431,7,2,Ductal basal
31630,21M_R2,21M,TCATTACCACCGAATT-1,5151,2415,0.09706853038245,7,2,Ductal basal
31631,21M_R2,21M,TCATTACGTAAGACCG-1,6824,3006,0.19050410316529895,12,5,Ductal basal
31636,21M_R2,21M,TCATTCACAATCGTCA-1,7658,3676,0.026116479498563595,22,9,Ductal basal
31637,21M_R2,21M,TCATTCATCCCGTGTT-1,3051,1785,0.13110455588331696,7,2,Ductal basal
31638,21M_R2,21M,TCATTCATCCCTCTTT-1,9624,3667,0.062344139650872814,16,4,Orifice
31640,21M_R2,21M,TCATTGTCAAGTTCGT-1,2588,1653,0.1545595054095827,5,0,Ductal basal
31643,21M_R2,21M,TCATTGTGTGAGGCAT-1,10552,4186,0.0758150113722517,5,0,Ductal basal
31645,21M_R2,21M,TCATTGTGTTTCCCAC-1,5285,2732,0.01892147587511826,9,0,Ductal basal
31657,21M_R2,21M,TCATTTGTCGTCGACG-1,3220,1868,0.031055900621118012,16,4,Orifice
31658,21M_R2,21M,TCCACCACAAACCGGA-1,5298,2870,0.09437523593808984,9,1,Ductular
31659,21M_R2,21M,TCCACCACACAGCTGC-1,7957,3385,0.08797285409073771,16,5,Ductal basal
31660,21M_R2,21M,TCCACCATCTCATTAC-1,6133,2450,0.14674710582096853,23,3,Ductal suprabasal
31662,21M_R2,21M,TCCACGTCACGTACAT-1,4592,2237,0.17421602787456447,16,4,Orifice
31664,21M_R2,21M,TCCACGTGTGATTAGA-1,3210,1813,0.03115264797507788,5,0,Ductal basal
31666,21M_R2,21M,TCCACGTTCCGTCACT-1,6891,3357,0.05804672761573067,5,0,Ductal basal
31667,21M_R2,21M,TCCACGTTCGGAATGG-1,2799,1814,0.07145409074669525,5,0,Ductal basal
31669,21M_R2,21M,TCCAGAACAGCGAACA-1,8224,3523,0.09727626459143969,35,7,Differentiating meibocyte
31670,21M_R2,21M,TCCAGAACATCGCTAA-1,5580,2863,0.878136200716846,35,10,Differentiated meibocyte
31671,21M_R2,21M,TCCAGAAGTAATCAGA-1,3612,2027,0.05537098560354374,9,1,Ductular
31672,21M_R2,21M,TCCAGAAGTTATGTCG-1,2779,1761,0.07196833393306945,25,9,Ductal basal
31674,21M_R2,21M,TCCAGAATCGTTGTAG-1,6577,3014,0.10643150372510264,16,4,Orifice
31684,21M_R2,21M,TCCATGCCATAAGCGG-1,5207,2645,0.11522949875168043,9,4,Orifice
31686,21M_R2,21M,TCCATGCTCGCGAAGA-1,9990,3870,0.09009009009009009,5,0,Ductal basal
31694,21M_R2,21M,TCCCACATCCGTAGTA-1,6324,2829,0.11068943706514865,12,5,Ductal basal
31695,21M_R2,21M,TCCCAGTAGAACGCGT-1,2230,1444,0.26905829596412556,5,0,Ductal basal
31700,21M_R2,21M,TCCCATGAGATACCAA-1,8414,3847,0.07130972189208462,5,0,Ductal basal
31705,21M_R2,21M,TCCCATGCACTTGACA-1,1872,1138,0.16025641025641024,12,5,Ductal basal
31706,21M_R2,21M,TCCCATGGTCTCTCTG-1,1717,1238,0.29120559114735,23,1,Ductular
31713,21M_R2,21M,TCCGAAACACCTCTAC-1,10109,3740,0.09892175289346128,16,4,Orifice
31715,21M_R2,21M,TCCGATCAGAGCATTA-1,2957,1795,0.06763611768684477,9,1,Ductular
31717,21M_R2,21M,TCCGATCAGATAGCAT-1,9214,3963,0.23876709355328848,5,0,Ductal basal
31719,21M_R2,21M,TCCGATCAGCTCGAAG-1,4740,2265,0.08438818565400844,12,4,Orifice
31722,21M_R2,21M,TCCGATCCAGCTCTGG-1,8443,3647,0.07106478739784437,16,4,Orifice
31737,21M_R2,21M,TCCGTGTCACACGGTC-1,4746,2271,0.12642225031605564,9,1,Ductular
31739,21M_R2,21M,TCCGTGTTCTGGCCAG-1,10990,4116,0.0545950864422202,5,2,Ductal basal
31745,21M_R2,21M,TCCTAATCAACTCATG-1,1829,1258,0.4920721705850191,29,7,Differentiating meibocyte
31749,21M_R2,21M,TCCTCCCAGGCTGGAT-1,4411,2222,0.20403536613012924,7,2,Ductal basal
31751,21M_R2,21M,TCCTCCCGTACTCCCT-1,3728,1799,0.1072961373390558,24,3,Ductal suprabasal
31752,21M_R2,21M,TCCTCCCGTATGGAGC-1,10149,4057,0.2266233126416396,24,3,Ductal suprabasal
31758,21M_R2,21M,TCCTCGAGTCCGGTCA-1,5131,2440,0.15591502631066068,9,1,Ductular
31760,21M_R2,21M,TCCTCGATCAGGTAAA-1,3336,2020,0.08992805755395684,5,0,Ductal basal
31764,21M_R2,21M,TCCTCTTAGGGCTAAC-1,6607,3187,0.10594823671863177,29,7,Differentiating meibocyte
31769,21M_R2,21M,TCCTCTTGTCGGTGAA-1,3564,1801,0.05611672278338946,7,2,Ductal basal
31772,21M_R2,21M,TCCTCTTTCGGTCGGT-1,3152,1837,0.0951776649746193,5,2,Ductal basal
31777,21M_R2,21M,TCCTGCAGTCATCTAG-1,3007,1831,0.09976720984369804,5,0,Ductal basal
31779,21M_R2,21M,TCCTGCAGTTCTTAGG-1,3543,2085,0.11289867344058707,9,4,Orifice
31781,21M_R2,21M,TCCTGCATCTACGGGC-1,8658,3739,0.0693000693000693,5,0,Ductal basal
31782,21M_R2,21M,TCCTTCTAGTAATCCC-1,8036,3461,0.2613240418118467,29,7,Differentiating meibocyte
31783,21M_R2,21M,TCCTTCTCAAGAGTGC-1,2505,1568,0.07984031936127745,5,0,Ductal basal
31786,21M_R2,21M,TCCTTCTTCTCGACGG-1,4524,2441,0.15473032714412024,9,1,Ductular
31787,21M_R2,21M,TCCTTTCAGCGATCGA-1,3398,1951,0.23543260741612712,5,2,Ductal basal
31790,21M_R2,21M,TCCTTTCCACTGTGTA-1,1525,1003,0.26229508196721313,35,7,Differentiating meibocyte
31794,21M_R2,21M,TCCTTTCTCCATGAGT-1,5859,2617,0.08533879501621437,35,10,Differentiated meibocyte
31795,21M_R2,21M,TCGAACAAGGATTCCT-1,4093,2246,0.07329587099926704,12,5,Ductal basal
31796,21M_R2,21M,TCGAACAAGGGCCAAT-1,5024,2604,0.19904458598726116,12,5,Ductal basal
31800,21M_R2,21M,TCGAACAGTGGAGGTT-1,3403,1899,0.14692918013517484,5,0,Ductal basal
31802,21M_R2,21M,TCGAACATCACGTAGT-1,3244,1653,0.12330456226880394,12,5,Ductal basal
31806,21M_R2,21M,TCGAAGTGTGCATGAG-1,8962,4102,0.08926578888640928,25,9,Ductal basal
31809,21M_R2,21M,TCGACCTAGGGATCAC-1,3728,1848,0.13412017167381973,16,4,Orifice
31810,21M_R2,21M,TCGACCTAGGTCCAGA-1,2928,1777,2.5956284153005464,23,4,Orifice
31811,21M_R2,21M,TCGACCTCAACTCCCT-1,2774,1551,0.10814708002883922,7,2,Ductal basal
31816,21M_R2,21M,TCGACGGAGAGCTGCA-1,2842,1720,0.03518648838845883,9,1,Ductular
31817,21M_R2,21M,TCGACGGCAAGACCTT-1,1563,1063,0.19193857965451055,23,1,Ductular
31818,21M_R2,21M,TCGACGGGTAGGCTCC-1,7381,3291,0.12193469719550196,7,2,Ductal basal
31820,21M_R2,21M,TCGACGGGTTATGACC-1,3298,1867,0.3638568829593693,12,5,Ductal basal
31822,21M_R2,21M,TCGATTTAGATCGCTT-1,2866,1555,0.06978367062107467,12,1,Ductular
31829,21M_R2,21M,TCGCACTCAATGTCTG-1,9161,3883,0.021831677764436196,5,0,Ductal basal
31831,21M_R2,21M,TCGCACTGTACCTGTA-1,3918,2205,0.05104645227156713,5,2,Ductal basal
31832,21M_R2,21M,TCGCACTGTATGTCTG-1,1846,1208,2.221018418201517,29,7,Differentiating meibocyte
31833,21M_R2,21M,TCGCACTTCAACGAGG-1,3892,1998,0.10277492291880781,23,1,Ductular
31836,21M_R2,21M,TCGCACTTCTATTGTC-1,2435,1452,0.20533880903490762,7,2,Ductal basal
31838,21M_R2,21M,TCGCAGGCACTGAATC-1,6482,2759,0.046282011724776306,16,4,Orifice
31840,21M_R2,21M,TCGCAGGCATCATCCC-1,7317,3049,0.027333606669400025,5,0,Ductal basal
31843,21M_R2,21M,TCGCAGGGTGTAAATG-1,5890,2919,0.10186757215619693,5,0,Ductal basal
31846,21M_R2,21M,TCGCAGGTCTTACCAT-1,4692,2498,0.10656436487638535,9,4,Orifice
31848,21M_R2,21M,TCGCTCAAGAGAGCCT-1,3048,1839,0.09842519685039369,5,0,Ductal basal
31849,21M_R2,21M,TCGCTCAAGCACGATG-1,9437,3552,0.09536929108826958,29,7,Differentiating meibocyte
31858,21M_R2,21M,TCGCTTGAGTTGTACC-1,1728,1197,0.11574074074074073,20,3,Ductal suprabasal
31859,21M_R2,21M,TCGCTTGTCATGTCAG-1,4191,2245,0.3101884991648771,12,5,Ductal basal
31862,21M_R2,21M,TCGCTTGTCGACACTA-1,5772,3006,0.17325017325017325,5,0,Ductal basal
31864,21M_R2,21M,TCGGATAAGATGGTCG-1,5195,2675,0.07699711260827719,5,0,Ductal basal
31865,21M_R2,21M,TCGGATAAGCGAGAAA-1,6781,2856,0.014747087450228579,23,1,Ductular
31868,21M_R2,21M,TCGGATAGTATCCCTC-1,3674,2012,0.21774632553075668,5,0,Ductal basal
31872,21M_R2,21M,TCGGGACCACATGAAA-1,4856,2584,0.1441515650741351,5,0,Ductal basal
31873,21M_R2,21M,TCGGGACCAGCAGACA-1,4594,2435,2.8297779712668696,24,3,Ductal suprabasal
31874,21M_R2,21M,TCGGGACCATAGGTTC-1,1785,1037,0.2801120448179272,29,8,Acinar basal
31880,21M_R2,21M,TCGGGACGTGTTTCTT-1,3378,1807,0.11841326228537595,12,5,Ductal basal
31882,21M_R2,21M,TCGGGCAAGTTTCGGT-1,4550,2434,0.13186813186813187,5,0,Ductal basal
31884,21M_R2,21M,TCGGGCATCCATACAG-1,1289,979,0.3103180760279286,20,3,Ductal suprabasal
31886,21M_R2,21M,TCGGGTGAGGGACTGT-1,4269,2385,0.1639728273600375,5,0,Ductal basal
31887,21M_R2,21M,TCGGGTGAGGTTCAGG-1,2340,1391,0.17094017094017094,23,1,Ductular
31896,21M_R2,21M,TCGTAGATCCCGGTAG-1,4808,2630,0.12479201331114809,16,4,Orifice
31911,21M_R2,21M,TCGTGGGAGTCCCAGC-1,5878,2729,0.03402517863218782,25,2,Ductal basal
31912,21M_R2,21M,TCGTGGGGTCGAAGCA-1,1326,972,0.1508295625942685,9,1,Ductular
31913,21M_R2,21M,TCGTGGGGTGTACGCC-1,4545,2173,0.11001100110011,16,4,Orifice
31918,21M_R2,21M,TCTAACTAGAAATTCG-1,2109,1389,0.0948316737790422,7,2,Ductal basal
31921,21M_R2,21M,TCTAACTAGTAAATGC-1,6364,3342,0.04714016341923319,5,0,Ductal basal
31922,21M_R2,21M,TCTAACTCATCGGCCA-1,4563,2137,0.08766162612316458,7,2,Ductal basal
31923,21M_R2,21M,TCTAACTGTATCAGGG-1,2650,1587,0.2641509433962264,7,2,Ductal basal
31925,21M_R2,21M,TCTAACTTCTCGGCTT-1,3738,2211,0.13376136971642588,22,8,Acinar basal
31927,21M_R2,21M,TCTACATAGTCGCCCA-1,5166,2458,0.07742934572202864,16,4,Orifice
31930,21M_R2,21M,TCTACATTCTCAAAGC-1,1375,957,0.2909090909090909,16,4,Orifice
31933,21M_R2,21M,TCTACCGAGTATTCCG-1,2935,1857,0.10221465076660989,5,0,Ductal basal
31935,21M_R2,21M,TCTACCGCAAACTCTG-1,5786,2306,0.034566194262011754,7,2,Ductal basal
31936,21M_R2,21M,TCTACCGCAAATCAAG-1,1924,1207,0.2079002079002079,7,2,Ductal basal
31942,21M_R2,21M,TCTATACCAGTACTAC-1,3165,1758,0.1263823064770932,7,2,Ductal basal
31943,21M_R2,21M,TCTATACTCAGGAAAT-1,1314,772,0.60882800608828,23,3,Ductal suprabasal
31948,21M_R2,21M,TCTATCAGTACCGGAA-1,2266,1380,0.176522506619594,12,5,Ductal basal
31952,21M_R2,21M,TCTATCATCACTGTCC-1,4251,2161,0.11761938367442955,12,4,Orifice
31960,21M_R2,21M,TCTCACGGTAGTCACT-1,5557,2735,0.14396256973186972,16,4,Orifice
31966,21M_R2,21M,TCTCAGCTCTCTTCAA-1,4630,2271,0.12958963282937366,16,4,Orifice
31967,21M_R2,21M,TCTCCGAAGAAATGGG-1,6024,2931,0.06640106241699867,7,2,Ductal basal
31968,21M_R2,21M,TCTCCGACACAAGCCC-1,3154,1909,0.31705770450221943,22,8,Acinar basal
31971,21M_R2,21M,TCTCTGGAGAGAGAAC-1,4165,2149,0.43217286914765907,23,1,Ductular
31974,21M_R2,21M,TCTCTGGAGTGTGTTC-1,11145,4260,0.08075370121130553,5,0,Ductal basal
31977,21M_R2,21M,TCTCTGGGTATTTCTC-1,3134,1845,0.0,5,2,Ductal basal
31979,21M_R2,21M,TCTCTGGTCTCGTGAA-1,4919,2527,0.1423053466151657,25,9,Ductal basal
31980,21M_R2,21M,TCTGCCAAGGCCTAGA-1,2571,1718,0.0,22,8,Acinar basal
31981,21M_R2,21M,TCTGCCAGTACGCGTC-1,2278,1440,0.39508340649692714,12,5,Ductal basal
31987,21M_R2,21M,TCTGGCTAGAAGCTGC-1,8364,3412,0.2630320420851267,20,3,Ductal suprabasal
31991,21M_R2,21M,TCTGGCTTCGGCTTCT-1,5010,2312,0.11976047904191617,12,5,Ductal basal
31995,21M_R2,21M,TCTGTCGGTAACGCGA-1,2851,1792,0.1052262364082778,5,0,Ductal basal
31997,21M_R2,21M,TCTGTCGGTCTCACAA-1,2278,1432,0.17559262510974538,5,0,Ductal basal
32000,21M_R2,21M,TCTTAGTAGGTTCCGC-1,1901,1196,0.052603892688058915,7,2,Ductal basal
32003,21M_R2,21M,TCTTAGTTCAGAGTTC-1,2981,1663,0.23482053002348205,12,5,Ductal basal
32006,21M_R2,21M,TCTTCCTAGTCATACC-1,7122,3500,0.11232799775344005,24,3,Ductal suprabasal
32009,21M_R2,21M,TCTTCCTGTGATCGTT-1,1472,1035,0.20380434782608695,7,2,Ductal basal
32014,21M_R2,21M,TCTTGCGCAGTCGCAC-1,4143,2255,0.12068549360366883,9,1,Ductular
32016,21M_R2,21M,TCTTGCGGTGTAGCAG-1,3092,1746,0.129366106080207,5,2,Ductal basal
32018,21M_R2,21M,TCTTGCGTCTAAGCCA-1,3578,2024,0.1956400223588597,5,0,Ductal basal
32019,21M_R2,21M,TCTTTGAAGCTTGTTG-1,4918,2530,0.5693371289141927,22,8,Acinar basal
32021,21M_R2,21M,TCTTTGATCAAGGTGG-1,6979,3113,0.11462960309499928,5,0,Ductal basal
32025,21M_R2,21M,TGAACGTCAAGTTCCA-1,12735,4467,0.16489988221436985,5,0,Ductal basal
32030,21M_R2,21M,TGAATCGCAACCAATC-1,5287,2499,0.2648004539436353,16,4,Orifice
32035,21M_R2,21M,TGAATGCAGCAAGCCA-1,3107,1726,0.16092693916961698,9,1,Ductular
32038,21M_R2,21M,TGAATGCCATTAGGAA-1,3240,1779,0.21604938271604937,7,2,Ductal basal
32039,21M_R2,21M,TGAATGCGTAGGAGTC-1,2013,1357,0.34773969200198707,23,1,Ductular
32053,21M_R2,21M,TGACCCTGTAACAAGT-1,6074,2655,0.08231807704972012,9,4,Orifice
32054,21M_R2,21M,TGACCCTGTTATCTTC-1,6560,2831,0.06097560975609756,12,5,Ductal basal
32058,21M_R2,21M,TGACGCGAGGTCATAA-1,2304,1491,0.1736111111111111,20,1,Ductular
32062,21M_R2,21M,TGACGCGGTTGAATCC-1,5727,2607,0.06984459577440195,12,5,Ductal basal
32063,21M_R2,21M,TGACGCGTCAAGGCTT-1,3331,1923,0.09006304413089163,9,1,Ductular
32067,21M_R2,21M,TGACTCCAGAGGGTCT-1,3687,2271,0.054244643341470035,5,0,Ductal basal
32072,21M_R2,21M,TGACTCCTCCTGCTAC-1,1977,1195,0.4046535154274153,16,4,Orifice
32074,21M_R2,21M,TGAGACTAGGGTATAT-1,5133,2277,0.3117085525034093,16,4,Orifice
32078,21M_R2,21M,TGAGACTGTCACTGAT-1,2902,1878,0.10337698139214334,5,0,Ductal basal
32085,21M_R2,21M,TGAGCATGTGTCATGT-1,5951,2771,0.10082339102671821,16,4,Orifice
32090,21M_R2,21M,TGAGCGCCAATTCACG-1,8509,3594,0.17628393465742154,5,0,Ductal basal
32093,21M_R2,21M,TGAGCGCCATGGGTCC-1,4584,2413,0.08726003490401396,5,0,Ductal basal
32100,21M_R2,21M,TGAGGAGCACTCAGAT-1,2316,1442,0.1295336787564767,7,2,Ductal basal
32102,21M_R2,21M,TGAGGGAAGAGCATTA-1,10607,4406,0.08484962760441218,5,0,Ductal basal
32104,21M_R2,21M,TGAGGGACACGTGAGA-1,4802,2625,0.04164931278633903,5,0,Ductal basal
32106,21M_R2,21M,TGAGGGACACTCCGAG-1,3352,2002,0.05966587112171838,12,5,Ductal basal
32107,21M_R2,21M,TGAGGGACAGATCACT-1,5524,2530,0.09051412020275162,12,5,Ductal basal
32109,21M_R2,21M,TGAGGGAGTGGTAATA-1,3056,1846,0.3599476439790576,22,8,Acinar basal
32110,21M_R2,21M,TGAGGGATCACCGGTG-1,5692,2733,0.14054813773717498,16,4,Orifice
32113,21M_R2,21M,TGAGGGATCTAGCAAC-1,1485,1003,0.40404040404040403,23,1,Ductular
32115,21M_R2,21M,TGAGGTTCACCTCTGT-1,3649,2003,0.10961907371882709,22,8,Acinar basal
32116,21M_R2,21M,TGAGGTTCAGCTGGTC-1,4778,2136,0.06278777731268313,16,4,Orifice
32119,21M_R2,21M,TGAGTCAAGAAAGCGA-1,5623,2687,0.07113640405477503,12,5,Ductal basal
32125,21M_R2,21M,TGAGTCATCGAACGGA-1,4672,2466,1.0273972602739725,24,3,Ductal suprabasal
32126,21M_R2,21M,TGATCAGCACGCTGCA-1,829,587,0.7237635705669482,35,10,Differentiated meibocyte
32129,21M_R2,21M,TGATCAGGTATTGAGA-1,2432,1444,0.1644736842105263,5,2,Ductal basal
32132,21M_R2,21M,TGATCAGGTTGTCAGT-1,2474,1532,0.2425222312045271,7,2,Ductal basal
32138,21M_R2,21M,TGATCTTAGGGAGTGG-1,1606,1101,0.311332503113325,12,5,Ductal basal
32140,21M_R2,21M,TGATCTTCAAACTCTG-1,6160,2894,0.06493506493506493,5,0,Ductal basal
32143,21M_R2,21M,TGATCTTGTCTCAGGC-1,2080,1392,0.19230769230769232,16,4,Orifice
32144,21M_R2,21M,TGATCTTTCTGCGTCT-1,1333,973,0.5251312828207052,9,1,Ductular
32145,21M_R2,21M,TGATCTTTCTGCTAGA-1,4375,2209,0.2285714285714286,16,4,Orifice
32150,21M_R2,21M,TGATGCATCGGCTATA-1,2532,1511,0.23696682464454977,7,2,Ductal basal
32151,21M_R2,21M,TGATGCATCGGCTCTT-1,1606,1054,0.311332503113325,23,1,Ductular
32152,21M_R2,21M,TGATGCATCTTCTCAA-1,5210,2676,0.05758157389635317,5,0,Ductal basal
32153,21M_R2,21M,TGATGGTAGCTGCCAC-1,6558,2885,0.07624275693809088,35,7,Differentiating meibocyte
32154,21M_R2,21M,TGATGGTCAAACTGCT-1,2893,1734,0.10369858278603526,9,1,Ductular
32155,21M_R2,21M,TGATGGTCAATTGGTC-1,2815,1671,0.10657193605683836,5,0,Ductal basal
32156,21M_R2,21M,TGATGGTCATCCTTGC-1,9965,3838,0.07024586051179127,29,7,Differentiating meibocyte
32158,21M_R2,21M,TGATGGTGTCCAGCCA-1,2012,1291,1.4910536779324055,29,7,Differentiating meibocyte
32159,21M_R2,21M,TGATGGTGTGATCATC-1,3768,1980,0.18577494692144375,5,2,Ductal basal
32160,21M_R2,21M,TGATGGTGTTGGCCTG-1,5743,2896,0.48755006094375763,12,5,Ductal basal
32162,21M_R2,21M,TGATGGTTCGCTACAA-1,4501,1821,0.5109975560986447,5,0,Ductal basal
32170,21M_R2,21M,TGATTCTTCGAGTCCG-1,1989,1228,0.20110608345902461,9,4,Orifice
32177,21M_R2,21M,TGATTTCTCCGCATAA-1,5023,2273,0.05972526378658173,23,1,Ductular
32178,21M_R2,21M,TGATTTCTCCGCTAGG-1,6080,3099,0.1644736842105263,5,0,Ductal basal
32180,21M_R2,21M,TGCACGGAGAAGCGGG-1,2485,1662,0.3621730382293763,16,1,Ductular
32182,21M_R2,21M,TGCACGGAGGGACAGG-1,7075,3421,0.08480565371024736,5,0,Ductal basal
32184,21M_R2,21M,TGCACGGCAGCCGTTG-1,4735,2577,0.12671594508975714,9,1,Ductular
32187,21M_R2,21M,TGCACGGGTGAGTTTC-1,6761,2913,0.10353498003253957,12,5,Ductal basal
32188,21M_R2,21M,TGCACGGTCGTGTGGC-1,2690,1580,0.26022304832713755,5,2,Ductal basal
32190,21M_R2,21M,TGCACGGTCTGAGGCC-1,2887,1757,0.06927606511950121,5,0,Ductal basal
32194,21M_R2,21M,TGCAGATAGCGCCTTG-1,5089,2675,0.0,22,8,Acinar basal
32195,21M_R2,21M,TGCAGATAGGTGGCTA-1,2293,1363,0.26166593981683384,7,2,Ductal basal
32199,21M_R2,21M,TGCAGATTCATCTATC-1,15563,4267,0.07710595643513463,16,2,Ductal basal
32200,21M_R2,21M,TGCAGATTCGATGCAT-1,3945,2206,0.0,5,2,Ductal basal
32201,21M_R2,21M,TGCAGATTCGTAGCCG-1,6334,3220,0.20524155352068205,22,8,Acinar basal
32202,21M_R2,21M,TGCAGGCAGCGTCAGA-1,3730,2077,0.10723860589812334,12,5,Ductal basal
32204,21M_R2,21M,TGCAGGCAGGCATGGT-1,4687,2586,0.3840409643695327,9,1,Ductular
32210,21M_R2,21M,TGCAGGCTCTTTCTAG-1,5990,2856,0.11686143572621034,5,0,Ductal basal
32215,21M_R2,21M,TGCAGTATCCAAGAGG-1,1594,1062,0.12547051442910914,7,2,Ductal basal
32222,21M_R2,21M,TGCATGAAGTTTGAGA-1,2376,1473,0.25252525252525254,9,1,Ductular
32224,21M_R2,21M,TGCATGACAGTAGATA-1,1806,1197,0.2768549280177187,9,1,Ductular
32228,21M_R2,21M,TGCCGAGCAAGTCCCG-1,6238,3072,0.0801538954793203,23,1,Ductular
32230,21M_R2,21M,TGCCGAGCAGAACCGA-1,12296,4158,0.024398178269355888,25,8,Acinar basal
32231,21M_R2,21M,TGCCGAGTCAGACATC-1,3781,2142,0.07934408886537953,22,8,Acinar basal
32234,21M_R2,21M,TGCCGAGTCTAGTTCT-1,6534,3194,0.04591368227731864,5,0,Ductal basal
32236,21M_R2,21M,TGCGACGAGAGTTGAT-1,10296,3709,0.04856254856254856,12,4,Orifice
32238,21M_R2,21M,TGCGACGAGTAGTCCT-1,2673,1685,0.2618780396558174,23,1,Ductular
32240,21M_R2,21M,TGCGACGCAATCGAAA-1,2749,1646,0.07275372862859221,9,1,Ductular
32241,21M_R2,21M,TGCGACGCAGACCTAT-1,5858,2467,0.30727210652099696,7,8,Acinar basal
32248,21M_R2,21M,TGCGATACACACAGAG-1,7390,3428,0.08119079837618402,5,0,Ductal basal
32251,21M_R2,21M,TGCGATATCAACTTTC-1,5315,2637,1.0724365004703669,16,4,Orifice
32252,21M_R2,21M,TGCGGCAAGACGATAT-1,4051,2095,0.24685262898049865,7,2,Ductal basal
32256,21M_R2,21M,TGCGGCAGTCTCCCTA-1,3295,1942,0.09104704097116845,16,4,Orifice
32260,21M_R2,21M,TGCGGCATCTTTGCAT-1,5584,2770,0.17908309455587393,5,0,Ductal basal
32262,21M_R2,21M,TGCGGGTGTCATAAAG-1,2955,1757,0.10152284263959391,12,5,Ductal basal
32263,21M_R2,21M,TGCGGGTGTCTACGTA-1,2493,1591,0.1604492579221821,5,0,Ductal basal
32264,21M_R2,21M,TGCGGGTTCCTTCTAA-1,4399,2353,0.11366219595362581,5,0,Ductal basal
32266,21M_R2,21M,TGCTCCACACCTCAGG-1,3267,1995,0.061218243036424855,20,3,Ductal suprabasal
32269,21M_R2,21M,TGCTCCACAGCCCACA-1,6153,2722,0.04875670404680643,5,0,Ductal basal
32270,21M_R2,21M,TGCTCCACATACAGAA-1,5551,2843,0.16213294901819492,24,3,Ductal suprabasal
32279,21M_R2,21M,TGCTCGTCATCACCAA-1,5229,2717,0.038248231019315355,5,0,Ductal basal
32281,21M_R2,21M,TGCTCGTGTATCCCTC-1,2012,1395,0.09940357852882703,20,3,Ductal suprabasal
32282,21M_R2,21M,TGCTCGTGTGCGGATA-1,3786,2062,0.5282620179609087,9,1,Ductular
32286,21M_R2,21M,TGCTGAAAGGACTATA-1,2834,1534,0.3175723359209598,16,4,Orifice
32294,21M_R2,21M,TGCTTCGTCCACGAAT-1,5791,2752,0.12087722327749958,16,4,Orifice
32295,21M_R2,21M,TGCTTCGTCGGTCATA-1,2039,1311,0.0980872976949485,9,1,Ductular
32304,21M_R2,21M,TGGAACTGTACTAAGA-1,2578,1528,0.1939487975174554,12,5,Ductal basal
32305,21M_R2,21M,TGGAACTGTGGCGTAA-1,1299,963,0.23094688221709006,9,1,Ductular
32306,21M_R2,21M,TGGAACTGTGTCCGGT-1,7688,3435,0.1300728407908429,5,0,Ductal basal
32307,21M_R2,21M,TGGAACTTCGTGGGAA-1,2722,1673,0.03673769287288758,7,2,Ductal basal
32316,21M_R2,21M,TGGAGAGTCCTCTCTT-1,2868,1638,0.1394700139470014,7,2,Ductal basal
32318,21M_R2,21M,TGGAGGAAGGATCACG-1,3103,1771,0.2255881405091847,12,5,Ductal basal
32321,21M_R2,21M,TGGAGGACATTCAGCA-1,4114,2183,0.07292173067574137,5,0,Ductal basal
32322,21M_R2,21M,TGGAGGACATTCCTAT-1,9343,4029,0.04281280102750722,20,1,Ductular
32323,21M_R2,21M,TGGAGGAGTCAAGGCA-1,3447,1979,0.20307513780098638,29,7,Differentiating meibocyte
32324,21M_R2,21M,TGGAGGAGTCGGCTAC-1,5002,2436,0.2798880447820872,7,2,Ductal basal
32325,21M_R2,21M,TGGAGGATCAGCGTCG-1,1885,1187,0.10610079575596816,7,2,Ductal basal
32326,21M_R2,21M,TGGAGGATCGAGTACT-1,2870,1716,0.10452961672473868,9,1,Ductular
32328,21M_R2,21M,TGGATCAAGGAACGCT-1,9546,4061,0.03142677561282212,5,0,Ductal basal
32333,21M_R2,21M,TGGATCAGTCTTCAAG-1,4687,2422,0.02133560913164071,29,7,Differentiating meibocyte
32340,21M_R2,21M,TGGATGTAGTGACACG-1,4837,2507,0.5375232582179037,9,1,Ductular
32342,21M_R2,21M,TGGATGTCATCCGATA-1,9363,3877,0.11748371248531454,25,0,Ductal basal
32345,21M_R2,21M,TGGATGTTCCGTAGTA-1,6720,2946,0.044642857142857144,16,4,Orifice
32348,21M_R2,21M,TGGCGTGAGTAATCCC-1,12679,4083,0.07887057338906854,16,4,Orifice
32349,21M_R2,21M,TGGCGTGCATACAGAA-1,1944,1241,0.15432098765432098,25,8,Acinar basal
32350,21M_R2,21M,TGGCGTGCATGCGGTC-1,4417,2378,0.06791940230925968,5,0,Ductal basal
32351,21M_R2,21M,TGGCGTGGTATAGCTC-1,2354,1448,0.1274426508071368,7,2,Ductal basal
32360,21M_R2,21M,TGGGAAGCAAATGGCG-1,2952,1736,0.20325203252032523,9,1,Ductular
32361,21M_R2,21M,TGGGAAGCATTGCCTC-1,7693,3156,0.11698947094761472,16,4,Orifice
32362,21M_R2,21M,TGGGAAGGTCCCAAAT-1,9171,3698,0.05451968160505943,25,9,Ductal basal
32370,21M_R2,21M,TGGGAGAGTAGCGATG-1,7424,3542,0.08081896551724138,5,2,Ductal basal
32372,21M_R2,21M,TGGGAGATCCGAGCTG-1,3453,1872,0.08688097306689835,12,5,Ductal basal
32373,21M_R2,21M,TGGGATTAGACCAAAT-1,3276,1834,0.15262515262515264,24,1,Ductular
32376,21M_R2,21M,TGGGATTCAGGTTACT-1,5358,2877,0.11198208286674133,20,1,Ductular
32378,21M_R2,21M,TGGGATTCATGAGTAA-1,3005,1734,0.26622296173044924,23,1,Ductular
32384,21M_R2,21M,TGGGATTGTTCGTAAC-1,3084,1889,0.1621271076523995,23,1,Ductular
32385,21M_R2,21M,TGGGATTTCCTTCTGG-1,4035,2138,0.27261462205700127,7,2,Ductal basal
32390,21M_R2,21M,TGGGCGTGTAGTCTTG-1,3460,1979,0.17341040462427745,9,4,Orifice
32392,21M_R2,21M,TGGGCGTGTCCAATCA-1,5800,3009,0.1896551724137931,22,8,Acinar basal
32394,21M_R2,21M,TGGGCGTTCCTAGCTC-1,3374,1738,0.5334914048606995,7,2,Ductal basal
32399,21M_R2,21M,TGGGCTGTCCTTTGAT-1,5997,3176,0.13340003335000833,25,9,Ductal basal
32400,21M_R2,21M,TGGGCTGTCGCTAAAC-1,6233,3028,0.1283491095780523,24,3,Ductal suprabasal
32405,21M_R2,21M,TGGTAGTAGCGGGTAT-1,4128,1943,0.07267441860465117,9,1,Ductular
32409,21M_R2,21M,TGGTAGTGTCCCTCAT-1,2381,1598,0.16799664006719867,25,9,Ductal basal
32410,21M_R2,21M,TGGTAGTGTTGCAACT-1,3614,1887,0.1936912008854455,7,2,Ductal basal
32411,21M_R2,21M,TGGTGATAGACCACGA-1,3489,1840,0.31527658354829463,7,2,Ductal basal
32412,21M_R2,21M,TGGTGATAGTGAGCCA-1,7483,3476,0.10690899371909662,5,0,Ductal basal
32413,21M_R2,21M,TGGTGATGTACTCCGG-1,4486,2457,0.1560410164957646,5,0,Ductal basal
32418,21M_R2,21M,TGGTTAGTCGTTCTAT-1,3884,2015,0.20597322348094746,16,4,Orifice
32419,21M_R2,21M,TGTAACGAGAGTCGAC-1,2777,1803,0.036010082823190494,9,1,Ductular
32420,21M_R2,21M,TGTAACGCAAGCCTGC-1,5070,2545,0.19723865877712032,16,4,Orifice
32425,21M_R2,21M,TGTAAGCCAAATAGCA-1,5543,2425,0.054122316435143425,9,1,Ductular
32432,21M_R2,21M,TGTACAGCATCTCGTC-1,4443,2462,0.045014629754670264,5,0,Ductal basal
32434,21M_R2,21M,TGTACAGGTGGCTCTG-1,2085,1361,0.19184652278177458,20,3,Ductal suprabasal
32436,21M_R2,21M,TGTACAGTCCCATGGG-1,4617,2570,0.1949317738791423,9,0,Ductal basal
32439,21M_R2,21M,TGTACAGTCTTACACT-1,4333,1996,0.06923609508423724,12,5,Ductal basal
32441,21M_R2,21M,TGTAGACAGCTAATGA-1,5440,2843,0.22058823529411764,20,2,Ductal basal
32444,21M_R2,21M,TGTAGACGTTGCATCA-1,3134,1766,0.22335673261008296,7,2,Ductal basal
32449,21M_R2,21M,TGTCAGAGTATCCCTC-1,5126,2443,0.019508388607101055,16,4,Orifice
32450,21M_R2,21M,TGTCAGATCGAACGCC-1,2051,1326,0.24378352023403219,7,2,Ductal basal
32451,21M_R2,21M,TGTCAGATCGAGTACT-1,3863,2198,0.1035464664768315,5,0,Ductal basal
32454,21M_R2,21M,TGTCCACGTACACGCC-1,5920,2198,0.15202702702702703,35,10,Differentiated meibocyte
32455,21M_R2,21M,TGTCCACGTCTGGTTA-1,4241,2135,0.07073803348266919,7,2,Ductal basal
32457,21M_R2,21M,TGTCCCAAGGGTAATT-1,6737,3042,0.0890604126465786,29,7,Differentiating meibocyte
32458,21M_R2,21M,TGTCCCAAGGTACATA-1,2881,1815,0.4165220409580007,20,3,Ductal suprabasal
32460,21M_R2,21M,TGTCCCACACGCTGAC-1,8065,3754,0.08679479231246126,5,0,Ductal basal
32465,21M_R2,21M,TGTCCTGCACGGTGAA-1,4301,2106,0.046500813764240874,12,5,Ductal basal
32466,21M_R2,21M,TGTCCTGGTTCAAACC-1,4255,2398,0.1645123384253819,5,0,Ductal basal
32467,21M_R2,21M,TGTGAGTCAATAGTCC-1,2119,1372,0.18876828692779613,12,1,Ductular
32469,21M_R2,21M,TGTGAGTGTGTGATGG-1,6336,2967,0.29987373737373735,24,3,Ductal suprabasal
32470,21M_R2,21M,TGTGAGTTCACGGTCG-1,3672,2063,0.1906318082788671,16,4,Orifice
32471,21M_R2,21M,TGTGAGTTCCATCTGC-1,4792,2483,0.10434056761268781,5,0,Ductal basal
32472,21M_R2,21M,TGTGATGAGGCCGCTT-1,5139,2621,0.17513134851138354,9,1,Ductular
32474,21M_R2,21M,TGTGATGCAGCAGATG-1,3969,2214,0.15117157974300832,5,0,Ductal basal
32476,21M_R2,21M,TGTGATGCATAGCACT-1,6427,3056,0.09335615372646647,12,4,Orifice
32478,21M_R2,21M,TGTGATGTCCTCTAAT-1,2253,1435,0.4438526409232135,29,7,Differentiating meibocyte
32480,21M_R2,21M,TGTGCGGAGATACATG-1,5215,2400,0.09587727708533077,9,1,Ductular
32485,21M_R2,21M,TGTGCGGCAGATCATC-1,6754,3384,0.207284572105419,22,8,Acinar basal
32486,21M_R2,21M,TGTGCGGCATAGTCAC-1,1699,1227,0.4120070629782225,9,1,Ductular
32498,21M_R2,21M,TGTGGCGGTGTAACGG-1,5926,3036,0.26999662504218697,5,0,Ductal basal
32502,21M_R2,21M,TGTGTGACAATAGGGC-1,8030,3433,0.08717310087173101,25,9,Ductal basal
32506,21M_R2,21M,TGTGTGATCTCTCGCA-1,6490,2532,0.07704160246533129,16,2,Ductal basal
32507,21M_R2,21M,TGTTACTCAATACGCT-1,4940,2287,0.08097165991902834,7,2,Ductal basal
32508,21M_R2,21M,TGTTACTCAATTTCTC-1,5304,2806,1.6214177978883864,20,3,Ductal suprabasal
32510,21M_R2,21M,TGTTCATAGACTTCCA-1,2996,1738,0.0,23,1,Ductular
32512,21M_R2,21M,TGTTCATAGATGTTAG-1,5692,2856,0.10541110330288123,23,1,Ductular
32515,21M_R2,21M,TGTTCATCAGAGTGAC-1,3552,1753,0.14076576576576577,12,5,Ductal basal
32517,21M_R2,21M,TGTTCATTCCGGTTCT-1,5466,2776,0.054884742041712405,20,3,Ductal suprabasal
32530,21M_R2,21M,TGTTCTACATACCGTA-1,7657,3293,0.1828392320752253,29,7,Differentiating meibocyte
32531,21M_R2,21M,TGTTCTAGTAGACAGC-1,3460,2135,0.05780346820809249,22,8,Acinar basal
32536,21M_R2,21M,TGTTCTAGTTGAATCC-1,3396,1985,0.2944640753828033,5,0,Ductal basal
32537,21M_R2,21M,TGTTCTATCGAAGGAC-1,1119,776,0.8936550491510277,24,3,Ductal suprabasal
32541,21M_R2,21M,TGTTGAGCACGGAAGT-1,2801,1816,0.1785076758300607,20,3,Ductal suprabasal
32543,21M_R2,21M,TGTTGAGCATTCATCT-1,3459,1847,0.057820179242555655,7,2,Ductal basal
32544,21M_R2,21M,TGTTGAGGTTTCCATT-1,4834,2664,0.04137360364087712,5,0,Ductal basal
32546,21M_R2,21M,TGTTGAGTCCCGAGAC-1,5881,3089,0.06801564359802754,23,1,Ductular
32547,21M_R2,21M,TGTTGAGTCGTCACCT-1,3848,2112,3.4823284823284824,29,7,Differentiating meibocyte
32551,21M_R2,21M,TGTTGGACAATTCACG-1,2588,1715,0.1545595054095827,20,3,Ductal suprabasal
32552,21M_R2,21M,TGTTGGACATATAGCC-1,4328,2358,0.06931608133086876,23,1,Ductular
32553,21M_R2,21M,TGTTGGAGTATCGAGG-1,2493,1577,0.0,5,0,Ductal basal
32554,21M_R2,21M,TGTTGGAGTCTAGGCC-1,3436,2163,0.2037252619324796,22,8,Acinar basal
32559,21M_R2,21M,TGTTTGTCAGCGAGTA-1,6967,3450,0.12918042198937849,5,0,Ductal basal
32568,21M_R2,21M,TTAATCCGTATTGAGA-1,2062,895,2.909796314258002,24,3,Ductal suprabasal
32572,21M_R2,21M,TTACAGGCAGCGACCT-1,11133,4255,0.07185843887541543,12,5,Ductal basal
32573,21M_R2,21M,TTACAGGCATGCAGGA-1,5797,2590,0.25875452820424355,5,2,Ductal basal
32575,21M_R2,21M,TTACAGGGTCCACAGC-1,6132,2601,0.0,12,5,Ductal basal
32577,21M_R2,21M,TTACAGGGTCTGTGTA-1,3521,1973,0.05680204487361545,23,1,Ductular
32581,21M_R2,21M,TTACCGCAGCACCGAA-1,5078,2409,0.09846396218983852,7,2,Ductal basal
32583,21M_R2,21M,TTACCGCAGGCATCGA-1,3001,1780,0.56647784071976,12,5,Ductal basal
32584,21M_R2,21M,TTACCGCAGTGGAAGA-1,6009,3243,0.199700449326011,22,8,Acinar basal
32588,21M_R2,21M,TTACCGCTCTAGCAAC-1,3885,2257,0.02574002574002574,5,0,Ductal basal
32590,21M_R2,21M,TTACGCCAGCTACGTT-1,4630,1993,0.10799136069114472,7,2,Ductal basal
32593,21M_R2,21M,TTACGCCGTATAGGAT-1,2608,1611,0.2684049079754601,5,0,Ductal basal
32595,21M_R2,21M,TTACGCCTCCACGTAA-1,10587,4001,0.11334655709832814,5,5,Ductal basal
32604,21M_R2,21M,TTACTGTGTATACGGG-1,3624,2027,0.08278145695364239,9,1,Ductular
32608,21M_R2,21M,TTACTGTTCTCAGGCG-1,7170,3108,0.11157601115760112,16,4,Orifice
32609,21M_R2,21M,TTACTGTTCTCCTGTG-1,1873,1242,0.05339028296849973,5,2,Ductal basal
32614,21M_R2,21M,TTAGGCAGTCGAGTGA-1,1033,737,0.1936108422071636,35,10,Differentiated meibocyte
32615,21M_R2,21M,TTAGGCAGTGTTCCTC-1,2078,1446,0.384985563041386,20,3,Ductal suprabasal
32622,21M_R2,21M,TTAGGGTGTACGATTC-1,4807,2308,0.1248179737882255,12,5,Ductal basal
32624,21M_R2,21M,TTAGGGTTCTCTGACC-1,1567,1072,0.06381620931716657,23,1,Ductular
32628,21M_R2,21M,TTAGTCTTCAACGAGG-1,4884,2455,0.14332514332514332,5,0,Ductal basal
32631,21M_R2,21M,TTATTGCAGGCCTAAG-1,3185,1990,0.25117739403453687,5,0,Ductal basal
32632,21M_R2,21M,TTATTGCAGTATAACG-1,1294,975,0.38639876352395675,24,3,Ductal suprabasal
32634,21M_R2,21M,TTATTGCGTTCGAGCC-1,4068,2268,0.049164208456243856,20,3,Ductal suprabasal
32635,21M_R2,21M,TTATTGCGTTGATCGT-1,2368,1447,0.21114864864864866,7,2,Ductal basal
32636,21M_R2,21M,TTATTGCTCAGACCTA-1,2943,1725,0.16989466530750932,12,5,Ductal basal
32638,21M_R2,21M,TTATTGCTCGAATCCA-1,2558,1524,0.1563721657544957,5,0,Ductal basal
32640,21M_R2,21M,TTATTGCTCTGGAGAG-1,7647,3525,0.06538511834706422,16,4,Orifice
32642,21M_R2,21M,TTCAATCAGTACTCGT-1,2801,1538,0.1785076758300607,12,5,Ductal basal
32643,21M_R2,21M,TTCAATCCAAACTCTG-1,1749,1185,0.17152658662092624,12,5,Ductal basal
32646,21M_R2,21M,TTCACCGCAGCGTAGA-1,4780,2239,0.2928870292887029,7,2,Ductal basal
32647,21M_R2,21M,TTCACCGGTATTAAGG-1,3261,1832,0.12266176019625882,9,4,Orifice
32649,21M_R2,21M,TTCACCGGTGCCCACA-1,2949,1686,0.3051881993896236,7,2,Ductal basal
32650,21M_R2,21M,TTCACCGGTGTGAGCA-1,1618,1160,0.4326328800988875,25,9,Ductal basal
32651,21M_R2,21M,TTCACCGTCACGGGCT-1,2197,1337,0.18206645425580337,16,4,Orifice
32652,21M_R2,21M,TTCACCGTCTACTATC-1,3971,2360,0.12591286829513976,12,1,Ductular
32653,21M_R2,21M,TTCACGCAGGCGTCCT-1,12432,4176,0.6113256113256113,5,0,Ductal basal
32654,21M_R2,21M,TTCACGCCAAGCGATG-1,9378,3916,0.05331627212625293,25,9,Ductal basal
32656,21M_R2,21M,TTCACGCGTGTTAGCT-1,2994,1794,0.16700066800267202,7,2,Ductal basal
32658,21M_R2,21M,TTCACGCTCGAGCCTG-1,4674,2307,0.02139495079161318,5,0,Ductal basal
32659,21M_R2,21M,TTCACGCTCTTCGGAA-1,4422,2422,0.2939846223428313,5,0,Ductal basal
32660,21M_R2,21M,TTCAGGAAGGTAATCA-1,3637,2147,0.08248556502612042,5,0,Ductal basal
32661,21M_R2,21M,TTCAGGAAGGTGTGAC-1,2066,1474,0.14520813165537272,9,1,Ductular
32664,21M_R2,21M,TTCAGGATCGAGTGGA-1,3955,2236,0.12642225031605564,5,0,Ductal basal
32666,21M_R2,21M,TTCATGTAGATTAGTG-1,1972,1291,0.05070993914807302,10,0,Ductal basal
32667,21M_R2,21M,TTCATGTCAAAGCTAA-1,3241,2001,2.0981178648565257,24,3,Ductal suprabasal
32668,21M_R2,21M,TTCATGTCAAGCTCTA-1,3961,2029,0.15147689977278464,7,2,Ductal basal
32669,21M_R2,21M,TTCATGTCAAGTTTGC-1,5637,2904,0.10643959552953698,12,4,Orifice
32672,21M_R2,21M,TTCATGTCATAGGCGA-1,4538,2532,0.08814455707360071,5,0,Ductal basal
32678,21M_R2,21M,TTCATTGGTCGCATTA-1,6129,2922,0.11421112742698646,9,1,Ductular
32680,21M_R2,21M,TTCCAATCATAGATCC-1,3051,1726,0.09832841691248771,5,2,Ductal basal
32681,21M_R2,21M,TTCCAATCATCACGGC-1,2985,1885,0.16750418760469013,22,8,Acinar basal
32682,21M_R2,21M,TTCCAATTCATAAGGA-1,1709,1114,0.058513750731421885,7,2,Ductal basal
32685,21M_R2,21M,TTCCAATTCGGAAGGT-1,2633,1606,0.11393847322445878,7,2,Ductal basal
32687,21M_R2,21M,TTCCACGCAACTGCTA-1,6462,2906,0.0773754255648406,5,0,Ductal basal
32689,21M_R2,21M,TTCCACGCATCCTCAC-1,8583,2981,0.034952813701502966,16,4,Orifice
32693,21M_R2,21M,TTCCACGTCGGACCAC-1,3775,2001,0.2913907284768212,23,1,Ductular
32694,21M_R2,21M,TTCCGGTAGCTGAAGC-1,10208,4138,0.06857366771159874,23,0,Ductal basal
32695,21M_R2,21M,TTCCGGTCAAAGAGTT-1,1643,1091,0.30432136335970783,7,2,Ductal basal
32696,21M_R2,21M,TTCCGGTCACTTGAAC-1,5592,2432,0.035765379113018594,9,1,Ductular
32697,21M_R2,21M,TTCCGGTGTGAGTTGG-1,6583,3217,0.07595321282090232,16,4,Orifice
32700,21M_R2,21M,TTCCGGTGTTGTTGTG-1,11053,4307,0.18999366687777072,24,1,Ductular
32706,21M_R2,21M,TTCCGTGGTATTCTCT-1,1587,1046,0.315059861373661,7,2,Ductal basal
32707,21M_R2,21M,TTCCGTGGTGGAGGTT-1,3984,2176,0.677710843373494,22,8,Acinar basal
32708,21M_R2,21M,TTCCGTGTCCTAGCCT-1,3586,2107,0.08365867261572783,5,0,Ductal basal
32710,21M_R2,21M,TTCCTAAAGGCCTGCT-1,5664,2895,0.03531073446327684,5,0,Ductal basal
32711,21M_R2,21M,TTCCTAACACGAGAAC-1,5996,2759,0.1667778519012675,12,4,Orifice
32712,21M_R2,21M,TTCCTAAGTAGTCCTA-1,5892,2882,0.03394433129667345,5,0,Ductal basal
32723,21M_R2,21M,TTCCTTCAGCGTTCCG-1,7640,3161,0.1701570680628272,9,1,Ductular
32734,21M_R2,21M,TTCGATTCACGAGAAC-1,6724,3075,0.1933372992266508,23,1,Ductular
32744,21M_R2,21M,TTCGCTGCAAGCTGTT-1,4510,2490,0.13303769401330376,25,9,Ductal basal
32757,21M_R2,21M,TTCGGTCCAGGTATGG-1,4709,2520,0.042471862391165856,16,4,Orifice
32760,21M_R2,21M,TTCGGTCTCCGTGGCA-1,7425,3375,0.05387205387205387,5,0,Ductal basal
32767,21M_R2,21M,TTCTAACGTTCCTAAG-1,2531,1515,0.07902015013828526,23,1,Ductular
32769,21M_R2,21M,TTCTAGTAGCGAGTAC-1,2836,1727,0.21156558533145275,5,0,Ductal basal
32770,21M_R2,21M,TTCTAGTCAATCAAGA-1,2804,1668,0.1783166904422254,5,2,Ductal basal
32771,21M_R2,21M,TTCTAGTCAGACCATT-1,2551,1593,0.15680125441003528,9,1,Ductular
32780,21M_R2,21M,TTCTCTCGTGTCATCA-1,2043,1337,0.048947626040137054,5,2,Ductal basal
32784,21M_R2,21M,TTCTGTACAAAGCTCT-1,5227,2343,0.15305146355462024,12,4,Orifice
32785,21M_R2,21M,TTCTGTACATACGCAT-1,1856,1168,0.43103448275862066,7,2,Ductal basal
32786,21M_R2,21M,TTCTGTACATGGTACT-1,4197,2300,0.19061234214915415,12,5,Ductal basal
32787,21M_R2,21M,TTCTGTAGTCCGGATC-1,9974,3939,0.0902346099859635,5,0,Ductal basal
32789,21M_R2,21M,TTCTGTATCCAACACA-1,3619,1922,0.13815971262779772,20,3,Ductal suprabasal
32790,21M_R2,21M,TTCTGTATCGTGCTCT-1,3180,1842,0.09433962264150944,5,2,Ductal basal
32791,21M_R2,21M,TTCTGTATCGTGTGGC-1,11561,4173,0.0691981662485944,25,9,Ductal basal
32793,21M_R2,21M,TTCTGTATCTAGACAC-1,2369,1541,0.0,5,0,Ductal basal
32794,21M_R2,21M,TTCTTCCCACTGTCGG-1,3611,1924,0.16615895873719191,12,5,Ductal basal
32798,21M_R2,21M,TTCTTCCTCGCCAACG-1,6005,2454,0.19983347210657784,7,2,Ductal basal
32803,21M_R2,21M,TTCTTGATCGTCCTCA-1,1753,1170,0.17113519680547634,12,5,Ductal basal
32809,21M_R2,21M,TTGAACGCAGATGCGA-1,4641,2560,0.12928248222365868,22,8,Acinar basal
32811,21M_R2,21M,TTGAACGCATGGGAAC-1,4429,2225,0.06773538044705352,9,1,Ductular
32814,21M_R2,21M,TTGACCCAGCCAAGTG-1,8756,3584,0.09136592051164916,29,7,Differentiating meibocyte
32825,21M_R2,21M,TTGAGTGGTTCAGCTA-1,4023,1992,0.09942828734775043,7,2,Ductal basal
32827,21M_R2,21M,TTGAGTGTCCGGTTCT-1,3952,2347,0.05060728744939271,5,0,Ductal basal
32831,21M_R2,21M,TTGATGGCATCGTGGC-1,3206,2056,0.06238303181534623,22,8,Acinar basal
32835,21M_R2,21M,TTGATGGTCACTTGGA-1,2663,1586,0.22530980097634246,12,5,Ductal basal
32838,21M_R2,21M,TTGCATTCACAATGCT-1,5282,2428,0.07572889057175312,25,9,Ductal basal
32839,21M_R2,21M,TTGCATTGTGTCATCA-1,4099,2348,0.0,16,4,Orifice
32840,21M_R2,21M,TTGCATTGTTCCGTTC-1,5238,2587,0.038182512409316534,10,0,Ductal basal
32842,21M_R2,21M,TTGCCTGAGACCTCCG-1,3254,1782,0.1229256299938537,12,5,Ductal basal
32846,21M_R2,21M,TTGCCTGGTTTCGCTC-1,3194,1733,0.15654351909830932,12,5,Ductal basal
32847,21M_R2,21M,TTGCCTGTCACCTGGG-1,6834,3108,0.043898156277436345,5,0,Ductal basal
32855,21M_R2,21M,TTGCGTCGTATCTTCT-1,1871,1285,0.10689470871191875,20,9,Ductal basal
32858,21M_R2,21M,TTGCGTCTCGTCTACC-1,1098,763,0.45537340619307837,16,4,Orifice
32862,21M_R2,21M,TTGCTGCAGTATTAGG-1,3655,1930,0.1094391244870041,7,2,Ductal basal
32864,21M_R2,21M,TTGCTGCGTATGAGAT-1,981,704,0.20387359836901123,23,3,Ductal suprabasal
32865,21M_R2,21M,TTGCTGCGTATGGAAT-1,3114,1820,0.1926782273603083,7,2,Ductal basal
32868,21M_R2,21M,TTGGATGAGACTCAAA-1,3893,2068,0.07706139224248652,5,0,Ductal basal
32870,21M_R2,21M,TTGGATGCAATGTTGC-1,2674,1603,0.22438294689603588,9,1,Ductular
32872,21M_R2,21M,TTGGATGGTGATTCAC-1,6715,2915,0.04467609828741623,12,5,Ductal basal
32880,21M_R2,21M,TTGGGATCATGCGGTC-1,2973,1720,0.23545240497813655,12,5,Ductal basal
32885,21M_R2,21M,TTGGGCGCAGCCCACA-1,10945,3801,0.11877569666514391,29,7,Differentiating meibocyte
32886,21M_R2,21M,TTGGGCGGTGACTCTA-1,7968,3593,0.853413654618474,29,7,Differentiating meibocyte
32889,21M_R2,21M,TTGGGCGTCATTACTC-1,2015,1389,0.1488833746898263,9,1,Ductular
32891,21M_R2,21M,TTGGGTAAGGTCCCTG-1,6426,2950,0.09337068160597572,5,0,Ductal basal
32897,21M_R2,21M,TTGTGGAAGATTGGGC-1,4370,2532,0.16018306636155605,29,7,Differentiating meibocyte
32898,21M_R2,21M,TTGTGGACAAGTGCAG-1,3095,1752,0.09693053311793215,7,2,Ductal basal
32901,21M_R2,21M,TTGTGTTAGCTCGAAG-1,2756,1644,0.07256894049346879,7,2,Ductal basal
32903,21M_R2,21M,TTGTGTTCATAGACTC-1,9288,4098,0.03229974160206719,25,9,Ductal basal
32905,21M_R2,21M,TTGTGTTGTTAAACAG-1,8188,3627,0.024425989252564728,35,10,Differentiated meibocyte
32908,21M_R2,21M,TTGTTCAAGCAGGGAG-1,2969,1653,0.4378578646008757,29,7,Differentiating meibocyte
32910,21M_R2,21M,TTGTTCACAAAGAACT-1,6084,2738,0.11505588428665352,16,4,Orifice
32914,21M_R2,21M,TTGTTCAGTTCTCGTC-1,5384,2579,0.11144130757800891,9,1,Ductular
32915,21M_R2,21M,TTGTTCATCACCTGTC-1,3074,1935,0.13012361743656475,10,2,Ductal basal
32920,21M_R2,21M,TTGTTGTAGATCCAAA-1,6641,3354,0.09034783918084627,25,9,Ductal basal
32921,21M_R2,21M,TTGTTGTAGTCTCGTA-1,2526,1578,0.11876484560570072,9,1,Ductular
32923,21M_R2,21M,TTGTTGTGTACAGTAA-1,5744,3062,0.10445682451253482,25,9,Ductal basal
32924,21M_R2,21M,TTGTTGTGTAGCGCCT-1,4825,2593,0.10362694300518134,5,0,Ductal basal
32925,21M_R2,21M,TTGTTGTGTATGGGAC-1,2440,1420,0.12295081967213116,7,2,Ductal basal
32926,21M_R2,21M,TTGTTGTGTTATTCTC-1,5847,3014,0.1026167265264238,25,9,Ductal basal
32928,21M_R2,21M,TTGTTTGAGTTGTCGT-1,3638,1947,0.16492578339747113,25,9,Ductal basal
32929,21M_R2,21M,TTGTTTGGTGTTCATG-1,2795,1667,0.3220035778175313,29,7,Differentiating meibocyte
32930,21M_R2,21M,TTGTTTGTCATAGGCT-1,2132,1218,0.04690431519699812,7,2,Ductal basal
32931,21M_R2,21M,TTGTTTGTCTCGCTCA-1,11899,4461,0.10925287839314228,25,9,Ductal basal
32933,21M_R2,21M,TTTACCAAGGAAACGA-1,6812,3230,0.2055196711685261,25,2,Ductal basal
32936,21M_R2,21M,TTTACCACATAGGTAA-1,2922,1824,0.17111567419575632,16,4,Orifice
32939,21M_R2,21M,TTTACGTAGAGAGGGC-1,1333,914,0.45011252813203295,25,9,Ductal basal
32946,21M_R2,21M,TTTACGTGTTGCCATA-1,4459,2580,0.1794124243103835,22,9,Ductal basal
32950,21M_R2,21M,TTTACTGGTAGTGCGA-1,5531,2863,0.07231965286566625,12,5,Ductal basal
32953,21M_R2,21M,TTTACTGTCAAGCGTT-1,10753,4417,0.05579838184692645,5,0,Ductal basal
32954,21M_R2,21M,TTTACTGTCATGCCGG-1,5160,2707,0.11627906976744186,5,0,Ductal basal
32960,21M_R2,21M,TTTAGTCCAGACCGCT-1,4975,2379,0.4422110552763819,12,5,Ductal basal
32962,21M_R2,21M,TTTAGTCCATCTGTTT-1,3452,1957,0.14484356894553882,5,0,Ductal basal
32963,21M_R2,21M,TTTAGTCGTCATGACT-1,3007,1745,0.2660458929165281,5,0,Ductal basal
32964,21M_R2,21M,TTTAGTCTCCATTCGC-1,3278,1616,0.1525320317266626,7,2,Ductal basal
32969,21M_R2,21M,TTTATGCGTCGATTTG-1,6731,3285,0.16342296835537068,5,0,Ductal basal
32970,21M_R2,21M,TTTATGCGTGCTTCAA-1,2521,1461,0.039666798889329634,7,2,Ductal basal
32972,21M_R2,21M,TTTATGCTCAGCCCAG-1,4867,2601,0.18491884117526197,29,7,Differentiating meibocyte
32973,21M_R2,21M,TTTATGCTCTACGGGC-1,2712,1728,0.22123893805309736,10,6,Ductal basal
32980,21M_R2,21M,TTTCAGTAGAGCATAT-1,3699,2201,0.027034333603676672,7,2,Ductal basal
32981,21M_R2,21M,TTTCAGTAGATTTGCC-1,2566,1423,0.0,7,2,Ductal basal
32982,21M_R2,21M,TTTCAGTAGGCGCTTC-1,4142,2324,0.12071463061323032,9,3,Ductal suprabasal
32985,21M_R2,21M,TTTCAGTCAGGTCCCA-1,1445,1057,0.06920415224913494,23,1,Ductular
32987,21M_R2,21M,TTTCAGTGTCTCTCCA-1,9089,3447,0.1320277258224227,9,2,Ductal basal
32989,21M_R2,21M,TTTCAGTGTTCGTGCG-1,3693,2067,0.13539128080151638,12,5,Ductal basal
32993,21M_R2,21M,TTTCATGCACGCGTGT-1,4918,2375,0.08133387555917039,25,9,Ductal basal
32997,21M_R2,21M,TTTCCTCAGAACAGGA-1,3755,2193,0.37283621837549935,20,3,Ductal suprabasal
32999,21M_R2,21M,TTTCCTCAGTAGTCAA-1,9622,3848,0.13510704635210974,5,0,Ductal basal
33001,21M_R2,21M,TTTCCTCCAGATCCAT-1,5118,2475,0.039077764751856196,7,2,Ductal basal
33003,21M_R2,21M,TTTCCTCGTGTCCTAA-1,1756,1185,0.11389521640091116,7,2,Ductal basal
33010,21M_R2,21M,TTTGACTAGCAGGCAT-1,6060,2697,0.24752475247524752,7,2,Ductal basal
33017,21M_R2,21M,TTTGACTGTCCTCATC-1,3311,1790,0.12080942313500453,22,8,Acinar basal
33019,21M_R2,21M,TTTGACTTCCCGTTCA-1,4613,2420,0.10838933448948623,22,1,Ductular
33020,21M_R2,21M,TTTGATCCAACACAAA-1,4156,2112,0.16843118383060635,16,4,Orifice
33021,21M_R2,21M,TTTGATCCAACTGAAA-1,2719,1679,0.0735564545788893,5,0,Ductal basal
33024,21M_R2,21M,TTTGATCGTCGTCGGT-1,2028,1391,0.19723865877712032,25,9,Ductal basal
33026,21M_R2,21M,TTTGATCTCGGTAACT-1,4518,2331,0.11066843736166444,23,1,Ductular
33030,21M_R2,21M,TTTGGAGCACAACCGC-1,2521,1638,0.1190003966679889,9,4,Orifice
33032,21M_R2,21M,TTTGGAGGTATGAGGC-1,3181,1940,0.03143665513989311,9,1,Ductular
33033,21M_R2,21M,TTTGGAGTCGAGAGAC-1,4736,2600,0.08445945945945946,20,3,Ductal suprabasal
33034,21M_R2,21M,TTTGGTTAGAAGCTCG-1,7611,3042,0.07883326763894363,12,5,Ductal basal
33037,21M_R2,21M,TTTGGTTTCAGTGTTG-1,2694,1597,0.03711952487008166,12,5,Ductal basal
33038,21M_R2,21M,TTTGTTGAGATCCCAT-1,1395,984,0.21505376344086022,5,2,Ductal basal
33039,21M_R2,21M,TTTGTTGAGCTCTATG-1,5138,2752,0.13623978201634876,10,5,Ductal basal
33041,21M_R2,21M,TTTGTTGAGTAAACTG-1,2518,1564,0.6751389992057188,9,1,Ductular
33045,21M_R2,21M,TTTGTTGGTGCCCTTT-1,7129,3332,0.07013606396409033,25,9,Ductal basal
33046,21M_R2,21M,TTTGTTGTCGGAACTT-1,3960,2096,0.17676767676767677,5,0,Ductal basal
